,data
647088,20.759232163294882
647216,19.559089498682578
663367,28.874906785160793
663368,30.490114145459486
663369,30.94620869185762
663472,20.23110839731348
663473,23.767070446241235
663486,29.77531625995984
663495,26.53705298944296
663496,28.37778606700678
663497,30.273687497876477
663498,31.171803376486594
663600,19.079894496484517
663601,22.28928795650377
663621,25.12390532602126
663623,25.049354065411453
663624,27.412024407647817
663625,30.184612382749954
663626,31.429398840775868
663627,30.981806431274947
663728,18.98564689550409
663750,24.874327526076023
663751,25.63550957678027
663752,27.009508010195287
663753,29.955915090836413
663754,30.70132763941591
663879,27.037764437777504
663880,28.862178373652327
663881,30.953399394581314
663882,31.261667788102137
679494,32.61740220739846
679495,32.79062491492576
679496,33.302939792690026
679601,28.88454708085769
679602,33.34865658835979
679603,34.66728580085912
679614,31.99827076944904
679615,30.657525118433593
679616,29.32099280766929
679617,29.5055253533069
679618,31.83285419118196
679619,33.99706958327984
679621,31.920265392597088
679622,30.06117763347429
679623,31.95615649508807
679624,33.95741995321563
679625,35.39294359781725
679626,35.93960878775299
679627,36.08316693351854
679728,22.0717889145672
679729,27.189906955880527
679730,29.67177834665848
679731,30.217143995183914
679732,30.99769922405567
679734,34.85445919461341
679741,33.76041978128232
679742,31.57237386085152
679743,29.101537772659075
679744,27.48088967402269
679745,28.61347684355039
679746,30.865227034362995
679747,32.67250237357748
679748,32.43741469327838
679749,29.9473639099019
679750,28.653887781303943
679751,30.750160749690114
679752,33.400044141884486
679753,35.08954617001399
679754,35.506252299348795
679755,35.076444261438354
679756,34.17090081934258
679856,20.383938620491065
679857,24.0814355576811
679858,26.015353763619633
679859,26.192448423554254
679860,27.248505493760295
679861,29.85254263424995
679862,33.029546667907816
679869,35.647798455969735
679870,31.551857017219255
679871,28.61948579569418
679872,26.858206996954685
679873,27.609360932702895
679874,29.0770962390398
679875,29.466448659189663
679876,28.983290394150618
679877,27.474478046131786
679878,26.82043001059975
679879,28.21781767488669
679880,31.196428430124755
679881,33.52813589482993
679882,34.67663697500355
679883,34.102819527213434
679884,32.556256463862056
679984,18.929807654429272
679985,22.482597285360033
679986,23.93681777663174
679987,24.852010991784315
679988,26.337088204320953
679989,28.352344936334664
679990,31.836211012992454
679991,36.425193290605115
679997,37.21167336255424
679998,32.724821076985016
679999,29.194057090403035
680000,27.178905317627514
680001,27.21337420744818
680002,27.332232055929403
680003,27.36741815328134
680004,27.22054162504749
680005,26.68726843002463
680006,26.409780132075095
680007,26.885588653393167
680008,29.551122355273087
680009,33.152285982520254
680010,34.38168074588515
680011,32.51604614308267
680012,30.459653762630424
680112,18.75298031983045
680113,22.023422485928677
680114,24.06209397363447
680115,24.451017368074098
680116,25.935965062424824
680117,27.89959147614739
680118,31.51858652515692
680125,37.57239538830271
680126,33.08143917566413
680127,29.662168075606623
680128,27.85881712513413
680129,27.756458974362893
680130,27.688868820970725
680131,28.40339984383674
680132,28.679125435783448
680133,28.63856716738603
680134,28.42926655925829
680135,28.667190610434442
680136,30.843386362909367
680137,33.4476380208204
680138,34.0706609158937
680139,31.484112989047752
680140,29.30464253298445
680241,22.056597802486994
680242,23.50692406336295
680243,24.016691704752592
680244,25.140683840333125
680245,27.16242860939339
680246,30.318679764377766
680254,34.8518191268544
680255,31.880571272097725
680256,29.847989748865583
680257,29.25742938491782
680258,29.596642518417905
680259,30.040236975529332
680260,31.230974329786918
680261,31.013680233911277
680262,30.447222384799996
680263,31.393652067665816
680264,32.8118921943413
680265,34.42242391692879
680266,34.288702452648096
680267,31.605120010416357
680368,18.493771659967074
680383,35.48019569309902
680384,33.24374529100065
680385,32.159316283440354
680390,31.498491939258376
680391,32.0248923457156
680392,33.87080890186596
680393,35.07256516071975
680394,34.98432622845363
680395,32.47807285161102
695731,28.837205143640862
695743,31.12806359123604
695744,31.72912886229501
695745,32.48444899610747
695746,33.934956827050996
695747,35.30622293012681
695750,35.614453879364135
695751,35.467067579426164
695856,19.10449095214094
695857,27.02316649774541
695858,33.059629950711084
695859,35.75192793006109
695860,36.00586841549856
695861,35.281312403221996
695862,34.23695577261532
695863,34.29534857973339
695869,31.836872523499437
695870,33.1942790626537
695871,33.10223814251259
695872,32.37950690404816
695873,32.924584636563715
695874,35.053110821924406
695875,36.805310975368535
695876,37.51490461692964
695877,36.357197328934625
695878,34.874924211217326
695879,35.81627121050461
695880,36.839939736341805
695881,36.87738692314771
695882,36.56941316176272
695883,35.49266699055392
695984,23.518579204091747
695985,30.591064588805004
695986,35.390968646641646
695987,37.287352532031534
695988,37.820419346802424
695989,38.1657187357065
695990,38.502960122942184
695991,38.99213801818883
695996,36.60617921902844
695997,35.39021957416984
695998,34.428592442119715
695999,32.40439179913878
696000,30.611436588725795
696001,31.08603780005197
696002,33.82723227258593
696003,36.03950732791395
696004,36.49578543418196
696005,34.266670371500986
696006,32.01302753350399
696007,34.050824955895315
696008,37.07601732352352
696009,39.424041297495236
696010,40.405904638737994
696011,39.518976905531055
696012,37.768568109386294
696112,22.44598821728366
696113,28.20775176869126
696114,31.19016821760614
696115,32.30256108809509
696116,33.745011467468295
696117,37.01843029215619
696118,39.65939148767872
696119,41.345445943557756
696120,43.302849961152425
696124,40.43537966590307
696125,36.869330488400735
696126,33.53836969773814
696127,30.05963392497523
696128,28.313343566908546
696129,29.540387352995577
696130,32.74665034823897
696131,34.44814693504515
696132,34.04073046204272
696133,31.683703846670983
696134,29.871483228639534
696135,32.292715138067535
696136,35.80143869446917
696137,38.26119853517725
696138,39.27395537316679
696139,38.066347908095224
696140,36.37248876480708
696141,35.28281810288159
696240,20.22942918168574
696241,24.357150151103383
696242,26.785276970729004
696243,27.361001543408676
696244,29.391279080323265
696245,32.93251198524522
696246,37.46606150812862
696247,41.32665380344403
696248,44.44293928087976
696252,41.34701039209342
696253,37.72581335030222
696254,33.35941847226354
696255,29.3640143026384
696256,28.16627387754212
696257,28.505866404915764
696258,29.96315755923507
696259,30.89083362617433
696260,30.711412346346723
696261,28.973915204030202
696262,28.36177479630666
696263,30.085769011216335
696264,32.99384944972246
696265,36.024761362218634
696266,37.21077328959464
696267,36.067979228119924
696268,34.02239305092047
696269,32.304621128698116
696368,18.87712631636746
696369,22.7455157955651
696370,24.73085516776001
696371,25.66075875302875
696372,27.025857275805272
696373,30.657658700077057
696374,35.349719077863575
696375,40.76114425838511
696376,44.015602267692934
696380,42.2196907060644
696381,38.50478879925508
696382,33.74551185082074
696383,30.161400056093935
696384,28.375150462870508
696385,28.134081677206755
696386,28.503118891395413
696387,29.43400755166703
696388,29.864968998946917
696389,29.457906598820255
696390,29.487799653696573
696391,30.055859432611967
696392,32.8619691009866
696393,35.832370564863766
696394,36.31173330781045
696395,34.569228082895805
696396,31.563814830218526
696397,30.26063957378004
696496,18.806137889341834
696497,22.334579282655056
696498,25.024740808240868
696499,25.916097484011974
696500,27.921720427883024
696501,30.952610670166592
696502,35.19051971328795
696503,39.94939158410934
696504,42.9743919122396
696508,42.98656876457502
696509,40.249329751926446
696510,35.187850445423116
696511,32.18125959282315
696512,30.73338222000268
696513,30.251112025724115
696514,30.297219687731868
696515,31.571272813421164
696516,32.57520324914856
696517,32.06210580936894
696518,32.00474815058476
696519,32.95910202344273
696520,35.21586123666879
696521,37.24124995968064
696522,36.916442698640026
696523,33.602225735549474
696524,30.77134458734233
696525,29.05596201194867
696624,19.057955024287587
696625,22.90495599798239
696626,24.790391143916327
696627,26.59366685644944
696628,28.64967636194139
696629,31.708581256123757
696630,35.553436400801644
696631,38.62261359924442
696632,41.416019835161805
696636,43.925975803628404
696637,42.61369225159338
696638,39.68272634003702
696639,36.33541825862563
696640,34.224022368430504
696641,33.5091048819734
696642,34.03305068636926
696643,34.27454378196891
696644,34.222084844721
696645,33.52814479212271
696646,33.44400712904626
696647,34.371118762637636
696648,36.9389675557904
696649,38.69455336584656
696650,38.062426124082705
696651,34.56152421114101
696652,31.151720819921064
696653,29.1254353645512
696752,18.903278075213155
696753,22.42192832954638
696754,23.810195885300804
696755,24.736502460933632
696756,26.705603046612353
696757,29.908147763312893
696758,32.922319821402056
696759,35.26562928056566
696760,37.543865931805385
696765,45.832324163901106
696766,44.04069674182505
696767,40.63096863199074
696768,37.412868025620526
696769,35.9724400812439
696770,36.03481229709283
696771,35.679682768935464
696772,35.11739602702308
696773,33.9444570250143
696774,33.75449227766766
696775,34.836455048891885
696776,36.85599441605541
696777,39.285981548557615
696778,39.12351131443809
696779,35.82048486145555
696780,32.02952493649355
696880,17.723867139313413
696887,31.308223682232544
696894,44.99110600685044
696895,42.35164052898146
696896,38.92031868160685
696897,36.57714951626921
696898,35.97619534582071
696899,35.04136722589341
696900,34.882990982105724
696901,34.49379932164853
696902,34.554962130815305
696903,35.5982857755081
696904,37.47995455923192
696905,39.80744411829864
696906,40.29815843337493
696907,37.01137799067025
711728,6.420117171747489
711729,7.928113544904555
711856,7.437034966773869
711857,10.960283972423
711859,14.986443058566799
711861,19.240429108099878
711984,8.224635172515557
711985,14.44933528034002
711986,19.288587928257204
711987,22.186930421860602
711988,23.598701019609628
711989,24.950410077565724
711990,26.29034515848999
711991,27.263520755496565
711992,26.957527130423582
711999,31.93319336323764
712000,33.074943186597565
712001,33.61023804137337
712002,34.94406245435734
712003,36.311062664162854
712004,38.27974891599706
712112,13.637288424669142
712113,21.996008815853855
712114,28.90500303223163
712115,32.488555203397446
712116,33.09240443854695
712117,32.32325457167697
712118,32.18498224234377
712119,32.234746160502525
712120,32.607314004966405
712121,32.05981286850329
712125,30.76023218699479
712126,32.9556296580779
712127,34.46103116933502
712128,35.48914195398299
712129,36.4717049971528
712130,37.98716960777015
712131,39.90644256381271
712132,41.82272625989525
712133,41.08872216987367
712134,40.40840065899895
712135,39.554303084490925
712136,38.52331579939892
712137,36.296514959345004
712138,34.914740795712596
712240,20.146956176188098
712241,28.742324482024127
712242,35.69221681845061
712243,38.68187328693401
712244,39.03122916527568
712245,38.07491227051451
712246,37.45245198536256
712247,38.04106056887038
712248,39.01089328025872
712249,39.16252911437497
712252,35.346329896625754
712253,35.00635472048915
712254,35.73316180068701
712255,35.18726446763571
712256,35.069645939304294
712257,35.83134188730964
712258,37.658019602028865
712259,39.54432197690473
712260,40.47103731662359
712261,39.175819248335344
712262,38.354624129225044
712263,39.11634597802773
712264,40.32996344183832
712265,40.815529386667066
712266,40.838961150359935
712267,39.87355561330109
712268,36.926714648979136
712368,23.84125335157608
712369,31.446129073192377
712370,37.31820965951759
712371,39.27592998246227
712372,40.34704080753524
712373,41.24758135159844
712374,42.2836861736912
712375,44.02944376838178
712376,45.56217593344425
712377,44.87925141767687
712379,42.59168187313936
712380,39.717978085452415
712381,38.06641827912041
712382,36.351255120983716
712383,34.18006447895598
712384,31.976962891381262
712385,32.803882700261134
712386,35.315057151564496
712387,37.48612052314864
712388,37.85391459119251
712389,35.50761465316956
712390,33.91983635575749
712391,36.47420229621734
712392,40.02103098823763
712393,43.00568846086946
712394,44.01699868881774
712395,42.71629953769523
712396,40.43445866037162
712397,37.62105239439594
712496,22.75910970980503
712497,29.139344723078583
712498,32.4843447626054
712499,33.751083138634996
712500,36.03317751856762
712501,40.24716771531852
712502,44.31943055903274
712503,47.36404268736649
712504,48.10653667871086
712505,48.363439897641854
712507,44.69814390163892
712508,41.69648062252148
712509,38.0266603228793
712510,34.66874696252109
712511,30.994713886787174
712512,29.49719370038899
712513,30.76265423695791
712514,33.460893716358314
712515,35.59623116359954
712516,35.36680210688319
712517,33.248216763739784
712518,32.054976032034475
712519,34.465807790233725
712520,38.054706707368254
712521,40.63077545108554
712522,41.44192328676007
712523,40.02242100083325
712524,38.591608257392174
712525,36.60122842587917
712526,34.890469070838805
712624,20.100874059575457
712625,25.065713384395597
712626,27.393922931031348
712627,28.58278869800746
712628,30.97942901668085
712629,35.14209786172511
712630,41.034552042063716
712631,46.073418334191985
712632,48.577692419202045
712633,48.82316383310485
712635,44.64404675582701
712636,42.000248455250414
712637,38.318326909409905
712638,34.008380680450124
712639,29.887826028371
712640,28.900259497386735
712641,29.198749637350396
712642,31.113152832122434
712643,32.631476318140024
712644,33.0867518658226
712645,31.821983840877664
712646,31.373803061099597
712647,33.20729118947922
712648,36.36919796264421
712649,38.858751972334346
712650,39.260801007748945
712651,38.05624859659613
712652,35.51965242189149
712653,33.52746692054743
712654,32.50433303772888
712752,18.981998962170934
712753,23.243304666103537
712754,25.3684321872224
712755,26.940365512380566
712756,29.077204739299752
712757,32.89596610994388
712758,38.61431733227797
712759,43.73800173087492
712760,47.25063723240191
712761,48.80534011867797
712763,45.066609134432014
712764,42.8295506187461
712765,39.79132724260967
712766,35.49758758129781
712767,32.26276541405117
712768,30.354970193237904
712769,30.617036751311307
712770,31.044014466476426
712771,32.44658376651673
712772,33.31541289756836
712773,33.01166264494841
712774,32.537634502897916
712775,34.03577316705896
712776,36.82779174583396
712777,39.26368966932018
712778,39.334270520065935
712779,36.71176067417103
712780,33.64719447744045
712781,31.03400349466402
712782,30.381787551682095
712880,18.727636218859384
712881,23.06562785983399
712882,25.477352817775426
712883,27.86158354938732
712884,30.850626234642448
712885,34.75416449184203
712886,39.37016983588374
712887,43.64555242966406
712888,46.561637440194815
712889,47.92813686129496
712891,46.231346938589326
712892,45.11244849446459
712893,42.51225904023851
712894,39.33699414618203
712895,36.265015532367975
712896,34.03296382026098
712897,33.71886259903657
712898,34.30227679313806
712899,35.1601646091607
712900,35.21675690249366
712901,34.69750496593428
712902,34.35592518695741
712903,35.629307028095646
712904,38.42672162380494
712905,40.39713445831318
712906,40.00339074844582
712907,36.150598606751906
712908,32.32878036390417
712909,30.23198846898065
712910,29.07976984495638
713008,19.557759452779656
713009,24.33153446211178
713010,26.848996250556535
713011,29.639298843002376
713012,33.04651401029924
713013,37.41154661571867
713014,41.127355220001505
713015,43.49436305622104
713016,46.109053612429314
713017,47.423401315945824
713019,47.63559097535523
713020,47.84665083705831
713021,47.20633638534525
713022,44.48135617298937
713023,40.77911233072664
713024,37.86845623846857
713025,37.0908283892151
713026,37.93266449005121
713027,38.02953172916509
713028,36.7539946002506
713029,35.66431407826811
713030,35.20653040641946
713031,36.72427487726193
713032,38.70199842966139
713033,41.361556418491006
713034,40.62598924384923
713035,36.91442015046734
713036,32.77197525507868
713037,30.01937617716438
713136,20.377911599672647
713137,25.4342062023757
713138,28.191090174492846
713139,29.91680389806355
713140,32.86542589788958
713141,36.31827369048368
713142,39.26438906413888
713143,41.9968602330489
713144,43.32968489315218
713145,43.99030644753647
713146,43.81585599109495
713148,49.66133981790065
713149,51.55282424158532
713150,49.48869404391862
713151,45.308983441724976
713152,41.12801781576109
713153,39.0446662798623
713154,39.15385179597153
713155,38.40650662568046
713156,37.4946427127035
713157,36.56553816956017
713158,36.11341695064098
713159,37.2258554160001
713160,39.40554974932797
713161,41.9199804280714
713162,41.23967307136972
713163,37.65799336351047
713164,33.4128089642513
713264,20.370877302127305
713265,25.878788017581336
713266,28.340011699882343
713267,27.639229415725914
713268,28.236882367726615
713269,30.623594118854516
713270,33.62357569826548
713271,37.004197772668874
713272,38.6201391480699
713273,38.9583841592894
713274,38.595973763808175
713276,44.9059210124901
713277,49.41322301779028
713278,49.741964973139474
713279,46.810890473393584
713280,43.046759494837296
713281,40.493223750951444
713282,39.48135672921599
713283,38.5232077161756
713284,37.80219244244811
713285,37.5423930791468
713286,37.514929665078434
713287,38.08319998794562
713288,40.16209026364753
713289,42.60165317752403
713290,42.57466458826214
713291,39.41814852805891
713292,35.14704815937952
713392,17.045443000147774
713393,22.588101471157245
713394,24.672451433751036
713395,23.359616612459522
713396,23.492806111117172
713397,25.40852208602619
713398,28.884994427562866
713399,32.24394928149425
713400,34.877525091008835
713401,35.23560246941759
713402,34.79436325122977
713404,40.70465384345245
713406,46.687058892151136
713407,44.74513799564618
713408,41.35139672529323
713409,39.81810183040608
713410,39.047916080968264
713411,38.31437584223323
713412,37.99866278063624
713413,37.80248731431768
713414,38.368144963996926
713415,39.030439381941186
713416,40.624193618101756
713417,42.5566902364654
713418,42.52240804278352
713520,10.67035327081611
713521,16.132536735587077
713522,18.59555781023654
713523,17.3442240444265
713524,17.264787665348322
713525,19.787733064585435
713526,23.950513591858538
713527,28.01854582038739
713648,5.526877273154208
713649,10.105983495279034
713650,12.315923065801215
713651,11.531661698793027
713776,3.73272191358937
713777,7.913036613189659
713778,10.36261883471305
713779,8.989233914259376
727856,0.46213729854752195
727984,2.5526236391774275
727985,3.3470290527593978
727986,5.5834105189323715
727987,9.313136293768075
727988,13.45307603749302
728112,8.381748782211247
728113,10.279490615478164
728114,12.255949371875401
728115,14.451608839631882
728116,17.764504745636405
728117,20.675496680347255
728118,21.787102165227125
728240,9.661696967126995
728241,14.432853745682232
728242,17.55069522947174
728243,19.795704275517426
728244,22.225589886319266
728245,26.027987583363508
728246,27.316085011526884
728247,27.182350698064138
728248,26.296030917687155
728249,25.646400675497187
728255,32.620811089146095
728256,33.21766051716003
728257,33.74503614233654
728259,36.29567793126441
728368,10.7905886236787
728369,18.370096958639103
728370,23.921650216698538
728371,26.782216113500205
728372,28.930967905746858
728373,30.664593157719636
728374,31.497284448943834
728375,32.05592934152902
728376,32.01812180892134
728377,31.734351648517734
728378,31.961517740977822
728380,31.975750372124104
728381,33.849021832810394
728382,36.460911900477505
728383,37.28225126359487
728384,36.905227245837885
728385,37.03555134007853
728386,37.92247793245217
728387,39.90089417181205
728388,41.64713321592265
728389,41.87102321085397
728390,41.131663688640934
728391,39.16200764881691
728392,37.03566128137581
728393,34.12045781007225
728496,15.724420070570162
728497,24.467881224340513
728498,31.008115510428834
728499,34.57948481234101
728500,35.510115387751505
728501,35.41854678203496
728502,35.45301684421118
728503,36.74082479969641
728504,38.45037276397004
728505,39.11065853799072
728506,39.23259975649895
728508,36.25473147358304
728509,36.465221646699725
728510,37.650188728638874
728511,38.07889226991966
728512,38.4440723763672
728513,39.243914586104246
728514,40.791677270058464
728515,43.285259406058486
728516,45.196207010120865
728517,45.05217010260029
728518,43.917572263946475
728519,42.76435403857147
728520,41.426529545517894
728521,40.41564683636871
728522,39.454775474757454
728523,37.84197697547435
728624,21.089528070234127
728625,29.75050768440814
728626,35.989554557790996
728627,39.653430883331744
728628,40.3518749925664
728629,39.93034978150361
728630,40.471718886338245
728631,42.2769763798651
728632,44.37383464824005
728633,45.352493843478015
728634,45.044557425711524
728635,42.73343165615
728636,39.47614205016972
728637,38.31242492452398
728638,38.12263496133879
728639,37.60858472714652
728640,37.46878103770046
728641,38.625908042952325
728642,40.626361749770034
728643,43.150077398325514
728644,44.40928065803868
728645,43.813239678998
728646,42.50742577827461
728647,42.48640351259055
728648,43.2405963150567
728649,44.22946918290097
728650,44.546928812797844
728651,43.27392429049084
728652,39.94100432754406
728752,24.032076418472776
728753,31.651476333859097
728754,37.40620884136423
728755,40.1450176851897
728756,42.096506506329916
728757,43.462172094976715
728758,45.988184250410036
728759,47.91298232733087
728760,49.31554385224224
728761,48.697474351175615
728762,46.72092870239416
728763,43.95029116139211
728764,41.61721633718108
728765,39.030832051052215
728766,37.5729786863082
728767,35.631483457679664
728768,33.74065014051354
728769,34.37469513392247
728770,37.24647239721624
728771,39.744973485622246
728772,40.75035857782134
728773,38.6314407439225
728774,37.363044130745344
728775,39.9959912499456
728776,43.745686873291824
728777,45.857304275630156
728778,46.48658915729787
728779,44.83760857683986
728780,41.9237838064389
728781,38.73923403464631
728880,22.979887128794726
728881,29.323390731809415
728882,33.02159047452533
728883,34.54462138442831
728884,37.986357082236374
728885,42.782390396350046
728886,47.6081436660755
728887,49.76789944173939
728888,50.82590087549925
728889,49.95441920887784
728890,47.67178721141367
728891,45.39699222962532
728892,42.23121241514157
728893,38.988831208914576
728894,35.316535698215745
728895,31.923298958166573
728896,30.765384222586412
728897,32.0074040823899
728898,34.94396891400255
728899,37.32644568677271
728900,38.095311063432945
728901,36.11533309002432
728902,35.227095087871696
728903,38.1012150351072
728904,42.20535294867995
728905,44.621553443311335
728906,44.23442438565622
728907,42.33635050297655
728908,39.674024272659565
728909,37.48303079968104
728910,35.764036967782936
729008,20.472573976825448
729009,25.32200973996556
729010,27.803515788113785
729011,29.839262303266658
729012,32.984839628321005
729013,37.73243909090057
729014,43.98482289464413
729015,47.85482129693865
729016,49.845318665733394
729017,50.0230320303886
729018,48.27304439293817
729019,45.10337700551382
729020,42.0745097008168
729021,39.319569308223734
729022,35.00168466349811
729023,32.06955112562846
729024,30.896066849472547
729025,31.20267077259493
729026,33.02052580986569
729027,35.200887634888666
729028,36.14511647535572
729029,35.31677215294728
729030,34.92374847040834
729031,37.49760074892411
729032,40.68792172692667
729033,42.97067404868587
729034,42.49216894208465
729035,40.37801357742565
729036,37.14302578081281
729037,34.42268460670096
729038,33.05946696199774
729136,19.126932320507333
729137,23.545586078628393
729138,26.297805829470366
729139,28.5460113290692
729140,32.464896359972876
729141,37.20875431283088
729142,42.14889821423217
729143,46.573895743350846
729144,49.07233698512967
729145,49.55883749879685
729146,47.742625222517425
729147,45.43585951154197
729148,43.25320704007715
729149,41.25488947284403
729150,38.206681779661714
729151,35.594776552105
729152,34.01022688677343
729153,33.50929456494035
729154,34.76393495529111
729155,35.33086436430768
729156,35.43555959186009
729157,35.122717004957316
729158,35.21144457103146
729159,36.94684266711931
729160,40.16447320660869
729161,42.01490199588045
729162,42.04923764612431
729163,38.91858242176421
729164,35.051768568846406
729165,31.762855204828863
729166,30.604475312261968
729264,19.41432282800267
729265,24.132309900687538
729266,27.444292864290553
729267,30.68408092517413
729268,34.66958192259109
729269,39.81269959077099
729270,43.694307615778236
729271,46.718654537880376
729272,48.38482127692947
729273,49.680576151538226
729274,48.719176704508115
729275,47.11679177404634
729276,45.875584438612
729277,44.480494628232734
729278,43.057902570252956
729279,40.31524991360748
729280,37.659065351988666
729281,37.3897527267917
729282,37.89633174658468
729283,38.05727393298488
729284,37.456044268370874
729285,36.071702709141384
729286,35.664428865914495
729287,37.64415534671211
729288,40.25122997557209
729289,42.55761352194154
729290,41.99219428851472
729291,38.119366399128744
729292,33.82118745634629
729293,30.639185980998406
729294,29.500930922217922
729392,20.77229613904117
729393,26.135416114384455
729394,30.217488888864956
729395,33.59320967835194
729396,36.91745745749616
729397,41.35788106734151
729398,44.79869467561923
729399,47.04032092141801
729400,48.91658739798965
729401,49.63127356777981
729402,49.59342912259476
729403,49.81417874748196
729404,50.71635348072047
729405,50.63048836448195
729406,48.508977061942794
729407,44.40086178123616
729408,40.5910630493851
729409,39.85033280354379
729410,39.86520597350461
729411,40.11622433183769
729412,38.941946934269986
729413,37.573706396862754
729414,37.28356982776217
729415,38.0352679878154
729416,40.953398467744854
729417,42.844013779225214
729418,42.38973996923012
729419,38.4923905296444
729420,34.02684510395921
729421,31.132584129709695
729422,29.775808638153837
729520,22.68959066519027
729521,29.37945810531818
729522,33.0967194978121
729523,35.017223901228334
729524,37.0336748563868
729525,40.24384053178105
729526,43.43455240067238
729527,46.156587829778616
729528,47.92727041660617
729529,48.50102799754825
729530,48.530123393449074
729531,50.087741184490795
729532,53.660050163553265
729533,55.58454989130127
729534,52.541789687144046
729535,48.16027258122727
729536,43.4638233545523
729537,41.60303053570166
729538,41.99363775006162
729539,41.301844524122195
729540,40.162992308557016
729541,38.94360886923455
729542,38.39083697765885
729543,39.14867602932688
729544,41.21335261809936
729545,43.208500603969846
729546,42.615502035995014
729547,39.31023385358794
729548,35.00485824844065
729549,32.17091300249859
729648,22.82573234745446
729649,30.911212936328365
729650,33.6077817102185
729651,32.18228214124898
729652,32.42063740727203
729653,34.88837706677507
729654,38.54947658029172
729655,41.93554719939726
729656,44.13661512713354
729657,44.621401081485516
729658,44.461575221351254
729659,45.9013229913948
729660,50.78247368469093
729661,54.434854660578985
729662,53.5950189063525
729663,49.92434951142842
729664,45.80636915594997
729665,43.728705296350164
729666,43.5488605344784
729667,42.97617133905917
729668,41.88934690680019
729669,41.111479382450746
729670,40.74457230354618
729671,40.6277854264646
729672,42.4472069833593
729673,44.47278640539758
729674,44.67466670178667
729675,40.67219219777561
729676,36.906258297156874
729776,18.28048937200844
729777,25.67395208422614
729778,27.958759432968915
729779,25.911463364727027
729780,25.299072499969856
729781,27.873557696147262
729782,32.3616027118675
729783,36.61755121277546
729784,39.58397142597228
729785,40.55679520345973
729786,39.49606972813261
729787,40.79289327400168
729788,45.89314425003497
729789,50.219294408515964
729790,51.635853872046916
729791,49.21689227012402
729792,46.027533225568305
729793,44.176879757467525
729794,43.74168413094381
729795,42.99183085226727
729796,42.267004291023206
729797,42.09143879975102
729798,41.893649765331155
729799,42.07166544471259
729800,42.66597313048446
729801,44.053538894793185
729802,44.11344271124936
729904,10.418232650741158
729905,16.555845296072096
729906,19.010031152091937
729907,17.525554006439627
729908,17.706583993555338
729909,20.723780669919734
729910,25.825937501112467
729911,31.136244479224644
729912,34.78972668634145
729913,35.868383130209885
729914,35.021553253379025
729915,35.351972692957276
729916,39.67691774461025
729917,44.43390175863915
729918,46.099837050675085
729919,44.84954082953544
729920,42.537038231478164
729921,41.38777134429197
729922,41.17839836392516
729923,40.898309280041325
729924,40.77998042861433
729925,40.775035691501806
729926,40.85643449890588
729927,40.148785310501765
729928,41.02601065256306
730032,6.1737977824146455
730033,11.67868105236445
730034,14.24016574612977
730035,12.861540246863525
730036,12.835428264290664
730037,15.923076949614627
730038,20.21512042804767
730039,24.337125617759018
730040,27.643397110237476
730041,28.219911897712407
730160,4.807952868927978
730161,10.134209940122037
730162,12.640440749902035
730163,11.266845403694893
730164,10.56742207193977
730165,12.513352213547524
730166,15.648840304982066
730167,18.919277984113272
730168,20.60651551187722
730288,4.010267945008992
730289,8.741913784744815
730290,11.304424910868345
730291,10.515419191696749
730292,9.484904233923066
730293,10.472886377559975
730416,3.937477494044853
730417,8.614605595407065
730418,11.34217521879071
744112,1.3357065423453114
744113,2.6813108897761873
744114,3.8099638043360198
744240,1.0762365308737014
744241,1.9907285757367739
744242,4.1507098219429635
744243,7.648844610111295
744244,12.342082033755435
744245,16.212160533106804
744368,3.2295513382586214
744369,4.709214387803974
744370,7.71674134246078
744371,12.749251900312006
744372,17.97868487759128
744373,21.57280824529158
744374,22.24227076285299
744375,20.269401880449088
744376,18.53042941287263
744377,17.035595949781907
744496,9.682669198932143
744497,12.15333399300628
744498,14.534087730563437
744499,18.103831686474873
744500,22.630367140520214
744501,26.902754275922447
744502,28.524594460384318
744503,27.877891995987422
744504,26.55206230128907
744505,25.11048403892373
744506,24.38708141273429
744624,11.55285310428835
744625,16.778751983580598
744626,20.56551864675388
744627,23.436721333902273
744628,27.62785217003636
744629,32.0251835120076
744630,34.505747279860906
744631,35.295090808591574
744632,35.430948112528945
744633,34.9386622540759
744634,34.99394985170021
744635,34.36112887016107
744636,33.71791207528655
744637,34.29786904435301
744638,36.625952599949834
744639,37.55936778317817
744640,37.52445536829829
744641,37.49723905585265
744642,37.995754239848964
744643,39.62446952122953
744644,40.746616601469434
744645,40.30958372331613
744646,39.08732300986052
744647,37.315957053815225
744649,32.010888653223454
744752,12.896939843969403
744753,21.278406659795493
744754,27.07841565958345
744755,30.463246312041015
744756,33.29567538668139
744757,35.63043661014079
744758,36.89392869161306
744759,38.83230874172788
744760,40.739991711073564
744761,41.7192619584156
744762,42.354278718747366
744763,41.792698160218826
744764,40.85675363090921
744765,41.35144974238344
744766,42.45018814027792
744767,41.57397478277914
744768,39.98360731288552
744769,39.49164499476276
744770,40.13391039029644
744771,42.28065643466392
744772,43.9573837183873
744773,44.21207303606094
744774,43.234178089607965
744775,41.780639763954596
744776,40.82724824051553
744777,39.865634334251304
744778,38.611192863635644
744880,17.816679980806196
744881,26.005488538004652
744882,31.95106113061217
744883,35.07319364316206
744884,37.10265986832951
744885,37.756216255714634
744886,39.20565104075836
744887,41.74871788611527
744888,44.75717571258537
744889,47.01951555041017
744890,47.5598115901624
744891,46.497412335810495
744892,44.44111543416491
744893,43.72519737814434
744894,43.57854335121027
744895,42.70531219193849
744896,41.356641334263216
744897,41.07294052620956
744898,42.31136029911038
744899,44.482212697847125
744900,46.55525700602755
744901,46.745922881779855
744902,45.525613881808354
744903,44.57549682388189
744904,44.15063869437655
744905,44.76232309246682
744906,45.67411711610635
744907,43.616996988564125
744908,39.40698214127354
745008,21.734873515792547
745009,29.45814101941915
745010,35.56861992307061
745011,39.34608783574866
745012,40.86456849183762
745013,41.48644232224181
745014,43.0733726011886
745015,46.113470364825524
745016,48.22873280088855
745017,49.442677213329326
745018,49.36077365161362
745019,47.62830074649746
745020,43.85034704738422
745021,42.21810670436433
745022,41.42442809938024
745023,40.61138883438976
745024,39.96895088553006
745025,40.79861799850649
745026,43.18121840415362
745027,45.60765537382198
745028,47.91627727683776
745029,47.243476451184655
745030,45.903946088610745
745031,45.608655654441066
745032,46.07877406273845
745033,47.39549876143728
745034,48.37616807724802
745035,46.83391650334223
745036,43.13019806092683
745136,23.17549408520409
745137,31.13510733892368
745138,36.763999194533156
745139,40.16706736402552
745140,42.758066764187554
745141,44.977644319046604
745142,48.22775784936424
745143,50.638177694373425
745144,51.05890718632835
745145,50.62345081471734
745146,48.89368671775086
745147,46.2963298517018
745148,43.05702869071283
745149,40.75972856301514
745150,39.01432222077322
745151,37.425583518088
745152,36.31121170088313
745153,37.413557188102715
745154,40.67603352033396
745155,43.76445492524925
745156,45.35090456737441
745157,44.09714573758416
745158,42.80781923915279
745159,44.53112405148605
745160,47.523359214228655
745161,49.488318161292575
745162,49.47400330586208
745163,47.268860931224786
745164,44.13018451287594
745165,39.8566629327792
745264,22.489262650174002
745265,29.148319188053893
745266,33.05870100633194
745267,35.867132833572704
745268,39.599148631430275
745269,45.06775444884456
745270,49.19680937162273
745271,51.63085541508307
745272,51.52434591996342
745273,50.24553940969604
745274,48.39717339800459
745275,45.56783789873306
745276,42.74241157519169
745277,39.86301369011885
745278,36.710859215656896
745279,34.39751007748011
745280,33.8535536601178
745281,34.99989793292642
745282,38.03398568327802
745283,41.13440213174171
745284,42.369831268009925
745285,40.829498982038224
745286,40.32718297955664
745287,43.619715580690574
745288,47.82780027248123
745289,48.81693074831292
745290,47.4487416140193
745291,44.73653520701669
745292,41.133447748545265
745293,38.20917224951103
745294,36.094123973410404
745392,20.714634964409655
745393,25.770523088196825
745394,29.135401006137272
745395,31.88475584183892
745396,36.42682270844923
745397,42.34275654861572
745398,46.926447578837184
745399,49.824744165805626
745400,50.53334367629671
745401,50.36017480589898
745402,48.0866903906156
745403,45.14107695429461
745404,42.563880622841694
745405,40.77490528770518
745406,38.05284517683472
745407,35.36028534549482
745408,34.263941872587736
745409,35.097698094079526
745410,36.86535781731587
745411,38.28690654167435
745412,39.20250852850017
745413,38.526988695978304
745414,38.13105703833645
745415,40.83607164368248
745416,45.225169769045685
745417,46.46934448242411
745418,45.11833437924638
745419,42.054044335781704
745420,38.20569587011945
745421,35.347559627417056
745422,33.618056967386885
745520,19.520411365107314
745521,24.63368334524588
745522,28.329192839788842
745523,31.468645250831074
745524,36.23961229285166
745525,41.23980403047982
745526,45.98022090279795
745527,48.55385106022095
745528,50.11813879950477
745529,49.83548974974708
745530,48.07679678470334
745531,45.58966165030171
745532,44.40133366900463
745533,43.41862489715137
745534,42.2225416123824
745535,39.53060913060028
745536,38.05021900939581
745537,37.53524021256527
745538,38.53978650792934
745539,38.710449022302846
745540,37.55836000533892
745541,37.15790717725913
745542,37.240668459904334
745543,39.284124769968834
745544,42.35364911458724
745545,44.18107674155305
745546,43.82336803490344
745547,40.41930622048014
745548,35.96752995198118
745549,32.39458619132223
745550,30.890200890831206
745648,20.676329614388116
745649,26.285734821356314
745650,30.37687746282829
745651,34.114449605687554
745652,38.38981453420671
745653,43.06536281469639
745654,46.777817547546405
745655,48.63593208640753
745656,49.78165614478911
745657,50.3829248129275
745658,48.77869446075525
745659,47.8732233734274
745660,47.899473019128436
745661,47.76146930073585
745662,46.46166667303149
745663,43.27654236668319
745664,40.96306272376326
745665,40.01335532332414
745666,41.08165334500062
745667,40.757317790807775
745668,40.06908965776974
745669,38.65929687628629
745670,38.163015856407384
745671,39.62584548835733
745672,42.49378087530496
745673,44.06147848163108
745674,43.48933462579509
745675,39.5485114687578
745676,34.9535821029781
745677,31.84129952503352
745678,30.13268883150887
745776,23.066698621998576
745777,29.92658022746443
745778,34.53995037851993
745779,37.17936794071601
745780,40.125874950999886
745781,43.56227138121847
745782,47.013214997519995
745783,48.77413094160596
745784,50.204836712583315
745785,51.01830651100993
745786,51.040397425127985
745787,50.96632216813105
745788,52.29734484152021
745789,52.688227057164006
745790,50.14488146152795
745791,46.44975221114284
745792,42.88775871285171
745793,41.67379974720276
745794,43.17963589611749
745795,43.01091777015438
745796,41.97924395106889
745797,40.718083781571856
745798,39.4784774617373
745799,40.52845033494028
745800,42.38435425139174
745801,44.36441113556212
745802,43.595330043072494
745803,40.091354475983216
745804,35.51013621246812
745805,32.00690626221143
745904,25.0710624173734
745905,33.601670185869416
745906,37.66574302820111
745907,38.42389410331742
745908,39.76805497065175
745909,42.55389010677366
745910,45.71659978826837
745911,48.61648054592391
745912,49.752526347460815
745913,50.82678647906925
745914,50.85719698078656
745915,53.07181859325164
745916,56.38353890906323
745917,57.74549856832024
745918,54.29431771801667
745919,49.52709964279823
745920,45.708938636124245
745921,44.03229480942099
745922,44.6661865926509
745923,44.7585950155483
745924,43.59542811054116
745925,42.18062732272134
745926,41.651517467826366
745927,41.815153153642726
745928,42.980890075670025
745929,44.683905048106325
745930,44.72514683666054
745931,41.22252141485823
745932,37.01930771348911
745933,33.512109197579434
746032,24.016283097397277
746033,33.05501783355385
746034,36.20679030601581
746035,34.92162764653763
746036,35.26171145518762
746037,37.62410997022237
746038,41.35392304024198
746039,44.82223041882358
746040,47.22507335823243
746041,48.31089480770115
746042,48.21520776065472
746043,50.316607065760756
746044,54.44695406602863
746045,57.651707830922476
746046,55.6537247982409
746047,52.112518736053346
746048,48.165012885528526
746049,46.42573879269725
746050,46.14901317845863
746051,45.52692667633788
746052,44.37259326206342
746053,43.85806353026407
746054,43.01231911847044
746055,43.0494970396991
746056,43.736623935081326
746057,45.832434634016245
746058,45.84972402289508
746059,42.44901903893999
746060,38.46444066730937
746160,17.92398487301795
746161,26.05457079266855
746162,28.16506738183312
746163,26.267688270100948
746164,25.903017914054743
746165,28.930762533036408
746166,33.787903050855505
746167,39.13582446374311
746168,42.690329821071494
746169,43.70544306117332
746170,43.248959758364485
746171,44.933214080060765
746172,50.36064292734101
746173,54.33021701716229
746174,54.8224297156892
746175,52.56071798764559
746176,48.83770072943869
746177,47.08601013358813
746178,46.224734968482224
746179,45.17637982937731
746180,44.57932495935871
746181,44.1609797971991
746182,43.56704272891176
746183,43.38201915445491
746184,44.121161811050285
746185,45.926294629766524
746186,45.84519588817364
746187,42.67648060014981
746288,10.488896852448605
746289,16.90730143334793
746290,19.00908181909889
746291,17.458344239952847
746292,17.974648116121617
746293,21.806775130477703
746294,27.46179083580955
746295,33.59216188321448
746296,37.380884300711095
746297,38.19039560779683
746298,37.697566607394634
746299,38.83367522455287
746300,43.46196595849703
746301,48.31209441470017
746302,49.872001220866636
746303,48.15070460111412
746304,45.53181733087476
746305,43.91793324613178
746306,43.67000328340642
746307,43.27243472234184
746308,43.016834712592335
746309,42.51240817438281
746310,42.388253529860314
746311,41.766680711742005
746312,42.190352444388786
746313,43.5114574653914
746416,6.800193699459997
746417,12.741069971264327
746418,15.233178303549183
746419,13.863673706406328
746420,14.081061482771092
746421,16.977065126442614
746422,22.01164818418006
746423,27.043338890994047
746424,30.06658760895245
746425,30.480306455868114
746426,29.335802059863536
746427,29.999825057763747
746428,33.96783984566153
746429,38.26625012645703
746430,39.97202027535923
746431,39.114047460928916
746432,37.71151245351312
746433,37.657349208542044
746434,38.36915988965888
746435,38.958635166182866
746436,38.94113927915213
746437,38.858479742629285
746438,38.60734631414758
746439,37.86047255433781
746440,38.91723880765995
746544,6.062733205637638
746545,11.826424923780348
746546,14.236020872319765
746547,13.13233145141121
746548,12.587360684695634
746549,14.819370811392258
746550,18.062575915497742
746551,21.563846788665693
746552,23.571943492460946
746553,23.30513822949901
746554,21.946548347322974
746672,5.774736237792829
746673,11.419904710147202
746674,14.350436648971302
746675,13.310877843081366
746676,12.053339530123763
746677,13.089646959117063
746678,15.69466273078282
746679,17.880621690723597
746680,19.326830803042537
746681,19.051547370513482
746800,5.634515001949012
746801,10.704416374000905
746802,13.372065182471845
746803,13.077147209501728
746804,12.053282269195893
746805,11.932283949381883
746928,4.912943005614863
746929,9.495546046687645
746930,13.29760797902876
746931,13.959475236487922
760368,2.1744767986477895
760369,4.426233865222383
760370,5.532349450777445
760496,2.4726311566848675
760497,4.834536435585318
760498,6.217818848627626
760499,7.404367741554017
760500,9.69822768072313
760501,12.096135772640384
760624,2.3810724865901385
760625,4.428410682699539
760626,7.099718697478645
760627,10.949169427979296
760628,15.837042597587262
760629,19.793797729195944
760630,20.55218467863041
760631,19.082289759055914
760632,16.811686913094857
760633,15.586894873085093
760752,4.2315880366505265
760753,6.400353694761906
760754,10.462497316293735
760755,16.361079915721632
760756,21.94759980496188
760757,25.71792671492934
760758,26.535555001768834
760759,25.214445888196487
760760,23.024104008870225
760761,21.736544459657733
760762,20.932060855704073
760763,19.864998147337573
760766,24.135857150613926
760880,10.544872708967496
760881,13.625544990075321
760882,16.773504720400847
760883,20.787681981959583
760884,26.006752095822428
760885,31.042726812505823
760886,33.28864292301175
760887,34.04080207914497
760888,33.79120404996232
760889,33.382272589721325
760890,32.987326985895834
760891,31.676488223704084
760892,30.35133367373996
760893,31.07959054061403
760894,33.641447756131136
760895,36.54043632861049
760896,38.526138004604874
760897,40.214913281203415
760898,41.3903465564703
760899,43.1559832737643
760900,43.86080075711322
760901,43.2596438021995
760902,41.455298133298896
760903,39.10069605903152
761008,13.038634270717893
761009,19.01226327475896
761010,23.449929634073378
761011,26.660017878994246
761012,31.148769265067145
761013,35.91889656965883
761014,39.188865121592286
761015,41.65828879008941
761016,43.74836307624531
761017,44.65224924503818
761018,44.86046849478183
761019,43.81940760457748
761020,42.188481388235296
761021,41.02053385408489
761022,41.74799971223159
761023,41.90702036915008
761024,41.32017931083861
761025,41.29030467858458
761026,42.32338861112509
761027,43.84106085310756
761028,45.553340233696865
761029,45.140441426397715
761030,44.11231425306966
761031,42.80125973688219
761032,41.84096834796872
761033,40.10688306721665
761136,14.813719810002409
761137,23.619630994164666
761138,29.30744495583137
761139,33.094771418154586
761140,36.474773850777616
761141,39.60773050351481
761142,42.4701032267485
761143,45.80533959035603
761144,49.442552516115455
761145,51.71788721978963
761146,52.30638606493564
761147,50.61353781211422
761148,48.13438944430302
761149,46.3401941927488
761150,45.3456029754125
761151,44.130442397233764
761152,42.5079027967438
761153,41.6269569467988
761154,42.50199620761382
761155,44.1676369746214
761156,45.917998753834794
761157,45.79500826447902
761158,45.2264370033131
761159,44.90687639053053
761160,45.80813921774019
761161,46.357499239048146
761162,46.827190106842124
761163,43.587251184297905
761264,19.45417015233679
761265,27.106841720968802
761266,32.72998739489457
761267,36.266682897941
761268,39.13930267708509
761269,41.490755490829926
761270,44.29267518082235
761271,47.65590611393972
761272,50.98181121435147
761273,52.59878824134937
761274,53.46544805606655
761275,52.07221553704112
761276,49.65083349605682
761277,48.51529840468397
761278,47.412704822875085
761279,45.66836611545003
761280,43.321250490325426
761281,42.17003994719369
761282,42.85088473409261
761283,45.055257098588676
761284,47.49307445444092
761285,47.6561457990658
761286,47.397763766228955
761287,47.20680541422462
761288,47.98604454891466
761289,50.6107836677269
761290,52.008507292578
761291,49.89576312180974
761292,44.377238473367655
761392,22.24169144573356
761393,29.38471535138811
761394,35.080741157333726
761395,39.12428208979799
761396,41.82227402850974
761397,43.79357810897473
761398,46.38891529341666
761399,49.03246065194625
761400,50.94779522054582
761401,52.01936031335275
761402,51.91751835840242
761403,50.56988326143737
761404,47.978885045764244
761405,46.47382450023226
761406,46.03621348235354
761407,44.2794593507006
761408,42.48908812622726
761409,42.423714011701875
761410,44.289935770632994
761411,47.13240640792037
761412,49.71941865931533
761413,49.72980659559635
761414,49.25592275731073
761415,49.73675342765034
761416,51.05055762863084
761417,52.865141266207
761418,53.507951600830204
761419,51.79464715231105
761420,47.19436262014756
761421,41.38765944197092
761520,22.726204190834274
761521,30.245881919929463
761522,36.33447442908661
761523,40.17725191316978
761524,44.011394004140996
761525,46.78007853334783
761526,49.51903122288213
761527,51.390580497148825
761528,51.720864250446745
761529,51.571918717290124
761530,50.31885762216396
761531,48.27434451826833
761532,45.19847973547326
761533,43.711092126135526
761534,42.95181832164829
761535,41.40493780002867
761536,40.19078626937368
761537,41.39305297785406
761538,44.61084333312942
761539,48.68714402268758
761540,50.707766984915295
761541,49.80935596807167
761542,48.756577655602094
761543,50.01731370721315
761544,52.548748607044935
761545,53.79509991547897
761546,53.184078339688455
761547,50.73319817175923
761548,46.548805251175025
761549,41.54704548405871
761648,22.12264990306023
761649,28.960435983065082
761650,33.510764862841114
761651,36.61947773178102
761652,42.63169184340999
761653,48.34858408641762
761654,51.7035507302046
761655,52.75254905774749
761656,52.37382592884415
761657,51.171574216212505
761658,49.09799622576212
761659,46.62215169648868
761660,43.859493918596584
761661,42.245135002582806
761662,40.69644548813837
761663,38.9464037559182
761664,38.599719064777325
761665,40.244860347234344
761666,43.874344960277355
761667,46.651751068803605
761668,47.59859416513234
761669,46.37527584163137
761670,45.63758637596898
761671,48.49240118995131
761672,52.22826203969471
761673,52.085186096057626
761674,50.054851694414864
761675,46.60804580163412
761676,42.64357244699529
761677,39.097113423874056
761678,36.58629727096029
761776,20.75139976360962
761777,26.454652032528838
761778,30.801578557735404
761779,34.143778525739705
761780,40.15619761476703
761781,46.25856378231551
761782,50.18299930251003
761783,51.68431748991507
761784,51.88673594402749
761785,50.587077189313774
761786,48.27096101974493
761787,45.6268805311301
761788,44.31611063349388
761789,43.24336622911671
761790,41.9651689607009
761791,40.03206673580003
761792,38.99566002741619
761793,39.93690002973046
761794,42.020344704860804
761795,42.95420232917854
761796,42.7690767374838
761797,41.78655067558498
761798,41.573940627038866
761799,44.76522374358362
761800,48.059773893240546
761801,48.7535823268232
761802,47.13693077213827
761803,43.37851412256224
761804,39.37946650994634
761805,35.546816267070206
761806,34.01113244852899
761904,20.921911709552386
761905,26.755223376916817
761906,31.211771020004587
761907,35.25121124627394
761908,39.85895816907343
761909,44.59689984363203
761910,48.19601408566016
761911,50.196307793601754
761912,50.72802738850135
761913,50.17669772186821
761914,47.464173094312244
761915,45.942090971759946
761916,45.587054534044526
761917,45.66426873395683
761918,45.056999640684495
761919,42.87928947390806
761920,40.82744549433972
761921,40.36284580673561
761922,41.86563545733512
761923,42.22920646080003
761924,41.770153344101566
761925,40.55201123146244
761926,40.69260777658112
761927,42.580494474778355
761928,44.91261953042432
761929,46.193598779993955
761930,45.43930657474985
761931,41.57320015775954
761932,37.21698231789556
761933,33.18866136050168
761934,31.511598771877317
762032,22.95084016262676
762033,29.70178944706517
762034,34.507026365125256
762035,37.33317688020848
762036,41.121662307224696
762037,44.468711607852555
762038,48.185314393457254
762039,49.6472370365111
762040,50.436501698446826
762041,50.47058911658169
762042,49.209473264756554
762043,48.54460926597411
762044,48.812319855677714
762045,49.111223689341344
762046,48.046158309391465
762047,45.457366765652864
762048,42.84569381743859
762049,42.593179302507814
762050,43.974218139682236
762051,44.42108397283343
762052,43.362947375703754
762053,42.43707846268468
762054,41.8902054418968
762055,42.68286909686904
762056,44.01560145209439
762057,46.029176198337936
762058,44.94161302774132
762059,40.98480760378121
762060,36.26106549654949
762061,32.599785041840136
762062,30.615371921653782
762160,25.289498190810818
762161,34.18815020963523
762162,38.507725367139685
762163,39.68018179222525
762164,41.637280669716134
762165,45.05583005759381
762166,47.6893896857911
762167,49.59364422031973
762168,50.947502214844576
762169,51.60888556214403
762170,51.49143482060238
762171,52.21067072755153
762172,53.491554826875486
762173,53.47518529580794
762174,51.7060704738991
762175,47.932847529045326
762176,44.68440160642263
762177,44.03230278381431
762178,45.84783450795611
762179,45.73771177192075
762180,45.034965077202706
762181,43.623876036640056
762182,42.421685524450076
762183,42.92860732672028
762184,44.20166740355236
762185,45.82748596960889
762186,45.62747856098319
762187,41.71441807453833
762188,37.33231512937813
762189,33.788613586640146
762190,31.324180260851413
762288,25.91785853476359
762289,36.23722336209879
762290,40.24914419685789
762291,40.01749986432846
762292,41.282272706404235
762293,43.989333637912814
762294,46.66092335752347
762295,49.32613772000087
762296,50.36065295446636
762297,51.61574405616211
762298,52.41037636894792
762299,54.42718532884671
762300,58.07862616706401
762301,58.695492315690124
762302,55.60174593544336
762303,51.03094712153877
762304,47.30954588539423
762305,46.38712031058841
762306,47.15820989176971
762307,46.89419426872513
762308,45.45912198652535
762309,44.30265575490599
762310,43.18569891933601
762311,43.08083586347531
762312,43.95386060961395
762313,46.12344352046037
762314,45.78596462760363
762315,42.579535763990584
762316,39.15734205398275
762317,35.779417505686474
762318,33.504862869591314
762416,23.87586396785734
762417,33.255180699353716
762418,36.9141814773286
762419,36.11285963872338
762420,36.32280094972594
762421,39.35618664551292
762422,43.18320346225051
762423,47.18518409636116
762424,49.573190703622814
762425,51.049642347886014
762426,51.27758304960472
762427,52.79843468069774
762428,56.96190232352311
762429,59.25793901806593
762430,57.29529072776308
762431,53.65427389505603
762432,50.48028864502836
762433,48.45114566639222
762434,48.323328181550686
762435,47.26548640928245
762436,45.91471415648947
762437,44.977486916499515
762438,44.275631829265265
762439,43.92733944995696
762440,45.071827691540435
762441,46.34141920388404
762442,47.33215605624441
762443,44.30714062670633
762444,41.06383881893354
762445,39.267265298321064
762544,17.102617883154174
762545,25.6407945509425
762546,27.85800213659748
762547,25.63992758769011
762548,25.286287768585908
762549,29.18119064588236
762550,34.35961470204348
762551,40.37652459821121
762552,44.0794305285141
762553,45.31792235580895
762554,45.203564787860174
762555,47.15660973994297
762556,52.093490208728696
762557,55.82970758132463
762558,55.85272252518615
762559,53.25617436208591
762560,49.7254957895315
762561,48.48054420075281
762562,47.42664002128507
762563,46.509032444828975
762564,45.50468276131618
762565,44.74543246028644
762566,44.37677467600034
762567,43.78977574048497
762568,44.58685562924023
762569,46.50198932920702
762570,46.846794396169656
762571,44.09249547919222
762572,41.68435594663182
762672,10.661936963521176
762673,17.425758185408615
762674,19.388670032019217
762675,17.730731748536197
762676,17.83515480050939
762677,21.52798233961781
762678,27.35511867345292
762679,33.02879217637378
762680,37.18167498419717
762681,38.59261479143093
762682,38.31996125391003
762683,40.26096927727473
762684,44.97543454998163
762685,49.69120883715903
762686,50.882094661995794
762687,48.6623447192389
762688,46.048361761181496
762689,44.629499178311214
762690,44.684621037362824
762691,44.4914521396195
762692,43.827066344924226
762693,43.18543488893135
762694,42.82708443463063
762695,42.51685260647938
762696,42.84757196888985
762697,44.70994079438531
762698,45.12866745487039
762800,7.962105690591975
762801,13.807731714244019
762802,15.935158751818577
762803,14.932559573718441
762804,14.854774977775115
762805,17.80406743396626
762806,22.697958166920657
762807,27.518461450397655
762808,30.73748893828198
762809,31.831399420383253
762810,31.230616167374137
762811,32.62497997893103
762812,37.49624899572688
762813,42.10080819490442
762814,43.61222938971271
762815,41.79794827540369
762816,39.57090425906842
762817,38.848269959031406
762818,39.45947042160151
762819,39.74087620884625
762820,39.86930723511775
762821,39.63743349106121
762822,38.970845413112606
762823,38.92060243252493
762824,39.95574013509004
762825,41.82598852120776
762928,7.3525052023131074
762929,12.964684438499448
762930,15.476517186865637
762931,14.438239530778382
762932,14.166758103448457
762933,16.5899063507478
762934,20.52742377931613
762935,24.47266893404834
762936,27.133714059619436
762937,27.131685417457255
762938,25.412032244929538
762939,24.984725932919776
762940,27.876515662534825
762941,31.620454878546212
762942,33.4797967191264
762943,33.71207843472869
762944,33.005483090424725
762945,32.886690225882944
762946,32.96951882424593
762947,33.175002659502574
762948,33.11831971741983
762949,32.99868305607714
762950,32.95412523876109
762951,33.48877164566579
763056,7.280951494812011
763057,13.026830501316036
763058,16.134057892713813
763059,15.711278214889607
763060,14.964031898328615
763061,16.11748070056547
763062,18.802508714250862
763063,22.011403271251247
763064,23.724095445222833
763065,22.379092554615212
763066,19.48866201541335
763067,17.73318197123083
763068,18.47641258293314
763184,7.080256053520526
763185,12.69675307113044
763186,16.508696942074025
763187,16.834270492073117
763188,15.815566073847105
763189,15.077281923548927
763190,15.725451983814207
763191,16.599046038258606
763192,17.218653472342815
763193,16.70086283155491
763312,6.173192903323502
763313,11.365676536861677
763314,15.22114516645162
763315,15.837591007170605
763316,14.348040135829926
763317,13.251776772372422
763318,13.264852394218078
763319,13.874142047540651
763440,4.969621945118709
763441,9.076308466015325
763442,12.332758708565978
763443,12.771064596894867
776624,2.229616495384046
776625,3.8638167266269154
776752,2.6574015318410282
776753,4.943083712514366
776754,6.280552182520052
776755,6.5310830931301265
776756,7.630915618246377
776757,9.712950926565803
776880,3.3084018484001225
776881,6.219511838328773
776882,8.17394863418006
776883,9.46808380037413
776884,12.128535718189402
776885,15.010068632140614
776886,16.216180406894477
776887,15.710121136195221
776888,14.679405471903296
776889,13.517387801974035
777008,3.7806482684105442
777009,6.879883717827348
777010,10.015154728174213
777011,13.615145535542752
777012,18.584819618609394
777013,23.059745826651778
777014,24.211296437416017
777015,23.219585934223538
777016,21.26228685600725
777017,19.65286548557601
777018,18.917987583519373
777019,17.841655054843145
777020,16.463962639018355
777021,17.292742018150594
777022,21.615550277345125
777136,5.72838606106482
777137,8.866037881019663
777138,13.549044020801658
777139,19.467328531822353
777140,24.90073736625874
777141,28.900442851508238
777142,30.067441820356496
777143,29.883473912080674
777144,29.078474043693337
777145,28.529743900046796
777146,28.40678268416105
777147,27.28484156613153
777148,25.469995411095912
777149,25.609886513183202
777150,29.41392285854844
777151,34.124729160647306
777152,38.76082012925262
777153,41.810184697131795
777154,43.803205111158235
777155,45.23443827462663
777156,45.86787669084223
777157,45.428276967879015
777264,11.962274946588144
777265,15.657280964517101
777266,19.797854166710955
777267,24.50593944497068
777268,29.3539872403092
777269,33.756507607406
777270,36.60962112286
777271,39.17256241234771
777272,40.48677770769039
777273,41.598951432182155
777274,41.863668507586965
777275,40.48952085154334
777276,38.419784098998974
777277,37.42330228906611
777278,39.217355400770565
777279,40.691167865637844
777280,42.26820145799462
777281,44.16072177826321
777282,46.4153100896316
777283,48.198717364794824
777284,49.429170512831256
777285,49.771110394535214
777286,49.056022279971096
777287,47.15886813253881
777288,44.335331803242
777392,14.32107642906252
777393,21.618297119269823
777394,26.55382265134051
777395,30.579335753548698
777396,34.86617430817474
777397,39.18099672062368
777398,42.808574853764284
777399,46.65006324468134
777400,50.109654736607624
777401,51.98585904137907
777402,52.272084564841755
777403,50.63607339615305
777404,47.589539017687926
777405,45.3192546988355
777406,44.31917324063905
777407,43.97083155063793
777408,43.93113846264911
777409,44.5371539937822
777410,46.412425739157364
777411,48.56502031913763
777412,50.57329094822487
777413,51.15986611062669
777414,51.10609702690866
777415,50.64911104744675
777416,50.34895440691735
777417,49.4318723562622
777418,46.68819389372692
777520,16.923072785048895
777521,25.589191973551415
777522,31.418123940281
777523,35.18830214863192
777524,39.095222830364115
777525,43.154749626343396
777526,47.19941032687036
777527,51.20266644238074
777528,54.97803435625199
777529,56.56546798140422
777530,56.45978220927202
777531,54.81387119004328
777532,51.18905514957364
777533,48.29635917821796
777534,46.52407458944929
777535,45.32957536097096
777536,44.19436535903777
777537,44.06765544715889
777538,45.45584316715261
777539,47.50823856382375
777540,49.945276234261726
777541,50.82341023712321
777542,51.107706091479834
777543,51.43911687963222
777544,53.30956933576325
777545,54.829332322720305
777546,55.16060448469634
777547,51.33927031690456
777648,20.823968060163843
777649,28.04454154262041
777650,33.065450014247176
777651,36.73581287155869
777652,40.422103861780286
777653,44.68490783076679
777654,49.07693875982866
777655,53.54219895108252
777656,56.24645258158597
777657,57.65158938706066
777658,57.639265949124116
777659,55.462499073691255
777660,51.950397990049204
777661,50.27676085692498
777662,49.255875729683396
777663,47.34893828720534
777664,45.056891888815855
777665,44.04832769166423
777666,44.857730119084415
777667,47.204145285458935
777668,49.95801253610142
777669,51.3413795221158
777670,52.10751048470577
777671,53.11113820404986
777672,55.5368313728784
777673,58.14284639932012
777674,59.78263767789051
777675,56.956807532107604
777676,49.667468407718076
777776,22.118805678176233
777777,29.39516773995766
777778,34.584037603931456
777779,39.02897120999535
777780,42.70783583318805
777781,46.52472866108447
777782,49.74739799272007
777783,52.86355901347665
777784,54.411895022352
777785,55.1239379871098
777786,55.214300725863
777787,52.960335721228816
777788,51.168941717185334
777789,50.4586201311376
777790,50.23749580160101
777791,48.48683717814097
777792,45.98306558375801
777793,44.576549292542246
777794,46.62198300725846
777795,49.19912712957507
777796,52.661120532693914
777797,53.51226604709705
777798,53.92252921765767
777799,54.94837647572659
777800,57.6630265320152
777801,60.08062145743723
777802,60.6025732329581
777803,57.520566610695184
777804,51.802140391802155
777805,44.61017431737524
777904,22.060975812435473
777905,29.338638161693304
777906,35.770703108477534
777907,41.14723158247493
777908,46.040786572068036
777909,50.28189193257301
777910,52.61702841874299
777911,52.85157622851035
777912,53.01742909252462
777913,52.855657154701504
777914,51.91769434176207
777915,49.8744703650473
777916,48.41728373459316
777917,48.621343287765626
777918,49.28240533412755
777919,47.61786495292741
777920,45.525977026171034
777921,46.078410044860924
777922,49.011920566610186
777923,52.48678701589312
777924,54.573875020254576
777925,54.00491662519066
777926,53.31910285137469
777927,55.26163826910811
777928,57.76889568560153
777929,58.95194851297884
777930,58.284001176132115
777931,54.75005077881903
777932,49.47447176670267
777933,43.94088406990764
777934,39.720143732851795
778032,22.18206375036393
778033,28.86209176640001
778034,34.29157586525107
778035,39.034803168973866
778036,45.86905485968891
778037,52.49754781985772
778038,54.77909044627805
778039,54.38344947227105
778040,53.19989017796613
778041,51.3405171790125
778042,49.492927796253845
778043,47.63942262094003
778044,46.46063587843197
778045,46.54176547759311
778046,46.77745780650336
778047,45.84722700030023
778048,45.003256073158745
778049,46.85936693183451
778050,50.418732898403626
778051,53.30464255311566
778052,53.73160267129592
778053,52.291226404561115
778054,51.57699739497776
778055,53.62895418718392
778056,56.04967244316589
778057,55.489566180175856
778058,53.08729964782696
778059,49.27355609688826
778060,45.059852636421304
778061,40.70926992976251
778062,37.927152409551496
778160,21.782081238151843
778161,28.53816371392794
778162,33.38327670788328
778163,37.31229836126016
778164,43.31993940373443
778165,49.272586353983954
778166,52.51732494168372
778167,52.97427535390737
778168,52.483308787133346
778169,50.87384463264796
778170,48.86614040044363
778171,46.66737045784445
778172,46.54662801570039
778173,46.710107904676576
778174,46.953397287381144
778175,45.53775433485818
778176,44.422971126177224
778177,45.361119595898714
778178,48.2341615216676
778179,49.16117826826128
778180,49.10291155928785
778181,48.22883973036772
778182,48.16692630834644
778183,50.52930142058884
778184,52.664569950825275
778185,51.93770726289187
778186,49.39525195764398
778187,45.37492446123518
778188,40.987332463093885
778189,36.760911113197956
778190,35.00776974770775
778191,34.27289578220332
778288,22.94280624258041
778289,29.837520858855374
778290,34.62976691203536
778291,37.9613027614214
778292,42.1186699759379
778293,46.076941127000445
778294,49.67743246911019
778295,51.057211442754536
778296,51.1453174682583
778297,50.42321011922618
778298,48.51188728234925
778299,47.121680112747974
778300,47.92210906091426
778301,48.54497595791875
778302,48.13245657699564
778303,46.47807140779905
778304,44.476242399386635
778305,44.25978103581452
778306,45.794204293265615
778307,46.62017375125061
778308,46.03853551941274
778309,45.37991548645243
778310,45.81146885226189
778311,47.41250204417664
778312,49.27186357446399
778313,49.40417629923443
778314,47.18774372899913
778315,43.34646607489444
778316,38.98768179517679
778317,34.67206894455265
778318,32.52936747800918
778319,31.9305915849194
778416,25.58150615966244
778417,34.21504028363178
778418,38.33672539400081
778419,39.578598593849556
778420,42.465883917903284
778421,45.67845495553394
778422,48.87634706142514
778423,50.369791539510636
778424,50.539379992867474
778425,50.62707266647377
778426,49.49003072806976
778427,49.35028227824476
778428,49.83037738607134
778429,50.383944728342826
778430,49.724905634656494
778431,47.584871031787
778432,45.14331733912412
778433,45.237844388880475
778434,46.72390791575848
778435,46.98022898577116
778436,46.90159014539032
778437,45.25375270526116
778438,45.111753838388786
778439,45.920609792564974
778440,47.23224080115161
778441,48.15120811147604
778442,46.84329965880726
778443,43.01153477204471
778444,38.68676490399236
778445,34.830167025444275
778446,32.00489789549634
778447,30.834925493667466
778544,26.828846213580245
778545,36.33930117326044
778546,40.46265193982913
778547,41.34793284699291
778548,42.55187651396801
778549,45.4950919902432
778550,48.58048644685865
778551,49.98001004215848
778552,51.019202333831394
778553,51.32649020887484
778554,51.49681652035586
778555,51.93497647132011
778556,53.76405959431233
778557,53.73655942330042
778558,52.39232692754018
778559,49.28985702368357
778560,46.39628090838173
778561,46.30196413865648
778562,47.394720180485926
778563,47.46329612184711
778564,46.82961720715958
778565,45.63422093205183
778566,45.07573357727556
778567,45.1879425978859
778568,46.438602374101315
778569,47.73830797076236
778570,47.083128675097726
778571,43.720800071538186
778572,40.14411437069684
778573,36.21753174050387
778574,33.63361976525837
778672,26.374060336541874
778673,36.36887890313148
778674,40.28688872815458
778675,40.93956679635723
778676,42.08189773791949
778677,44.77067475770788
778678,47.73317997423278
778679,50.00454962706986
778680,51.64654083802765
778681,52.465696611818316
778682,53.144275332464396
778683,55.22971231707016
778684,58.2255485860066
778685,59.34425733246508
778686,56.43675018810594
778687,52.30173072969279
778688,49.2914616567761
778689,47.88189821624465
778690,48.383770799483266
778691,48.16737489818213
778692,47.16176023504715
778693,45.79307437786094
778694,44.78009618161381
778695,45.08675042710162
778696,46.38303766210676
778697,48.08355786984573
778698,47.81870130909543
778699,44.688148647936835
778700,41.70656841890866
778701,39.41735926695263
778702,36.778665257162864
778800,22.322888740667235
778801,31.827489572491416
778802,36.1133212708402
778803,35.77585149979882
778804,36.71122903614644
778805,39.8430664499826
778806,44.373378506612774
778807,48.62686811006346
778808,51.262870070984945
778809,52.29604775584983
778810,52.85268732363443
778811,54.77826684703456
778812,58.491158098517886
778813,60.122433387519145
778814,58.45204433579629
778815,54.331291913377385
778816,51.2307392252735
778817,49.52659463765997
778818,49.12469763129292
778819,48.553461826246966
778820,47.10033994348118
778821,45.94955334989106
778822,45.53792861211566
778823,45.02938298857604
778824,46.14936191452246
778825,47.969079198879115
778826,48.43180481149914
778827,45.4831399954983
778828,43.08356516835445
778829,42.987645492450255
778928,16.37079007131383
778929,25.076508462342815
778930,27.272161226201483
778931,25.4689424037733
778932,25.797188004363978
778933,29.391248852793726
778934,35.27280615323661
778935,40.84982334172568
778936,45.14178153525366
778937,46.033318355988385
778938,46.469562807480486
778939,48.081737198033544
778940,52.65631901374288
778941,56.046018530261414
778942,55.6933673467535
778943,53.18297726239016
778944,50.05261742883353
778945,48.56734157864031
778946,48.20306187637957
778947,47.577839198748165
778948,46.43751183042063
778949,45.57746408408447
778950,44.977154564770025
778951,44.89388550360271
778952,45.232545213110036
778953,47.20993841651562
778954,47.91016943479068
778955,45.42227958143268
778956,43.763018494363465
779056,11.765208632718393
779057,18.651951364145788
779058,20.246643353438884
779059,18.312715554381583
779060,18.254304857774144
779061,21.47389101082357
779062,26.889485027728906
779063,32.18288075689086
779064,35.8764479167939
779065,37.28411460595505
779066,37.107945056848706
779067,39.256661426189766
779068,44.53472815944555
779069,49.13441543784781
779070,49.93035038498511
779071,47.81963362083918
779072,44.745262726685226
779073,44.104039502967126
779074,44.36338073597658
779075,44.39692046827081
779076,44.03033158842003
779077,43.30149340383249
779078,42.65618469844388
779079,42.57045324762556
779080,44.073300433896996
779081,45.93623161590495
779082,46.5279287527628
779083,43.37570650291291
779184,9.226110087843347
779185,14.744722107477621
779186,16.5876020347555
779187,15.506003492788956
779188,15.611028846818895
779189,18.581982714536824
779190,22.92922077425571
779191,27.26278901485809
779192,30.649251714727153
779193,31.502141456089138
779194,30.88769089740449
779195,32.883358507833826
779196,38.376425803244445
779197,43.2120698182049
779198,44.87685339596582
779199,42.852951665595384
779200,39.7341683684162
779201,38.99155571750556
779202,39.3740894871625
779203,39.53122452552042
779204,39.460664274708684
779205,39.02764838306181
779206,38.425278178087396
779207,39.06914376725362
779208,40.739418447443796
779209,43.00950123725673
779210,43.36239998774879
779312,8.586238949343596
779313,14.063192285751965
779314,16.464969500059564
779315,16.15538982237404
779316,15.88545062688493
779317,17.753942598725136
779318,21.68963441739119
779319,25.825788862310098
779320,28.52931162147748
779321,28.988988359808125
779322,27.387601248852242
779323,28.036612140781468
779324,32.14751334618001
779325,36.76904351271215
779326,38.84861236023005
779327,38.1139925918142
779328,36.35407874243468
779329,34.913013351289344
779330,34.4009907315861
779331,33.74247437977618
779332,33.423519312503714
779333,33.02960681186638
779334,33.64421417618185
779335,34.07779427139072
779336,35.70909713498734
779440,8.236497686896964
779441,14.033541243820896
779442,17.751503854071615
779443,18.101575087360626
779444,17.487748355133423
779445,18.045619650659773
779446,20.523742007865845
779447,24.131801388365773
779448,25.9686662598215
779449,25.524142375874735
779450,22.940357972007142
779451,21.651502219557557
779452,22.898941456544083
779453,25.97842287242316
779454,28.646609202921656
779455,31.146296251866627
779456,32.078921440788065
779457,31.754438625749497
779458,31.018850959329882
779459,30.116031102690975
779460,29.474727590272213
779461,29.5954857365669
779462,29.145144558006507
779568,7.74302626425407
779569,13.601784178305056
779570,17.827087785577376
779571,18.762918221287507
779572,17.98247986584355
779573,17.272877089886613
779574,18.26533501802472
779575,20.03817698224517
779576,20.627145653533493
779577,19.569179403439456
779578,17.439448598781894
779579,16.297048349587378
779580,16.583396516657462
779581,18.235942813348156
779582,21.339890928604607
779696,6.774693228067016
779697,11.876023041943293
779698,15.74939692000807
779699,16.217022708966716
779700,15.500766563787666
779701,14.779235043838957
779702,15.20039166889016
779703,16.030479959581537
779704,15.880915157325465
779705,14.748043307651585
779706,13.728885595583048
779707,12.910465338727118
779824,5.060967586497952
779825,8.606385603015552
779826,11.389262601543166
779827,11.68769696649101
779828,11.582759507556986
779829,11.964282763674325
779830,12.893774236546749
779831,12.924479789624847
779952,3.4305528265693033
779953,5.054046923350645
779954,6.6867637365959744
779955,7.16280171217589
779956,7.814767319622857
792880,3.698004904039507
793008,3.410242865827501
793009,5.351977312986135
793010,6.263026207836718
793011,6.813122171935864
793012,8.28411438063276
793136,3.4790654285177913
793137,5.739554403062504
793138,6.99459627460723
793139,7.6586822499343965
793140,9.578537015471197
793141,12.197957532319815
793142,13.766911734401724
793143,14.294909927963499
793144,14.283101639135316
793264,3.8513144105672255
793265,7.091916110654542
793266,9.137136490077818
793267,10.783922168862597
793268,14.087341034948144
793269,17.661542557261686
793270,19.561498193270218
793271,19.70248372033032
793272,19.05504439551557
793273,18.19710256991095
793274,16.70430561940765
793275,15.458201049343097
793276,14.625030124194735
793277,15.156261592000652
793278,18.450755883499852
793392,4.744601936695121
793393,8.53235013271303
793394,11.887443299742461
793395,15.438956594642512
793396,20.493502609230653
793397,25.23521039136724
793398,27.183894651590883
793399,26.98911529797592
793400,26.086110831288373
793401,25.813832086996022
793402,25.683126677358857
793403,24.355921123453637
793404,21.80168174070554
793405,21.721298335965848
793406,25.251681977621825
793407,30.746146183161894
793408,36.10820759920645
793409,40.01180812971887
793410,42.26623784648048
793520,7.736025829931569
793521,12.09838497566969
793522,16.8430850083778
793523,22.06712776639303
793524,26.914521653398626
793525,31.04576083310015
793526,33.28038526082323
793527,35.02723661134774
793528,36.366149583657744
793529,37.31129281631662
793530,37.3296853839726
793531,35.74937140730927
793532,33.033804967159156
793533,32.14311147166441
793534,34.519926107697074
793535,38.385918285201065
793536,42.55649777788536
793537,45.38616675752907
793538,47.95211883059114
793539,49.761483320452626
793540,50.92678296202457
793541,51.02199904079852
793542,49.83188476190013
793543,46.59823129911986
793648,13.916519666510894
793649,19.082329309931797
793650,23.509782414580513
793651,28.011967112347467
793652,32.52287459476144
793653,36.61134727631173
793654,40.49135243366439
793655,44.547681395858305
793656,47.97317939890678
793657,49.96498813169129
793658,50.446379902619434
793659,48.85498801892675
793660,45.33331627457424
793661,43.134726143650724
793662,43.320625012425765
793663,43.89340826697847
793664,45.68542934772952
793665,47.15863089555548
793666,49.76122241099434
793667,51.62761469758094
793668,53.92768165300259
793669,55.303402364600814
793670,55.306413270351044
793671,54.26011367206531
793672,52.47102634150466
793673,49.65509307469847
793776,16.56711745827707
793777,24.61784508518334
793778,30.3651970941668
793779,34.38605742007449
793780,38.10486176077591
793781,42.41552149630881
793782,46.81536734865167
793783,50.96243404694739
793784,54.083441574245064
793785,56.17962946768296
793786,56.404701819449045
793787,54.33797727168933
793788,50.78768301008745
793789,47.94952573774711
793790,46.246476721708234
793791,45.85188582168579
793792,46.01805498610704
793793,47.25582431696531
793794,49.938954468155224
793795,52.2460888131598
793796,54.975611819342916
793797,56.8212425305028
793798,57.59243764548091
793799,57.962199068099565
793800,58.43348044514267
793801,58.89588164120445
793802,56.778613696061186
793904,19.009970670927892
793905,27.402191156915215
793906,33.07323807822685
793907,36.88221329102449
793908,41.01948955826025
793909,45.52649373124572
793910,50.34584077025763
793911,54.37261958419555
793912,57.07574961828571
793913,58.15601805229435
793914,58.035725424948446
793915,55.914407904568634
793916,52.14299017822488
793917,49.14356724508923
793918,47.629594689805856
793919,46.66225825304328
793920,46.09470065874478
793921,46.85078375841108
793922,49.32257491761394
793923,52.52007291785003
793924,55.501279103682656
793925,57.56184425154763
793926,58.86101233488597
793927,59.51374269640083
793928,61.23323441586198
793929,62.98629153288463
793930,63.24656751911416
793931,58.73787761033109
793932,50.45888703409321
794032,21.863213408376986
794033,28.864609276602827
794034,33.37746704975838
794035,37.53505416990983
794036,42.23243782373941
794037,47.40754869171629
794038,52.26800435418252
794039,56.46800921224867
794040,58.55175911502185
794041,59.47030315424272
794042,59.29432099987107
794043,57.01571842668469
794044,53.46364316262506
794045,50.917172532655655
794046,50.010667733941695
794047,48.4301344780694
794048,47.510612878135134
794049,47.05438856613393
794050,49.211323878604915
794051,52.62913246609722
794052,56.66903263521458
794053,58.9416220696841
794054,60.29183314011025
794055,61.231721455488675
794056,63.00010084070033
794057,65.56997087500768
794058,65.8573362541074
794059,62.19354314288945
794060,55.20385316809961
794061,45.85717135789135
794160,22.191271096462955
794161,28.93429959007451
794162,34.223611502559976
794163,39.708943781007775
794164,45.11445236531581
794165,50.53545167015795
794166,54.534171128698794
794167,57.28720954241169
794168,58.452525172951745
794169,58.8409961131536
794170,58.20655088444538
794171,56.15106328055341
794172,53.400411982242495
794173,53.607378834736664
794174,54.017061796537824
794175,52.221644342964666
794176,49.9941473465483
794177,49.58116442379873
794178,51.84694761774065
794179,54.8537409318486
794180,57.88954947991908
794181,59.80554667278389
794182,60.96603651719505
794183,62.32527635207525
794184,64.41532683473592
794185,66.46734896666224
794186,66.65633955986661
794187,62.99855718201738
794188,55.799013764845796
794189,47.789287518398254
794190,40.13124298525746
794288,21.4570807394082
794289,29.254927196483216
794290,35.490096459654616
794291,42.393131008977285
794292,49.51817869013509
794293,54.830144195227916
794294,56.69239933361084
794295,56.249653074962275
794296,55.8191199132345
794297,55.05986847017394
794298,54.62871038457517
794299,53.1714650889359
794300,52.15897798648849
794301,54.03074172590688
794302,55.85631596007791
794303,54.64870958690769
794304,52.21524793461638
794305,52.265599455172435
794306,55.11973212377648
794307,58.22233271638393
794308,60.050593818225906
794309,60.032079278385176
794310,60.13461917482535
794311,61.140362520757485
794312,63.43316033124518
794313,64.54091854478219
794314,64.34131139878596
794315,60.24146330692412
794316,53.64248161722891
794317,46.91829568968426
794318,41.402894091826695
794416,22.134409675033424
794417,29.479531990274804
794418,35.469959463732735
794419,41.746757621073506
794420,49.05152765204483
794421,55.55199630281665
794422,57.075252697039936
794423,55.82197550005421
794424,53.717138553044116
794425,52.12474388481754
794426,50.92652191928167
794427,49.8404120022667
794428,50.537637262666294
794429,52.4137100331613
794430,54.15142393827672
794431,53.17794928082908
794432,51.64308657751538
794433,53.17532534118131
794434,56.28527388778775
794435,58.82416451122074
794436,59.88117767061036
794437,58.81113343956188
794438,58.70855081357934
794439,59.80252591324782
794440,61.61016843325355
794441,60.682062724633646
794442,58.660145001532385
794443,54.15554066681155
794444,48.47285778051258
794445,43.52737454521777
794446,39.635014514502835
794447,36.75823957567082
794544,23.313076696973702
794545,31.272951235218926
794546,36.33310204729825
794547,40.52169586697913
794548,45.90966982352597
794549,51.53399005674916
794550,53.607633560857494
794551,54.109164460879796
794552,53.03576599720618
794553,51.29158609556278
794554,49.620608043257306
794555,48.690389723627376
794556,49.85691562459967
794557,50.96470505428182
794558,52.27937974687193
794559,51.43799917914957
794560,50.29402190249853
794561,51.13581589986885
794562,53.511252577525546
794563,55.239983057286466
794564,55.5844964799269
794565,55.48215350375464
794566,55.91393219071167
794567,57.30183383940007
794568,57.8906460121831
794569,56.31052745091807
794570,53.729125879000506
794571,49.522086291355315
794572,44.497526392008865
794573,39.4007946429227
794574,36.3973488044155
794575,34.88083452452563
794672,26.069053634958752
794673,34.436367606967
794674,38.60558110836211
794675,40.91079160118011
794676,43.84171013225444
794677,47.478164499480414
794678,50.11245746163801
794679,51.433204777024095
794680,51.86217320353641
794681,50.671229571962265
794682,49.048685046114244
794683,48.141934180970935
794684,49.56023164915162
794685,50.80552085121088
794686,51.19539052761572
794687,50.22303768938682
794688,48.69112383278927
794689,48.752890078228674
794690,50.12904412156702
794691,50.84977856128197
794692,51.41153406141128
794693,50.92072945119907
794694,51.510179774951105
794695,53.119084802058886
794696,54.02265238038838
794697,53.17974476775937
794698,50.669601375286696
794699,47.14006374126415
794700,42.00917999735295
794701,37.23307693097279
794702,33.908511178271624
794703,33.09530798298976
794800,27.247808885707098
794801,36.58826742481113
794802,40.5005520229636
794803,41.82358331327469
794804,43.44104951002896
794805,46.37225436731697
794806,48.80819561458135
794807,50.670835657183595
794808,51.047974815300734
794809,50.25998807707085
794810,49.41406588697139
794811,49.37024987590643
794812,50.487364667685306
794813,51.409621054169264
794814,51.54029801565481
794815,49.863335634795774
794816,48.39070085186949
794817,47.71979790411546
794818,48.571301301639416
794819,49.195627836162885
794820,48.798790109374245
794821,48.584165249477905
794822,48.8999238027656
794823,50.15870936058159
794824,51.49238732121237
794825,51.4810378409249
794826,50.17652099637569
794827,45.912114482468674
794828,41.192085213028875
794829,37.3999032624112
794830,34.479573179370774
794831,32.03350537498675
794928,27.33533842559499
794929,36.93559922342506
794930,41.21486998220183
794931,42.15551684707885
794932,43.902884795278254
794933,46.403408911513914
794934,49.0413535269549
794935,50.298130679243684
794936,51.142767475347675
794937,51.28148936713498
794938,51.22589921932859
794939,51.80401760334033
794940,53.634356283537706
794941,54.40261813444802
794942,53.330087465758474
794943,50.88849073375528
794944,48.329006758852366
794945,47.89369132451102
794946,48.562238240312176
794947,48.87488075576976
794948,47.81228283189991
794949,47.342196437074115
794950,47.29940029878727
794951,48.12586986050413
794952,49.611813816631425
794953,50.628622612958225
794954,49.81834483080913
794955,46.36808783050022
794956,42.66798847234103
794957,39.70168728635733
794958,36.64478248512074
794959,33.941888302243505
795056,26.157585614874456
795057,35.55866884555344
795058,40.10266841867922
795059,41.00431360151709
795060,42.11790880587856
795061,44.89066680648905
795062,48.08815340226305
795063,50.512909239188225
795064,51.69928268056419
795065,52.71645015290118
795066,53.20755459029989
795067,55.583066739927006
795068,58.9753441071907
795069,59.48863525347573
795070,56.832562870009056
795071,53.10769068406362
795072,50.57275679051804
795073,48.93148639383832
795074,49.50414699406277
795075,49.165048430400866
795076,48.44181829331548
795077,47.30961506674555
795078,47.03900886259518
795079,47.59743308794068
795080,48.66374352823977
795081,50.288777716915575
795082,50.00864083426981
795083,46.978078942512305
795084,44.650464158290305
795085,43.58845171220025
795086,41.74254523616275
795184,21.00853771164716
795185,30.506200380632976
795186,34.121023235490135
795187,34.77163904586278
795188,36.10154904302682
795189,39.66915672206893
795190,45.02861106797685
795191,49.35182724066448
795192,52.41478510254157
795193,53.29116787441029
795194,53.78840347251105
795195,56.27181077138801
795196,59.616818759301204
795197,61.2086730648707
795198,58.971336306988796
795199,54.65044111573176
795200,52.16958662993964
795201,50.33242106164688
795202,50.1816560887118
795203,49.365809005826925
795204,48.22933922536726
795205,47.483021152494
795206,47.01631651172837
795207,46.84203738635573
795208,47.62121992084636
795209,49.44030732222739
795210,49.9912168859007
795211,47.16522005056665
795212,45.76396082936749
795213,46.328834997171754
795214,45.03230298539154
795312,15.972857605456543
795313,24.35781858014731
795314,26.85231774108601
795315,25.83948140880879
795316,26.294797849618433
795317,30.00921301077811
795318,35.843246376724686
795319,41.91506811565347
795320,45.701552066973555
795321,46.64934689402075
795322,47.18129344810042
795323,49.46660253934678
795324,53.603177494615835
795325,56.394916449207265
795326,55.352399187659366
795327,52.801401998645076
795328,49.40547864006392
795329,48.113888724923584
795330,48.33943239595827
795331,47.96598640686226
795332,47.019385334957
795333,46.61201822572788
795334,45.946649696560506
795335,45.56270060825515
795336,46.60046494516289
795337,48.99795033455032
795338,49.285922741536766
795339,46.32776432176952
795340,44.568420345974104
795341,44.96156067260793
795440,13.040764167144165
795441,19.918850237052677
795442,21.443272312150462
795443,19.091873887983223
795444,19.03255953674619
795445,21.898938232839882
795446,26.675025854634743
795447,31.911240798075095
795448,34.996928772252026
795449,35.90603180416899
795450,36.44856048826788
795451,39.0837557445266
795452,44.51545965293917
795453,48.87803451570076
795454,49.65598749037545
795455,47.27299131275571
795456,44.61131127856381
795457,43.235340443699236
795458,43.95144815262956
795459,43.96560564044193
795460,43.82696197683998
795461,43.111366321404205
795462,42.86719241287827
795463,43.22967535670326
795464,45.156427787498366
795465,47.44632565261783
795466,47.79452045784091
795467,44.294429615779336
795468,41.97947327748785
795568,10.592047807750829
795569,16.245916561114754
795570,18.13453942754877
795571,17.099543595090655
795572,16.870303580321835
795573,19.094301992837938
795574,22.891685439011777
795575,27.194389610366375
795576,30.296943634765977
795577,31.142088663597033
795578,30.753740591351363
795579,33.07949817373664
795580,39.19901765211294
795581,44.74876022437315
795582,46.28139299404776
795583,43.97935227645012
795584,41.10388098793174
795585,39.39285574583444
795586,38.66536432228644
795587,38.35644458555356
795588,38.13786201112958
795589,37.82245790924629
795590,38.23104465784763
795591,39.16776135144071
795592,41.33769118497708
795593,43.872569935660174
795594,43.79109604408637
795595,40.096780746629555
795696,9.346211494108672
795697,15.091523736180633
795698,18.089148464447923
795699,18.217227838908812
795700,17.86521632264065
795701,19.027443439448426
795702,22.452967569354865
795703,26.302892001122178
795704,28.89139347131203
795705,29.232114334897737
795706,28.195625866457018
795707,29.521677962917444
795708,34.718190529106714
795709,40.13496360135775
795710,42.84185092193254
795711,42.14504536803636
795712,39.47976705309073
795713,37.078682785966386
795714,35.470736917771156
795715,34.089958122236546
795716,33.32827714647359
795717,33.36629281743424
795718,33.9063590263921
795719,34.84241707299664
795720,36.901805461021596
795721,38.64243981708968
795824,8.794229041162712
795825,14.565406745035833
795826,18.317346766044093
795827,19.185986661979154
795828,18.6951782428411
795829,19.262365504959362
795830,21.708160984214963
795831,25.11851257765318
795832,27.1711420032591
795833,26.919410472118237
795834,24.660136401157363
795835,24.36820733173316
795836,27.03267783319292
795837,31.626432895320317
795838,35.59394305338954
795839,38.06103276335872
795840,38.6144750206153
795841,37.0624229628455
795842,34.736613308824786
795843,32.56670218427703
795844,31.782791098612083
795845,31.438860789467096
795846,31.314579778239416
795847,30.855972086228572
795952,7.990556273541626
795953,13.577167958245386
795954,17.282380246918613
795955,17.970717297175177
795956,17.5992491069352
795957,17.679830496237436
795958,19.283070554793888
795959,21.52106043341445
795960,22.650123190533904
795961,21.835185017452382
795962,20.405402959192163
795963,19.745657277726245
795964,21.200572553333146
795965,23.492073302094344
795966,27.304270463337517
795967,31.479588316644982
795968,34.14500570909052
795969,33.489825099738674
795970,30.986567213312924
795971,28.97973185999144
795972,28.14819366028391
795973,27.49400608061714
796080,6.5466759538191415
796081,10.78873999310678
796082,13.641633369685012
796083,14.155950196121845
796084,14.242473552630337
796085,15.284216151000063
796086,17.049160077141835
796087,18.237974849577345
796088,18.30300261187754
796089,17.415314444543867
796090,15.912714251464752
796091,15.80549835346634
796092,17.177137469754488
796093,18.933040373893853
796094,21.585621614958583
796095,24.655039085337787
796208,4.795274211370945
796209,7.12408958244885
796210,8.873994829766191
796211,9.454574749083154
796212,10.44774977239525
796213,12.377962611484401
796214,14.137969895863877
796215,14.860397551641384
796216,14.65309496189906
796217,13.782076117235897
796218,13.120802740500892
796219,13.445828304320115
796220,14.76328757083671
796336,3.1295237310317083
796337,3.681359587190311
796338,4.617282761708966
796339,5.603449217249789
796340,7.272857726609068
796341,9.59455852251524
796342,11.297404206422694
796464,2.810635538050937
796465,2.7277286638835534
796466,3.321741058518174
796467,4.283762228311646
809264,3.8854559065374072
809265,5.694668706019823
809266,6.7642418310127495
809392,3.942893220245911
809393,5.932802204092337
809394,7.144115979262965
809395,7.950508450640925
809396,10.060008604429228
809397,12.53731424540439
809398,14.354438539659
809399,15.480568075366008
809520,4.169842102954965
809521,6.530967284893269
809522,7.895679705194647
809523,9.221047502987158
809524,11.789381797926689
809525,14.979873303654742
809526,16.820987370331963
809527,17.913652002297848
809528,18.54192985077532
809529,18.1806131348761
809530,16.89534797229051
809531,15.394679030547646
809532,14.665690817116369
809648,4.595885893417992
809649,7.69690379530555
809650,9.781265847092746
809651,11.919318820122223
809652,16.002111177774527
809653,20.083612178857905
809654,22.381162871423744
809655,23.616162199337815
809656,24.17427061303507
809657,24.025431379268717
809658,23.29933693797852
809659,21.33482854921242
809660,19.57991805099698
809661,19.928827544792103
809662,23.35909713603744
809663,28.011022261354185
809664,33.59706695897157
809665,37.40648287117541
809776,5.575578098040435
809777,10.002966696860668
809778,13.599782302567776
809779,17.5301302679425
809780,22.702939243365464
809781,27.981822443182203
809782,30.350338939898318
809783,32.19927075687596
809784,33.436080963657005
809785,34.3062164338094
809786,34.39562898394355
809787,31.93841981622383
809788,28.236985224629016
809789,27.305188908963004
809790,30.248336443403343
809791,35.64091306516446
809792,41.54837540091551
809793,45.470090791175934
809794,47.841724329427805
809795,48.47070963979616
809796,48.68577448849986
809797,47.981861493131916
809904,9.285325166491436
809905,14.719015953894273
809906,19.786976942158944
809907,24.51031778406932
809908,29.478315614230514
809909,34.05838652479371
809910,37.76456086427184
809911,41.84964457084679
809912,45.18183652975798
809913,46.85019636125358
809914,47.43434843601881
809915,44.93208101776665
809916,40.879028440539884
809917,38.700705405626806
809918,39.77958571362324
809919,43.034892189265996
809920,46.37861660241496
809921,49.34604310463142
809922,51.93080392024689
809923,53.30511089289963
809924,54.37650714178912
809925,54.94275548338155
809926,54.461118093463604
809927,52.3315976176559
809928,48.892926434197
810032,16.86486860760728
810033,23.221647263217168
810034,28.09988874830271
810035,31.853724149868444
810036,35.93177121615992
810037,40.627400537447635
810038,45.358748123944146
810039,50.275749508841436
810040,53.838940401880606
810041,55.68766133454584
810042,56.213581173008315
810043,53.85752170178239
810044,49.950595564646925
810045,47.25833126620509
810046,46.65701169710349
810047,47.37924776005484
810048,48.66235790292588
810049,50.205271195290464
810050,52.95617980153539
810051,54.821583538395544
810052,56.60765908510283
810053,57.72010665084087
810054,58.77896645976205
810055,58.73147873343344
810056,58.53984725613992
810057,56.94962729706687
810058,53.02963389886514
810160,19.449723823182637
810161,28.373428308834043
810162,34.33063660139911
810163,38.49280514695506
810164,41.983352393034075
810165,45.878139429281866
810166,50.32453738869824
810167,54.60017059024462
810168,56.87227144554545
810169,58.02526154793638
810170,58.43060768669573
810171,56.082789042216156
810172,52.18292589423845
810173,49.576544427705976
810174,48.341881402148246
810175,48.47782457995998
810176,48.99240336217053
810177,50.57880981444688
810178,53.49459609405024
810179,56.100811110934046
810180,58.63719584047615
810181,60.32240070469454
810182,61.684373037786436
810183,61.9939909286019
810184,63.36835374512318
810185,64.23855233909569
810186,62.99514468453371
810187,56.68336744601199
810288,21.53424503780111
810289,29.519163259079768
810290,35.68945926858226
810291,39.5685123179281
810292,43.96299368840394
810293,47.986332226161586
810294,52.61190394093616
810295,55.892845273133126
810296,58.2090049554471
810297,58.57324910251708
810298,58.634793699465774
810299,56.55973884953725
810300,52.937533573899756
810301,50.710582289616795
810302,49.63813427640804
810303,49.466720427679114
810304,49.80920935309254
810305,51.134303800087444
810306,54.40985649638163
810307,57.690421231210216
810308,60.61236423685726
810309,62.94571382068504
810310,64.39292906529539
810311,64.84080519004908
810312,65.78116297355206
810313,67.68942445446477
810314,67.26129925710815
810315,63.00106466864061
810316,55.20681266875628
810416,22.831103380521558
810417,29.598679358162986
810418,34.827421684124495
810419,39.23061685845278
810420,44.88171917997602
810421,50.4178738871903
810422,54.59686190114362
810423,57.90782737348571
810424,59.01320703129873
810425,59.86196472306649
810426,59.46663449024936
810427,57.35887583290532
810428,54.105158055904695
810429,52.87141508204843
810430,53.045257501999885
810431,52.110589579739894
810432,52.10065532524454
810433,53.540446683803715
810434,56.83584701744377
810435,60.49704199531858
810436,63.58010703216903
810437,65.4009184155947
810438,66.85723929708941
810439,66.98284650622975
810440,67.93280005738512
810441,68.8815637787051
810442,69.1754274193567
810443,65.8429117964521
810444,59.13305581333381
810445,50.133467341308936
810544,22.465535339908648
810545,29.341445992731554
810546,35.17345515527231
810547,41.10043502928295
810548,47.78725067884772
810549,54.189046692277195
810550,58.23299413810427
810551,60.22313246154596
810552,60.84410347141077
810553,60.88888156584349
810554,60.1560840289175
810555,57.670837345870446
810556,56.21050471116208
810557,56.93667112583117
810558,58.402338162252775
810559,57.5267281681789
810560,55.75394881454116
810561,57.20181145953249
810562,60.485554209349885
810563,63.65780648807052
810564,66.21422893878248
810565,67.5752646667411
810566,68.71057252050014
810567,68.67829375531447
810568,69.16916246272093
810569,70.18864405805186
810570,69.9576004912388
810571,67.10690787817141
810572,60.25372754883098
810573,51.63019823607239
810574,42.511636403310476
810672,22.112995497731347
810673,29.398060063639363
810674,36.596819439416215
810675,43.891805228976004
810676,52.12234634129641
810677,58.0979723577638
810678,60.26324945249899
810679,60.13066118357673
810680,59.5031094994561
810681,58.864049520589816
810682,58.204279173622865
810683,56.57029957910209
810684,56.495952748519585
810685,58.781102476418354
810686,61.28803116824232
810687,59.781374054785516
810688,57.74850045631249
810689,58.51533149668467
810690,62.61617402878676
810691,65.6094488044906
810692,66.92624015103667
810693,67.24205096517808
810694,67.25975000232717
810695,67.9660557423467
810696,68.49964391221182
810697,69.3452523350856
810698,69.01483091848047
810699,65.19988487717573
810700,58.480697516269046
810701,50.340071789041765
810702,43.34254820559805
810800,23.16430004245455
810801,30.85558461482678
810802,37.09227030869467
810803,43.87086040688855
810804,52.079267312175624
810805,58.259815079560155
810806,59.05890181218147
810807,57.91792773793077
810808,56.128707932994175
810809,54.49632503211923
810810,53.84180886252679
810811,53.54271310553127
810812,55.401395293375884
810813,58.244713346882634
810814,60.198650980934964
810815,59.752281971430136
810816,58.00059997332995
810817,59.09237144905327
810818,62.53374213356189
810819,64.38437904529995
810820,65.05280327477368
810821,65.03741100916822
810822,64.93535167683672
810823,65.9345462584982
810824,66.22813222315077
810825,65.8855094474227
810826,64.48934722567991
810827,60.33429699570863
810828,54.28988100079347
810829,47.737369946755756
810830,42.299750390459394
810831,37.808745920461604
810928,25.831136309778454
810929,34.23201824336486
810930,39.20139045275055
810931,43.028310789946076
810932,48.74561397091194
810933,52.96821911295958
810934,55.1116915838013
810935,54.762855275339966
810936,53.5142897411525
810937,51.92642863149902
810938,50.76110502881954
810939,51.131201258110906
810940,53.16269721652292
810941,56.041825250582065
810942,58.033742066720784
810943,57.880326994798864
810944,56.99120232775398
810945,57.43082317260802
810946,58.85358393956093
810947,59.81799040280942
810948,60.59203646350381
810949,61.25656279964136
810950,61.7617867329833
810951,62.79095610255123
810952,62.53282011049214
810953,62.358129313450455
810954,60.575526988938016
810955,57.12681336441325
810956,50.86283443453263
810957,44.299438058681915
810958,39.58828838281694
810959,36.80925287608375
811056,27.83916311533563
811057,36.931626515391095
811058,40.91394824700242
811059,43.4231308564721
811060,45.69686615347484
811061,49.048624613067474
811062,51.20768038085949
811063,52.33509784308796
811064,51.65165130898483
811065,50.473838540416075
811066,49.64455660550344
811067,50.09538816425255
811068,51.876065787860426
811069,54.45605666826326
811070,56.1018566507572
811071,55.420866012947414
811072,54.68681454861769
811073,54.147978666584045
811074,55.11219311442833
811075,55.72093310768584
811076,56.36915162131024
811077,57.452647432198006
811078,58.342631783074275
811079,58.89565207104628
811080,58.689663188058276
811081,58.61268526414402
811082,57.0745106370738
811083,52.996740554014465
811084,47.54643000363482
811085,41.56262207911937
811086,37.14629350632188
811087,34.5593344769728
811184,28.34629580285807
811185,37.67998031898266
811186,41.7544678836553
811187,43.02006940595235
811188,44.8404598933313
811189,47.75078371175686
811190,50.067046087569814
811191,50.91481724844758
811192,50.74413795821711
811193,50.001016747746014
811194,49.9291169575372
811195,50.1833580455919
811196,51.88486584127353
811197,53.777786777894015
811198,55.04505977379708
811199,53.54987072875615
811200,52.23316595574992
811201,51.751366499377326
811202,52.30075990373158
811203,52.64374553143698
811204,52.889091621810245
811205,53.17558015879557
811206,54.1708087844529
811207,54.94721215053487
811208,56.23944118054629
811209,56.09535950561114
811210,54.546299572851154
811211,50.668494083365154
811212,45.81571295168497
811213,41.67523272325844
811214,38.157473310259725
811215,34.722077074647125
811312,27.918286178833586
811313,37.45235461559047
811314,41.4098433677175
811315,42.43372297035449
811316,44.750536164782154
811317,47.24699757704381
811318,49.508839199291046
811319,50.735710036476085
811320,51.589697332967056
811321,51.094460672450325
811322,50.90500167249979
811323,51.78580178628979
811324,54.16488928295285
811325,56.13565929045847
811326,55.89836733562695
811327,53.74215070358538
811328,51.21580778923156
811329,50.15343881195801
811330,51.007909374669865
811331,50.56236142074693
811332,50.44663638242425
811333,50.49438487310402
811334,51.16241227081389
811335,52.52198480122361
811336,53.20575707578564
811337,54.47253126627558
811338,53.45696590017781
811339,49.82229943319385
811340,46.00255493386846
811341,44.552313489401094
811342,41.82001346996833
811343,37.8246476972914
811440,25.64219248552193
811441,34.661320386238195
811442,38.160015724021896
811443,39.33684085126805
811444,41.65813869193854
811445,44.59995630572938
811446,48.485156528771704
811447,51.16357873156271
811448,52.404834001573775
811449,52.67332705282778
811450,53.220933992947955
811451,55.99497192744346
811452,59.73288687715066
811453,61.22485665647816
811454,58.8060771541509
811455,55.27525681034267
811456,52.371536588385844
811457,50.946894712125996
811458,50.73127741021891
811459,50.54560879292584
811460,49.85557374153818
811461,49.42756231348868
811462,49.937778191524366
811463,50.496414838785846
811464,51.50760965299876
811465,53.207141532792264
811466,53.061827308405555
811467,50.06090559263051
811468,47.76868825664252
811469,47.54951513352701
811470,45.52035842102324
811471,40.91985056422259
811568,20.069585945601276
811569,28.661149394654686
811570,32.23585053375223
811571,32.720578731289585
811572,35.163983316669466
811573,38.79659047569563
811574,44.15303553309766
811575,49.28273656693938
811576,52.6881095077811
811577,53.77123964681636
811578,54.77370311976064
811579,57.13646187283837
811580,61.364109786963766
811581,63.03880590025864
811582,60.29646203097209
811583,56.29626852840178
811584,52.49452940475166
811585,51.45398206496606
811586,51.18814516110665
811587,50.37409738525525
811588,49.752215975894764
811589,49.3203775194815
811590,49.65140566991793
811591,49.35547913390401
811592,50.10460112437869
811593,51.606215291356925
811594,52.23555112808183
811595,49.712925237688
811596,48.151973325322764
811597,48.93806999154984
811598,47.188977305149095
811696,16.175136535882896
811697,24.102203803367473
811698,26.91661429630834
811699,26.145447967931105
811700,27.110897780218167
811701,30.761243684210093
811702,36.33368649377875
811703,42.0293350106104
811704,45.69422502892778
811705,47.020879067724316
811706,47.49315404878621
811707,50.02409275407498
811708,54.95625898688662
811709,57.694347088272536
811710,56.07573336585237
811711,53.00237969468756
811712,49.89680088708309
811713,48.45990486737543
811714,48.27079332253767
811715,48.214898351863795
811716,47.788250587847116
811717,47.4464877234728
811718,47.89033465528969
811719,47.524876789476274
811720,48.62666136972065
811721,50.813357000193086
811722,51.581286956029814
811723,48.17120712979458
811724,45.90955285591692
811725,46.52871100972165
811824,14.039187424210908
811825,21.19155963976063
811826,23.295768331031883
811827,21.415488875906945
811828,20.79291977153854
811829,22.920493955996463
811830,27.271958635589236
811831,31.835013296651972
811832,35.18585318500141
811833,35.975920038886116
811834,35.86892692703112
811835,39.17306827632927
811836,45.391816802245266
811837,49.95658927509103
811838,50.19748312649531
811839,47.76060399316482
811840,44.78952546024732
811841,43.24897574519604
811842,43.09546910996336
811843,43.32947170704464
811844,43.39755645214706
811845,43.132326233918526
811846,43.731051667332665
811847,43.89374854449146
811848,46.5263234367016
811849,49.13078785810828
811850,49.5804709030219
811851,45.66898572127595
811852,42.69121869617253
811952,11.721368394276832
811953,18.027844479837754
811954,20.371089779482546
811955,19.780994101563433
811956,18.791986685178177
811957,20.08917102124861
811958,23.4967089905248
811959,27.465151630030576
811960,30.337296792003823
811961,30.982735430979808
811962,30.96740812110021
811963,33.60428569808557
811964,40.794743595442306
811965,46.53176971976113
811966,47.999798549132734
811967,46.21085082056716
811968,43.18304521309208
811969,40.52702190922396
811970,38.71457583424322
811971,37.4367928568683
811972,37.283448440784106
811973,37.923351429460006
811974,38.58960169513493
811975,40.48180074872832
811976,43.08829253010838
811977,45.92790699213522
811978,45.756088397270666
811979,41.845257746015655
812080,9.788977973255868
812081,15.480413564963888
812082,18.825629527371614
812083,19.329466428521826
812084,18.927928902220348
812085,19.57874648474508
812086,22.615242382629763
812087,26.66932329064594
812088,29.298614549015518
812089,29.643487328299283
812090,28.596690593516566
812091,30.86974086650153
812092,37.20513892240136
812093,43.38791491493211
812094,46.22142177467885
812095,46.01650224648596
812096,43.60264407231808
812097,40.33847728620319
812098,37.034905691501066
812099,35.211144923803744
812100,34.3735448001629
812101,34.79065731448008
812102,35.7432867075724
812103,37.042596385222836
812104,39.13369855954596
812105,40.576106538183055
812106,39.79898032469446
812208,8.987766691241706
812209,14.199630771293274
812210,17.558263405101194
812211,18.5089283767689
812212,18.247404150092297
812213,19.00407586892253
812214,22.20655224845622
812215,25.786984448526134
812216,27.97972742847545
812217,27.643351248657087
812218,25.889729098468393
812219,26.07972327935456
812220,30.478308983019758
812221,36.293529348398685
812222,40.80283278419717
812223,43.48410654967384
812224,44.110127413808456
812225,41.62374626864127
812226,37.99668709683633
812227,34.91199712352168
812228,34.35540555491814
812229,34.39668924587035
812230,34.53207015391106
812231,34.310623127400454
812232,34.15885022945363
812336,7.593465895693137
812337,11.902124450996421
812338,14.575242341253533
812339,15.155102156474701
812340,15.797034132542585
812341,17.040136799393192
812342,19.891400677521002
812343,22.306821493582007
812344,23.689245951636323
812345,23.144330060300472
812346,21.972736219138337
812347,22.013697174165987
812348,24.800295331978823
812349,29.04818385434163
812350,33.69630785380331
812351,38.03699354310874
812352,41.04457487068181
812353,40.2645629042703
812354,37.07723595308011
812355,34.545202560440536
812356,33.28474415342138
812357,33.14710270980153
812358,32.96193188697202
812464,5.76869126950089
812465,8.423125431561628
812466,10.237585842461288
812467,10.930804069969614
812468,12.292548625650015
812469,14.790409379112926
812470,17.4613105264035
812471,19.3491772483304
812472,19.985556091705625
812473,19.140813235551914
812474,18.54818392918339
812475,19.05960377509601
812476,21.604603602152096
812477,24.25204429232791
812478,27.262403790718412
812479,30.532823954573868
812480,32.658050355523685
812481,32.56074335647944
812482,30.33005605842294
812483,28.224666043316763
812484,26.830495714969636
812592,4.051019507804931
812593,4.884476561894757
812594,5.937564998034958
812595,7.132351936553346
812596,9.331546581237825
812597,12.519387906919336
812598,14.842675729960233
812599,15.958338209016276
812600,15.627387806787768
812601,14.451605420105551
812602,13.985495558971254
812603,14.790862665870144
812604,17.14952389838972
812605,19.158473695907094
812606,21.196009563567472
812607,23.25959213123452
812608,24.633412344885052
812609,24.491413220791394
812720,3.3390305693946183
812721,3.363192746778904
812722,3.961798134942796
812723,5.1510919007094795
812724,7.302938229910475
812725,9.768557761031355
812726,10.735988762056943
812727,10.12649818250473
812728,9.181353484429797
812729,8.585488897259017
812730,9.16425927992548
812731,10.886998695498008
812848,3.5674692265988033
812849,3.4956768272735177
812850,3.8372263154734894
812851,4.508137389996155
812852,6.137499518558505
812853,7.456196061331959
812854,6.973003753808637
812976,3.86082630459122
825648,3.933756290055689
825649,5.822340259394052
825650,7.200953276133239
825651,8.616642386774986
825652,11.02742463897466
825653,14.115825784953843
825654,16.436574856747438
825776,3.8686024516524022
825777,5.849053733032186
825778,7.205218293678063
825779,8.757023442306409
825780,11.717489883240399
825781,15.137943427756177
825782,17.821754892958058
825783,19.32746254826244
825784,19.4037338385852
825785,18.780049258212088
825904,4.1351510256960955
825905,6.375183596140919
825906,7.99799302101744
825907,9.908629780932754
825908,13.279258870209812
825909,17.19018269488702
825910,20.258043110677622
825911,22.31878643590683
825912,23.15012278417687
825913,23.256117204028392
825914,22.28385587014564
825915,21.1613192187166
825916,21.07812033808098
825917,21.494452174799004
825918,23.350497139210972
825919,26.878377442670935
825920,30.399636564832154
826032,4.694096343275558
826033,7.586601835312184
826034,9.894790140712354
826035,12.754639099755604
826036,17.59165190287494
826037,22.750208754515633
826038,26.31082414433546
826039,28.881986517331235
826040,30.876898732059608
826041,32.00552145291659
826042,31.94140020805959
826043,29.6493598324262
826044,27.688513185011182
826045,27.5483614356608
826046,30.271799347758844
826047,35.2555893417468
826048,40.53335085960991
826049,43.24715329258561
826050,44.08999559555902
826051,43.62278794718167
826160,6.2917964242615625
826161,10.641484034227728
826162,14.832108853387854
826163,18.864109200480744
826164,25.260981224217947
826165,31.579319729610848
826166,35.89264825635345
826167,39.530179943285944
826168,42.75123813113021
826169,44.87739406763797
826170,45.08300151300074
826171,41.86556304440244
826172,37.36317948149649
826173,35.79775010854411
826174,37.910484894580236
826175,42.93604795845958
826176,48.11238464472292
826177,50.877844299900126
826178,51.950905281737995
826179,52.19571656564024
826180,52.7725508888221
826181,52.52767587187256
826182,51.23230754246383
826183,47.88486099489702
826288,11.025525631639795
826289,17.40676316798997
826290,23.172592980597802
826291,27.984872284644307
826292,33.26310406881813
826293,39.34323420616884
826294,44.88415823129286
826295,50.159996020769775
826296,54.01175251217445
826297,56.043112746170394
826298,56.270195452757164
826299,53.203030109995716
826300,48.51358818142466
826301,46.254476011612944
826302,47.00121742536435
826303,49.5925827395353
826304,52.34714644500989
826305,53.9567508343031
826306,55.073840032399815
826307,55.72442967432845
826308,56.68053341207365
826309,57.72177957735808
826310,58.17823692156179
826311,57.06292256393577
826312,54.89628487171121
826313,51.90203230777818
826416,19.891363870980534
826417,27.872123246731846
826418,33.391749132851814
826419,36.81765901429915
826420,40.93335236009642
826421,45.65047682109268
826422,51.37955988723927
826423,56.378202526069
826424,59.65814603735191
826425,60.653341313170166
826426,60.67844363228822
826427,58.566616178632145
826428,54.27662408550524
826429,52.127255819641405
826430,52.14347725977741
826431,52.98411391463369
826432,54.03548657285782
826433,55.06499336561723
826434,56.29883087589734
826435,57.51578389038324
826436,59.1133044593065
826437,60.49024734134241
826438,61.8157520214322
826439,62.346323738954425
826440,62.31783425190564
826441,62.00800824509334
826442,58.821922125268365
826544,23.340322572144977
826545,33.16718092757751
826546,39.0183520929597
826547,42.31850216445652
826548,45.76805239323021
826549,49.357758159251404
826550,54.18635633172322
826551,58.24898239158438
826552,60.034813803841125
826553,60.79398405856519
826554,60.69935311554954
826555,58.96983937071974
826556,55.362776754732934
826557,53.47502990184896
826558,53.68922152340489
826559,54.12778230197558
826560,55.14169525543143
826561,55.973108745806414
826562,58.22783715800963
826563,60.02369782756478
826564,62.40680737305805
826565,64.09447955734159
826566,65.3450072635824
826567,65.53808101829183
826568,66.62464172535336
826569,67.66547119290709
826570,66.50167571678661
826571,60.31401412574155
826672,24.227486204859147
826673,32.637904340152645
826674,38.590880019126644
826675,42.888766425021075
826676,47.02117250198533
826677,51.17400824476175
826678,55.31772341166152
826679,58.22063306980782
826680,59.416457848580364
826681,59.83216756281148
826682,59.81970403818473
826683,58.838409907771386
826684,55.857636414256355
826685,54.71346656394976
826686,55.85673646798476
826687,56.237915859822905
826688,57.17210773808573
826689,58.38686476739343
826690,60.95704535787644
826691,63.42169154277733
826692,65.73075120772309
826693,67.27095239096988
826694,68.19055289895302
826695,67.91425851080686
826696,68.72916089455974
826697,69.67176654639067
826698,69.63331202383002
826699,65.23230907965628
826700,57.95358381721017
826800,23.875324382915636
826801,31.485067622764767
826802,37.02125586147454
826803,42.47803739328941
826804,48.32140181963255
826805,53.53155636868926
826806,57.03666834935138
826807,59.10537146933417
826808,59.67947141331293
826809,60.085061130419895
826810,59.91251898501279
826811,58.976884327278995
826812,56.87076897141428
826813,57.3346366467575
826814,59.27842528339984
826815,60.21344443147488
826816,60.509212573913835
826817,62.25089079978825
826818,65.16054838559734
826819,67.40033677525538
826820,69.48508428930792
826821,70.27957412139479
826822,70.91678285638449
826823,70.38264589837371
826824,70.02516396163452
826825,70.45856338613537
826826,70.26789116239321
826827,67.35515550668133
826828,61.22267691856635
826829,52.94909966527786
826830,43.9269283108705
826928,23.287730386005805
826929,30.877867187093656
826930,36.845840704671005
826931,43.333652903527906
826932,50.566761306439844
826933,56.52505385543732
826934,60.11654868078262
826935,61.85348672295761
826936,61.681371432097734
826937,61.82121537707511
826938,61.11429633742766
826939,59.936520243255934
826940,59.28102321177474
826941,61.339065225072495
826942,64.12879149765827
826943,64.33066793179539
826944,63.72972849936147
826945,64.97906096862138
826946,67.75863556643438
826947,69.9006898887075
826948,71.31448540658123
826949,71.80062884677815
826950,72.00455739547492
826951,71.72954537051103
826952,71.10428241298919
826953,71.39491027762585
826954,71.43070248088229
826955,69.01433308601818
826956,63.21874799694741
826957,54.63377551846969
826958,45.11562080809235
827056,23.72467262007726
827057,31.546203957186258
827058,38.424105136083625
827059,45.120752829293544
827060,53.88150977291272
827061,59.722976457750875
827062,62.87063917388019
827063,63.401614513323786
827064,62.57724806986344
827065,61.59330684200623
827066,60.291063107141
827067,59.48585938379879
827068,60.42020789485595
827069,64.16523134396938
827070,67.23495189997469
827071,66.64606208395722
827072,64.82688396977512
827073,65.34070828326047
827074,68.54506838571535
827075,70.75653511537791
827076,71.64159819690316
827077,71.36347845493013
827078,71.65525049459934
827079,71.37248116111041
827080,71.54617644397517
827081,71.39806349579291
827082,71.24337470717053
827083,68.63249978024736
827084,62.99804203899617
827085,55.04900083258329
827086,45.97378200281117
827087,37.73230775555748
827184,25.36465936244463
827185,33.54024718607792
827186,39.22718387141242
827187,46.1810727932189
827188,55.037015856409624
827189,60.848773789427064
827190,62.42492046765076
827191,61.35001544937401
827192,59.690066708317644
827193,58.19848563724279
827194,57.906712899449936
827195,58.046254690651864
827196,60.079778353101354
827197,63.661794215451906
827198,65.88079412681451
827199,65.8374968567903
827200,64.54650150034816
827201,65.55153219514408
827202,68.30132595541698
827203,69.81949359702686
827204,70.1832396488503
827205,69.98022010613114
827206,70.2568679499738
827207,70.00938571482844
827208,70.25614500511222
827209,69.35220324823257
827210,68.43818003252176
827211,65.5827019580983
827212,60.354669309819656
827213,53.270236027405375
827214,45.87686031400803
827215,39.21889336430912
827312,27.5899202211832
827313,36.69574376779856
827314,41.31863122195109
827315,45.52517437840056
827316,51.4216038929385
827317,55.94632523892142
827318,56.93688312351898
827319,56.19049849413846
827320,55.5195269042976
827321,53.82195372731935
827322,53.37625952039028
827323,54.33971881058757
827324,58.3622215520744
827325,61.716192128534544
827326,64.2587815558338
827327,64.15083497898127
827328,63.68612879075933
827329,63.611161829410996
827330,64.72492172568083
827331,65.30503767394602
827332,65.3090755851352
827333,65.85881578555882
827334,66.80841299064167
827335,66.60447423713651
827336,66.82120165851799
827337,66.48109589854954
827338,65.59027122842953
827339,63.1750172356529
827340,57.396950636696424
827341,50.25598340748971
827342,43.85317558827955
827343,38.8454840609815
827440,29.05889847813018
827441,38.07907564319051
827442,42.32232734307422
827443,44.98669863749681
827444,47.877654020262874
827445,51.0023070504793
827446,52.791610012361275
827447,53.071642873276765
827448,52.429110856929945
827449,51.21056499267166
827450,50.40368880745023
827451,51.800067892489466
827452,55.99330909258181
827453,59.753527683955525
827454,62.097191091569606
827455,62.14571058189776
827456,61.335409102728825
827457,60.29808308179513
827458,60.596863954875296
827459,61.02584629875391
827460,61.59294228285549
827461,62.20907720121313
827462,62.9994097137762
827463,63.44328348852912
827464,63.08344793413254
827465,63.49806713650157
827466,63.21710816187189
827467,59.89594265057275
827468,54.950776197000195
827469,48.27370321269983
827470,42.69152110615682
827471,38.329125888834234
827568,29.570217603808963
827569,38.57080534162309
827570,42.06223424199143
827571,43.60387802909634
827572,46.20484806902087
827573,48.903650088383344
827574,50.65080141157523
827575,52.0267943000039
827576,51.356035823119335
827577,50.46591727439357
827578,49.810047315149646
827579,51.06984405861096
827580,54.66730530454128
827581,57.56542759502025
827582,59.570634764324524
827583,59.37177611552814
827584,58.876943137064046
827585,57.86847873799354
827586,57.865971196067
827587,57.67338533033669
827588,57.836437765144204
827589,58.420425139236784
827590,59.65733991346964
827591,59.568352751162756
827592,60.16229053277915
827593,60.685222653056236
827594,59.96673003030051
827595,57.16167289618862
827596,52.59982441649271
827597,48.25953158022834
827598,44.133089603256224
827599,39.07475102021412
827696,28.457425767701196
827697,37.28630805932891
827698,41.127686172849806
827699,41.934617976633206
827700,44.42757526223671
827701,47.187633973257775
827702,49.888910298568774
827703,51.67716087340841
827704,51.781802097734456
827705,51.24468019266335
827706,50.73375678359614
827707,52.14830087493137
827708,55.69808797069556
827709,58.31725467206985
827710,59.48320270729166
827711,57.95248554514323
827712,55.96159212441111
827713,55.169698299021015
827714,55.24265374798951
827715,54.536932468301856
827716,54.05726122254519
827717,54.12148185141681
827718,55.03753630896562
827719,56.192972522883785
827720,57.442017280807256
827721,58.247691014844435
827722,57.476939700596944
827723,54.71634507954972
827724,51.98790274624993
827725,50.023663877302
827726,46.97764662338848
827727,42.32597586822097
827824,24.61516057968774
827825,33.03900452487776
827826,36.43148355611925
827827,37.626763181103506
827828,39.97531264084181
827829,43.73504161658895
827830,47.40393544718787
827831,50.856871295543925
827832,52.69016848709768
827833,53.0296654957119
827834,53.30322943849725
827835,56.20692099827138
827836,60.63622065097018
827837,63.109438401553675
827838,61.637121272585176
827839,58.4431978703557
827840,55.50785094613964
827841,53.87474498150549
827842,53.70324033917277
827843,52.61865953093108
827844,52.07852730526943
827845,52.232399575359175
827846,52.596398096159135
827847,53.343067925238
827848,54.63656643097734
827849,56.1311956663459
827850,55.709678125526864
827851,53.3091371012284
827852,51.37815925907757
827853,51.38240344956945
827854,48.4160324104703
827855,43.98617705746879
827952,18.980679559104516
827953,27.262599337904387
827954,30.43256455086725
827955,31.121586932805826
827956,33.47388963672329
827957,37.70987099645624
827958,43.35979292634007
827959,48.936367242108886
827960,52.33205134374007
827961,53.462400702973774
827962,54.54593705679945
827963,57.21479224764365
827964,61.8375181253013
827965,63.520027718863524
827966,61.387715127236085
827967,57.64327199505873
827968,54.400443289222345
827969,52.55760648829159
827970,52.55532414961071
827971,51.7285624600172
827972,51.280371665062745
827973,51.04696466882647
827974,50.91855747038553
827975,51.0877645509232
827976,51.99780438646611
827977,53.84219957641475
827978,54.871134375820404
827979,52.603654435645126
827980,51.0007097073123
827981,51.033783572396736
827982,48.978924289821485
828080,16.167572818868564
828081,24.35005207687683
828082,27.362552541831352
828083,27.588401142420466
828084,28.779911059753168
828085,31.981912303676026
828086,37.094789810495065
828087,42.266499917561084
828088,46.14402878319289
828089,46.87262112007788
828090,47.32753754745462
828091,50.211001785946245
828092,55.76158314372184
828093,57.74090558903627
828094,56.06529411999004
828095,52.62931266155747
828096,49.58270763672784
828097,48.890157467444716
828098,49.40650112118962
828099,49.29289471835976
828100,48.81959492265827
828101,48.4395563848973
828102,48.46123185280616
828103,48.63679408292456
828104,49.701667234326074
828105,52.4934375908333
828106,53.744001010485135
828107,51.18536013057612
828108,49.06025566494298
828109,48.84133239548513
828110,46.37321456995042
828208,14.79308376860087
828209,22.80842157478457
828210,25.80427838665781
828211,24.339281399905115
828212,23.695051194714082
828213,25.040305716974636
828214,28.77331644798047
828215,33.12993764907874
828216,36.46462576013497
828217,36.985401428055866
828218,37.168785685147185
828219,40.10218279099968
828220,46.287792694641404
828221,50.84459446217143
828222,51.0934910148381
828223,48.68062675745218
828224,45.533275864778496
828225,44.00725814758511
828226,43.82124893301662
828227,42.87281155280576
828228,42.88733958870226
828229,43.10039333738339
828230,44.01816322005583
828231,44.97528524076897
828232,47.55495349189487
828233,50.271078780769365
828234,51.30299567542087
828235,47.749900985496275
828236,44.57633780060125
828237,44.018380538204646
828336,12.6864252260509
828337,19.602654632723805
828338,22.680328802987813
828339,21.75411362052835
828340,20.59033139629149
828341,20.886902098087017
828342,24.170387457403475
828343,28.13524840479692
828344,30.956637502175404
828345,31.56591753998401
828346,31.077762272485366
828347,34.20619382107035
828348,41.441120636273816
828349,47.39420741655232
828350,49.51300285583809
828351,48.219049046706914
828352,45.164849517592174
828353,41.85000578853597
828354,39.125869740119
828355,37.82375261936447
828356,37.220358543431594
828357,37.991576892817015
828358,39.518068559907285
828359,41.4506656917392
828360,44.25015427825951
828361,47.034017535850396
828362,47.11636084916804
828363,43.14796052104162
828364,40.062490943102745
828464,10.468512701826782
828465,16.042085809361655
828466,19.003197660115173
828467,19.598440596467633
828468,19.015563960576397
828469,19.836462690407444
828470,22.955279405505237
828471,27.135293952013267
828472,29.81681491396277
828473,29.876131470540134
828474,29.030769961022624
828475,31.244272308844447
828476,38.01133551881033
828477,44.66883913348971
828478,48.27662258447097
828479,48.552072830453426
828480,46.443541958423246
828481,43.00730538846433
828482,39.36485011075869
828483,36.633471335781614
828484,35.93143390060355
828485,36.884649125584176
828486,38.47432435704206
828487,39.570543956087484
828488,41.241736797240385
828489,43.01881992604755
828490,42.64133537462927
828592,8.73752591379521
828593,13.065305569137628
828594,15.585683295008412
828595,16.20589755133585
828596,16.727933219548213
828597,18.401447063900076
828598,21.963654363761815
828599,25.8583791628377
828600,28.338016554820186
828601,27.94590083361141
828602,26.22893998162943
828603,27.091283405442038
828604,32.09917643424969
828605,38.37979069648651
828606,43.54057459452965
828607,46.64923289620402
828608,46.93175082887172
828609,44.64303501467032
828610,41.018381634160065
828611,38.561157112753754
828612,37.76269908588689
828613,38.76250662709293
828614,39.90746443416608
828615,39.53974910491658
828616,38.73850693537112
828617,38.33626926277977
828720,6.911001687566937
828721,9.61380036505929
828722,11.281868478069958
828723,11.930614447148022
828724,13.54819612587077
828725,16.33705306582968
828726,19.859392981681843
828727,22.596840726565798
828728,24.079983500854958
828729,23.55278896173527
828730,22.53293314182103
828731,23.37601094518844
828732,27.176884331006967
828733,32.00121238766924
828734,37.08987627841874
828735,41.577895977170385
828736,44.514124705172634
828737,44.10348326426691
828738,41.637922268917706
828739,39.48357363725059
828740,38.61702852796899
828741,39.3364862864933
828742,39.358543166015565
828848,5.010771747000483
828849,6.105118088628093
828850,7.158462001710977
828851,8.244829060451172
828852,10.829281869528414
828853,14.151221248708222
828854,16.8642659954341
828855,18.669286994055174
828856,18.947483200127824
828857,18.594287915863482
828858,18.53661472278995
828859,20.14165073905191
828860,23.671574741177757
828861,27.23735129360021
828862,30.56685452735214
828863,34.577854055919715
828864,37.80325353794744
828865,38.082064057324224
828866,35.93729241603349
828867,33.52334358582614
828868,32.172847799919666
828976,4.2514856269881
828977,4.3348255514162854
828978,4.907758487203983
828979,6.151328373986804
828980,8.770615971270052
828981,11.844123489222481
828982,13.08323273313551
828983,13.262408687219848
828984,12.628745997792883
828985,12.552655375133527
828986,13.49585423845752
828987,15.80759124383234
828988,18.5737001871769
828989,21.092764893368024
828990,23.061301492569026
828991,25.56013124006114
828992,27.80713817717246
828993,27.95342168855043
828994,26.239582767287228
828995,23.729854167953015
829104,4.2246158364639825
829105,4.286721792307979
829106,4.544509558813515
829107,5.566404889547973
829108,7.618129470364693
829109,9.616572268551659
829110,9.18445459650036
829111,7.40159490075573
829112,6.424687088897195
829113,6.80923143666354
829114,8.61791089047356
829115,11.135275547448154
829116,13.551938410192212
829117,15.042422790614852
829118,16.18455344227683
829232,4.386810067452194
829233,4.471586664875537
829234,4.694138106488058
829235,5.2203923069955565
829236,6.786764443866578
829237,8.292002434271168
829238,7.421322763066477
829239,5.336065323249408
829240,4.373358352522302
829360,4.387975511966458
829361,4.679924049239711
829362,4.8195360782407155
829363,5.154413001176684
829364,6.508566868089367
841904,5.326367020631308
841905,7.143886977216871
841906,8.578437040725031
842032,4.777678976614427
842033,6.893000044190729
842034,8.422768331507646
842035,10.213224545378525
842036,13.144694657682724
842037,17.023298127068855
842038,20.082504634506765
842039,21.589556730229496
842040,21.155254027756364
842160,4.249027095405018
842161,6.374920493288262
842162,8.030099226423708
842163,9.935324426599664
842164,13.797530921970592
842165,18.680541751919158
842166,22.877508241979367
842167,24.9678667805979
842168,24.982822542204314
842169,23.573056607974568
842170,22.32564994287884
842171,22.437049500617224
842172,23.461341840318262
842173,23.577679433237734
842288,4.141743494836858
842289,6.4452619720655075
842290,8.090953389910794
842291,10.582723610777862
842292,14.8686341873327
842293,20.45458172796563
842294,25.45218059349949
842295,28.904936670573306
842296,30.388948428512407
842297,30.062595631558306
842298,29.346184410231096
842299,29.35502547859616
842300,29.653628786001196
842301,29.15938879550483
842302,29.254999748685258
842303,31.459761540301113
842304,34.81240345897837
842305,36.15089855924531
842306,36.04755761572435
842307,34.96736305356409
842416,4.598037181395607
842417,7.190823145978628
842418,9.701199230723628
842419,13.221274468302434
842420,19.58913548068812
842421,26.714838944089397
842422,32.70763742696013
842423,37.06614677027275
842424,39.77978730099365
842425,41.415778274067044
842426,40.836932493205865
842427,39.72405498613805
842428,37.61988327875416
842429,35.84596110369695
842430,36.179513541571744
842431,39.97601054807362
842432,44.75102100156325
842433,46.93666565941569
842434,46.69862401057407
842435,45.796841459501884
842436,45.533509972026785
842437,45.38154580845548
842544,6.125294019582365
842545,10.521933351423773
842546,14.78932178273573
842547,19.93755770194286
842548,27.939347436639718
842549,36.2750718775443
842550,43.708689840419574
842551,49.09585243513256
842552,52.13933307112816
842553,53.842719481725375
842554,53.81653937990726
842555,51.83520367222196
842556,47.83158487324692
842557,45.327378708001255
842558,45.51033085945572
842559,48.3870799429705
842560,52.41689520739277
842561,53.63786358106585
842562,53.38589758334876
842563,53.6608307111079
842564,54.65305536994754
842565,55.76951705042973
842566,55.7768769307379
842567,53.31791494500722
842568,49.219891488995124
842672,12.183627182799587
842673,18.969071107809338
842674,25.393790432884334
842675,31.069895232939988
842676,37.437992237403606
842677,45.33399205955844
842678,53.14751065023299
842679,59.5122846982964
842680,62.44682989572565
842681,63.79755051029533
842682,63.55814117516274
842683,61.2908625067924
842684,57.41994679065096
842685,54.78012589644678
842686,54.24561939781005
842687,55.0706558281997
842688,56.63868213411339
842689,57.18858411942091
842690,57.74755839568473
842691,58.10999642632263
842692,59.54595277041455
842693,60.62121743249757
842694,61.77192563342017
842695,61.110099133004205
842696,59.558030154492585
842697,56.285416662254285
842800,22.480239585689436
842801,32.148179469751504
842802,38.526601638955725
842803,42.670524193683086
842804,46.86697283876548
842805,51.82145764198162
842806,58.29740224250029
842807,63.866227026109996
842808,65.96037896880071
842809,66.39553170258556
842810,66.39816120430842
842811,63.97088950619584
842812,60.38113084643613
842813,58.01873445766333
842814,57.4066996537273
842815,57.93151984095024
842816,58.86895986198668
842817,59.30414858484107
842818,60.25286672923407
842819,61.55999729906294
842820,63.23214416071073
842821,64.81297142006542
842822,65.70976756239266
842823,65.7480217605923
842824,65.82045309262276
842825,65.23882476150123
842826,61.914195434553875
842827,54.75347177930942
842928,27.596399549767327
842929,38.0156132318324
842930,44.283929132614944
842931,47.71494886607211
842932,50.906046167272834
842933,54.898339804422065
842934,59.192842761715895
842935,63.3749371511633
842936,64.8139182203866
842937,65.26854840152556
842938,65.03762775050386
842939,63.325705619677514
842940,60.45331043323518
842941,59.32994571060956
842942,59.78812185338947
842943,60.69186737767351
842944,61.35924103401412
842945,62.39936277546737
842946,64.07473213128578
842947,65.44439849980445
842948,67.40485878814715
842949,68.64773998912594
842950,69.13023160099772
842951,69.07454484888818
842952,68.89205887448522
842953,69.23103672925204
842954,68.27193236103605
842955,63.009364792403936
842956,54.5291924296924
843056,27.92057798750756
843057,37.412312712001174
843058,43.3788892471167
843059,47.80017012233477
843060,52.38618832046501
843061,55.92019771337132
843062,59.94462207095491
843063,62.29174184494196
843064,62.94843302617797
843065,63.482239893992414
843066,63.222851903525495
843067,62.264398099845195
843068,60.962797907596645
843069,61.03085991413829
843070,63.443257668023584
843071,64.8794796573354
843072,65.57729754503781
843073,66.00965596078582
843074,68.01798837294395
843075,69.24069132995415
843076,70.44674079484437
843077,71.35146335700053
843078,71.47059219989853
843079,70.63877688509362
843080,69.96657639308359
843081,70.39901714688465
843082,70.11744449584701
843083,66.59747339522667
843084,60.034640853799985
843085,52.27956563897633
843184,26.26902832198953
843185,34.292508557271944
843186,41.44297708959412
843187,47.22227085773656
843188,53.05284459377812
843189,57.48790698315587
843190,60.84646906528646
843191,62.81896151003307
843192,62.820656884557536
843193,62.42513536998814
843194,62.10781682864281
843195,61.798174360799024
843196,61.75429136028703
843197,63.22583355298739
843198,66.10400316984828
843199,67.88391587311548
843200,68.77939065363867
843201,69.28618165346488
843202,70.41384018007503
843203,71.15705903864848
843204,71.72757220266547
843205,72.25138755114466
843206,72.33694878625072
843207,71.20820648422914
843208,70.61276138411542
843209,70.80209038892053
843210,70.92209246842786
843211,68.6405718851839
843212,63.57287206765579
843213,55.508213915029444
843214,46.64006588353754
843312,25.537371320928933
843313,33.85628922398128
843314,40.840420632542006
843315,46.971991441965486
843316,53.683721454826696
843317,58.98455949111331
843318,62.53307348161204
843319,63.981049263213734
843320,63.84864873575341
843321,63.01841801842708
843322,62.56066221915866
843323,61.806107821834395
843324,62.96917441285497
843325,65.89650661765558
843326,70.00714387942199
843327,70.8943162717194
843328,70.32206780305641
843329,70.00290644686757
843330,70.88200486062699
843331,71.94967436233867
843332,72.03113235510034
843333,72.36960946970964
843334,72.42065627074307
843335,71.39662071493233
843336,70.96010735341721
843337,71.14835082902103
843338,71.91365105408642
843339,70.03803376453736
843340,65.06033767507566
843341,57.25859585275559
843342,47.617859576952746
843440,26.667527295277132
843441,35.07914617361834
843442,40.79121158826118
843443,47.3069221567859
843444,55.040868251321605
843445,61.168061010405815
843446,64.68256247807126
843447,65.38074947758672
843448,64.4600820146511
843449,63.35702763641384
843450,62.95361736376032
843451,62.518151012060876
843452,64.07145972110287
843453,67.44227447326612
843454,71.64901606905978
843455,72.05867431685326
843456,70.1790949113799
843457,69.99992142718375
843458,71.12628726352169
843459,71.69544515167391
843460,71.94532374482313
843461,71.99659753820349
843462,71.81695735957913
843463,72.01043830133082
843464,72.09207469706216
843465,71.79331424264139
843466,72.18465565011648
843467,70.63820444622603
843468,65.88817371345105
843469,58.18439876095108
843470,48.36911184259497
843471,39.72842337571729
843568,27.607418634446145
843569,35.77788343523099
843570,40.68522567388419
843571,47.129035603473554
843572,56.10102554135657
843573,62.68496669436578
843574,64.93283090763799
843575,63.95653662743329
843576,62.75587506569695
843577,61.82863224825268
843578,60.77272005842363
843579,60.82788230206893
843580,63.3525284087308
843581,67.02153613162318
843582,69.99532238782179
843583,70.82271694335961
843584,69.9894621634796
843585,69.71864111927906
843586,71.8689808121364
843587,72.26187101048902
843588,72.46413407726875
843589,72.10752687993497
843590,71.75936061070601
843591,72.19103480463717
843592,71.38110869479632
843593,70.61114948231116
843594,70.04611453013219
843595,68.43016473143445
843596,64.37081181778343
843597,57.71887982078172
843598,49.03034977087829
843599,41.20716308632136
843696,28.762158108344433
843697,37.16035704133245
843698,41.33087153013251
843699,46.78765371916036
843700,53.99001131780154
843701,58.455879089930235
843702,60.60956706645088
843703,60.10915600748631
843704,59.1504786037923
843705,57.92779667812711
843706,57.01016845192638
843707,57.80505133053262
843708,62.178923227933836
843709,66.26645378601538
843710,69.62253265310373
843711,69.77601835933991
843712,68.80571302414874
843713,68.9612186367042
843714,69.9977900696351
843715,70.20147490503379
843716,70.44735870567246
843717,70.67622520514287
843718,71.31775613395229
843719,70.80196115917195
843720,70.0011417502464
843721,69.35480828142619
843722,68.73187050780658
843723,67.5045562114621
843724,63.74269133139259
843725,57.1536106861641
843726,49.448426740534586
843727,42.57849997791281
843824,30.401104211697447
843825,38.90352154075587
843826,42.67610148999383
843827,46.11399065299257
843828,50.48732728736826
843829,53.546205967760194
843830,55.47141861472936
843831,55.73829836548492
843832,54.85534212065865
843833,53.59733592110159
843834,52.73198336220989
843835,54.51445939712091
843836,59.792257582241206
843837,64.47844657330825
843838,68.31473893217336
843839,68.84825128783797
843840,68.025644581928
843841,67.12769913169831
843842,66.44035940046376
843843,66.23198790256616
843844,66.7994882674735
843845,67.64658493508645
843846,68.13395931691059
843847,67.93055520735578
843848,67.52156420427181
843849,67.98281211478928
843850,67.86652894515103
843851,66.43104710606373
843852,62.99855654136987
843853,57.257748900498704
843854,50.08061434367237
843855,43.370320659428934
843856,36.67769357714236
843952,30.481543415437063
843953,38.83563963373859
843954,42.58137932805732
843955,44.7604082926711
843956,47.71155061237044
843957,50.612525919105394
843958,52.24120897994958
843959,52.846599328246214
843960,52.260531480781104
843961,51.18651619623064
843962,50.487688959852974
843963,52.40382472298484
843964,56.86340377602019
843965,61.75829226124713
843966,64.94619360975035
843967,65.72063918261195
843968,65.09100362094746
843969,63.95182380441455
843970,63.61356994708665
843971,62.81862060748291
843972,63.10677200143892
843973,63.44426698612207
843974,64.32281270227509
843975,64.57272781583173
843976,64.66062150748239
843977,65.73171510818483
843978,65.78976557666091
843979,63.6463748933449
843980,60.33811500016892
843981,56.20837447365256
843982,50.94906019522279
843983,44.13997969190176
844080,28.236001781683957
844081,36.83010354042602
844082,40.2299580914843
844083,41.252176487934314
844084,44.5471427258339
844085,47.262071026574795
844086,50.09368891585975
844087,51.80750313502358
844088,52.252745086003245
844089,51.15164511530027
844090,51.035111711515576
844091,52.5612956921979
844092,56.844347376205036
844093,60.967875260512635
844094,63.44003590129586
844095,63.72878035289236
844096,63.21548766588123
844097,61.80274861429739
844098,61.00172579910395
844099,59.99762497745821
844100,58.99696630772577
844101,59.37833264755033
844102,60.112595901881214
844103,60.510352619370906
844104,61.34788128129921
844105,62.61974695633961
844106,63.013564414405764
844107,60.76812263457063
844108,57.59826610763693
844109,55.017811106795016
844110,51.12915088070368
844111,45.29037103050033
844208,23.005230879272098
844209,30.932318940102554
844210,34.24780866488453
844211,35.54982034316632
844212,38.41872940806056
844213,42.070296899482564
844214,46.63233755072328
844215,50.458167106799635
844216,52.499966092685526
844217,52.32065015298075
844218,52.648856712108774
844219,55.328341125560435
844220,60.28494692093938
844221,64.11946904387037
844222,64.45288262189004
844223,62.75843805013661
844224,60.170652633066474
844225,58.52725566716352
844226,57.54435288344788
844227,56.3085982937402
844228,55.181984282679714
844229,54.91522201687345
844230,55.23207652845388
844231,56.01159759986705
844232,57.613497891713315
844233,59.43203920188689
844234,60.142240113589644
844235,57.693061734397006
844236,55.282168624642274
844237,54.28372270213432
844238,50.83814231920903
844239,46.16957975171308
844336,18.282361119321962
844337,26.253533289680295
844338,29.46960686491887
844339,30.29492475959832
844340,32.85207218690178
844341,36.926541486701204
844342,42.18704085266889
844343,47.5957506427991
844344,50.79799083891322
844345,51.87981185970422
844346,52.55590910532458
844347,55.674746108623296
844348,61.328686971514905
844349,63.80455035744746
844350,62.942364297259836
844351,59.76018909471937
844352,56.715869932832064
844353,55.109187253679
844354,54.74056544480986
844355,53.634019758372666
844356,52.50298449485225
844357,51.74148218033421
844358,52.267817201025636
844359,52.31085634413205
844360,54.05566541207131
844361,56.58621524510479
844362,57.948383479887205
844363,55.615146647597975
844364,53.45518386485117
844365,53.25834371597384
844366,50.782157212041206
844367,45.254139730359405
844464,16.42274980656486
844465,24.82860205732436
844466,29.018032071063672
844467,29.745273149321303
844468,30.661065715050835
844469,33.05818251282084
844470,37.39607206158663
844471,42.175988921350736
844472,45.51294944847913
844473,46.4912153504978
844474,47.3143677983865
844475,50.16749119824819
844476,55.5723313634418
844477,58.676665759579585
844478,57.625607057911346
844479,54.24938258844997
844480,51.12389979197337
844481,50.11443810492993
844482,50.39930729775146
844483,49.723764944722575
844484,48.2672082835899
844485,47.787074033939774
844486,48.02754422404504
844487,48.85086230998138
844488,50.617941413813774
844489,53.78469966885225
844490,55.39372851214359
844491,52.74341420630845
844492,50.25541711661826
844493,49.997949626229264
844494,47.66804960000221
844592,15.688763803883294
844593,23.917742135160214
844594,27.994292277814587
844595,27.719060361211948
844596,26.67875683766447
844597,27.48058012427861
844598,30.698428761137077
844599,34.871905671885315
844600,37.8333058604232
844601,38.50864792750012
844602,38.629807062806535
844603,41.808268815336305
844604,47.78667575438635
844605,52.46147807638948
844606,53.02144303806112
844607,50.718687603497
844608,47.929431619251034
844609,45.81233686171712
844610,44.118339745582254
844611,42.533076392940785
844612,41.90795091113731
844613,41.934047621099154
844614,42.852923451009566
844615,44.301071459140545
844616,47.215189582551886
844617,50.675368693355104
844618,51.959369682381876
844619,48.55141305431469
844620,45.23416205906269
844621,44.92015370853624
844720,13.860459526390093
844721,20.85265251164625
844722,24.03984378114428
844723,23.208672114623827
844724,21.820845631597777
844725,21.957912964344825
844726,24.997399713505615
844727,28.766631018445516
844728,31.723968974103315
844729,32.31020012585071
844730,31.89715619162784
844731,34.93044469971191
844732,42.235043884821735
844733,48.49520500399084
844734,50.95118672311561
844735,50.55043547244065
844736,48.04807177715577
844737,44.837908808009885
844738,41.54433550120743
844739,38.69513185990383
844740,37.844189549233995
844741,38.40823041356065
844742,40.1637688844335
844743,41.976077943050505
844744,44.33555567930936
844745,47.3011349465312
844746,47.72853573327575
844747,44.43890881567964
844748,41.14851587371724
844848,11.056894779493366
844849,15.92431657266069
844850,18.00313634204411
844851,17.996820698824855
844852,17.881332926019102
844853,19.34137242139193
844854,23.052485463666113
844855,26.97491741139669
844856,29.49838407474512
844857,29.65480717132695
844858,28.92594698991762
844859,31.864024294192117
844860,39.00815839671998
844861,45.89795427372607
844862,50.173034889142095
844863,50.96073144578642
844864,49.50936556216353
844865,46.57651506344294
844866,42.60291552753381
844867,39.744785456473366
844868,38.65848669725226
844869,39.53521015492762
844870,41.4901615635119
844871,42.5587697957158
844872,43.54304687634218
844873,44.766005024169395
844874,45.00473092244525
844875,41.95747190979154
844976,8.61363957443385
844977,11.61234608222007
844978,12.932221164633672
844979,13.272025502747796
844980,14.678368491529655
844981,17.659245879365574
844982,21.775222250140228
844983,25.733993750603712
844984,27.96136944693376
844985,27.79470403821529
844986,26.19160368385411
844987,27.53344430789439
844988,33.28735070726196
844989,40.24913118538129
844990,46.03157297992788
844991,48.80523781024547
844992,49.538851802548194
844993,47.36278509577395
844994,44.87055466387108
844995,42.30101845845978
844996,41.52129175540817
844997,42.499092222532575
844998,43.9471555674132
844999,43.98231800228359
845000,42.93739722801639
845001,42.111909435770286
845104,6.50571956620442
845105,7.943319026220241
845106,8.651873830972962
845107,9.532927390309153
845108,11.813203580382446
845109,15.40954487346216
845110,19.059685697970988
845111,21.661105993548738
845112,22.65305979224126
845113,22.234777513213036
845114,21.853891443571307
845115,23.6731740164744
845116,28.44043702134792
845117,34.45794688482218
845118,40.098795602798205
845119,44.67453311801482
845120,47.33706854746939
845121,47.15407286734559
845122,44.88968778929442
845123,42.72617341805845
845124,42.03571271185771
845125,42.75305888429145
845126,43.197241601115174
845127,41.38322871091203
845128,38.31948883608303
845232,5.441952560310879
845233,6.030201122864921
845234,6.488009972582219
845235,7.376104012218403
845236,9.857706955726641
845237,13.00772713408563
845238,14.985351584892232
845239,15.50416584644081
845240,15.581522532463245
845241,15.932184857094517
845242,16.955703883611317
845243,19.868256319157723
845244,24.12039510090173
845245,28.164941724302608
845246,32.39288990407994
845247,37.14587393821057
845248,41.56272994947912
845249,42.269096917392694
845250,40.797252203898914
845251,38.244748477802354
845252,37.077798861788665
845253,37.097199115263386
845360,5.249315755393396
845361,5.752100125784606
845362,6.027032487648876
845363,6.648487942878811
845364,8.687288936891232
845365,11.000806711156661
845366,10.720042534930693
845367,9.380559059565073
845368,8.951349525503147
845369,9.846577878604322
845370,12.08188830040143
845371,15.275395819890036
845372,18.88513341396376
845373,21.501831982322326
845374,23.663140763115813
845375,27.03337199059259
845376,30.33445624026398
845377,31.336204026383054
845378,29.93338104931474
845379,27.25518425883728
845488,5.337238855221513
845489,6.02291892846556
845490,6.19815489655547
845491,6.57872282243644
845492,8.340961557157728
845493,9.958596832747203
845494,9.008312735968154
845495,6.871021765327061
845496,6.010876904291866
845497,7.08426787543939
845498,9.355631051865034
845499,11.863966598585456
845500,13.776487527910497
845501,14.889514354854054
845502,15.81143943014824
845503,17.517551144003953
845504,19.22447211095075
845505,20.193964195033203
845616,5.299856896304911
845617,6.202524152290663
845618,6.401209426993163
845619,6.578124308253137
845620,7.930533979460548
845621,9.569299377971639
845622,8.745564024338266
845623,6.545147138470226
845624,5.7431030840401025
845625,6.6146527846643774
845626,8.382297800437414
845627,9.943893624988444
845744,5.129840588497909
845745,6.083543681275572
845746,6.330032487260383
845747,6.307029679058038
845748,7.464621369574199
845749,9.15148279218118
845750,8.469112528351475
845751,6.613747758643648
845872,4.726734795193588
858288,7.056286479913111
858289,9.153763648691914
858290,10.397548618855762
858291,11.182456600139899
858292,13.279316249778587
858293,16.32111331874814
858294,18.720325197970308
858416,6.947331702763227
858417,9.345946835183874
858418,10.674964477121883
858419,12.067544270742149
858420,15.061074643278827
858421,19.13945789317199
858422,22.771934132738625
858423,24.70627838608045
858424,24.548946205251188
858425,22.47224380083516
858544,6.113467597873968
858545,8.48136769087677
858546,9.90237335189508
858547,11.815045685242678
858548,15.683218119745671
858549,21.0373533801146
858550,26.261602989131365
858551,29.486491339398277
858552,30.32141252062093
858553,29.162327241186045
858554,28.159893748563515
858555,28.20042100926491
858556,29.104317513435014
858557,28.54261200124229
858558,27.321595779401996
858559,27.207663347541466
858672,5.382896717504859
858673,7.754129157644931
858674,9.360250295046669
858675,11.733694526948264
858676,16.942605489777947
858677,23.888679176192987
858678,30.396474970381128
858679,35.12828595269601
858680,37.307677111514195
858681,37.09047712268008
858682,36.189222424339405
858683,35.666101755505565
858684,35.558011088842335
858685,34.04750378916468
858686,32.817426616115924
858687,34.521960347464514
858688,37.558603243234636
858689,39.33871468847498
858690,39.41880194243835
858691,38.18820499278098
858800,5.110760823972957
858801,7.936567057370437
858802,10.307444528171349
858803,14.353985911547516
858804,21.912753089684756
858805,31.250765951199828
858806,39.558418861426205
858807,44.5853223869031
858808,46.80587698148865
858809,47.15247983906928
858810,46.61551700215076
858811,45.14813506311084
858812,43.65734426989517
858813,40.91068960733072
858814,39.985078504348564
858815,42.62529687125269
858816,46.661049928175345
858817,48.443507211483684
858818,47.818909289786404
858819,47.597754902554605
858820,47.82109346809143
858821,48.882172835568
858822,49.03655231946577
858928,6.410436475326039
858929,10.696630073142831
858930,15.186741794736415
858931,21.06233510997162
858932,30.40887833363023
858933,41.42811553750211
858934,50.977303307599634
858935,57.03698300823547
858936,59.298582448595205
858937,59.415333680791576
858938,59.57625244578637
858939,58.4130441399083
858940,55.431139767301964
858941,52.03894076288875
858942,49.933713813770716
858943,51.3114806549852
858944,53.77392936737377
858945,54.63969616642261
858946,53.97241998529852
858947,54.61187198418369
858948,56.50249535961013
858949,58.95722174887498
858950,60.13429574191872
858951,58.77395362557625
858952,54.79488339748361
859056,13.187194869315247
859057,19.973606879082297
859058,26.93052847814711
859059,33.13960921898079
859060,40.82587040929746
859061,50.16798709257059
859062,59.11627855874092
859063,65.4148666127549
859064,67.90399131239363
859065,68.14564694354728
859066,68.21322935224622
859067,67.15507412443846
859068,64.22507365567262
859069,61.283767533853165
859070,58.89225152790625
859071,58.3896200948988
859072,59.14052214172467
859073,59.71077499100602
859074,60.385347181135025
859075,61.616604847765736
859076,63.57133419413927
859077,65.52575095902306
859078,66.32548649449035
859079,65.96881215964497
859080,63.50335426779406
859081,59.764765839267504
859082,53.939505394869286
859184,24.61565591816391
859185,34.67857620864363
859186,41.59865321161856
859187,46.76460327022808
859188,51.542808125047515
859189,57.15611413704842
859190,63.48702133717547
859191,68.39322734628692
859192,70.00646205197243
859193,70.39409869994331
859194,70.44253357122433
859195,68.78894488988944
859196,66.3688240139081
859197,63.497090936333976
859198,62.532019937030704
859199,62.104022597761954
859200,62.748092755330234
859201,63.956211189847004
859202,65.50074890989183
859203,66.89319496766775
859204,68.8516316504551
859205,69.91143140678852
859206,70.38566613012357
859207,69.76626640586767
859208,68.71859988946974
859209,67.0483706484766
859210,64.13225617030287
859211,57.848561168916035
859312,31.027215726861872
859313,42.44246366820096
859314,48.945687245408415
859315,52.95667609965082
859316,57.08931115629825
859317,60.91838671690576
859318,65.17522282003326
859319,68.80959429325935
859320,70.00669606196229
859321,70.12526703834304
859322,69.9276481822687
859323,68.56323663307603
859324,65.80620667947571
859325,64.4906700050138
859326,65.2036796244329
859327,65.72180005866244
859328,66.4810526306917
859329,67.64342007464501
859330,69.20377199144355
859331,69.99808903873729
859332,71.27669741519529
859333,71.98815430762521
859334,72.43538988389523
859335,71.58329998719431
859336,70.32532006582316
859337,70.31993477357956
859338,69.2137781549256
859339,65.16924971223075
859340,58.30507666455019
859440,31.95955888360309
859441,43.13824551728664
859442,49.61272289422306
859443,54.382064719300494
859444,58.699260852330205
859445,62.224900983977804
859446,65.82709857882887
859447,68.4317270411738
859448,68.9125750474346
859449,68.92613120499587
859450,68.30832272660088
859451,67.34383450094398
859452,66.06441264523457
859453,66.4827719316851
859454,68.47302876191046
859455,69.51449354635278
859456,70.06121668000611
859457,70.36380949136759
859458,71.13058758970197
859459,71.9197881249918
859460,72.20329589125595
859461,72.78003508387081
859462,72.72515351816136
859463,71.38791703330745
859464,70.58623066399066
859465,70.83148585045714
859466,70.81914395993668
859467,67.99141612442727
859468,62.99548323363551
859469,55.87064275115538
859568,30.560143170522373
859569,40.785123495080796
859570,48.06280003011257
859571,53.64991595419032
859572,58.851282056635505
859573,63.21253847425285
859574,66.09313263534874
859575,67.97968906472913
859576,67.5174292298113
859577,66.76922700906175
859578,66.58390301108125
859579,66.3285980679436
859580,66.86592649286558
859581,68.32954427022472
859582,70.8793108971877
859583,71.7754130703172
859584,71.6970834478848
859585,71.81412522419757
859586,72.00025411739897
859587,72.14579351895595
859588,72.43741604727663
859589,72.85219470293379
859590,72.54197570663439
859591,71.33141144978583
859592,70.37351399437418
859593,70.88679318622566
859594,71.05892399844002
859595,69.63466073573736
859596,65.30053779831816
859597,58.45267403638479
859598,49.86397697110082
859696,30.147553424284734
859697,39.56968444141956
859698,46.14740792006718
859699,52.16825309844835
859700,58.14596691884784
859701,63.325989924548395
859702,66.82542553016378
859703,68.00244686428552
859704,67.14877317648745
859705,65.95815340925527
859706,65.19615294086243
859707,65.33924869574457
859708,66.82830941100744
859709,69.10841494869499
859710,72.4968113569688
859711,73.14527675500602
859712,72.51351754469981
859713,71.78860722902554
859714,71.84308356177715
859715,71.86432261276377
859716,71.65477808601007
859717,72.2138945967981
859718,72.08309532886248
859719,71.28984171317002
859720,70.68172158057226
859721,71.2582796856645
859722,72.22957941825284
859723,70.95626660561163
859724,67.43052141238043
859725,60.072019588662265
859726,50.17343198530429
859727,41.32715698764753
859824,30.507057290081967
859825,39.21335444292228
859826,44.182333627702114
859827,49.91440131754001
859828,57.25776792251851
859829,63.60686663439847
859830,67.03468402536245
859831,68.12136987863451
859832,67.02505329187971
859833,65.95159134621925
859834,64.76213569631135
859835,64.63045362992511
859836,66.28602725612488
859837,69.46310614491628
859838,73.15100148460093
859839,73.33034727239009
859840,71.87428102455144
859841,70.80061798974404
859842,71.0621656088817
859843,71.20123639797693
859844,71.69907098350268
859845,71.14267025845189
859846,71.5046965992526
859847,71.43055387269203
859848,71.43878520629687
859849,72.05729572001978
859850,72.60502447071718
859851,72.12428659908295
859852,68.53665922309555
859853,61.064513823218356
859854,51.87811848306998
859855,42.09730743482958
859952,29.964055522545145
859953,37.34642975230194
859954,40.914338357866114
859955,48.188982838097864
859956,56.84961354170777
859957,64.08006905591213
859958,67.48365903071395
859959,67.6790811520251
859960,66.43005413734207
859961,64.8218705189026
859962,63.666366527880946
859963,63.65796715170816
859964,65.87570847632969
859965,69.43470988584545
859966,72.22423673918803
859967,72.53596852368636
859968,72.09634019377698
859969,71.60403077768838
859970,72.49567212405653
859971,72.64362680347963
859972,72.36792700834164
859973,71.96498115877996
859974,72.48722762224381
859975,72.59415442517387
859976,71.91515009419851
859977,70.92631789818621
859978,71.2937442398609
859979,70.47784712443516
859980,67.52351441262793
859981,61.882230163617095
859982,53.61288764122092
859983,45.01012912278228
859984,36.431478173292895
860080,30.355341001873775
860081,37.0871419059073
860082,41.09687129220872
860083,47.03236047349923
860084,55.47983372139354
860085,61.911175150169335
860086,64.83813909849277
860087,64.95494222227201
860088,63.929958054895074
860089,61.92166050435686
860090,60.83556620710169
860091,61.426165538895546
860092,64.94285395013294
860093,69.0553740212837
860094,72.26809157856638
860095,72.30703593513748
860096,72.02929369773565
860097,71.33817093322195
860098,72.17380833245048
860099,71.8329108821578
860100,72.10846452317637
860101,72.46248024727545
860102,72.89189256912456
860103,72.01718666861366
860104,71.15151866751482
860105,70.36795061915008
860106,70.00217872397647
860107,70.0090823011572
860108,67.65665776622112
860109,63.00487992237639
860110,55.71823177120099
860111,48.209395871013584
860112,40.42893264510878
860208,31.398202368591427
860209,39.37236378445687
860210,42.58302552849621
860211,46.87272205652175
860212,52.97446838978652
860213,57.79983966838343
860214,60.71725886087989
860215,61.243006768640505
860216,59.978091193117535
860217,57.73484700884509
860218,56.43666977125948
860219,58.53626286331206
860220,63.343684361252066
860221,68.71042978347963
860222,72.14469767047949
860223,71.91021553772633
860224,71.33902493262968
860225,70.40791160019059
860226,70.39658033957559
860227,70.15546917483374
860228,70.368645522404
860229,70.99683347746408
860230,71.67877272947807
860231,71.08546249830508
860232,70.315086002061
860233,70.31218916458674
860234,70.60425364988328
860235,70.1102022413075
860236,68.54209744863256
860237,64.42417356241356
860238,57.434962822980246
860239,49.65648906785195
860240,41.35275491684813
860336,30.961273598874296
860337,39.45771242752152
860338,42.85382788477582
860339,45.30118270509629
860340,50.430642907985245
860341,54.071917762466285
860342,56.12406895796878
860343,56.59165635623148
860344,55.86779822234161
860345,53.66312319313078
860346,52.73927200310471
860347,55.1118640254059
860348,60.61827590855731
860349,66.12353546569534
860350,70.23475441594996
860351,70.72365200430984
860352,70.46314148067749
860353,69.43021641035055
860354,68.5722193002243
860355,68.15321413279503
860356,68.36045617270969
860357,68.91649620414744
860358,69.4491835539656
860359,69.24125113650467
860360,68.90612518150822
860361,69.99452317416998
860362,70.00030991608311
860363,68.72170278050757
860364,66.7616687427003
860365,63.00163377280501
860366,57.129191893437394
860367,49.09952554316442
860368,40.211000238793844
860464,27.928753159056825
860465,36.12072677774193
860466,39.424719433731816
860467,41.24307233557678
860468,44.729939595681216
860469,48.61244796730621
860470,51.80871572368214
860471,53.59137340721235
860472,53.738377678426346
860473,52.3144139562659
860474,51.88904287208713
860475,54.01537169997457
860476,59.24589276026226
860477,64.35902334562225
860478,68.01572786904147
860479,69.13124681253628
860480,68.48242281629513
860481,67.64623294351229
860482,66.38882889060248
860483,65.63714902614647
860484,65.09509949151953
860485,65.34250250723147
860486,65.63376809944755
860487,65.51970117810635
860488,65.71584059543956
860489,67.32549776224197
860490,68.03258496759184
860491,65.92323196955634
860492,63.01656357729308
860493,60.21309287195694
860494,55.63197474969259
860495,48.55044063131585
860496,40.5994095994802
860592,21.935994063503976
860593,29.50916273060844
860594,32.858427778863486
860595,34.27149329100552
860596,37.394875569403645
860597,41.417330495443565
860598,46.25546949087275
860599,50.276014951718324
860600,52.27283492507326
860601,51.74978897718209
860602,51.81657635724902
860603,55.04118606420986
860604,61.13382312895495
860605,65.68124232582093
860606,67.7114550884962
860607,67.34963729881589
860608,66.5867470457453
860609,64.40953853013377
860610,62.8321948801417
860611,61.1219525573216
860612,60.55231599620945
860613,60.034736700622204
860614,60.10599842249302
860615,60.466154376981514
860616,61.852033606563296
860617,64.00334266505703
860618,65.0798518483595
860619,63.0021667501473
860620,59.848763440715814
860621,57.411065850643304
860622,54.054324022000394
860623,48.527160025291
860624,41.2580951640598
860720,18.49438218977774
860721,26.49438591297086
860722,30.31377916958877
860723,31.704977386258
860724,33.925201898225524
860725,37.41362629433327
860726,42.112983859025704
860727,46.65218156425058
860728,49.08915479043324
860729,50.053813604385304
860730,50.4708267952519
860731,53.9123541324828
860732,60.52655308959314
860733,64.07515640764893
860734,64.8465234569106
860735,62.884089085763904
860736,61.13567734167247
860737,58.8814309428703
860738,57.5763548930698
860739,55.908399668022895
860740,54.248658156995
860741,53.88312274217975
860742,54.41662441643325
860743,55.72895039790217
860744,57.985981890331246
860745,61.17970927351758
860746,62.867755938116076
860747,59.61084613697856
860748,56.115751813361996
860749,54.667407119807166
860750,52.1415882510403
860751,46.7927622839888
860848,17.428812801072517
860849,26.370933621083083
860850,30.712077103840603
860851,32.309243638876694
860852,32.982668433257
860853,34.56029948493516
860854,38.80316743395161
860855,42.7692768277654
860856,45.35572736824093
860857,46.27037249907765
860858,46.87135862782868
860859,50.36232199578533
860860,56.19119160386516
860861,59.77752346107318
860862,60.52416000825439
860863,58.14751423416942
860864,55.46349604782963
860865,53.24897310388201
860866,51.59964617191004
860867,49.66611484779998
860868,48.0705205634036
860869,47.55520243546701
860870,48.00274175604069
860871,49.768818317664696
860872,53.16638516403096
860873,56.99679451098581
860874,58.040766344553624
860875,54.74839580761049
860876,51.44878300329488
860877,50.53357286517246
860878,48.347809129887914
860879,43.30637398681597
860976,16.93751636603196
860977,25.46660092898132
860978,29.410365287035535
860979,29.734584992496586
860980,29.4938186813857
860981,30.33352241646206
860982,33.59243181354696
860983,37.35989396988975
860984,39.8416780876458
860985,40.69568381453386
860986,40.711314270233295
860987,43.91331226692604
860988,50.7156451486941
860989,55.470917726967954
860990,57.23298273955986
860991,55.654218733917176
860992,53.08578205040762
860993,49.563745067586
860994,45.94870012706209
860995,43.1047713746261
860996,41.331494372517604
860997,41.36585861873743
860998,42.603094256530476
860999,44.91503835972588
861000,48.64632782164387
861001,51.9137898323991
861002,52.925133511659226
861003,49.68530553176874
861004,46.29944679868719
861005,46.01174124716154
861006,44.42542658440324
861104,15.208237755532549
861105,22.42066176321479
861106,24.924523989242957
861107,23.456236166698968
861108,22.427017602879744
861109,23.54043187799015
861110,26.887590048352916
861111,30.706734855892226
861112,33.16177488523088
861113,33.66409922350802
861114,33.38726201779672
861115,36.82240995755812
861116,44.606843095187635
861117,51.86563303983401
861118,55.408611292619796
861119,55.19882308283737
861120,52.70730368110272
861121,49.047240876722064
861122,44.338079748677956
861123,41.104561560414034
861124,39.59992806176749
861125,40.348851710274886
861126,42.20308810342924
861127,43.63223616227066
861128,45.94690612098426
861129,48.29332436347506
861130,48.867431906520714
861131,46.26571746395665
861132,43.46442363846343
861133,42.73776044446731
861232,12.024144317481442
861233,16.456450827041344
861234,17.424838847621007
861235,16.575812924787236
861236,17.010222445705917
861237,19.295256774227052
861238,23.528691935598992
861239,27.398558673352312
861240,29.880156620114455
861241,29.985584866130118
861242,29.77048749366234
861243,32.859232303407126
861244,40.86129596052203
861245,48.4548254590553
861246,53.485566242693174
861247,54.76955984194331
861248,53.1353429889293
861249,49.81010338831101
861250,46.05658614028797
861251,42.95723000985392
861252,41.8699955730358
861253,42.87205669339143
861254,44.6019554173344
861255,45.831655043901726
861256,46.0908881842958
861257,46.664813493374425
861258,46.93317410481039
861259,44.90464466854727
861260,43.24805777991111
861360,8.893019459846101
861361,11.06823612671904
861362,11.346263682394616
861363,11.42644457761497
861364,13.380723776361277
861365,17.22561179230986
861366,21.477343733411608
861367,25.074178972118343
861368,27.052658323762152
861369,26.54487855611042
861370,25.834076620481586
861371,28.38061759538179
861372,35.05529947815807
861373,43.155551982041565
861374,49.45173711210658
861375,52.39067460406476
861376,52.56259027353467
861377,50.45919606127399
861378,46.90251574194561
861379,44.363057494805695
861380,43.24509788627355
861381,44.58159236500261
861382,46.02217397873427
861383,46.38650977433538
861384,45.63936578387744
861385,44.80192289187821
861386,44.02490346896205
861488,6.961351531630651
861489,8.11040490062343
861490,8.282002614344345
861491,8.836397101542952
861492,11.188693299770605
861493,14.805918761678424
861494,17.634982708056018
861495,19.39709118968239
861496,20.195145694602786
861497,20.19951054523912
861498,20.656096505925195
861499,23.265756034669785
861500,29.303852120439096
861501,36.798331660150666
861502,43.16877544625724
861503,48.124743230375756
861504,50.455100907681285
861505,49.78658302262281
861506,47.23847314384523
861507,44.900856670177305
861508,43.845913052826326
861509,44.667177290024064
861510,45.51240087505059
861511,44.39375292704365
861512,41.73096322977776
861616,6.383378959987203
861617,7.432833977026721
861618,7.517966345652801
861619,7.8209664351168176
861620,9.792819022238108
861621,12.080440352622052
861622,12.283163845188232
861623,11.75533004679682
861624,11.734934965923651
861625,12.51672367161299
861626,14.815274834181876
861627,18.669545467069184
861628,23.265668213292162
861629,28.147741420744516
861630,33.37851202588656
861631,39.09252637857627
861632,44.23962779343033
861633,45.301399366174394
861634,43.403889468358734
861635,41.432923443048715
861636,39.77264909646401
861637,39.64132622094691
861638,39.55423428695287
861744,6.256443265230972
861745,7.430745314256659
861746,7.5300122386600625
861747,7.65777235378862
861748,9.219755940441685
861749,10.874313051605146
861750,10.023006878863761
861751,8.22263116078029
861752,7.862688140411931
861753,9.138346104550031
861754,11.817831280647747
861755,14.8783177126998
861756,17.981457465139805
861757,20.559748879872718
861758,23.627304504719692
861759,27.701820390838936
861760,31.583741306319272
861761,32.889741986286786
861762,31.708823305408774
861763,29.42703380994079
861764,27.610812294715284
861765,27.980775393234445
861872,6.021703977546518
861873,7.350354222859425
861874,7.473008839958168
861875,7.525702606019887
861876,8.96867591541487
861877,10.718855033669842
861878,9.603964155850722
861879,7.555402860057897
861880,6.9850840451569844
861881,8.239193981086082
861882,10.638912124387414
861883,12.70611260245535
861884,13.983039469345169
861885,14.849247652153645
861886,16.392729304967926
861887,18.17867375787786
861888,19.561736804035142
861889,20.395655144020363
861890,19.84655202034538
862000,5.659695772709459
862001,7.037874064650819
862002,7.396409100803031
862003,7.409012192996014
862004,8.968634287833114
862005,10.754406630474104
862006,9.727506582689617
862007,7.473075255526631
862008,6.726237617629357
862009,7.772014956240186
862010,9.651012206692375
862011,11.096543995060276
862012,11.616920747686596
862013,11.948043535422054
862014,12.648938177451482
862128,5.0049167448001155
862129,6.455303198045942
862130,6.767867868000405
862131,6.954962530623441
862132,8.746745580262465
862133,10.77292161558951
862134,9.890070193587892
862135,7.400119087737211
862136,6.4792892156384
862256,3.95903873667715
862257,5.207017320552678
862258,5.8888091377719185
874544,6.818258054733456
874672,8.333377123461675
874673,11.223868992807162
874674,11.98253649920175
874675,11.790590414647085
874676,13.638514602318264
874677,16.980321499675842
874678,20.324068590393416
874679,22.091800747439255
874800,9.123257972512546
874801,12.301878037977296
874802,13.27056483246127
874803,13.747880570077657
874804,16.29938715110879
874805,20.697987277293432
874806,25.219560508143942
874807,28.28648149979803
874808,28.5384045718791
874809,26.988941470460404
874810,25.628296190948163
874811,25.76620989720268
874812,26.534708161103243
874813,26.03726134648736
874928,8.897475274866643
874929,11.902895584129302
874930,12.989650386216049
874931,13.74907815438167
874932,17.511920812651706
874933,23.26286959603101
874934,29.559386839996005
874935,33.95822162957074
874936,35.69339061679545
874937,34.91187670709043
874938,33.497413546412524
874939,33.196379264946025
874940,33.359326081291485
874941,32.00024308005794
874942,30.228739312206947
874943,29.95812482776628
874944,31.76688044358872
874945,32.3675733814433
874946,32.27544887320208
875056,8.081028953505635
875057,10.946655761164337
875058,12.072447683007342
875059,13.8319859827907
875060,19.023402593230898
875061,26.824048820203554
875062,34.61903157099135
875063,39.82405586183002
875064,41.70822051214995
875065,41.10893487212595
875066,40.05805662520646
875067,39.179071154504875
875068,38.598469829685015
875069,36.611881025313934
875070,35.32947800080137
875071,36.7146484264056
875072,40.40497975708049
875073,42.73533884509367
875074,43.62764343909322
875075,42.79110410990163
875076,41.28797412149339
875077,40.11110601093797
875184,7.428983555310917
875185,10.519417125944498
875186,12.405725836040709
875187,15.926898652973607
875188,24.328076553631593
875189,34.91867922747308
875190,44.766076868635786
875191,50.04529648385589
875192,51.18819101671239
875193,50.71807235071416
875194,50.08012224142505
875195,48.45970832321774
875196,46.546869665614864
875197,43.74734325168189
875198,42.52586670648037
875199,44.74898417832447
875200,48.85925684144007
875201,50.59555234958599
875202,51.14228238501756
875203,51.30782230698347
875204,52.40603270072023
875205,53.81587543856465
875206,54.12831184822458
875207,51.78127427893204
875312,8.363078355471266
875313,13.175238406052225
875314,17.306492701839616
875315,23.066861927439824
875316,33.240492136068525
875317,45.27971555392732
875318,55.330268171143665
875319,61.743065873040635
875320,63.417813478459465
875321,62.9994395985041
875322,63.01481808359297
875323,61.54944466997784
875324,59.05813806795368
875325,55.745127145847235
875326,53.187653448557754
875327,53.74811157350737
875328,56.052327074855306
875329,56.73486517234276
875330,57.08615562168281
875331,58.21356862153836
875332,60.467102857101146
875333,63.62276596526112
875334,65.16108491859904
875335,63.84772223157269
875336,60.02528718171338
875337,54.60581482716095
875440,15.177340343473995
875441,22.706734921715718
875442,30.005282620857212
875443,36.635914417816224
875444,45.3859332232636
875445,54.2758890015774
875446,62.41684533315131
875447,68.18742818257927
875448,69.98041452955523
875449,69.74045602848048
875450,70.04419547087876
875451,69.06007395272118
875452,66.86592733126415
875453,63.80754646014022
875454,61.61626645421485
875455,61.079867870051075
875456,62.0307668295086
875457,62.68558368131823
875458,63.626498782664875
875459,64.63833104274217
875460,66.94342186014345
875461,69.25410233956914
875462,70.58650708532907
875463,69.95363947196138
875464,67.36938688666939
875465,63.322634841329645
875466,57.30633286135502
875568,26.860626261460013
875569,36.56959210131877
875570,43.53391815447037
875571,49.30417581911896
875572,55.79235611545855
875573,61.56599659842993
875574,66.34535740184413
875575,70.56940950588783
875576,71.83785858116414
875577,71.66804410594152
875578,72.48192902607504
875579,71.4070113207053
875580,69.99139798894635
875581,68.05898639329259
875582,66.93609040784966
875583,66.92745044977332
875584,67.8952262788679
875585,68.21122416154051
875586,69.46876020502054
875587,69.9387905836147
875588,71.39319283381877
875589,72.45990661128714
875590,73.45206291540816
875591,72.07910860380724
875592,70.63392583730801
875593,68.2886722270693
875594,66.03395750726041
875595,60.78566122879856
875696,34.109439966282835
875697,45.21738434676874
875698,51.546049351087234
875699,55.68016681096879
875700,60.80084238454577
875701,64.47328327416814
875702,67.83113172769679
875703,71.22957568450938
875704,72.0805946794147
875705,72.29006434683797
875706,72.3110972020417
875707,71.81970359078781
875708,70.81227934893495
875709,69.93213062619333
875710,70.58125198104423
875711,69.9007465465212
875712,71.10063015633146
875713,71.59216708010406
875714,72.13528405924006
875715,72.2857242796455
875716,72.9489837737241
875717,73.50037646993648
875718,73.61264604768333
875719,72.33596439244346
875720,70.8747951776029
875721,70.41604816715015
875722,69.70921844270087
875723,66.5061223515893
875724,61.249643871032525
875725,54.49723176481827
875824,36.40936909381032
875825,48.65813345197544
875826,55.364666303142734
875827,59.35890068825734
875828,63.21478287201983
875829,66.79408760955283
875830,69.8196582219356
875831,71.92522871606121
875832,72.25700822494105
875833,71.74106467585685
875834,72.32197049600279
875835,71.40358322915317
875836,71.18217079919867
875837,70.91406990955295
875838,72.07034849184748
875839,72.325714309865
875840,72.68902336019882
875841,72.34591503476669
875842,72.75774759083625
875843,72.39774463518873
875844,72.78469851293936
875845,73.38076319297254
875846,73.047319956635
875847,71.74554366753807
875848,70.81061532848277
875849,71.13057199399863
875850,71.18779399277096
875851,69.10068512680436
875852,65.05636612441208
875853,59.423047592566824
875854,52.53949781869937
875952,37.58081109019745
875953,49.173719812853406
875954,55.66366682655504
875955,59.680653260209084
875956,64.18943410178022
875957,67.34145536498507
875958,69.99955982121851
875959,71.42658234642506
875960,71.4017527156843
875961,70.95401098289125
875962,71.08272925457831
875963,70.22996508672392
875964,70.38042520210553
875965,71.09175280298628
875966,73.12488936276085
875967,73.37124838116155
875968,73.51773006088244
875969,72.25005754578726
875970,72.68413043695075
875971,72.16930081183678
875972,72.59183798865632
875973,72.57143159346725
875974,72.60426380747842
875975,71.33346596534349
875976,70.43990002043073
875977,70.86505311664172
875978,71.73697578247632
875979,70.67817458942129
875980,67.33898562245942
875981,61.353187758812005
875982,53.991314091979184
876080,37.348544869241266
876081,47.91384773913407
876082,53.41437186403488
876083,57.9156950306833
876084,63.001330244578426
876085,67.11120869513594
876086,69.70509161662731
876087,70.70317183552461
876088,69.92127553985844
876089,69.39917273124641
876090,68.76882529681586
876091,67.9899218736369
876092,68.6871527424618
876093,70.2010646292081
876094,72.81666092916538
876095,73.41328904167909
876096,72.43741344116647
876097,71.44106954385147
876098,71.49590687525905
876099,71.50253858205022
876100,71.59126636686592
876101,71.40506844691798
876102,71.34542908870701
876103,70.41066320380067
876104,70.43778861995732
876105,71.09907898753508
876106,72.65961297847338
876107,72.04687673157073
876108,69.08364112094955
876109,62.9980228435002
876110,54.765953208809776
876111,45.727281321075004
876208,35.82572399121154
876209,44.73988780732999
876210,49.077163878189026
876211,54.05870335434461
876212,60.01678252190425
876213,65.92185329957191
876214,69.3608232463814
876215,70.49375105824433
876216,69.85660700358164
876217,67.85502830825193
876218,67.04942919813358
876219,66.5335025433221
876220,68.01222103763277
876221,70.41893513576073
876222,72.90262072106341
876223,73.12730619945921
876224,71.63244999906848
876225,70.37353243008444
876226,71.07964671433517
876227,70.9509575411965
876228,70.92949561620786
876229,70.52629305915488
876230,70.66890421734716
876231,70.75431457508593
876232,70.97925953521558
876233,71.92268561215008
876234,73.31831656652608
876235,73.23796642422079
876236,70.52011126315695
876237,65.25844811088055
876238,57.071977726623714
876239,47.21634078683409
876240,36.44715138504542
876336,33.30810252492715
876337,40.040588114541556
876338,43.265024711796606
876339,48.619751095139506
876340,57.999148908262846
876341,64.9809899407706
876342,69.02200961184401
876343,70.16883706469315
876344,68.96577017367845
876345,67.13309559539563
876346,65.49864699897286
876347,65.00346919877772
876348,66.99329642341206
876349,70.00010635469778
876350,72.44084046944576
876351,72.54034698735447
876352,71.57847372124469
876353,71.15412530270605
876354,71.34100456869915
876355,71.41354504512672
876356,71.32778177946747
876357,71.16270896975887
876358,72.04454601033615
876359,71.72278129233814
876360,71.58604169054237
876361,71.51217105398602
876362,71.81108974958987
876363,71.69564532256034
876364,70.27413778199958
876365,66.68715425197628
876366,60.02958745216974
876367,50.65876807713622
876368,39.96645779614469
876464,31.844126071602375
876465,38.06328229830302
876466,41.0104669260744
876467,47.03360955678892
876468,56.361297444334184
876469,63.00745143576744
876470,67.36610282914118
876471,68.25803146601667
876472,67.6048776045866
876473,64.68459117001261
876474,62.93953486232103
876475,62.67466065943818
876476,66.58333032532052
876477,69.96484451112279
876478,72.48778970577415
876479,72.91879810414692
876480,72.30527261057368
876481,72.06053295362764
876482,72.14328946693531
876483,71.86326539384152
876484,71.89491087370715
876485,72.39490684572634
876486,72.79072897793156
876487,72.59293548685773
876488,70.92932837614946
876489,70.20899783125645
876490,70.54045522560543
876491,70.67547874671382
876492,70.0065187395267
876493,67.92419258786443
876494,62.99952574749064
876495,55.06096266399206
876496,44.830276484796684
876592,32.69556634505164
876593,39.739532430831865
876594,43.06338726666931
876595,47.78911733815828
876596,55.41760084781849
876597,61.68441241678635
876598,65.13333085395287
876599,66.07221102805384
876600,65.1280744027491
876601,61.87817849595306
876602,59.72773340935373
876603,60.76279757586965
876604,65.90177153832326
876605,70.43193754956297
876606,73.4437271864089
876607,73.87659901422937
876608,73.25634767416435
876609,72.373469783091
876610,71.75441188459156
876611,71.2361580418226
876612,71.94917224012433
876613,72.33118885694547
876614,72.96833935588307
876615,72.02784003027683
876616,71.26036630483406
876617,71.12256648287023
876618,71.65488867918748
876619,71.55600543867642
876620,70.46626864184195
876621,68.63319564135567
876622,63.7491790583137
876623,56.20014398678866
876624,46.466229212265034
876720,31.818790764814473
876721,40.02725626598719
876722,43.17618163526143
876723,46.67314263768898
876724,52.79160675487234
876725,57.867682608962355
876726,61.49990464563548
876727,61.88730312612042
876728,60.43946770236715
876729,57.461913886935
876730,56.213151190316495
876731,58.212793271929776
876732,64.32086831900494
876733,69.49643982211305
876734,72.753975222053
876735,73.72625049038005
876736,73.20571781359838
876737,71.87647632470635
876738,71.47815319552052
876739,71.18217094136611
876740,71.22672647733631
876741,72.0067389212239
876742,72.42237004868491
876743,71.96245580272968
876744,71.32323411660248
876745,71.72228393143997
876746,71.88061326662077
876747,70.9050493361605
876748,69.75618722720499
876749,67.77280311139965
876750,63.002401738591324
876751,55.39660220060073
876752,45.712188117748646
876848,27.65265744006714
876849,35.633911888833936
876850,38.42933516831097
876851,41.47354356040203
876852,46.217258105475196
876853,50.522356561102875
876854,54.390802896709154
876855,56.27682754170263
876856,55.87390570391324
876857,54.19526173726715
876858,53.390384344693494
876859,56.9454868031941
876860,63.08156111681266
876861,68.46319454479098
876862,71.80596495930718
876863,72.64486578787935
876864,72.10598365806226
876865,71.05923207890038
876866,70.78569204703538
876867,70.20077317723106
876868,70.57876847304578
876869,70.54538371375557
876870,70.80967691256026
876871,70.14785863218614
876872,69.80404635657895
876873,70.53325297621959
876874,71.29777704649184
876875,69.99997784002363
876876,68.65250194896517
876877,66.14408360556207
876878,61.669213791179466
876879,54.41987821391004
876880,45.224181977291764
876976,21.82806014156472
876977,29.72465243078228
876978,32.88196099085136
876979,34.9490057576537
876980,38.344362369464804
876981,42.68410928339055
876982,47.70535905499161
876983,51.06246746974897
876984,52.17629596011136
876985,51.25927603773808
876986,51.56544829925924
876987,55.48745541986543
876988,62.67383548514815
876989,67.79361182943329
876990,70.04404741983416
876991,69.97888768774939
876992,70.12918401132929
876993,68.90668302802302
876994,68.51669841209477
876995,67.3477122092214
876996,67.2793498455045
876997,66.55414087410877
876998,66.6319769864259
876999,66.1246686284309
877000,66.60581455297417
877001,68.35339119173324
877002,69.51158782175297
877003,67.8668192485929
877004,65.02670181069654
877005,63.00152473557525
877006,58.779244762222135
877007,52.5925850741834
877008,44.163076416888515
877104,19.682450948392535
877105,28.04272279454738
877106,31.97634474022227
877107,33.92610892899302
877108,35.6117498282895
877109,38.972457920594024
877110,43.47312580265893
877111,46.85774187576663
877112,48.127817458638155
877113,48.19249501086531
877114,48.843077872183386
877115,52.74944639098913
877116,60.11425994215256
877117,64.42042038501292
877118,65.56917213416638
877119,65.24628802876568
877120,64.59459674518102
877121,63.574794516773146
877122,62.25539510249911
877123,60.47800320167575
877124,59.7761239908237
877125,59.14301276746244
877126,59.50210799101736
877127,60.18431300719718
877128,62.70130659434128
877129,66.1744129060681
877130,67.73525623187679
877131,64.15986708647235
877132,59.887856147869854
877133,57.43203720111247
877134,54.408811059575406
877135,48.6502739012748
877232,19.051889374615275
877233,27.579425559220706
877234,32.20186879121041
877235,33.580682856356546
877236,34.92232830441769
877237,37.09036747939688
877238,41.186674933179155
877239,44.52631514329584
877240,46.7170876246319
877241,46.741530965015556
877242,47.6037812802048
877243,51.02168332043328
877244,58.08093256152343
877245,61.863534051929655
877246,62.64419348348339
877247,62.13625417455704
877248,60.82910123254728
877249,57.834658328316586
877250,54.509888016537005
877251,51.482994842980624
877252,49.52411812786574
877253,49.02274674965135
877254,50.38440120683656
877255,53.47013656574537
877256,57.731050835233354
877257,61.97060469364043
877258,62.945117046591484
877259,58.82030126822989
877260,53.88268359942283
877261,52.14614518539703
877262,50.07991331336317
877263,45.2537003769122
877360,18.056646563508924
877361,26.394718375575216
877362,30.084019430969867
877363,30.676701286479577
877364,31.251706923776318
877365,33.458353422728244
877366,37.62906050305711
877367,41.174482446058214
877368,43.58390442570751
877369,43.57463584610353
877370,44.13686796260757
877371,47.71840216675859
877372,54.638334674700566
877373,59.60927315591968
877374,61.5108813598298
877375,60.74903855534962
877376,58.727971634681566
877377,54.32694746050865
877378,49.14035960333264
877379,44.983395112977895
877380,42.815178822025835
877381,43.032354544930875
877382,44.60474431008139
877383,47.81767202132045
877384,51.54422434286171
877385,55.35731566578345
877386,56.21748648730162
877387,52.499712299304335
877388,48.850622510611686
877389,47.964813346798515
877390,46.80500073658097
877488,15.693966211321806
877489,22.48608129398989
877490,24.651398028374516
877491,23.636988860367413
877492,23.755507229211332
877493,26.309741297176345
877494,30.691239343104876
877495,34.33470109444971
877496,36.26726614925168
877497,36.37823892366049
877498,36.74860777404118
877499,40.93453333474542
877500,48.8511569828225
877501,55.92259032484301
877502,59.79079092835083
877503,59.71638768869458
877504,57.415071059031916
877505,52.871395671028196
877506,47.95743271063776
877507,44.073909221856596
877508,42.6475751387899
877509,43.21799368936923
877510,45.112170124525136
877511,47.099611256259415
877512,49.08313360078868
877513,50.71313760341397
877514,51.24966645616078
877515,48.934617579362374
877516,46.71941005238658
877517,45.379963190579396
877616,11.95724179481282
877617,16.15441880698779
877618,16.92613986932097
877619,16.095534619945
877620,17.271235290414698
877621,20.653924490142384
877622,25.245308294340425
877623,28.961706641053365
877624,30.665871534270956
877625,30.621041522562603
877626,31.110048534715702
877627,35.33031850103219
877628,43.728766800254604
877629,52.046252622600825
877630,57.62795053267837
877631,58.514919411763245
877632,56.5205386565557
877633,52.575317429308825
877634,48.44898673172697
877635,44.76155811859904
877636,43.679168310472484
877637,44.71625590179146
877638,46.88912760097257
877639,47.839339976554754
877640,48.0783113169675
877641,48.37725997421695
877642,48.41924180093649
877643,47.043131144338446
877644,45.242076281865685
877744,8.337330095823988
877745,10.073815325470227
877746,10.343020267611534
877747,10.796749125268695
877748,13.541957255242107
877749,17.751351756560346
877750,21.69134938138315
877751,24.673121609168994
877752,25.820683906118372
877753,25.789628600853256
877754,26.03603568004722
877755,29.24645469733022
877756,36.629705130837905
877757,45.34573562849625
877758,52.19463829831314
877759,55.43271927781355
877760,55.07149723575466
877761,52.17453879124801
877762,48.35877809632754
877763,45.486989849705914
877764,44.43014509031247
877765,45.73091432077286
877766,47.23794819081498
877767,47.80221825437776
877768,47.29435247400632
877769,46.667347390023195
877770,45.91519204620065
877872,6.6882740524940605
877873,7.867623366975302
877874,7.99577155202505
877875,8.74163160815904
877876,11.452900150838527
877877,14.473129936420579
877878,16.03179107349471
877879,16.602410226987484
877880,17.10913679185752
877881,17.721466319750032
877882,19.10494703294066
877883,22.712573406910593
877884,29.089016773722907
877885,37.230339985704134
877886,44.6544161085718
877887,49.6381988001903
877888,52.17115474560719
877889,50.77110100069053
877890,47.810198866530094
877891,45.382708148692416
877892,44.30709328085517
877893,45.04024636929083
877894,46.062786254099734
877895,45.367550779123235
877896,43.2590875871948
877897,41.63408795514117
878000,6.200048980585265
878001,7.278396616643099
878002,7.523154794678992
878003,8.202093978066637
878004,10.401788034932391
878005,12.310740367590592
878006,11.974016907201646
878007,10.479662108532139
878008,10.41816600448877
878009,11.747246855149436
878010,14.2987224278286
878011,17.997795489636193
878012,22.68903116791265
878013,27.845971225901433
878014,33.87710647650381
878015,39.776911179317416
878016,44.602007158198774
878017,45.27961041200524
878018,43.578068553285924
878019,41.50519458932943
878020,40.45197388863058
878021,40.88979562787792
878022,40.914229335382565
878128,5.72538920024761
878129,6.843850899281447
878130,7.205104875705048
878131,7.816496718780214
878132,9.947952676315545
878133,11.742972834438543
878134,10.703125626994458
878135,8.824226820369622
878136,8.343733407920586
878137,9.99093958553247
878138,12.663822891117027
878139,15.260824184288584
878140,17.461911158580204
878141,19.95420189965793
878142,23.85129301701027
878143,28.25256312961029
878144,32.170843193450686
878145,33.31244190623256
878146,32.32028213547458
878147,30.504280408826194
878148,29.135370436266136
878256,5.196218847941251
878257,6.343367033783519
878258,6.796292364667897
878259,7.560120078590399
878260,9.867759672839997
878261,11.718448222252588
878262,10.658448732996092
878263,8.408215613794656
878264,7.969734608327951
878265,9.266930324827456
878266,11.732236758451291
878267,13.680886132639337
878268,14.440843792045438
878269,15.874067394888208
878270,18.048857789418612
878271,20.06729211731889
878272,21.5898565880333
878273,21.4645300086424
878274,19.987696111820984
878384,4.329114942412584
878385,5.456584492333983
878386,6.244843656364426
878387,7.251858873410822
878388,10.065666315236342
878389,12.340690159313903
878390,11.184535739702003
878391,8.563393143643792
878392,7.581817620475809
878393,8.696764256568857
878394,10.842715622990942
878395,12.387359009740592
878396,12.854335440983986
878397,13.503406445135784
878398,15.116054390582178
878399,16.30093399933991
878400,16.74315326794337
878512,3.2718556714898077
878513,4.413866520220521
878514,5.352418551510842
878515,6.84998000780152
878516,10.091026985427156
878517,13.006910891809703
878518,11.745572719946775
878519,8.369969084422731
878520,7.01081211182669
878521,7.662736640961148
878522,9.242575632491583
878640,2.186570089413051
878641,3.33930112405046
878642,4.335484421739375
878643,5.868900425559606
878644,8.844844348075661
890928,5.288334833636811
890929,7.837804374584999
890930,8.192783816197137
890931,7.455841837723765
891056,7.982754191657088
891057,10.935932498278081
891058,11.391001849605184
891059,10.667580011635184
891060,12.713926991985605
891061,16.7174025743178
891062,21.504937360072876
891063,24.893199892661386
891064,25.105298022067725
891065,23.854128024732205
891184,9.640748146361416
891185,12.97889790297647
891186,13.753917616617548
891187,13.905142694210129
891188,16.434753438081486
891189,21.725866478966093
891190,27.868996665511975
891191,32.376394482149074
891192,33.59989861146331
891193,32.2601753039254
891194,30.336871111208435
891195,29.683916613582724
891196,29.567425528887767
891197,28.20224694979368
891198,26.326973601794876
891199,25.383866371212044
891312,10.579662395610232
891313,13.911934352580579
891314,14.636309811708418
891315,15.29166667000778
891316,18.815469992434576
891317,25.19672833157704
891318,32.68461389720682
891319,37.85268393929127
891320,39.317429995173214
891321,37.970392811712905
891322,36.3766037885442
891323,35.61145887821267
891324,35.17171398032488
891325,33.21876503444704
891326,31.506681921587873
891327,32.27808047177711
891328,35.221081633075336
891329,37.42260695841194
891330,38.722405250749404
891331,37.893690674978664
891440,10.874960742058025
891441,13.618274871532307
891442,14.371302504008833
891443,15.82482628637635
891444,20.92927799043648
891445,29.425178641483814
891446,37.77374190567269
891447,43.316463439944954
891448,44.20193341387752
891449,42.89771958874971
891450,41.49940362391803
891451,40.63114306268509
891452,39.86418294809449
891453,37.98369268836711
891454,36.82544492443912
891455,39.32751967513677
891456,44.25589491340546
891457,47.97557969884374
891458,50.09635463157077
891459,50.342626553239114
891460,49.42892018573745
891461,47.93744348916603
891568,10.655601072044078
891569,13.724491645760008
891570,15.215937247974873
891571,18.256279538533025
891572,26.64648786260775
891573,37.65800787976883
891574,47.56710742207184
891575,52.839651061486464
891576,54.12959218635858
891577,53.38753524866049
891578,52.28886221118243
891579,51.15173298356544
891580,49.36206985422459
891581,46.763860406349124
891582,46.11363944353061
891583,48.25600162490276
891584,52.156421724354416
891585,54.74832795048273
891586,56.54093847227058
891587,58.17224133853728
891588,59.85440107500487
891589,61.080416033626314
891590,60.58000508489421
891591,57.73125788384048
891592,52.859388000884664
891696,12.33785001561185
891697,17.1691781451657
891698,21.493268840611744
891699,27.3821622221401
891700,37.40234009765455
891701,48.646968563480456
891702,58.57531214024114
891703,64.20518385959971
891704,66.01172241135806
891705,65.51011911144606
891706,64.70190654355548
891707,63.69546121074084
891708,61.79388551975797
891709,59.38116251027243
891710,57.770904640698234
891711,57.91277507735926
891712,59.56793930071267
891713,60.47569339991116
891714,61.636331060315406
891715,62.75985921125893
891716,65.23429390458456
891717,67.8759400231238
891718,68.9029298809141
891719,67.7976670046255
891720,64.45396243266332
891721,58.40183056224704
891824,19.360109856188746
891825,27.77225319940903
891826,35.10775829933786
891827,42.12833330173313
891828,51.201669212847165
891829,59.446361035900665
891830,66.14958734935433
891831,70.40908142069769
891832,71.29193062129565
891833,70.91932410195218
891834,70.53981072033378
891835,69.67031638967073
891836,68.48234315963572
891837,66.33625796442809
891838,64.9990304630479
891839,64.79127184070674
891840,66.08767109714746
891841,66.45999698834001
891842,67.0394781685706
891843,67.4588020378087
891844,68.87518974384061
891845,70.81219920559374
891846,72.75662073704524
891847,72.40089897970707
891848,70.24097827701061
891849,66.49796121026127
891850,61.014880103375674
891851,53.867875778028825
891952,31.356668218786623
891953,40.48429338054901
891954,46.810026462257284
891955,52.38060802318178
891956,59.72223353625001
891957,65.0888957394454
891958,69.28882226992624
891959,72.14986842241578
891960,72.57053583330527
891961,71.93807538076591
891962,72.56114606555225
891963,72.07754181936409
891964,71.59758891789846
891965,70.26042633087124
891966,70.00207929931696
891967,69.98674032818856
891968,70.77666043033439
891969,71.08627445358626
891970,71.17784749960484
891971,71.05623498986539
891972,72.02096784688581
891973,72.92742420438171
891974,73.89244189624759
891975,73.11041558342
891976,71.71721345618684
891977,69.61249648077242
891978,67.52044922543294
891979,62.999952690687614
891980,56.694088095288706
892080,38.42376672198994
892081,48.531814716352564
892082,53.750173134247156
892083,57.9775901404347
892084,63.005510746776885
892085,67.29443460855862
892086,70.36662309518067
892087,72.62655610117085
892088,73.10924213575419
892089,72.72199287542033
892090,73.46291835610444
892091,74.00892528996995
892092,74.17956083809536
892093,73.52384622906905
892094,73.59831827671776
892095,73.30685355864924
892096,73.13706593834515
892097,73.14865922546515
892098,73.33284781739245
892099,72.90540991215451
892100,73.30236164442337
892101,73.80730962572623
892102,73.93717868168477
892103,72.76561409191848
892104,71.48299846354435
892105,70.40478925540648
892106,69.73097626235712
892107,67.15532779830677
892108,63.265563109329875
892109,56.91810001679694
892208,41.913577704549624
892209,52.760589841677834
892210,58.070724427493246
892211,61.22126698950292
892212,65.83003681828049
892213,68.8818981143398
892214,71.19540086239532
892215,72.85719369213962
892216,73.37072951094167
892217,72.63305790684852
892218,73.27832091597558
892219,73.90429751269954
892220,74.32464815526026
892221,74.44853362398048
892222,74.83244410414575
892223,74.06145669514075
892224,73.98972003309042
892225,73.49372331350615
892226,73.40846326799786
892227,73.55477661924428
892228,73.65936301995919
892229,73.87430212418263
892230,73.5355533463284
892231,72.36881013558892
892232,70.92696423260335
892233,70.70226679497615
892234,70.98063474065034
892235,69.92755625664654
892236,66.7081663833767
892237,61.24433733176692
892238,54.82054051477484
892336,44.53322653677784
892337,56.27259003074711
892338,60.27710283491717
892339,62.906030022646746
892340,66.67712380368647
892341,69.59991200614581
892342,71.75714980312033
892343,72.98312764206305
892344,72.82597385680064
892345,72.1198774252347
892346,72.94173856221248
892347,72.8857172709792
892348,72.98924752708707
892349,73.5027809984493
892350,74.38861944896034
892351,74.03645182163402
892352,73.43209152894121
892353,72.79008605929494
892354,72.83319665139324
892355,72.60071073100937
892356,72.58786483144245
892357,72.62299587838355
892358,72.30943490468744
892359,71.51163617328115
892360,70.58405695215761
892361,70.81513852752714
892362,71.45538490806724
892363,71.0246805088268
892364,68.4579717263254
892365,63.86029210485147
892366,57.50911141699891
892367,49.611814503233624
892464,45.12564332281493
892465,55.98718056751589
892466,59.712487447074594
892467,62.072163597797825
892468,66.1060805324892
892469,69.36521862049071
892470,71.4205663164485
892471,72.16798336952073
892472,71.67727303378356
892473,70.88060505098176
892474,71.31311904820082
892475,70.6334776737557
892476,70.6965111102049
892477,71.9679658476782
892478,73.70240708695394
892479,73.61437081805452
892480,72.78582394766507
892481,71.58635594813072
892482,71.90066284031177
892483,71.4721651718517
892484,71.32742462246061
892485,71.09905412283817
892486,71.13504848796443
892487,70.43094299639225
892488,70.30676264114742
892489,71.33614960134369
892490,72.55025307967503
892491,72.7327364037125
892492,70.82864988298685
892493,66.58328315125084
892494,59.50538402315264
892495,51.145012693998794
892496,40.743184407107776
892592,42.183012347090504
892593,51.56049292487828
892594,54.86060642730251
892595,58.19045666284233
892596,63.623015305748325
892597,67.89802005836475
892598,70.62790466939354
892599,72.08562621252558
892600,71.71601921576016
892601,70.59676033794952
892602,69.73736151809436
892603,68.50426898145622
892604,69.24916254103212
892605,70.82229002782127
892606,72.93780464406888
892607,72.61815448129121
892608,71.25858616726796
892609,70.52583513559806
892610,70.56553325384942
892611,70.5655819067038
892612,70.58940866873209
892613,70.03069340371476
892614,70.00092177359028
892615,70.1796988616244
892616,70.7278389877986
892617,71.91364478484982
892618,73.36189452370834
892619,73.70417205618942
892620,72.65895418670655
892621,69.3687682810256
892622,63.0107906255613
892623,53.52402336942761
892624,41.935161344508046
892720,37.75377668606848
892721,44.94023442420982
892722,46.897586964517444
892723,51.67414495978353
892724,59.640511003533
892725,66.08955593006193
892726,69.627543803536
892727,71.35146382774757
892728,70.84036668127153
892729,69.76921359378905
892730,67.55429422477505
892731,66.44191640017789
892732,68.00706728002481
892733,70.14141830554443
892734,72.36015365724982
892735,72.4403242206782
892736,70.93671030311863
892737,70.44854263969783
892738,71.00345053835576
892739,70.60928085253833
892740,70.89039191919694
892741,70.35160397821925
892742,71.32000710645049
892743,71.20741429253884
892744,71.28476985953745
892745,71.46267653806993
892746,72.20061655485968
892747,71.81174188405753
892748,71.69869832524546
892749,70.96167086199922
892750,67.08299931809088
892751,58.15881783982255
892752,45.4856764996941
892848,34.409016319242525
892849,40.24470628506871
892850,42.54465494448281
892851,48.61489918130656
892852,57.337730231050045
892853,64.0209995103057
892854,68.1173985458071
892855,69.66137366486045
892856,69.18724298052416
892857,66.36310336356426
892858,64.18165814230146
892859,63.78040406204328
892860,66.54826607464258
892861,69.84788071256327
892862,72.58058085111291
892863,72.59953424139782
892864,72.21046912646945
892865,71.47606157896175
892866,71.2361452202537
892867,71.1567842837326
892868,70.91824506209115
892869,71.65273401391246
892870,72.47847756497897
892871,72.16694586857741
892872,70.61282340747579
892873,70.16052896569514
892874,70.36656219041681
892875,70.87049101690636
892876,71.35327120938636
892877,71.41527060653011
892878,69.52795430560991
892879,61.985397227432145
892880,49.88359763809759
892976,33.928291406568285
892977,40.249571814590624
892978,43.148345033216984
892979,48.52994949279569
892980,56.399020985262474
892981,62.99873545622339
892982,67.09423464667829
892983,68.4811882842116
892984,67.01774172432584
892985,64.03071506603547
892986,61.16768591981036
892987,61.872022546821086
892988,66.14883754411122
892989,70.34557333924656
892990,73.5171152093869
892991,74.43256715708412
892992,73.91804370080153
892993,72.76118079304364
892994,71.99523062599337
892995,71.51898112156948
892996,71.77775510494583
892997,72.57766595380043
892998,73.26437105646932
892999,72.64946231234462
893000,71.17244870466024
893001,70.49346212532026
893002,70.82909403938663
893003,70.68657888510059
893004,71.02045613062899
893005,71.70686846369581
893006,70.01887223029125
893007,63.39713074407461
893008,52.14767412269858
893104,32.36783611983766
893105,39.958840063113556
893106,43.17395082095037
893107,47.60152401004269
893108,54.25740512327104
893109,60.09599964519932
893110,64.0417772735493
893111,65.32939092441615
893112,64.04324771981624
893113,61.269528356374025
893114,58.93243151370339
893115,60.40200721971023
893116,65.69360919267451
893117,70.65413864363724
893118,73.93978463105431
893119,75.14849377517052
893120,74.76317831611985
893121,73.618212855749
893122,72.8557383261181
893123,72.2065014345285
893124,72.58200521787145
893125,73.04152397470108
893126,73.95019814763741
893127,72.77133314285855
893128,71.80836856870805
893129,71.86471462398913
893130,72.07622702759957
893131,71.30398768433056
893132,71.37407938879707
893133,72.10382069207127
893134,69.9535334207997
893135,63.27023276642561
893136,52.71368815821259
893232,26.55639673620899
893233,34.39718467763042
893234,37.86197759240179
893235,41.09044223176676
893236,46.4031772403099
893237,51.76305584140508
893238,56.1666672026425
893239,58.44891706822054
893240,58.45087069325765
893241,56.35621214741634
893242,55.6753320351312
893243,58.83120639777964
893244,65.24117405333612
893245,70.11061753276793
893246,73.71316612091913
893247,74.189349690822
893248,73.92467435795648
893249,72.86028420148348
893250,72.80196786351172
893251,72.47967209367505
893252,73.01499899145385
893253,72.98399755493949
893254,72.98560299690166
893255,71.94387410529355
893256,71.29098244540353
893257,71.76351259047846
893258,72.31750319876075
893259,71.91941508491958
893260,71.08742444961867
893261,71.16191271506013
893262,68.54650523403778
893263,62.038075774976
893264,51.43846652440503
893360,21.89936527786242
893361,29.913030413798904
893362,33.56812801305833
893363,36.52430500444973
893364,40.19247583229078
893365,43.808823813314156
893366,48.06996932840026
893367,50.92122041817704
893368,51.27049275360042
893369,50.4459054373135
893370,50.73486367979671
893371,55.48423823408971
893372,63.08658559169209
893373,68.57741474443293
893374,70.8959986982585
893375,70.92856850532442
893376,71.34775219791473
893377,70.97614734097205
893378,71.02700258516987
893379,71.49054722562906
893380,71.08470846017241
893381,70.85341806115561
893382,70.50631670925826
893383,69.4157275925666
893384,69.34095229125607
893385,71.11714374150726
893386,72.27656703121505
893387,70.89783831586601
893388,69.58143076302551
893389,68.1533363439467
893390,65.06259746493274
893391,58.25302423797232
893392,48.772144826236705
893488,20.473539418458145
893489,28.521939108764972
893490,32.61948931639368
893491,35.156818435408965
893492,37.40079377484485
893493,40.06660220889207
893494,43.95213011016469
893495,46.69422786632098
893496,47.40857989284763
893497,46.438767835623125
893498,47.24049500846802
893499,52.36595307778492
893500,60.064617217019695
893501,64.75974483252317
893502,66.32010166228554
893503,66.61962672494911
893504,67.40155830565408
893505,67.67815664114421
893506,67.27065759184703
893507,66.27037591931706
893508,65.6867824994046
893509,65.13897029276676
893510,65.2887722636904
893511,65.62656783278518
893512,67.05173365068741
893513,69.9031408561977
893514,70.78349696873758
893515,68.14811217558805
893516,64.79749251497991
893517,63.002890004330695
893518,59.73832053382762
893519,53.74585141027828
893520,44.433109289474295
893616,19.043881733256473
893617,27.431307375649485
893618,31.781385175744436
893619,33.70041171580714
893620,35.595269789491496
893621,38.547028711313054
893622,42.96947885739027
893623,46.04451122484543
893624,47.46426385845557
893625,47.21544016633582
893626,47.90879618014359
893627,52.68631313798305
893628,59.20577972784465
893629,63.52103239025492
893630,64.67836045107904
893631,65.27709807451188
893632,65.2785810517826
893633,63.598040159610434
893634,60.30379318038853
893635,57.50925955694389
893636,55.74595024944505
893637,55.85055225124519
893638,57.2523145342185
893639,59.42494408600694
893640,62.99976573898514
893641,66.35766486268278
893642,66.77414885737778
893643,63.00548168974197
893644,58.88201398714449
893645,57.24403054788471
893646,54.76367610491851
893647,50.24449487477195
893744,17.444597433907212
893745,24.833912444630872
893746,28.4377421025801
893747,29.96160663154807
893748,32.30921850810275
893749,36.00266513050213
893750,40.87307372427672
893751,44.33192664346714
893752,46.41179825566698
893753,46.5410076550176
893754,47.24422885394276
893755,51.563941180974645
893756,58.7383719077051
893757,63.0126465568636
893758,64.57505838102917
893759,64.3006093524325
893760,62.99872574882323
893761,59.59309631624028
893762,54.678801633537645
893763,51.05763187465063
893764,48.63459121151607
893765,48.912776784160855
893766,51.34809030615444
893767,54.2942964617593
893768,57.774043860131755
893769,60.77545081440914
893770,61.43687253164626
893771,58.080297789312716
893772,54.16673436688938
893773,52.69127518233404
893774,51.2961049176978
893775,47.144974713269036
893872,14.313426432667287
893873,20.362923450197037
893874,22.85254438826744
893875,23.20234384367329
893876,25.3010943534328
893877,29.601185012568582
893878,34.601232738926626
893879,38.23369235931037
893880,40.05122119547846
893881,39.79276976485436
893882,40.85502541952725
893883,45.584503904398474
893884,53.49993328006005
893885,59.621568575324495
893886,63.001480506792305
893887,63.214977738532966
893888,61.076076967972604
893889,56.9018528111714
893890,51.89907643771942
893891,47.77955712637264
893892,45.94724163681947
893893,46.75517855513679
893894,48.992187906407175
893895,51.24934885269739
893896,53.145211734123116
893897,55.11043898952427
893898,55.89806546834009
893899,53.79360830096498
893900,51.64251329505421
893901,50.09222811088124
893902,48.77749739459221
894000,10.537984080615335
894001,14.251620343666309
894002,15.83628451866676
894003,16.242511653391503
894004,18.492978268333168
894005,22.794949368578614
894006,27.243613938052015
894007,30.292465195340977
894008,31.585623648393124
894009,31.80691143393523
894010,32.47075240980917
894011,37.41544974726886
894012,46.107344599819854
894013,54.212970123275205
894014,59.73341038073385
894015,60.72261555706236
894016,58.70561311325173
894017,54.895786263374404
894018,50.18282499334247
894019,46.667463886735376
894020,45.336474968379775
894021,46.520632294396016
894022,48.73687675820211
894023,49.88438074405414
894024,50.55410170408352
894025,51.57591777636361
894026,51.676825168454755
894027,49.86533210323701
894028,47.915421060619856
894128,7.51304503155191
894129,8.920704636567002
894130,9.890553042683731
894131,11.08118645696633
894132,14.451336160798917
894133,18.418703312262185
894134,21.202059502112114
894135,23.032565675226543
894136,23.616887161324318
894137,23.99773415986784
894138,25.046322562527912
894139,29.04350001180184
894140,36.875274887888736
894141,45.61549988089904
894142,53.14624932233067
894143,56.21030979039809
894144,55.90139935524118
894145,52.94909253596154
894146,49.040390415845735
894147,45.936270671648934
894148,44.95735547397184
894149,45.94982391208126
894150,47.81039818018479
894151,48.270341933040505
894152,48.016464390878916
894153,47.47553493244995
894154,46.83034666169807
894256,6.007669838940129
894257,6.756563135515154
894258,7.418339621909362
894259,8.945600446930555
894260,12.203626160852194
894261,15.392710767177885
894262,16.087996177183786
894263,15.641493647671835
894264,15.773336164024807
894265,16.635303360380433
894266,18.528932537769894
894267,22.152771603618014
894268,28.556697858010274
894269,36.531768377713874
894270,44.213499107959734
894271,48.71963295398548
894272,50.41697013566071
894273,49.345191227103015
894274,46.54999906210075
894275,44.17307532665784
894276,43.450213151589466
894277,44.22704997560366
894278,45.23915071970983
894279,44.63621592361157
894280,42.97547629319486
894281,41.44081737674124
894384,5.174989444432995
894385,5.920002769461497
894386,6.660059110735407
894387,8.271100626601067
894388,11.25073227607885
894389,13.713819873474211
894390,13.212903859202807
894391,11.363035132262125
894392,10.933599516229458
894393,12.23176134274661
894394,14.879561888678111
894395,18.321456910875916
894396,22.254353110190024
894397,27.281198160918873
894398,33.41332240420351
894399,38.79652396965201
894400,42.13155373885528
894401,42.70507371688626
894402,41.51373324323067
894403,39.86845816304897
894404,39.157087008380806
894405,39.527869563831366
894406,39.852589424420664
894407,37.26948344051459
894512,4.335149703399096
894513,5.163916636406827
894514,6.043388206727832
894515,7.80765709910368
894516,11.031188360782984
894517,13.526817845355318
894518,12.520882168963402
894519,10.353595641454618
894520,9.710289450402888
894521,11.016431447861954
894522,13.786580419476575
894523,16.278802646814228
894524,18.215450830712168
894525,20.709896529521444
894526,24.527651587202474
894527,28.97368455312411
894528,32.62396115571962
894529,33.53045240125569
894530,32.0248311660401
894531,30.496602852292966
894532,29.46422429822965
894533,29.75342925768997
894640,3.309538403255326
894641,4.176493462185235
894642,5.319501940872386
894643,7.518421092062274
894644,11.176469716110123
894645,13.963808414560706
894646,12.862272135977353
894647,10.198814047631187
894648,9.179093308293337
894649,10.596816352957509
894650,13.02384501675899
894651,15.142960182154914
894652,16.402344489403237
894653,17.58752389387788
894654,19.882171004106617
894655,22.21847692789626
894656,23.78080956212031
894657,23.260230540356428
894658,20.840725585652518
894659,18.37614882204691
894768,2.3328663429790613
894769,3.3250578600635516
894770,4.612279694790451
894771,7.269633251359506
894772,11.73519198615579
894773,15.095146958659171
894774,13.650439291984712
894775,10.181195413991544
894776,8.768784945345981
894777,9.77478168088635
894778,11.992060855362993
894779,13.913962407075124
894780,14.484937863420292
894781,15.268885089030013
894782,16.875396494879805
894783,18.178560232413083
894784,18.51633142840177
894896,1.5124752129788877
894897,2.5157758616405976
894898,3.960292874020981
894899,6.675043364111808
894900,11.15008131462483
894901,14.751942158793852
894902,13.282954903787243
894903,9.622608113409314
894904,7.9937563423290845
894905,8.676702807966642
894906,10.43730217249742
894907,12.014598152513726
895024,1.0357857200432092
895025,1.8998147024875778
895026,3.2854508827420585
895027,5.490987685103006
895028,8.898099151330177
895029,11.548192858109019
895030,10.732987455723434
895031,8.150022809827194
907184,3.222947057050145
907312,4.641662874607277
907313,6.953750617617259
907314,6.918606093875805
907315,5.566661759086771
907316,5.6340244861470365
907317,8.208802034989658
907440,6.527122321854103
907441,9.253212040216017
907442,9.384477666830556
907443,8.48160484492871
907444,10.223827192792296
907445,14.955309234391738
907446,21.912719773239374
907447,27.561175203317493
907448,29.074383257466817
907449,27.762056937799624
907450,26.012461085042734
907451,24.92037068689167
907568,8.520374641317844
907569,11.512359136981788
907570,11.785560720333487
907571,11.90448689549673
907572,15.214468250774958
907573,21.566578680519083
907574,29.219424455127168
907575,34.94212082357062
907576,36.27664361989281
907577,34.59497696654107
907578,32.58742675624722
907579,31.382115726815613
907580,30.59245490443671
907581,28.929489192818558
907582,27.567514211815535
907583,27.507269912960403
907696,10.423834200597549
907697,13.38865844588152
907698,13.969021165285204
907699,14.864714184476217
907700,18.91599680143504
907701,26.400313164146844
907702,34.753975895939845
907703,39.82928033265659
907704,40.60159662460228
907705,38.7201889974865
907706,36.6771494080143
907707,35.69586210412619
907708,35.272568423812515
907709,33.8106383464638
907710,32.72561780305985
907711,35.06994461230913
907712,39.51546698450021
907713,43.57192496363791
907714,45.93765399297977
907715,46.42383390876959
907824,11.790380107874576
907825,14.552648806988511
907826,15.286368308414817
907827,17.011920842616103
907828,22.462344895972535
907829,31.092586243895138
907830,39.574557035971374
907831,44.84511650361548
907832,45.599844785515224
907833,44.30187672058319
907834,42.60522411138604
907835,41.55139018676656
907836,40.563224248846765
907837,39.207324674976206
907838,39.161889176017766
907839,43.007528134927675
907840,48.978502146300514
907841,53.73382123596144
907842,56.38889313385201
907843,58.103345583611045
907844,58.51147427128589
907845,57.098168051839416
907846,54.26057964064383
907952,13.038836884694637
907953,16.166917791015532
907954,17.76787287132975
907955,21.20393809217621
907956,29.97731167702085
907957,40.507906224091826
907958,49.80126055826953
907959,55.69385413064337
907960,56.80637233482065
907961,55.89197209176056
907962,54.90825657292115
907963,53.492416546637045
907964,52.267787241278796
907965,50.58854722996078
907966,50.43599514397848
907967,53.206364157807435
907968,57.28988289020202
907969,59.67110985020222
907970,61.81276732676108
907971,63.79372143267713
907972,66.15045053943501
907973,66.96332362614947
907974,66.47918659366583
907975,63.21900489741385
907976,57.95766817117391
908080,15.980540503129273
908081,21.43969506990379
908082,25.974771308583982
908083,32.56609839335707
908084,42.82108676741787
908085,53.347485273453046
908086,61.34420439456737
908087,66.20091390544482
908088,67.63928896969256
908089,66.96981916891332
908090,66.34818592115576
908091,65.48871827026271
908092,64.48449073547144
908093,63.10174428307515
908094,62.24170225041982
908095,62.73948249070088
908096,64.34453389366729
908097,65.36178451680162
908098,66.30626016169502
908099,67.31923572173275
908100,68.81714699430746
908101,70.16804632234967
908102,71.04788723338194
908103,70.69255827449689
908104,68.30781655490088
908105,62.376572157707194
908208,24.187219123469355
908209,32.66382119399794
908210,39.86263485137206
908211,47.571237915253406
908212,56.61466066791283
908213,63.56498180768659
908214,68.58637464058708
908215,71.36242627502985
908216,71.686189948411
908217,70.95165029210472
908218,70.3595107491184
908219,69.93336642518693
908220,69.4745898670025
908221,68.61129889146075
908222,67.72658665180725
908223,67.69140123065705
908224,68.82863537921563
908225,69.29223294069837
908226,69.9675709829756
908227,69.98918817017085
908228,70.5407016638171
908229,71.79761411191659
908230,73.02236563722647
908231,73.47969983801492
908232,72.78239539284674
908233,69.54752741680461
908234,64.18699810864845
908235,57.313074062997906
908336,36.86825923617629
908337,45.12964886327288
908338,50.60395613090889
908339,55.82248548703762
908340,63.00121471940218
908341,68.28173922381359
908342,71.5602518827529
908343,73.11596324290906
908344,73.1488874935589
908345,72.36560323392595
908346,72.01739169253989
908347,72.50333170086363
908348,72.51760580895316
908349,72.23434860651905
908350,71.57868265232335
908351,71.17654138506573
908352,71.64238082212657
908353,71.65108580469553
908354,71.50011306221195
908355,71.66922006013266
908356,72.08690823629004
908357,73.3985518547983
908358,74.4917496903979
908359,74.21857781606585
908360,73.66755427518282
908361,71.67873267579635
908362,68.85776819329897
908363,65.17038135018394
908364,59.40908859847804
908365,52.391212490109794
908464,42.95293793865959
908465,52.385150439251966
908466,55.73569571967006
908467,58.831278870793
908468,64.93491692096435
908469,69.5511176617653
908470,72.33182012608142
908471,73.50136111560568
908472,73.34316869079771
908473,72.68272958136724
908474,73.04974727182541
908475,73.69826528699707
908476,74.4161060491176
908477,74.35133246489886
908478,74.42106588246759
908479,73.51965555078512
908480,73.54367211312302
908481,73.02054234919783
908482,72.84720588710655
908483,73.09576272448885
908484,73.91713608635717
908485,74.29726498104088
908486,74.61487412895676
908487,73.85003839199814
908488,72.72965402785242
908489,71.17266341625091
908490,70.43394105326774
908491,68.62638031044354
908492,65.01140614012984
908493,59.40786533624413
908494,52.99454360857796
908592,45.77940858334459
908593,56.006092276982926
908594,58.7554270192286
908595,61.387349583806085
908596,66.1910481982081
908597,70.16205186478939
908598,72.86461555873701
908599,73.85143490030194
908600,73.53077923287393
908601,72.65222406763553
908602,73.52694423353947
908603,73.99426214276184
908604,75.32926764767993
908605,75.44063919996134
908606,75.76989679652885
908607,74.17028741684489
908608,74.0970476396944
908609,73.52743437798205
908610,73.82090551588522
908611,73.97870821531404
908612,74.90284409293461
908613,74.50901488081675
908614,74.27169649888143
908615,73.03757568065734
908616,71.98661115652452
908617,71.164525338279
908618,70.96561926100749
908619,70.06148725607095
908620,67.86791742271431
908621,63.140162247501486
908622,57.014976354004524
908623,50.371438436427646
908720,47.80704517870718
908721,58.64645572712488
908722,61.12809358442572
908723,63.163648214591824
908724,66.9792340418366
908725,70.36597654311771
908726,72.78259249377811
908727,73.62718094100758
908728,72.91674838003328
908729,72.14890714492816
908730,73.15379423525496
908731,74.17078742148733
908732,75.161561223841
908733,75.32817262723125
908734,75.45767603341474
908735,74.78984902934303
908736,74.28968230884648
908737,73.60839161543063
908738,73.36940920366006
908739,73.615729574073
908740,73.56056487209929
908741,73.78655509410014
908742,73.58820920342276
908743,72.22009261111849
908744,71.2627213774928
908745,71.03570914758726
908746,71.79526351102412
908747,71.50056101826519
908748,70.00183583794106
908749,66.25299573490625
908750,60.60743375686689
908751,53.736930617109294
908752,43.9251291841241
908848,48.03427946830878
908849,58.925572136581366
908850,61.3580993542068
908851,62.89066487963723
908852,66.80893175048199
908853,69.93055518593393
908854,72.22883382554033
908855,73.12919803060423
908856,72.70990751934714
908857,71.99882227170578
908858,72.09897875565346
908859,72.75733568841885
908860,73.3876295139746
908861,74.12916387567182
908862,74.45819024387728
908863,73.89548118935157
908864,72.80888708239866
908865,72.32679468520949
908866,72.36665418448733
908867,72.02562076554857
908868,72.29639596666838
908869,72.0243884519419
908870,71.90123708626366
908871,70.67265296902205
908872,70.58282216063512
908873,71.14915990723027
908874,72.16861375743777
908875,72.59472326516226
908876,71.9124200775421
908877,69.3253143741759
908878,64.64005670364553
908879,56.77609604627184
908880,45.73124987345017
908976,45.91536136103311
908977,56.002458042006936
908978,58.32845957753725
908979,60.630016172643344
908980,65.77221138184423
908981,69.59234973176285
908982,71.99262842342907
908983,72.7908161816151
908984,72.32643448677224
908985,71.38176763612427
908986,70.82562300150482
908987,70.39292223822876
908988,71.06905461722306
908989,72.19137485558078
908990,73.5323410549531
908991,72.56832920286998
908992,71.18660629136292
908993,70.40184263466992
908994,70.96677511302272
908995,70.91838400856584
908996,71.01107384236785
908997,70.08263621901871
908998,70.20946746027573
908999,70.05461795935906
909000,70.62825492059484
909001,71.51424772101096
909002,72.61115563538786
909003,73.12760350448106
909004,73.02615465270011
909005,72.64426537700085
909006,68.94566168039476
909007,61.39352069605765
909008,49.1293979577387
909104,41.71875853183261
909105,49.63021007683034
909106,52.019848193350455
909107,55.12707771501812
909108,62.20699207034598
909109,67.81392598806762
909110,70.47484049427683
909111,72.57928141068724
909112,72.94548643956732
909113,71.68157820974447
909114,70.13588598797907
909115,69.06802290357453
909116,69.18590950272322
909117,70.88282710690494
909118,72.62633588317699
909119,72.22259873928755
909120,71.04896674614356
909121,70.37352428965372
909122,70.0197825449804
909123,70.45506927881863
909124,70.40563564306977
909125,70.37618842430253
909126,70.90737851560439
909127,71.14896083404416
909128,71.28413336371055
909129,71.69286489959998
909130,72.16541228318528
909131,71.85525775873626
909132,72.31419824868868
909133,73.68106008287629
909134,72.09389905615743
909135,65.13285901818463
909136,52.20042558211212
909232,37.5476484536063
909233,43.72187059412157
909234,46.433076890050344
909235,51.64048391751685
909236,59.310453054113445
909237,65.43846182399894
909238,69.2170029679142
909239,70.78995327783382
909240,71.29833023189735
909241,69.43927374074114
909242,67.15589000243106
909243,65.45718558873416
909244,67.04780620051471
909245,69.99582764938516
909246,73.03507241716025
909247,72.91174704288491
909248,72.2118580437882
909249,70.52232412565245
909250,71.04276756929498
909251,70.43615670749843
909252,70.58623439521772
909253,71.23564879896023
909254,72.18097650895992
909255,71.68336107780573
909256,71.02730217610625
909257,70.44199460856785
909258,70.54976282383818
909259,70.2299709071585
909260,71.47705903257507
909261,73.18868556374869
909262,73.50000678659524
909263,67.56685701492118
909264,55.73649480739089
909360,35.031067587079804
909361,41.49669681499338
909362,44.42983386172385
909363,50.30117817267342
909364,58.48206894222932
909365,64.07017565271191
909366,67.96766177887675
909367,69.35120884082205
909368,68.8734142071992
909369,65.55812281767646
909370,63.11694574527196
909371,62.712372545399795
909372,65.9803570821388
909373,69.78035304350266
909374,73.37192995431833
909375,74.08123880942915
909376,73.57653619242792
909377,72.6077355876721
909378,72.29725044806563
909379,71.77865525297581
909380,72.33837573152675
909381,72.67453061865577
909382,73.44513397994211
909383,72.72377629269849
909384,70.93156223895157
909385,70.45004517560879
909386,70.5989125980155
909387,70.11359903897012
909388,71.12624567259756
909389,73.33663425707046
909390,74.16726915720255
909391,68.79706613167573
909392,57.683735517818626
909488,31.767657990884395
909489,39.50472653579537
909490,42.93002993792151
909491,47.73003595231115
909492,54.673849484392015
909493,60.78561338329326
909494,65.21775283272108
909495,66.97315969166262
909496,66.5352338159512
909497,63.61287481011465
909498,60.8613792552096
909499,61.580562510371394
909500,65.91455965293443
909501,70.29870720351515
909502,73.94877917855706
909503,75.00755605992944
909504,74.78584153868486
909505,73.97388910701628
909506,73.1805654137466
909507,72.97259410909781
909508,73.15949771397949
909509,73.87090060340944
909510,74.05286617772546
909511,73.04804894777824
909512,71.52092044416266
909513,71.80341007075045
909514,71.98683805091802
909515,71.23637726056053
909516,71.67775628642293
909517,74.16947010627136
909518,74.07854077159804
909519,68.6370406989922
909520,57.36379598780148
909616,26.165048251770372
909617,33.82581453093582
909618,38.13037421006701
909619,42.07131355321411
909620,47.77430290655988
909621,52.89202145899253
909622,57.80092646585047
909623,60.74899709274733
909624,61.60489080997041
909625,58.836271082775994
909626,57.74670923089847
909627,60.0151923459478
909628,65.63491649442804
909629,70.6510971792006
909630,73.70457711742671
909631,74.67958598463409
909632,74.6330658024216
909633,73.71721624133849
909634,73.3425956783492
909635,73.77429722094202
909636,73.67745724802808
909637,73.848263478979
909638,73.48491478054474
909639,72.66154765875487
909640,71.41758938271161
909641,71.71597324366577
909642,72.66956858368052
909643,72.18383742265499
909644,72.09937216887606
909645,73.64604354294393
909646,72.8480682323981
909647,66.99360211375743
909648,55.67049749852067
909744,22.861821907396653
909745,30.465832068641117
909746,34.71159035368697
909747,38.23384722928436
909748,41.84825146523476
909749,45.60226386270408
909750,49.3897736131278
909751,51.76419630185091
909752,51.65032215374142
909753,50.13520043115582
909754,50.44176981845596
909755,55.405826214986014
909756,63.48008743915071
909757,68.84075665553867
909758,70.94723027355892
909759,71.18534597608596
909760,71.61140633227785
909761,71.91622606810697
909762,71.96816892453342
909763,72.38077314933523
909764,72.22348705459108
909765,71.91470732934623
909766,71.08308066565509
909767,70.2291343267361
909768,70.35682960338394
909769,71.72235539656037
909770,72.87019256052413
909771,72.02605854968725
909772,70.98852651451477
909773,71.18733782662977
909774,69.20338507020755
909775,62.997852498629776
909776,52.20711014715974
909872,20.666272197027414
909873,28.691467835525664
909874,32.81730566107818
909875,35.5650422507444
909876,38.409293449225416
909877,41.96565861491658
909878,45.488613643996025
909879,46.82058318029145
909880,46.90126540292084
909881,46.28222842875443
909882,47.272950873635175
909883,52.73430553126787
909884,61.209868351474945
909885,66.35743079035039
909886,68.07954314832753
909887,68.98169264876307
909888,69.98420566578491
909889,70.12481317272214
909890,69.90066710333927
909891,69.03633207705597
909892,68.64823932759258
909893,68.10503035904415
909894,68.09499813666538
909895,68.46483816676432
909896,69.5158454902474
909897,71.3226199021014
909898,72.0436923726603
909899,70.0317926419215
909900,67.77400096966325
909901,67.55505809883972
909902,65.1133153718697
909903,59.32294720316962
909904,48.39629205132213
910000,18.770490187571955
910001,25.942829071835504
910002,30.241733938918845
910003,32.87726249838009
910004,36.090217042280415
910005,40.129771809517074
910006,44.19947095394041
910007,47.22403920305795
910008,48.44088507535654
910009,48.03842620294703
910010,48.79676899185713
910011,53.66324226725497
910012,61.2978496840346
910013,65.41895914699322
910014,67.274473855592
910015,68.33042041679968
910016,69.47655762047356
910017,68.34723957792131
910018,66.68333047163482
910019,64.27069298218777
910020,62.99997452027307
910021,63.34407298199797
910022,64.44420488418513
910023,66.19204356990275
910024,67.80187533979102
910025,69.35028606332192
910026,69.19746676309741
910027,67.2273643417748
910028,64.42004268591626
910029,63.00044257533209
910030,60.90464221231673
910031,55.70806643910198
910032,45.8805539673526
910128,15.892946259889372
910129,22.252845824129352
910130,26.0652633812993
910131,28.683682328176676
910132,32.8075782198863
910133,37.77844118696355
910134,42.98369551343772
910135,46.65638743607629
910136,48.34361932943194
910137,48.652242694772916
910138,49.601449659231
910139,53.94432458816233
910140,60.91029616999228
910141,64.95571888751113
910142,66.54311121109468
910143,67.30893680886741
910144,67.28526809188413
910145,65.73894887224967
910146,62.83796672311784
910147,59.651538471034435
910148,58.01823830779294
910149,58.61602030343004
910150,60.49853977126888
910151,62.14742822198018
910152,64.02569099555042
910153,64.78981212181094
910154,64.88974910545402
910155,63.00005654755303
910156,60.70950054000353
910157,58.7532230513856
910158,56.45270280194059
910159,52.26604717129477
910160,43.15357114978905
910256,12.665364584130504
910257,17.602468475150562
910258,21.046906973132323
910259,23.639043857669947
910260,27.15240214174788
910261,32.27513752338504
910262,37.33511760994505
910263,40.51469647158512
910264,42.17271593714921
910265,42.61759013222469
910266,43.913715063612464
910267,48.57533611602296
910268,56.07901993300286
910269,61.66909653521381
910270,64.6834235689649
910271,65.20134738507313
910272,64.7742970895127
910273,61.928646600592415
910274,58.11107849593258
910275,54.37041777025573
910276,52.65354136391078
910277,52.97719783317057
910278,54.984623043094075
910279,56.96164590631066
910280,58.76446008420924
910281,60.03736387987481
910282,60.24284213955026
910283,58.253232700175275
910284,55.44169239404122
910285,53.767031864970846
910286,52.338535035589125
910384,9.81822360189686
910385,13.368282243184387
910386,16.047151424792347
910387,17.245754659241943
910388,19.56498237949151
910389,23.708505393504403
910390,26.96897329186916
910391,29.071132417698006
910392,30.216788421105125
910393,30.861360967937657
910394,32.61251528801733
910395,37.41638705436846
910396,45.87788889626398
910397,54.138319232621576
910398,59.44569139744153
910399,61.717895540627836
910400,61.328220874493404
910401,57.883436889586115
910402,53.39761419564839
910403,49.72052754459911
910404,48.24891055622656
910405,49.05747614470869
910406,51.31174095765477
910407,52.977717414013235
910408,54.361580529052965
910409,55.72063584362329
910410,55.73643208317526
910411,53.56549701713357
910412,50.41646252445855
910413,47.814767484453036
910512,7.251341903727466
910513,9.007689092553482
910514,10.22734857246593
910515,11.718098847373474
910516,14.76663010451625
910517,18.105568888003244
910518,19.71402604312102
910519,20.256751009208042
910520,20.900526628036058
910521,21.753406726392075
910522,23.227984089517058
910523,27.530045007640926
910524,34.76393290290239
910525,43.664001010666304
910526,51.46262660603712
910527,55.323774808291795
910528,55.79862182633756
910529,53.024516692247076
910530,49.31530569429287
910531,46.56671690197248
910532,45.332988987499114
910533,46.18144527726308
910534,48.089558009086346
910535,48.815269454968615
910536,49.05749289225312
910537,49.47374515163107
910538,49.482662174126055
910539,47.44863661509914
910640,5.358081979437471
910641,5.871956586302696
910642,6.901566840659602
910643,9.05064594876584
910644,12.592315713146055
910645,15.585958471939403
910646,15.9244973026068
910647,15.171097558412603
910648,15.0933732138051
910649,16.027124975082554
910650,17.880906372623123
910651,21.203021691877545
910652,26.896934599913894
910653,35.0450754050908
910654,43.06827518690069
910655,47.43455161144236
910656,48.12180522070641
910657,46.736843134423445
910658,44.40597069547581
910659,42.393423719277415
910660,41.34948744105912
910661,42.1954121214788
910662,43.54420254829524
910663,42.85773891245433
910664,41.808254820115216
910665,41.51348884556991
910768,4.056746060380055
910769,4.592369031467876
910770,5.726879579460339
910771,8.095194025663739
910772,11.769148368633758
910773,14.612398949064916
910774,14.002382234524909
910775,12.29318433425447
910776,11.561088322613081
910777,12.698789873439454
910778,15.377422142917364
910779,18.32112590554235
910780,22.130409098059502
910781,28.164475053375675
910782,34.890940769413845
910783,39.5393478005534
910784,41.25895405600632
910785,40.48320697454365
910786,38.971566634495964
910787,36.9707600076003
910788,36.257705877917196
910789,37.225831586845075
910790,37.64061691085607
910791,35.71733214042238
910896,2.8308166201985756
910897,3.568392144932289
910898,4.8480664408934615
910899,7.638655367906491
910900,11.81941491673932
910901,14.746111641038608
910902,13.816088614624679
910903,11.393012876504484
910904,10.521869447396421
910905,11.75781944792193
910906,14.286829505578094
910907,16.90391026574109
910908,19.17699033365011
910909,22.133093351903568
910910,26.629314920173996
910911,31.2193424557433
910912,34.57194751324367
910913,34.1603005597333
910914,32.13588600897456
910915,30.337256756531687
910916,29.528643570037662
910917,29.99978759310273
911024,1.9901958986979802
911025,2.7107487596488857
911026,4.356094019288109
911027,7.608314709293468
911028,12.545049117020666
911029,16.100780337420794
911030,14.769753550033082
911031,11.423878545297637
911032,10.15274388411275
911033,11.268442211533063
911034,13.833606617420703
911035,16.229479262751546
911036,17.515648161048407
911037,18.80079623324186
911038,21.36973521266013
911039,24.03669427462003
911040,25.924601975525324
911041,25.060567275729845
911042,22.91456330607892
911043,20.351443660253256
911152,1.3160567534350902
911153,2.078945199732368
911154,3.8862843110939145
911155,7.445029104203447
911156,12.87031991802575
911157,16.722474582186923
911158,15.104814052563368
911159,11.305589438093937
911160,9.667592522158813
911161,10.636870388468022
911162,12.994289116612403
911163,14.941949180081021
911164,15.926272897767221
911165,16.47698748843338
911166,17.69324647467109
911167,18.990433832729714
911168,19.572440721464062
911169,18.45960506213928
911280,0.9777699522657083
911281,1.6300527402679825
911282,3.488220714228055
911283,6.556026094150439
911284,11.412269975215056
911285,14.996016069294596
911286,13.710643321747224
911287,10.276221496451335
911288,8.69374914889831
911289,9.400503795517276
911290,11.230289670171224
911291,12.939492720820104
911292,13.891188625504713
911293,14.607920465986213
911408,0.7441516194062957
911409,1.4596761039038282
911410,2.912339679624338
911411,5.289387752095183
911412,8.182009288393614
911413,10.408251222562805
911414,9.935096225167479
911415,8.194539443461771
911416,7.460702217823679
911417,7.902912608807563
923568,3.645125061220289
923569,5.1805406021577864
923696,4.705756875415562
923697,6.672069334688277
923698,6.16313215881026
923699,4.3082312447794555
923700,3.9591100899201757
923701,6.9248415942831745
923702,12.561419783849905
923703,17.611609417570154
923704,19.024982937001177
923824,5.915447580328361
923825,7.968861957099945
923826,7.5187002298144145
923827,6.298294303990284
923828,7.671675552127653
923829,12.77857788420936
923830,20.7776158405822
923831,27.39838912545205
923832,29.18575908445738
923833,27.968740316962673
923834,26.281577168967516
923835,24.785885493732422
923837,21.2451094152191
923952,7.206766401308276
923953,9.690282332504792
923954,9.665534586219993
923955,9.492521959334528
923956,12.817565501579704
923957,20.091014170910423
923958,28.63298164426174
923959,34.797424756137445
923960,36.02471891556658
923961,34.369044913668574
923962,32.089858347814314
923963,30.3448997235839
923964,28.840076503967964
923965,27.521774462329677
923966,27.657878493060345
923967,29.84423088462816
923968,33.257003263954196
923969,36.011852618704026
924080,8.873755277148188
924081,11.499809337284539
924082,11.96360975225494
924083,13.164870108152067
924084,17.91990140248611
924085,25.63326843666226
924086,34.18927278297656
924087,39.52230450805752
924088,39.83652730670306
924089,38.136075633146035
924090,36.150246892702285
924091,34.93268625682233
924092,34.04200697962982
924093,32.820603147647404
924094,33.87411194582881
924095,38.39460460836003
924096,44.60736548598899
924097,49.730784722292036
924098,52.832722943228966
924099,53.167238448814814
924100,51.56585407729417
924208,10.499507810154785
924209,13.574183769073688
924210,14.981568422936572
924211,17.378237352161484
924212,23.588769203699297
924213,32.294855679640975
924214,40.55599930238085
924215,45.70503709899981
924216,46.431809570529346
924217,45.32066580123868
924218,43.60587422856495
924219,42.275991700523804
924220,41.26537600682518
924221,40.75509273086074
924222,42.21509877965455
924223,47.31086964438215
924224,54.29597410813037
924225,58.73031892182363
924226,61.35510775527671
924227,63.165583977303335
924228,64.20264471699552
924229,63.373449647268316
924230,60.4956417069747
924231,55.73173966450213
924336,13.21965595466836
924337,16.95226555718524
924338,19.684747698560965
924339,24.843005590939445
924340,34.344917364193776
924341,43.938608185130356
924342,52.528594031277436
924343,58.002509867584216
924344,59.728540120091964
924345,58.82169172992487
924346,57.67544720573728
924347,56.300456172132215
924348,55.465665452483094
924349,54.692012813038815
924350,55.8849692815782
924351,58.569974568972
924352,62.37357522895437
924353,64.48369221427757
924354,66.0135109537103
924355,67.85692731146679
924356,69.35796254894568
924357,70.15984286194922
924358,69.49101944553914
924359,66.44078803760954
924360,61.426117961368476
924361,55.31232286655359
924464,18.109073224345295
924465,25.015769350443765
924466,31.089460852506722
924467,38.96442236750701
924468,49.171884695232094
924469,57.839172616778136
924470,64.06507494935327
924471,67.85481873701339
924472,69.28904695812518
924473,68.3873750422399
924474,67.29562193842412
924475,66.59696227080435
924476,65.75353324860598
924477,65.1314976201011
924478,65.47478122734806
924479,66.24608229746077
924480,67.7996667149873
924481,68.53712947082076
924482,69.29703335105091
924483,69.98293301219874
924484,71.23658168630234
924485,71.94147059846351
924486,72.08177860452898
924487,71.80584192537859
924488,69.71876039474215
924489,64.82552186175052
924490,58.24421919272214
924592,29.0328358843889
924593,37.978701601833684
924594,45.19686233715427
924595,52.180325660405146
924596,60.834467016583666
924597,66.86345367817609
924598,69.98902463787442
924599,72.24183102003585
924600,72.27663311180211
924601,71.36365548835306
924602,70.64573171155199
924603,70.26029302969378
924604,69.99129433258388
924605,69.59980277235194
924606,69.98661563921574
924607,69.48658105666259
924608,70.13407688580672
924609,70.52577631433026
924610,71.31948584455425
924611,71.76991199601481
924612,71.77926392291441
924613,72.30785252864248
924614,72.83765796732192
924615,73.84420327553592
924616,73.62288102730317
924617,71.599220689197
924618,67.34707243045276
924619,60.52487514591588
924720,42.88656382636678
924721,50.4323699385431
924722,53.55249758558737
924723,58.028776479241316
924724,64.51386511620163
924725,69.01445052752827
924726,71.66234911319643
924727,73.22038050763658
924728,73.47017656578659
924729,72.57087902485863
924730,71.97730889251268
924731,71.7209019818393
924732,72.1207221167498
924733,72.1103313861378
924734,71.8122810802195
924735,71.02069023818092
924736,71.26072767281701
924737,71.15573936284497
924738,71.71565242525719
924739,71.68478577438776
924740,72.15918343165917
924741,72.53439067205676
924742,73.33940618554841
924743,74.10628008746224
924744,74.23510237404648
924745,73.34096493717074
924746,71.10419521650056
924747,67.51758790308347
924748,62.70338743188339
924749,56.36210609659515
924848,47.602609185696764
924849,56.01255696486608
924850,57.33503568817407
924851,59.60461352187288
924852,65.31888693607553
924853,70.0391583018993
924854,72.96109961617823
924855,74.40635676484209
924856,73.46345207776957
924857,72.23575368858404
924858,71.95032065637535
924859,72.15060295775218
924860,72.90598727186475
924861,73.2344602902339
924862,73.20977744050808
924863,72.27581902753477
924864,72.54559772173009
924865,71.74702357131002
924866,72.13336796533554
924867,72.30721863752838
924868,72.96227909304392
924869,74.00294103366777
924870,74.49591428626233
924871,74.11446644661117
924872,73.7327185311938
924873,72.84215036279623
924874,71.94294242536407
924875,70.3944441145379
924876,68.05638448048742
924877,62.99799957785866
924878,56.54885666429403
924879,49.627740739453635
924976,47.56955598418474
924977,56.69103815496335
924978,58.48183912981084
924979,60.46023583277208
924980,66.10768701879411
924981,70.53063197329426
924982,73.57431895118206
924983,74.42318630742541
924984,73.61908618764798
924985,72.47891506612307
924986,72.59661435805754
924987,72.87701446479637
924988,73.78847460282668
924989,74.27703746595365
924990,74.5562109137518
924991,73.70764795021064
924992,73.76299680901404
924993,73.12616037968746
924994,73.50773858284475
924995,73.95718347602651
924996,74.47306135120472
924997,74.86232253491801
924998,74.93957922308567
924999,74.05857192152854
925000,73.23459694553549
925001,71.91880436312255
925002,71.80085547390752
925003,71.23555028793524
925004,69.65279599636261
925005,66.01694828462418
925006,60.437018743978044
925007,53.89785588200888
925008,44.77072798131054
925104,47.503806670365
925105,56.95369100078949
925106,59.32539336992892
925107,61.54612655660272
925108,66.56858578109379
925109,71.30356804834585
925110,73.82365430715025
925111,74.17558738225124
925112,73.54935365148914
925113,72.42486590691989
925114,72.85195163445157
925115,73.39518222678777
925116,74.47753018158603
925117,74.71321115609959
925118,75.3348526476504
925119,74.4107307553298
925120,74.20112737159786
925121,74.05327226865953
925122,74.26912382982306
925123,74.63758529384967
925124,75.22588060028427
925125,74.79012575616123
925126,74.17039330445775
925127,73.09065377986731
925128,72.57985007549075
925129,71.79014483179387
925130,71.98575850503772
925131,71.56766848772621
925132,70.69942211268335
925133,68.37624596101907
925134,64.26057358811343
925135,57.95924626375907
925136,48.0784771326635
925232,47.29794707708413
925233,57.554437920592065
925234,59.60567411167616
925235,61.7653652347848
925236,66.82543765057785
925237,70.9269708489754
925238,73.39822582200661
925239,73.59183959643217
925240,72.90149422330855
925241,71.83546070030276
925242,72.0035111436833
925243,72.89980310866801
925244,73.77907472867092
925245,74.51012180725587
925246,75.06905682857064
925247,74.14829526434274
925248,73.41679728671696
925249,73.09154492117736
925250,73.6773377042309
925251,73.92195154499716
925252,74.02779611757376
925253,73.80230188678686
925254,72.90696497711491
925255,71.94133281965033
925256,71.6840685249981
925257,72.09529628481685
925258,72.80062847076375
925259,72.62591733152205
925260,72.15760216661704
925261,71.99400154952349
925262,69.750854996895
925263,63.006683072118236
925264,51.68620960907598
925360,46.97553513504282
925361,56.42539316038983
925362,58.20775712368447
925363,60.96618835299114
925364,65.84705826824064
925365,69.99690589503977
925366,72.47089719702807
925367,72.91126141158037
925368,72.41455118308157
925369,71.52976588765675
925370,71.36887084681648
925371,71.88297438515615
925372,72.97601824516607
925373,73.53982496844311
925374,74.12609400484034
925375,72.92554954057263
925376,71.64198054758378
925377,70.9352681549259
925378,71.71918274797453
925379,72.59326214628116
925380,72.69238525214725
925381,71.72388858110928
925382,70.52160056689259
925383,70.86615210772305
925384,71.34022284930565
925385,71.73442649939379
925386,72.48040587379256
925387,72.46038905805648
925388,73.37778703370778
925389,74.43348738093954
925390,73.51911656284386
925391,67.6040063224177
925392,55.35786842960031
925488,43.82256811086597
925489,52.12516421435633
925490,53.642755137357135
925491,56.74020160837829
925492,63.71502494216852
925493,68.72749231292845
925494,71.21305989167243
925495,72.31924465476514
925496,72.80091113631461
925497,71.98005345798556
925498,71.3683754459444
925499,70.50483517388943
925500,71.53962604479966
925501,72.78747289677538
925502,73.44873935689385
925503,72.31865362015215
925504,70.95785860364728
925505,70.26677500358697
925506,70.8245852179907
925507,71.57032912400983
925508,71.5523371786446
925509,71.14092170460147
925510,71.21806453095124
925511,71.29061615564147
925512,71.52954433652685
925513,71.7058239958777
925514,71.67753636810967
925515,71.04848672461105
925516,72.13696594086193
925517,74.49833968424804
925518,74.94145447414397
925519,69.3968107676877
925520,57.14854434479016
925616,39.283753656902896
925617,46.8519537978017
925618,49.36904855600603
925619,53.9326457427471
925620,61.391055627175184
925621,66.39609398598392
925622,69.04729167463711
925623,71.71304182870746
925624,72.22069531897037
925625,71.49163362510292
925626,69.3737989370068
925627,68.05968695784271
925628,69.34891068686392
925629,71.43665875829765
925630,73.67200517799125
925631,73.02470874433288
925632,71.41730017786648
925633,70.56935314818513
925634,70.43940833560066
925635,70.52680497221144
925636,71.26362695846515
925637,71.2683283297012
925638,72.33148150268092
925639,71.81333577044977
925640,71.12272309074532
925641,70.9947427182263
925642,70.85509515750677
925643,70.14110780264363
925644,70.95332304243306
925645,73.24977687111593
925646,74.80017696086361
925647,70.24749469663831
925648,57.925770835889935
925744,35.71429037861908
925745,43.4723296438034
925746,47.42261916558338
925747,53.73929676914165
925748,60.77036113754107
925749,65.7169462997424
925750,68.3691034542833
925751,70.29989226382571
925752,70.87753091159546
925753,68.6328497608865
925754,66.11311310280584
925755,65.13964525848662
925756,67.53706431376864
925757,70.76182620641121
925758,73.78149595910715
925759,74.44640500365517
925760,73.83904172216158
925761,72.59994874250468
925762,72.50938740728398
925763,72.48245842452012
925764,72.5712921432232
925765,73.52709519697234
925766,73.7093161351695
925767,72.82405186622428
925768,71.4896487956834
925769,70.78763562446123
925770,71.0317212903312
925771,70.07309789114379
925772,70.70946882779727
925773,73.56026955941476
925774,75.41158678291471
925775,71.03205310632254
925776,59.9077039372367
925872,31.45838208323102
925873,39.468863565600905
925874,44.48051812689848
925875,50.279322021114034
925876,56.76179983407295
925877,61.4164032809211
925878,65.5922943188955
925879,67.96567689963264
925880,68.24798482251727
925881,65.87861911200837
925882,63.367827945937286
925883,63.435310996655886
925884,67.09249516387307
925885,71.08272354738827
925886,74.32617180799862
925887,75.72970436200282
925888,75.52966290736148
925889,74.45672401695616
925890,74.08627645297365
925891,73.967870343366
925892,74.7474099844785
925893,74.72844449991038
925894,74.52169257020718
925895,73.31809693557385
925896,72.1129678178188
925897,71.51453437211447
925898,71.61000388678083
925899,70.60944388723577
925900,71.28184395892454
925901,74.27969586105401
925902,75.5803794424955
925903,70.30340465864437
925904,59.16954274876891
926000,26.200757833893988
926001,34.30998494934445
926002,39.20423493793447
926003,44.10645558593919
926004,49.26884363424387
926005,54.5691757277948
926006,58.95297270879137
926007,62.4051082120949
926008,63.15083573390661
926009,60.75606389671092
926010,58.9878576281322
926011,61.019581680605704
926012,66.13446426934674
926013,70.64935695114286
926014,73.15993216416933
926015,74.00904315816673
926016,74.69666011355163
926017,74.11500127917348
926018,73.98142567887743
926019,74.36595743222844
926020,74.8421212315687
926021,74.04150732594847
926022,73.50638407833624
926023,72.43083545584568
926024,71.57604064225171
926025,71.85484896350543
926026,72.37312592387586
926027,71.49770568315009
926028,71.8582769142904
926029,73.7327649592329
926030,73.97571717269419
926031,68.37228827184427
926032,56.882353209231205
926128,23.078738499405496
926129,30.553414988287752
926130,35.434330162099876
926131,39.6195125859087
926132,44.29022820989586
926133,48.39469166076525
926134,52.32976060158769
926135,54.564253962960855
926136,54.636786062213055
926137,52.62079886527629
926138,52.489079505006636
926139,56.66420453465021
926140,64.3378980343971
926141,68.7006951286295
926142,70.55655019652926
926143,71.13994834248722
926144,71.96719891480723
926145,71.83682961685048
926146,72.4418426740578
926147,72.83553585169294
926148,72.88038403993987
926149,72.43177758722467
926150,71.68956495212966
926151,70.72246667040989
926152,71.24134902614632
926153,72.1157987022366
926154,72.67215148206746
926155,71.97479538731142
926156,70.92458459459911
926157,71.53643138540629
926158,70.47747922678919
926159,64.98576929364002
926160,53.52783569161348
926256,20.807698395283644
926257,27.746848314713436
926258,32.094976034779464
926259,36.108575547835336
926260,40.07833487301629
926261,44.63285422188337
926262,48.24073368816169
926263,50.29611551543778
926264,50.75391112641716
926265,49.13872814434509
926266,49.20178006179693
926267,54.64529494685904
926268,62.99172408138599
926269,67.9387674890988
926270,70.10093171748693
926271,70.92013721472938
926272,71.69836329720539
926273,71.62183790854728
926274,71.1286023835491
926275,69.93415633319557
926276,69.38928666370911
926277,69.0937213227796
926278,69.41275289768147
926279,69.99143998335684
926280,70.98042168007278
926281,71.92829106592053
926282,72.34607666906638
926283,70.78363643060634
926284,69.58512189462091
926285,69.51928620048712
926286,68.53874231643191
926287,63.00247784679565
926288,51.39401204565303
926384,17.854700013631657
926385,24.163989248736073
926386,28.433675099461077
926387,32.22274706529794
926388,36.89267287397192
926389,42.153478053227545
926390,46.403013000179506
926391,49.18857227974206
926392,50.429891602067734
926393,49.91950766937723
926394,51.00323669588398
926395,55.752494068737185
926396,63.45904496398705
926397,67.87481529342786
926398,69.92162831162914
926399,71.00740060108596
926400,71.77029607959828
926401,71.4380772015055
926402,70.04615533102714
926403,68.02568185891201
926404,66.72807079787215
926405,66.9257236690612
926406,68.46181538153017
926407,69.01959583204963
926408,70.12964201902584
926409,70.28281122717479
926410,70.17434594534969
926411,69.42450637654167
926412,67.8367689962613
926413,66.95948899312661
926414,65.34901013578988
926415,60.740771431801825
926416,49.437887158815144
926512,14.64312272161042
926513,19.860488052989734
926514,24.026022358846973
926515,28.26995206805002
926516,33.74919401277455
926517,39.2651828321301
926518,44.29261822055102
926519,47.372712131761816
926520,48.84004810922841
926521,49.48256870574295
926522,50.6609848987902
926523,55.45684238327534
926524,62.282939824131645
926525,66.29064784817724
926526,68.24240388477138
926527,69.56772852050523
926528,70.5813516433322
926529,69.93338143732257
926530,68.65114744287432
926531,66.36474237402746
926532,64.97763077990626
926533,65.46603342386622
926534,66.59639084386288
926535,66.93617290293903
926536,66.74457966703817
926537,66.60690674027447
926538,65.86530982914839
926539,65.238142100201
926540,64.25472258666404
926541,62.39044339198851
926542,60.34648420345225
926543,56.02279416835476
926544,46.22141540423482
926640,12.188876789769061
926641,16.721777916009156
926642,20.728873440408606
926643,24.222153818240454
926644,28.804539269892363
926645,33.310943891329615
926646,37.592535568685314
926647,39.92334635967479
926648,41.787596393365384
926649,42.55836973992359
926650,44.54261755855043
926651,49.39739141715482
926652,56.61543942632956
926653,61.573120545968834
926654,64.47354630163876
926655,66.17963571683137
926656,67.46853201414581
926657,66.81344619103488
926658,65.10309008090606
926659,62.41402551020719
926660,60.680565085736866
926661,61.63943186633576
926662,63.10593032168034
926663,63.550001420823165
926664,63.53698613481306
926665,63.013213314117415
926666,62.38091194228211
926667,61.54581597074074
926668,59.68587423610309
926669,56.85157431118373
926670,54.292776876817264
926671,50.55238580231005
926768,10.088958393825672
926769,13.756617312616665
926770,16.84364080651669
926771,18.546532495239987
926772,21.014641408538385
926773,23.97042046388457
926774,26.047114966834634
926775,26.832883569023437
926776,28.36238807069852
926777,29.430526319411072
926778,31.793656042240922
926779,36.97897977562352
926780,44.61725331939754
926781,51.57624840626886
926782,57.325626813219806
926783,60.5893658559856
926784,61.87627447315849
926785,60.66935659308674
926786,58.464384678686876
926787,55.577951643907255
926788,54.29288410433418
926789,55.286874232833085
926790,56.87949960371801
926791,57.89946728563992
926792,58.775236767281555
926793,58.84247049875711
926794,58.62617665656158
926795,56.33670883187588
926796,53.25713609117221
926797,49.44696934114763
926896,7.601008848680604
926897,9.40627338998427
926898,11.156403190568886
926899,12.654273251552281
926900,15.441142891071372
926901,17.893816292109012
926902,18.989079029481648
926903,18.977243437366884
926904,19.665114889436513
926905,20.69609139396209
926906,22.22919686445679
926907,25.958360151555603
926908,32.33707914426347
926909,40.42741457726549
926910,48.538695220592395
926911,53.30480701233554
926912,54.64261266217847
926913,52.96938322315517
926914,50.11856463841586
926915,47.56529891029877
926916,46.79953182654932
926917,47.892459514613776
926918,49.43683262639513
926919,50.303725639825196
926920,50.60881137120164
926921,51.75298938778619
926922,51.68591210224037
926923,48.95956676750984
927024,4.991406989963082
927025,5.431369115146577
927026,6.708956126393574
927027,9.06740212355443
927028,12.787770888866149
927029,15.748643020536248
927030,15.778947359361487
927031,14.816590290182605
927032,14.93675530121585
927033,15.59176679252108
927034,17.408480722378712
927035,20.279508511202113
927036,25.068473417463572
927037,33.27616940023216
927038,42.11474777129502
927039,46.973438667745064
927040,47.61270826889844
927041,45.80027254772291
927042,42.847603594748776
927043,40.68021672863668
927044,39.83226106096483
927045,40.86385139717366
927046,42.19859375343944
927047,42.397613559899156
927048,42.381667301540254
927049,43.62991911287149
927050,43.681284844953396
927152,3.3503231554625605
927153,3.666846920755358
927154,4.929461992137289
927155,7.916190375122201
927156,12.229917250785604
927157,14.771976870548324
927158,14.164943451998118
927159,12.233371685843982
927160,11.525687239476712
927161,12.692135834898265
927162,15.2968860938127
927163,18.13980183710753
927164,22.093610663467693
927165,28.794075650897756
927166,37.10598680231744
927167,42.01002848611992
927168,43.04508411163303
927169,40.80510641694054
927170,37.5280785826732
927171,35.41671369311177
927172,34.60735467184555
927173,35.36610034440701
927174,36.134294619134415
927175,35.59483812783468
927176,34.70030216106923
927280,2.4183192251491366
927281,2.9102522217641402
927282,4.311765489995378
927283,7.734517454257913
927284,12.686239267495068
927285,15.912681867116575
927286,14.472212378118892
927287,11.59167153359267
927288,10.61771640300916
927289,11.764565252912695
927290,14.518188699601238
927291,16.886204536270633
927292,19.532224711676964
927293,23.8269521876695
927294,29.718623257841774
927295,34.83815706044476
927296,37.42761497872774
927297,36.18300865169585
927298,33.33279799598727
927299,31.245134195851644
927300,30.744371886504105
927301,30.960768685602112
927408,1.8699367032669074
927409,2.330451932491629
927410,3.918594432085942
927411,7.7226930009288255
927412,13.190796247672544
927413,16.816400971332044
927414,14.941488776553719
927415,11.399084203123351
927416,10.102303935997083
927417,11.341905268966697
927418,13.853916948903194
927419,16.137078753722925
927420,17.49824267082735
927421,19.613871302387185
927422,23.136937436688825
927423,26.57415366067909
927424,28.605130190162726
927425,27.867859309633122
927426,25.38515636797306
927427,23.256085339015236
927536,1.5720566948203558
927537,1.9925222413830421
927538,3.5861631041061126
927539,7.089493410623914
927540,12.305423574769247
927541,15.717419833518361
927542,14.030727995543778
927543,10.637492091790932
927544,9.412186649852043
927545,10.476672858324715
927546,12.756540148230956
927547,14.71132958493455
927548,15.632763400087223
927549,16.898148561939312
927550,18.666259914378568
927551,20.307192351825176
927552,20.849541317366683
927553,19.61330162970591
927554,17.277405658195395
927664,1.2629026379338413
927665,1.6770954079929392
927666,3.085935598519811
927667,5.723531554092407
927668,9.356618663048506
927669,11.78437710330908
927670,10.99077975723058
927671,8.821410104579982
927672,8.061867029314703
927673,8.84518241274384
927674,10.389803389855862
927675,11.960592982219943
927676,13.226791560366966
927677,14.108111971178229
927792,1.02659567590773
927793,1.4735124113051856
927794,2.57926958834879
927795,4.2521556897271084
927796,6.162023417775053
927797,7.423534123618792
927798,7.455367684181212
927799,6.652467667774975
927800,6.6801916744722805
927920,0.8662522422066582
939952,3.654682588632574
939953,5.608579768508784
939954,5.990484815296544
939955,5.27701266919704
940080,4.601379960638533
940081,6.96313017992999
940082,7.242252183413772
940083,6.3537662039795215
940084,6.599633354664239
940085,9.677680880921558
940086,14.562160723170065
940087,18.65061579334913
940088,19.48957333244817
940089,18.92069990181399
940208,5.248164986743225
940209,7.756332811869841
940210,7.864544108331336
940211,7.1906997248527365
940212,8.834528601570979
940213,13.891750964283476
940214,21.005015347197162
940215,26.380811053578128
940216,27.241996599783878
940217,25.92185874958424
940218,24.736361385876297
940219,23.260026559316408
940220,21.140536920024875
940221,19.735803121494246
940336,5.983038315121684
940337,8.514128915583889
940338,8.815054672224276
940339,9.06038747535592
940340,12.258401457284235
940341,19.250790233677257
940342,27.57613644793468
940343,33.11112006068771
940344,33.651040868906506
940345,32.04294563887039
940346,30.378331517342712
940347,28.752804515673926
940348,26.503051191236807
940349,25.636135958024884
940350,27.807877567631888
940351,32.70562783239747
940352,38.338184853751514
940353,42.33781186112648
940354,44.41540774694551
940464,7.0072117115448656
940465,9.926701524284264
940466,10.90511300691275
940467,12.58995399920171
940468,17.630091870717514
940469,25.563516326939332
940470,33.190167915716394
940471,38.013440145789254
940472,38.57993933349207
940473,37.192771295914284
940474,35.465281911522844
940475,34.099924676977544
940476,33.08412582368074
940477,32.71182869015938
940478,35.19856656285259
940479,41.61871897968487
940480,49.5440997244514
940481,55.13749766023093
940482,57.71624663331034
940483,58.44232143086465
940484,57.04374624020002
940592,8.655919187201993
940593,12.256724241658782
940594,14.405428953146096
940595,18.258735178571808
940596,25.846753408815985
940597,34.31810408736122
940598,41.67382028612359
940599,46.41093534313995
940600,47.459792551562764
940601,46.62904672208666
940602,45.57139935993889
940603,44.35681324073671
940604,43.955576211250715
940605,43.7260506193063
940606,46.27466793873499
940607,51.71660198715954
940608,58.663958422057576
940609,62.95653756161172
940610,65.29579405439787
940611,67.10491929379606
940612,67.70696373804897
940613,67.39581745558496
940614,64.90443619208548
940615,59.9428680260418
940720,12.023535441189294
940721,17.09737984051912
940722,21.82066092623667
940723,28.699838616831546
940724,39.10716294702523
940725,47.98884817388627
940726,55.35965098113753
940727,60.16011290258179
940728,61.76044600961295
940729,61.450113405955804
940730,60.3639583924918
940731,59.44326892783142
940732,59.02235759700079
940733,59.37941049625252
940734,60.6599339713495
940735,63.123404299702074
940736,65.93162445559803
940737,67.83376840622651
940738,68.83858621584483
940739,70.35709253476055
940740,71.26197502061588
940741,71.80954965412582
940742,71.18537020807183
940743,68.27566294104183
940744,63.8262132914326
940745,57.71413861722021
940848,19.577406500717498
940849,28.400679259632902
940850,36.09545309572825
940851,44.4569364720404
940852,54.519319996618435
940853,61.483064352119634
940854,66.35538729266266
940855,69.17280768349691
940856,70.06656979758792
940857,69.4989049324802
940858,68.69170741357634
940859,68.18043347735215
940860,67.45538566061275
940861,67.47271582533567
940862,68.14420180985871
940863,68.57638607374452
940864,69.39227843994405
940865,69.98032865055126
940866,70.8414508808336
940867,71.34280025570386
940868,72.10057625939403
940869,72.03201183846926
940870,72.60355316137856
940871,71.89095106416441
940872,70.06895855068956
940873,66.79705074927693
940874,61.268148710419226
940976,33.432794390860195
940977,42.9499787459016
940978,49.42608577147071
940979,55.80590102640711
940980,63.60084999863322
940981,68.13678914994898
940982,70.66209106735478
940983,72.20918943801392
940984,72.82532893103858
940985,71.34424000304065
940986,71.04785283097014
940987,70.57282358526116
940988,70.6163813120375
940989,70.36899191302884
940990,70.4741923311239
940991,70.1534409875831
940992,70.25531934969236
940993,70.95974106194171
940994,71.89064830255596
940995,71.91807873695917
940996,71.64597248106283
940997,71.34120556727059
940998,72.21994711704238
940999,72.657500572875
941000,72.88164743884165
941001,71.93124733444265
941002,68.91913805146663
941003,63.56065956836339
941104,47.40842173684819
941105,54.76289450282741
941106,56.0429468035861
941107,59.097674619409965
941108,65.10712473368505
941109,69.06169156784321
941110,71.86808670420113
941111,73.12058691394465
941112,73.18076266518452
941113,71.69741399239311
941114,71.36217998952483
941115,70.95851275433347
941116,71.32429136865204
941117,71.40399726111748
941118,71.15101331029673
941119,70.50749448095424
941120,70.40488140000136
941121,70.87630954154294
941122,71.84568237815282
941123,71.8460989500906
941124,71.559840441486
941125,71.37085710853927
941126,71.98560760182951
941127,73.07501032837548
941128,74.19168892075204
941129,73.53092525051703
941130,72.23078626786585
941131,69.66237348121673
941132,65.7931948125199
941133,60.061473265585164
941134,53.80663289548295
941232,50.13821998570159
941233,57.56635719350287
941234,57.665680214258416
941235,60.01101838541742
941236,65.25045248265727
941237,70.24294409743008
941238,73.18539013884583
941239,73.99429968876163
941240,73.24784754537899
941241,71.99752386738896
941242,71.28596186521884
941243,70.96601584079433
941244,71.46758614716235
941245,71.54703986909911
941246,71.81816992393836
941247,71.47890703740913
941248,71.18795248462321
941249,71.43290138045572
941250,71.7008372671455
941251,72.05374738383173
941252,72.29119799042772
941253,72.42652994073745
941254,73.48624269627304
941255,73.57505944060125
941256,73.94853185875047
941257,73.46704458259192
941258,73.05406099014262
941259,72.11935029840677
941260,69.6566710705312
941261,65.56280744576407
941262,59.76207950080714
941263,52.61245524177132
941264,43.823683416351045
941360,48.24239897312525
941361,56.90746546982341
941362,57.7923832276398
941363,60.022902824399864
941364,66.03577112446376
941365,70.75065428722397
941366,73.82285246440661
941367,74.46469618471019
941368,73.47610302939408
941369,72.08054590346963
941370,71.56224697689053
941371,71.0437891050475
941372,71.84364444532483
941373,72.15418906491841
941374,72.82065327717497
941375,72.91551379837058
941376,72.77451202623439
941377,72.76654362209564
941378,72.55426040817149
941379,72.69313580082073
941380,73.50926497786887
941381,74.07879326335653
941382,74.5318685837978
941383,74.02411682565747
941384,73.69356366980418
941385,72.8399478450916
941386,72.71820904861255
941387,72.08284114436874
941388,71.37013523130076
941389,68.68048544478795
941390,64.03018948306668
941391,57.59788879118689
941392,47.62656019801371
941488,46.9129129870816
941489,56.20491481090529
941490,57.21618473140406
941491,59.910782741934085
941492,65.99339394616295
941493,71.09006637476259
941494,74.16213438073144
941495,74.40410915530005
941496,73.19458321865505
941497,71.85414493433586
941498,71.58216593934972
941499,71.70497102829601
941500,72.1316900384951
941501,72.60660051099629
941502,73.61389380356233
941503,74.41316038776333
941504,74.06021860777221
941505,73.90069598954416
941506,74.116916161515
941507,74.18291972326945
941508,74.70703160400882
941509,74.46744166396113
941510,74.39330194532847
941511,73.67823998260126
941512,72.89019886308323
941513,72.62832459642385
941514,72.16970105249798
941515,71.88220834543326
941516,72.00025956377351
941517,71.16105122090923
941518,68.8660465738666
941519,62.99921139678193
941520,52.39028134280617
941616,47.064130790130505
941617,56.17124792054285
941618,57.73061735728983
941619,60.382506505827635
941620,66.71622695384637
941621,71.38726590363206
941622,74.35762652413696
941623,74.46344952734279
941624,72.95585743436706
941625,70.9731562713808
941626,70.87298756493976
941627,71.31063862375574
941628,72.47514431723191
941629,73.4751428308046
941630,74.85787035878573
941631,74.3417908374529
941632,73.78526549295412
941633,73.60527811521614
941634,74.64924258167518
941635,74.50454272068956
941636,74.98263592793789
941637,74.05908298293399
941638,73.70693769380281
941639,72.71836810116787
941640,72.58563500493965
941641,72.21631841593921
941642,72.75807853929938
941643,72.35344921352072
941644,72.66124060852317
941645,73.73371367273917
941646,73.06262081861367
941647,68.05772544747026
941648,56.82597894790679
941744,46.67533011768967
941745,56.009027733243414
941746,57.24258489653178
941747,59.94027989105381
941748,66.2179967414409
941749,71.32400798069905
941750,73.66497775947421
941751,73.71001978614997
941752,72.22024521129643
941753,70.93765152395315
941754,70.957145205934
941755,71.21594970615162
941756,72.36158515205211
941757,73.18514966387147
941758,73.633409772968
941759,72.69629508647012
941760,71.75540370188152
941761,71.74296313793128
941762,73.07403102469067
941763,73.03698601222177
941764,73.55457143446458
941765,72.28370177114081
941766,71.56380991119221
941767,70.82873093051701
941768,71.45694724036773
941769,71.83924212482837
941770,72.48432900406398
941771,71.95101643375534
941772,72.9746788621577
941773,74.9604821967274
941774,75.19154465099417
941775,70.3217262996321
941776,58.4771744780702
941872,45.020053228245395
941873,52.90773749402197
941874,53.31361530648711
941875,56.8551144851389
941876,63.962006910863145
941877,69.3972181205963
941878,71.76040104399915
941879,72.38177586326357
941880,72.31818870707187
941881,71.04143851300654
941882,70.5358952945058
941883,71.16768004995302
941884,71.8403049055875
941885,73.05426599250882
941886,73.14439558787133
941887,72.13670638507477
941888,70.28519535692955
941889,69.99829468091835
941890,70.76852145597857
941891,71.94292794168267
941892,71.66617228665572
941893,71.10667897154406
941894,70.85954111349372
941895,70.80811373735398
941896,71.41961937621035
941897,71.38792005250811
941898,71.28219308804283
941899,70.64098129617697
941900,71.28111592864332
941901,73.80037311451224
941902,74.67138102798613
941903,70.22772218496897
941904,58.613005401226076
942000,41.481376525546715
942001,49.12735785305381
942002,50.94507002429226
942003,54.786202139229005
942004,61.16706948533676
942005,65.96253740040193
942006,69.28420694926822
942007,71.1238884263771
942008,72.35606647911371
942009,71.2033468262679
942010,70.00395574367514
942011,69.87740707990764
942012,71.2129943953874
942013,73.4176347837804
942014,74.8956536267486
942015,73.49303257802994
942016,71.57064230689379
942017,70.04498119980768
942018,70.34543644671238
942019,70.24341956797167
942020,70.64091182468341
942021,71.12298523549502
942022,71.68860264248835
942023,71.52345529664834
942024,71.73048897818023
942025,71.93076919490497
942026,71.71849099642071
942027,70.79732963828843
942028,70.80677433315238
942029,72.59660899676425
942030,74.28546810185529
942031,70.53144150902602
942032,58.748983204521515
942128,36.321739709617184
942129,44.97125768908544
942130,49.223026531363914
942131,54.66836505505881
942132,60.806899615719395
942133,64.90975088593362
942134,67.60092867626777
942135,70.09600694592936
942136,71.41948316349723
942137,70.10232576587339
942138,68.269581343391
942139,68.10332514182404
942140,70.18713595779114
942141,73.31088088623076
942142,75.72176919231372
942143,75.73949225270344
942144,74.45452052732598
942145,72.9001731744469
942146,72.45495970674801
942147,72.13291284419948
942148,72.81329476146333
942149,73.2849882336477
942150,73.47876071243394
942151,72.6912343785484
942152,71.33376835316203
942153,71.06493836207976
942154,71.19445313942222
942155,70.07896391521906
942156,70.01793128706367
942157,73.29882707424663
942158,75.05575381874252
942159,71.33991885983271
942160,59.971233963775646
942256,30.152571938461175
942257,39.22139342004442
942258,45.934905295348365
942259,52.03465452538651
942260,57.5037550619281
942261,61.52152442958756
942262,64.84843011231517
942263,67.79447681416472
942264,69.52218888625595
942265,68.02781089780807
942266,66.11865118452057
942267,66.54300011163477
942268,69.01095959386345
942269,72.8094590748
942270,75.65967423077268
942271,76.31958328243083
942272,76.07075960883091
942273,75.25790050248443
942274,74.74718448202918
942275,75.01140875449187
942276,75.28413138227624
942277,75.32443842570346
942278,74.69656189892807
942279,72.98865854631671
942280,71.72230758770408
942281,71.30850915803055
942282,71.75455952970256
942283,70.78139357041884
942284,70.7241466920868
942285,73.66949285464602
942286,75.48866571374258
942287,71.28198756254952
942288,60.23483053630378
942384,25.698643615986306
942385,34.78721241910375
942386,41.64859486375517
942387,47.2215688648406
942388,52.39834996137514
942389,56.93507887633261
942390,60.81777916301987
942391,63.92732600464173
942392,65.14272945124374
942393,63.271520429759754
942394,61.36045170703696
942395,62.51485478121101
942396,66.99696617148838
942397,70.66595112046956
942398,73.11312244159899
942399,74.04915607333365
942400,74.70586480308482
942401,74.30179218550006
942402,74.5584107344726
942403,75.10323006672728
942404,75.56675428862386
942405,75.09005364059944
942406,74.17435598422817
942407,72.70941152778344
942408,72.27365401008477
942409,72.45937839595312
942410,72.86084938116328
942411,71.78560221704191
942412,71.6985223658438
942413,73.34825575391109
942414,74.03774458803254
942415,69.22636130983977
942416,57.866611170733286
942512,22.6661088103579
942513,30.523994785549988
942514,36.78492387790354
942515,42.07093550272232
942516,47.00675067298022
942517,52.13821950296864
942518,56.2700268026722
942519,58.70774271411428
942520,58.83350173804006
942521,56.90633839883809
942522,55.1473333270279
942523,58.42233599831773
942524,64.5013025031374
942525,68.53300266565924
942526,69.93597380374028
942527,70.78823825589798
942528,71.47393259555564
942529,71.72502075715599
942530,72.48371311649245
942531,73.45789407144736
942532,73.61012668495458
942533,72.88065304044069
942534,72.47367400879638
942535,71.7614736565653
942536,72.44098299944673
942537,72.79182499502605
942538,73.06107397752152
942539,71.73262127469913
942540,71.0098852530007
942541,71.98734198793534
942542,71.26799027366131
942543,66.12180748100982
942544,54.65662487358007
942640,19.359724561402643
942641,26.230887459617964
942642,31.416724302183997
942643,36.83866328045971
942644,43.27945238770068
942645,48.72507995272463
942646,53.60918880924208
942647,55.96615985361989
942648,56.52235277503386
942649,54.466279699178415
942650,53.56829374000485
942651,57.15581074674852
942652,64.12911423140692
942653,68.47918560045032
942654,70.58298471416094
942655,71.40942690533116
942656,72.11003232390509
942657,71.76796989094916
942658,71.20639857132302
942659,70.63625580057372
942660,70.1145292448916
942661,70.10849793564486
942662,70.7945374981563
942663,70.92692210219299
942664,72.30835378827454
942665,72.67683475436485
942666,72.35101863217844
942667,71.15214788339065
942668,70.42801592691148
942669,70.55973498816235
942670,69.93252309808673
942671,64.97940658616245
942672,53.128972798295734
942768,15.837647213424335
942769,21.516856089005863
942770,26.747156311703343
942771,32.407570856272834
942772,39.01000984827842
942773,44.84174604635303
942774,49.418656713515674
942775,52.32010878309529
942776,53.290521951473366
942777,52.32421139517218
942778,52.48909996383331
942779,56.4894426924875
942780,63.91998161105292
942781,68.18635481941311
942782,70.83474074174053
942783,72.43486634091637
942784,73.08175815985555
942785,72.47514307851462
942786,71.0741023527978
942787,69.33204582009901
942788,68.2913066610555
942789,68.59863645358682
942790,69.66286701621499
942791,70.29903204558869
942792,70.08947857455261
942793,69.82306919386357
942794,69.61787717161303
942795,69.05014190894839
942796,68.69000016461506
942797,68.43712181525015
942798,67.44987929135416
942799,62.999046237194214
942800,51.577993962009074
942896,13.001337048373108
942897,18.063184579619033
942898,23.030759378430485
942899,28.632539648381076
942900,34.76536246479316
942901,40.33571673202112
942902,44.29515935989151
942903,46.588619187176505
942904,47.91163079965728
942905,48.29930746507952
942906,50.202333079754396
942907,54.84677376259168
942908,62.243298429856125
942909,66.42079613313291
942910,69.26134229237242
942911,70.7686112705716
942912,72.54007163903529
942913,72.34384479749856
942914,71.50285487537107
942915,69.62331695668529
942916,68.46141876639032
942917,68.65354395054663
942918,69.38846434352293
942919,68.94404237677998
942920,68.18313648400024
942921,67.07913312844158
942922,66.65147516486246
942923,66.2393877320254
942924,65.4727502116179
942925,64.12588457886275
942926,62.700026470455164
942927,59.01189785984229
942928,48.72081525799571
943024,11.401688546061552
943025,15.583220293960936
943026,20.44159674273582
943027,25.138638541804017
943028,29.999857643195565
943029,34.32156975523671
943030,36.62434677649465
943031,38.057021920825065
943032,39.71113798571975
943033,40.97101361875876
943034,43.536854014042966
943035,48.70556296289002
943036,55.29346401346255
943037,59.81748030643676
943038,63.00141476075427
943039,65.87117915908475
943040,68.82778165216779
943041,69.758682279128
943042,69.15985757130368
943043,67.37258405550554
943044,66.17480037088302
943045,66.18415632254015
943046,67.00083485133473
943047,66.55281020461783
943048,65.37186107532472
943049,63.66028278719851
943050,63.2108633558701
943051,62.13319327745821
943052,60.94290250819613
943053,57.77411071036862
943054,55.046523050129515
943055,52.050821896538245
943152,9.462097928946633
943153,13.195544741906977
943154,17.1479071494681
943155,19.979139211761932
943156,22.79137183635081
943157,25.49848218590219
943158,26.820590834481482
943159,27.27750991169737
943160,28.44772189794008
943161,29.88000799726995
943162,32.2581747299471
943163,36.71154422329131
943164,42.925440775741286
943165,49.12316787941716
943166,54.50107399688154
943167,58.66065898477198
943168,61.29991618217871
943169,62.11009287503954
943170,61.960923996406855
943171,61.00275174370886
943172,60.321319331625936
943173,60.666971399883835
943174,61.49806716003264
943175,61.22483430022623
943176,59.83728859943173
943177,59.28934296231965
943178,58.67909636876723
943179,56.77171162997301
943180,54.228215309201545
943181,50.90946537310736
943182,47.810640121007594
943280,7.2155759620176445
943281,9.410063541806334
943282,11.987966315363122
943283,14.336055164767705
943284,16.64835515484142
943285,18.746236589776018
943286,19.390268713091
943287,19.252750768845825
943288,19.80140167758053
943289,20.657439009844964
943290,22.255267080359445
943291,24.878584891253986
943292,30.28545278050449
943293,37.804035375889356
943294,46.04572634004308
943295,51.5590870521779
943296,53.41625418215946
943297,53.65116175656488
943298,52.985530767562736
943299,51.77826698322731
943300,51.711877482041366
943301,52.43046798188499
943302,53.62916906645524
943303,53.53360632509771
943304,53.447688344292295
943305,53.95395101602415
943306,53.41357817967589
943307,50.92791334352413
943308,47.126897475155936
943408,4.708269389739181
943409,5.440747260175385
943410,6.760003086700103
943411,9.698669861094078
943412,13.421160049382896
943413,16.106377887710657
943414,16.104072478245147
943415,15.07630811744578
943416,14.997769064814792
943417,15.496152787230766
943418,17.139147009907457
943419,19.255210580381416
943420,23.635837975378205
943421,31.949443420186192
943422,41.68883754513884
943423,47.67216250971157
943424,49.10168233914381
943425,47.675145629501095
943426,45.07934100924715
943427,43.17787370029722
943428,42.99750176103496
943429,43.66282790164617
943430,44.83798840400492
943431,45.55857020960685
943432,46.31602083052511
943433,47.6410112071177
943434,47.61242044769144
943536,3.452660279295667
943537,3.463831428353497
943538,4.810397442263252
943539,8.077621894853944
943540,12.82015669086687
943541,15.62188629463052
943542,14.478259161056563
943543,12.266670296572848
943544,11.68233063970287
943545,12.490060408416378
943546,14.996684222581932
943547,17.36059337591162
943548,21.493724914241998
943549,28.999683323009442
943550,38.671500230733976
943551,44.559801740972944
943552,46.283731940554425
943553,43.74230847866692
943554,40.20046226649648
943555,37.724434236461036
943556,37.156388185852805
943557,37.694543254901696
943558,38.45585149393164
943559,38.71240243169277
943560,39.11754092925362
943664,2.907363498519829
943665,2.8369720446517137
943666,4.231570963848672
943667,8.059946445625517
943668,13.42823093945
943669,16.456552247691857
943670,14.542435743711899
943671,11.342191651682954
943672,10.232726305961851
943673,11.573053825979041
943674,13.96477073596102
943675,16.443953336562398
943676,19.098647605555747
943677,24.558222586989334
943678,32.36695696230423
943679,38.56413905805634
943680,41.511548502818734
943681,39.94805401753675
943682,36.69652356203981
943683,34.455417487526795
943684,33.984090568654246
943685,33.83257598798516
943686,33.86486685528626
943792,2.596845332775
943793,2.584389105359321
943794,3.918560796220785
943795,7.544174973320053
943796,12.773390341151325
943797,15.787465999660101
943798,13.871774555562826
943799,10.487064816779004
943800,9.37598965750456
943801,10.622715032878617
943802,13.11217179454227
943803,14.955888819910513
943804,16.324554516774732
943805,19.720213038585136
943806,25.078788194912878
943807,30.02785912893598
943808,32.84444463121317
943809,32.25907006094781
943810,29.461412267786674
943811,27.67415809892139
943812,26.65045803606038
943920,2.292130814736203
943921,2.209674319409622
943922,3.4232520789866947
943923,6.296028441582234
943924,10.214649227661056
943925,12.505818247525424
943926,11.206142447816621
943927,8.943308428922878
943928,8.259533359055078
943929,9.23354345355212
943930,11.109586949320732
943931,12.605332038103892
943932,13.808908178777536
943933,16.107424622339014
943934,19.39271929640809
943935,22.025362043169363
943936,22.776328706182483
943937,22.025996206766884
944048,2.0390345534867578
944049,1.8939649947283246
944050,2.831780140128156
944051,4.574297057357256
944052,6.721418952072663
944053,8.049148159828997
944054,7.809133158542703
944055,6.864872490883698
944056,6.76199879479302
944057,7.379914560084622
944058,8.270746523208892
944059,9.636847697752543
944060,11.132166115665934
944061,12.96490057020928
944062,15.463906391983622
944176,1.7160772493815493
944177,1.5268359751663318
944178,2.131296930023413
944179,3.3709293801603324
944180,4.628149409438701
944181,5.505110369912358
944182,5.612273285183161
944183,5.3089732248060395
944184,5.370647523292062
944185,5.751241964212373
944186,6.5478115372592125
944304,1.4604424756151004
944305,1.3117339277586983
944306,1.668920144768807
956336,3.3273905675040174
956337,5.82740552132883
956338,7.293312236218256
956339,7.864934132806746
956340,8.737941265543148
956341,10.85398930267771
956464,4.420217586973019
956465,7.540140466685344
956466,9.257147619418806
956467,9.936582578760195
956468,11.676136854082662
956469,15.026368169826217
956470,18.92645278849724
956471,21.50363866683371
956472,21.380516938192798
956473,20.45244512680471
956474,19.950646454086264
956592,4.956683821794923
956593,8.252361595889411
956594,9.932924535207961
956595,11.194113018569412
956596,13.873855289761828
956597,18.562054099963554
956598,23.13487746663931
956599,26.17227360916975
956600,25.822434897568822
956601,24.75739124648466
956602,23.86886654292702
956603,22.67117759480224
956604,20.025871369757777
956605,18.62543178165961
956607,25.49404714639682
956720,5.620823354742245
956721,8.852221274863107
956722,10.599736765145522
956723,12.681355301834271
956724,16.364937002720584
956725,22.187050125565015
956726,28.14265771477906
956727,31.48080555963162
956728,31.46850889373774
956729,30.563407294204254
956730,29.222971816080538
956731,27.784698742515744
956732,24.871308233552277
956733,24.292978129762787
956734,28.49021401765575
956735,35.535713253703555
956736,43.68345188071196
956737,48.66962635769112
956738,51.199194267626716
956848,6.6747767674494725
956849,10.281161779959287
956850,12.49433713657101
956851,15.748115154609065
956852,21.36048286850199
956853,27.97619644259838
956854,34.08412159416221
956855,37.62831839186625
956856,37.99156561102429
956857,37.40208053233932
956858,36.49144138120748
956859,34.87992371531116
956860,32.788114932447904
956861,32.757757482821816
956862,37.179743335295285
956863,45.16021964983614
956864,54.16044230822341
956865,59.98976281376728
956866,62.77577613140866
956867,63.22432450351639
956868,62.03963347771401
956869,59.738643427695386
956976,8.933508441162347
956977,13.27062891420315
956978,16.720720344084953
956979,22.041016107416908
956980,29.93749295479966
956981,37.8235956143369
956982,44.007203705538224
956983,48.03764751811836
956984,49.52126819091788
956985,49.52832969712287
956986,49.24277565310093
956987,48.72357944825156
956988,48.16584829530077
956989,48.36819020919555
956990,51.10765761111936
956991,56.18919578992951
956992,62.38223415121372
956993,66.02644810682527
956994,68.3372350345598
956995,69.39489043842863
956996,70.05157336213654
956997,69.40424715342925
956998,67.28208788875439
956999,62.574095497304825
957104,13.44688932088284
957105,20.403265224620878
957106,26.382546694168166
957107,33.91008999691391
957108,44.019074336589654
957109,52.13219302882153
957110,57.73163033876933
957111,61.78670959156857
957112,63.86797808198845
957113,63.99854083698811
957114,63.91307018643376
957115,63.595851794930525
957116,63.158590088500056
957117,63.42303093004213
957118,64.70205473865566
957119,65.93733202032543
957120,68.00596058809124
957121,69.43893868273835
957122,70.5378751937411
957123,71.72119310630214
957124,72.18686570995447
957125,72.72240366473234
957126,71.87694911760588
957127,69.8408581936714
957128,65.92767875389964
957232,22.285551547003227
957233,32.44728729228551
957234,41.256711969655335
957235,49.822428291754186
957236,59.22958792680426
957237,64.45034056156732
957238,67.45432873909667
957239,69.75512540175606
957240,70.65736550744941
957241,70.61409485301031
957242,70.73084666180144
957243,70.00406997227356
957244,69.90449328906742
957245,69.51895227707031
957246,69.74519958399951
957247,69.82933888389925
957248,70.39624595053189
957249,70.95751753409458
957250,72.03949246077987
957251,72.34901056386347
957252,72.5092258691825
957253,72.4947709837244
957254,72.74237193111406
957255,72.17473632440519
957256,70.86095197093381
957257,68.461549847455
957258,63.69826821874755
957360,37.096573440110376
957361,46.466839878142515
957362,52.525831948164125
957363,58.80013600818359
957364,65.30879831127523
957365,68.97084680731616
957366,70.44692059286491
957367,71.96429719872503
957368,72.64543836283242
957369,72.19495800857128
957370,71.54071501641356
957371,71.44650488219472
957372,71.51432070144735
957373,70.78266483273651
957374,71.2073319503929
957375,70.78265638217626
957376,70.87642315927873
957377,71.25293678548788
957378,72.82080463072336
957379,72.42012482598696
957380,71.93863064713416
957381,71.42047889258131
957382,71.6068396347831
957383,72.0097025783424
957384,71.74682579082558
957385,71.58750772322043
957386,69.70336088356889
957387,65.36765209744414
957388,59.53034130442608
957488,48.323064642053225
957489,56.00961767943572
957490,57.618442151501505
957491,60.38931636093486
957492,66.18124693770545
957493,69.92429907876239
957494,71.61406621154536
957495,72.92622012506877
957496,73.09045237629594
957497,72.28635604518973
957498,71.38848281583974
957499,71.40534717404026
957500,71.45935449342272
957501,71.19943707935509
957502,71.10529668232701
957503,70.46956738202721
957504,70.2825380267664
957505,70.74033177020243
957506,71.93320837769558
957507,71.79186463134397
957508,71.23282287885466
957509,70.55391753827243
957510,70.64584113562553
957511,71.42250430563111
957512,72.56289481655455
957513,72.7605151238648
957514,71.98071622772814
957515,69.99983995551436
957516,67.23532099423083
957517,63.3535947770561
957518,58.304818253045575
957519,51.89513132349247
957616,50.083573373999315
957617,57.8048327339449
957618,58.32552683162957
957619,60.744514946829675
957620,66.24604037082307
957621,70.4811251998259
957622,72.89104034954738
957623,74.30468258337343
957624,73.28976091814451
957625,72.03350422397799
957626,71.6514573606513
957627,70.9718790099388
957628,71.58174192722149
957629,71.67204651370855
957630,71.22894836695917
957631,70.64076860029509
957632,70.27557611690497
957633,70.49554346558293
957634,71.77240387552773
957635,71.59799829351073
957636,71.3538519141144
957637,71.01578637287543
957638,71.27935817047785
957639,72.41449563357395
957640,73.50496366715701
957641,73.69808349605005
957642,73.28812211362526
957643,72.19288181955356
957644,71.04276902633475
957645,68.13387272139602
957646,64.15578023671253
957647,57.87098694519938
957648,47.84018596393521
957744,48.43095508099237
957745,56.832076663789344
957746,57.58175984789382
957747,60.356812469863755
957748,66.49198589730592
957749,71.39887029368931
957750,73.62110143985817
957751,74.2350120944252
957752,73.38604565660599
957753,71.86525560146102
957754,70.94578852598457
957755,70.55553668308183
957756,70.64656145918674
957757,71.35590901141231
957758,71.96049558227753
957759,71.33664869360278
957760,71.4834304567925
957761,71.54477228336441
957762,71.77426317040272
957763,71.74919276957466
957764,71.72822748207889
957765,72.25589690016938
957766,72.82605637205135
957767,73.12886662455665
957768,73.49576581852439
957769,73.1842932499257
957770,73.1520704115616
957771,72.70779858447636
957772,72.37389399982598
957773,71.29456112433907
957774,69.13358371062208
957775,63.00092348147005
957776,52.605614700888346
957872,47.92242176200183
957873,56.01265741836876
957874,57.128287635536466
957875,60.08424460719135
957876,66.18410646833661
957877,71.36323920266423
957878,74.75253448851763
957879,74.33401736214137
957880,72.82081342977831
957881,71.27913155646218
957882,70.63131609922652
957883,70.42163959122486
957884,70.97053485714781
957885,71.70304292007023
957886,72.26388162041592
957887,72.87721928554853
957888,73.06839344297258
957889,73.44971801545525
957890,73.2499123874923
957891,73.10882765240135
957892,73.3180804021182
957893,73.72332988378815
957894,74.31867803677095
957895,73.97231330642457
957896,73.37691757848482
957897,72.72539231059991
957898,72.48180668305321
957899,72.68190638837157
957900,72.90907178034797
957901,73.64872339275239
957902,72.8020561887653
957903,67.64469997780309
957904,56.550262708590616
958000,48.228392149481145
958001,56.236544763509606
958002,57.28190872195684
958003,60.25584015565569
958004,66.10384113847145
958005,71.71302137165256
958006,74.43183411193418
958007,74.43497179208245
958008,72.59511480476354
958009,70.99969124717022
958010,70.62939744304992
958011,70.48324729377666
958012,71.2986465062725
958013,71.74403795484658
958014,73.4844273571772
958015,73.48856697814837
958016,73.55904899625074
958017,73.15356936406434
958018,73.92300678703236
958019,74.24061099656207
958020,74.4797362666314
958021,74.06425042894449
958022,73.50634962016707
958023,72.92057982536193
958024,72.40455626929314
958025,72.15608330918448
958026,72.14339731683238
958027,71.81564995450893
958028,72.86404361768265
958029,74.4114865166779
958030,74.59946713879447
958031,69.99575877776999
958032,58.764673742775614
958128,47.94171372118669
958129,55.99733681688263
958130,57.28983698435882
958131,60.16004360978549
958132,66.00933706855628
958133,71.54313304229677
958134,74.07308946493055
958135,73.55468917941859
958136,72.14884448325415
958137,70.36531027815879
958138,70.00472604546452
958139,70.87319674977206
958140,71.56722993794632
958141,72.85636289225236
958142,73.47374627236634
958143,72.63189677951644
958144,71.71004715168505
958145,71.94335992737024
958146,72.8701999292997
958147,73.63396856059376
958148,74.10440716536192
958149,72.58629100774105
958150,71.88433219014358
958151,71.32487756664143
958152,71.60948879952268
958153,71.60746084397152
958154,72.07135956004905
958155,71.4942658850991
958156,72.34616463040592
958157,74.06323741525503
958158,75.29350599294885
958159,70.90757554032774
958160,59.30699715209078
958256,46.14423941225683
958257,53.54451612335132
958258,54.75934097752111
958259,58.004063780252686
958260,64.76264321233295
958261,69.71609172176707
958262,72.60711451505226
958263,72.83227961067934
958264,72.0471855446093
958265,70.47427993763489
958266,69.98940851405682
958267,70.49188669018852
958268,71.79009046395018
958269,72.330891706368
958270,72.39211381104559
958271,71.48358117302921
958272,70.29166906870539
958273,70.17720313479538
958274,71.41943833523767
958275,71.52918437157176
958276,71.75171294916017
958277,70.83076017327026
958278,70.64054402750656
958279,70.31327717684462
958280,71.00538519594859
958281,70.9673355304016
958282,71.13485644748138
958283,70.18770158784693
958284,70.82203508563455
958285,73.38002617983636
958286,74.78832391529808
958287,70.36246659533036
958288,58.64685268381757
958384,43.0504267849891
958385,50.68808148229306
958386,52.790091592146744
958387,55.83518880244141
958388,60.97413421974145
958389,65.81374464488209
958390,69.31961284113713
958391,71.4468487470936
958392,72.67920747289507
958393,71.1576176101766
958394,70.41259162761189
958395,70.48575351092727
958396,72.33930648931187
958397,74.00003382919265
958398,74.52197081161036
958399,73.6730110762612
958400,71.43048532257478
958401,70.0547961284871
958402,69.99738517194021
958403,69.31046256089405
958404,70.0055659125902
958405,70.09512154020321
958406,70.87928754764056
958407,70.55887138981706
958408,70.69547480409224
958409,70.71683396622086
958410,71.24391007917778
958411,70.36584490936451
958412,70.09087273888461
958413,72.32377315944842
958414,73.74081440781588
958415,69.95530072736155
958416,58.19768631354999
958512,36.84811020142405
958513,44.9795469049497
958514,49.54561892388904
958515,53.783245060685715
958516,58.583049723786964
958517,62.39575522119179
958518,66.28131893537942
958519,69.41420124545982
958520,71.61544139794982
958521,71.07055998303387
958522,70.01248420866723
958523,70.48958644736113
958524,73.01439012704523
958525,75.43591280450512
958526,77.48686642103874
958527,76.62267839077457
958528,74.74861819935052
958529,72.67934388553299
958530,71.74425844688122
958531,71.31022395810203
958532,71.74492843327202
958533,72.24951976461695
958534,72.66547274023841
958535,71.70309334301625
958536,70.65504986941933
958537,71.27954278129131
958538,71.93008055913305
958539,70.58734301402578
958540,70.28380630994945
958541,72.58872964564532
958542,74.37252692654836
958543,71.11464239505952
958544,59.49118418911123
958640,28.92502799187529
958641,37.73152744187412
958642,44.475848838596285
958643,50.400502541105226
958644,55.832202094973034
958645,59.57874233108311
958646,63.726631872849
958647,67.15793009668725
958648,69.85275907644228
958649,69.43422957293761
958650,67.7989150811099
958651,68.46436984451856
958652,71.22437388253034
958653,74.77389398477278
958654,76.91719966203028
958655,77.55477425542364
958656,76.31794052534215
958657,75.13456729327729
958658,74.64105469233749
958659,74.92218796196572
958660,75.62574271254086
958661,75.35723959902049
958662,74.39047769265485
958663,72.66103637935441
958664,71.07364137189326
958665,71.32768745870048
958666,72.38222315313102
958667,71.22035590106857
958668,70.80828568001365
958669,73.01449538798268
958670,75.21258958479525
958671,71.59544402193171
958672,60.5362342789469
958768,24.382017683891288
958769,33.77695364198389
958770,41.44231054910192
958771,47.86950132010496
958772,53.572293692773506
958773,57.72860350857662
958774,61.45407164611802
958775,64.3107450116788
958776,65.72981108761688
958777,63.71518034894751
958778,62.3138284397994
958779,63.197664370213225
958780,66.32992568564859
958781,69.98928288446038
958782,72.62405889392072
958783,73.38976464353722
958784,73.35568474472814
958785,73.39965754502555
958786,74.42822671079885
958787,75.48796195857481
958788,76.5291024002968
958789,75.79040426433093
958790,74.61227022006089
958791,73.29924635853372
958792,72.6637743663723
958793,73.21418973900349
958794,73.78535653592255
958795,72.43286379397271
958796,71.85715023989381
958797,73.36609128680571
958798,73.81668792799125
958799,70.02972403801573
958800,58.48930611986695
958896,21.194260167430524
958897,29.86426862175629
958898,37.754921071380636
958899,44.42052610043853
958900,51.21849191366104
958901,56.253601596153416
958902,59.68602070952237
958903,61.83541811684987
958904,62.302779450476315
958905,60.1056641769249
958906,58.40019315711172
958907,60.06613341040615
958908,64.37993171275872
958909,68.10936813226486
958910,69.92671394055948
958911,70.21733835133892
958912,70.94716057330356
958913,71.5164278852081
958914,72.37092007215828
958915,73.2572608592822
958916,74.10815365617943
958917,73.3094002149801
958918,72.8012387673806
958919,72.62963849467454
958920,73.5164078329282
958921,74.1384495386248
958922,73.43368450173372
958923,72.78669984698232
958924,72.12922999345041
958925,72.29807030250232
958926,71.75486841687298
958927,67.76342877345947
958928,56.2516621351821
959024,17.273867411043486
959025,24.463293204249645
959026,32.04297981135254
959027,39.76221851820128
959028,47.464686885862086
959029,53.51609943314009
959030,58.01669898749436
959031,60.03087916970744
959032,60.68353147497237
959033,58.68030096521134
959034,56.976870120935445
959035,59.05836611840293
959036,63.62639767551914
959037,67.78929283561267
959038,70.39145200032077
959039,71.00950119929513
959040,71.67798194141328
959041,71.17118510644897
959042,70.75229924192156
959043,70.3753668400887
959044,70.08702793262977
959045,70.46342471282217
959046,70.70016311739187
959047,70.94760079916887
959048,72.30113233716186
959049,72.38560371518066
959050,71.81583055442941
959051,70.51097342392964
959052,70.30613830593697
959053,70.44828398538314
959054,70.81608036779738
959055,66.30856166499466
959056,54.321275604763095
959152,13.804636423188912
959153,19.736841772033383
959154,26.954463316768315
959155,34.83505000552215
959156,42.636612383694626
959157,48.54672145476689
959158,52.837441022625306
959159,55.16587039638604
959160,56.079829844676716
959161,55.0848441351837
959162,54.775657417054994
959163,56.83208113159607
959164,62.01240958038619
959165,66.78236959420236
959166,69.98372310544732
959167,71.45697707202052
959168,73.27110881292128
959169,72.9089362236709
959170,72.07842991002227
959171,70.51724056064758
959172,69.52239457695167
959173,69.56396206091887
959174,69.99293467426256
959175,70.4012171947892
959176,70.30155595105815
959177,69.29780696007371
959178,69.06815031392284
959179,68.45794415846896
959180,68.55467744801227
959181,68.60386114935142
959182,67.58787060094043
959183,63.61466947878262
959184,52.41309363719377
959280,11.400752855403958
959281,16.635263385840826
959282,23.226622026556452
959283,30.337214992832813
959284,37.42142917304675
959285,41.8678741215104
959286,44.31851212914656
959287,46.13205690422879
959288,47.75729221178653
959289,48.16244184647137
959290,49.791055256593886
959291,53.61186045970802
959292,59.91211050170852
959293,64.15630650795154
959294,67.15230799955343
959295,69.95907201930639
959296,72.13627071455738
959297,72.84093794352412
959298,72.38001107756052
959299,70.97039442352383
959300,69.739330186719
959301,69.53880851092055
959302,69.91624214712874
959303,69.26121114187526
959304,68.60204614862494
959305,67.4067508806546
959306,66.56886032108805
959307,66.18029391754077
959308,65.79147282018135
959309,63.897853303112825
959310,62.6926125238182
959311,59.23476166176694
959312,48.98557135984373
959408,9.81527994521488
959409,14.363187817251827
959410,20.545104004925125
959411,26.438724241608966
959412,32.5056368982726
959413,36.07525129429654
959414,37.31552282262727
959415,38.554390669297035
959416,40.00911328770616
959417,41.42755151718893
959418,43.72387434113669
959419,47.920229664559194
959420,53.58640465030713
959421,57.52693471783484
959422,60.97526166391522
959423,64.12909899594156
959424,67.38435812001651
959425,68.98545199047476
959426,69.6413732980364
959427,68.4660711000417
959428,67.81473042836393
959429,67.59260172723751
959430,67.79846409442301
959431,66.34907689381923
959432,64.85032376262227
959433,63.62370335300164
959434,62.82829725586964
959435,61.91089806716828
959436,60.52079189457808
959437,58.152117563511844
959438,56.45837224779556
959439,52.88516393529268
959440,44.215805857799666
959536,8.321548340989974
959537,12.343496154240022
959538,17.408962836925056
959539,21.792414351855054
959540,26.210447939412287
959541,29.140985196132185
959542,29.963569524418624
959543,30.04150451446495
959544,31.31846073095666
959545,32.489582097036816
959546,34.603128923443315
959547,37.95355462452787
959548,42.32035304026881
959549,47.282679129007256
959550,52.62329421506466
959551,56.9614847040023
959552,60.770184896205315
959553,62.23961532407642
959554,63.45208777237959
959555,63.293797974999286
959556,63.000508898086515
959557,62.74791984009598
959558,62.95750122072414
959559,61.50894110390165
959560,60.33920703662412
959561,59.16598940994947
959562,58.48687030048598
959563,56.839000318396984
959564,54.51993949190594
959565,51.809882445093216
959566,49.65831785631368
959567,46.57459466758606
959664,6.799225141261176
959665,9.577406156483237
959666,13.343503473773437
959667,15.908363900760786
959668,19.090303203671745
959669,20.883561203676
959670,21.43005869884615
959671,20.946697957512196
959672,21.553672322240228
959673,22.086772461084543
959674,23.27077632800547
959675,25.012402741041015
959676,29.16080116181083
959677,36.13147295664448
959678,45.2483457202384
959679,51.75864692371062
959680,55.28997133399046
959681,56.23988270861833
959682,56.17822776741775
959683,56.19695331310027
959684,56.090887986054746
959685,56.28371458839221
959686,56.70976579250425
959687,56.09935557117807
959688,56.15925449269833
959689,56.004817662460304
959690,55.151025438345684
959691,52.75524592452111
959692,49.39091127255901
959792,4.787444381040166
959793,5.792695274065739
959794,7.932662587275342
959795,11.426928130720556
959796,15.289508805889183
959797,17.66219203899497
959798,17.096497665927426
959799,15.702559174027963
959800,15.415132257360794
959801,15.697965381481785
959802,16.944676118065058
959803,18.491918742003776
959804,22.192791336481157
959805,30.22656335162237
959806,41.5365181259549
959807,48.729964153287526
959808,51.818355006028966
959809,51.81274072782013
959810,51.0840730743797
959811,50.16230017562523
959812,50.699387495869445
959813,50.65458545450439
959814,50.901232214750806
959815,51.39200989743932
959816,51.85946253607559
959817,52.5073535204647
959818,51.80419247144621
959920,3.7359169781650303
959921,3.646754363406288
959922,5.208563662609698
959923,9.359886676652573
959924,14.440344877399076
959925,17.116187844339994
959926,15.177195636860958
959927,12.353055951207457
959928,11.561812884585501
959929,12.486878668235821
959930,14.443898552713716
959931,16.363528706576506
959932,19.798750106229047
959933,28.074506420776604
959934,39.37788947693576
959935,46.684283236300274
959936,49.524905588655486
959937,48.95624810025267
959938,47.230494488507794
959939,46.076660584545714
959940,45.88214785661139
959941,45.55567639336475
959942,45.71167233380615
959943,45.89364887765191
959944,46.323287272735115
960048,3.26503041133985
960049,3.0481379670072353
960050,4.644594163868389
960051,8.744683549391299
960052,14.000068742339401
960053,16.513992389599796
960054,14.247988609924285
960055,11.12201819533275
960056,10.021861301264696
960057,11.020641334852815
960058,13.27578018749277
960059,15.10018860298926
960060,17.60963371198156
960061,24.34004483638573
960062,34.23205784177577
960063,42.011940897505866
960064,45.699449628903935
960065,45.31287233688576
960066,43.017155483216655
960067,41.527386362634054
960068,41.0344717361342
960069,40.398428351159886
960070,39.97092444446352
960176,2.946163722884023
960177,2.7620004514433987
960178,4.073496258750249
960179,7.592238648322768
960180,11.92491051950935
960181,14.152670887619262
960182,12.332947588499778
960183,9.770458764561063
960184,8.786067723790378
960185,9.675539058589843
960186,11.45558825003178
960187,12.8237816089683
960188,14.375785298259144
960189,18.714117755675822
960190,26.204467172631215
960191,33.30262786718904
960192,37.79228614360986
960193,37.86122874434258
960194,35.656250449221794
960195,33.785164334051395
960196,33.14670032398222
960304,2.7418290481769585
960305,2.4674692480591727
960306,3.433333812347553
960307,5.956560903650522
960308,8.539774401271954
960309,10.077203516628222
960310,9.51458003756911
960311,8.09698828006254
960312,7.536597479034516
960313,7.862281254791311
960314,8.701635387509342
960315,9.858928041750232
960316,11.315837646081203
960317,14.490406057798786
960318,19.573579973401397
960319,24.05113024696102
960320,26.27648464653809
960321,25.772610087711755
960432,2.521096420170169
960433,2.159362134265047
960434,2.922534830295558
960435,4.657264887072835
960436,6.436597700825462
960437,7.607865869105035
960438,7.379409612230041
960439,6.64051931468121
960440,6.289061516192136
960441,6.3314100712715975
960442,6.751044195354079
960443,7.589062337310387
960444,8.965399126139358
960445,11.430145370219455
960446,15.036289127993724
960560,2.26673261460337
960561,1.8035160848405052
960562,2.528205951517208
960563,4.234872385499124
960564,5.7949336601034585
960565,6.690680291458656
960566,6.466747101157977
960567,5.663434005033024
960568,5.281297170599561
960569,5.1952432437181555
960570,5.498319382723263
960688,2.0474958041392983
960689,1.5616173995575584
960690,2.1595263048652926
960691,3.731027350115467
972720,3.5156339293196868
972721,6.427750917661685
972722,8.381309946242387
972723,9.535506939039132
972724,11.370618119014193
972725,14.443344247004468
972848,4.363320816247199
972849,7.895196545026268
972850,10.325636951483604
972851,12.106290890346754
972852,14.83297501896175
972853,18.689953734412033
972854,21.869720709620754
972855,23.50533820330387
972856,23.233455950575326
972857,22.153733358339565
972858,20.98402414749508
972859,19.333858679171033
972976,5.150184431742375
972977,8.864649792324691
972978,11.469016582020421
972979,13.873538335192832
972980,17.6433356498495
972981,21.81736088446409
972982,24.77605580614442
972983,26.0188461108105
972984,25.532656863898424
972985,24.524763916253473
972986,23.479134789359968
972987,21.91247137665175
972988,19.95065617292401
972989,19.31472439000199
972990,22.025412023529384
972991,27.312674183180047
973104,6.151024137781496
973105,10.077391253209488
973106,12.993547937759974
973107,15.931299692589308
973108,20.225109720246923
973109,24.898806726247006
973110,28.166243414556664
973111,29.504403474203425
973112,29.59670663207014
973113,28.688545327397417
973114,27.752950761983826
973115,26.44196131298632
973116,24.30740384451657
973117,25.043931907725923
973118,30.069266612428265
973119,38.29256136989264
973120,47.206017525053134
973121,53.647453271801254
973122,56.129302999400224
973232,7.8376463921683674
973233,12.356280581772113
973234,15.36929856688834
973235,19.172385771406383
973236,24.345978362898354
973237,30.050361092848235
973238,34.81797056217527
973239,37.589090986152165
973240,38.70216964427061
973241,38.70557582970535
973242,37.82692570945452
973243,36.11276015989282
973244,33.86478882369236
973245,34.43413567200242
973246,40.22190608951147
973247,48.59019195440719
973248,57.943411372160945
973249,63.904775619510076
973250,66.92913147878886
973251,66.90312447699263
973252,65.59238481825626
973253,63.30288394925112
973254,59.73811179443449
973360,10.989553136844712
973361,16.555879209221946
973362,20.504165339140037
973363,25.28433082433
973364,32.22089055613862
973365,39.454728263866784
973366,45.850783825071666
973367,50.32596457660274
973368,53.05936737230764
973369,53.88252177783013
973370,53.8094103955691
973371,52.551713838269414
973372,51.52534958980615
973373,51.61850416872406
973374,55.58329667104739
973375,60.113790918707316
973376,64.75680042948007
973377,68.36488493244264
973378,70.56225291271853
973379,71.5831153239028
973380,71.94308214513353
973381,71.65264334986144
973382,69.74101356196071
973383,65.56031630024238
973488,16.520934819486968
973489,24.444206923515132
973490,31.20614215115153
973491,38.74089889559242
973492,48.200578227937065
973493,54.98264020673002
973494,59.465891702713556
973495,62.99533910536106
973496,65.48716796638828
973497,66.08142156509597
973498,66.4341633173651
973499,66.24397407083758
973500,65.69842586395174
973501,65.41687927784626
973502,66.41995646997881
973503,67.32339089176759
973504,68.85244455006158
973505,70.00709995991076
973506,71.26982943487337
973507,71.94850242032615
973508,72.63619293035397
973509,72.92931755482093
973510,72.52500850061332
973511,70.81357277945028
973512,67.43144487748988
973616,26.583846371432696
973617,37.187209509874805
973618,45.79020688829337
973619,54.52902071907211
973620,62.711235999511885
973621,66.56092955910471
973622,68.04835301809653
973623,69.06413898038039
973624,70.72402402968467
973625,71.094053455786
973626,71.3285438953651
973627,71.33888479372516
973628,70.79020881370936
973629,70.6290210931127
973630,70.5785561506897
973631,70.29883530159381
973632,70.60363201756218
973633,71.38318106023803
973634,72.27969110027443
973635,72.67484125006361
973636,72.62626293322647
973637,72.88256132983668
973638,72.57426709711272
973639,72.40755714935742
973640,71.27656643301418
973641,69.27968972724074
973642,65.46637048335943
973744,39.50679151425523
973745,49.2239915650939
973746,55.66183118524007
973747,61.5291605551741
973748,67.55454040161904
973749,70.03636440902001
973750,70.2110051391509
973751,70.9609301335537
973752,72.44716221885379
973753,72.14448701628287
973754,72.4979623522418
973755,72.40055940878013
973756,72.26262026247674
973757,71.90048279472207
973758,71.75365068819885
973759,71.31627999740091
973760,71.23331481475846
973761,71.88688671811013
973762,72.95422232149238
973763,72.53265462727339
973764,72.16863763831917
973765,72.01928382028777
973766,71.99967543894238
973767,72.03864001252313
973768,71.85596954494368
973769,71.2978161595421
973770,70.00262004321216
973771,66.48114980135333
973772,62.53669663967891
973872,47.623066622573184
973873,55.99357352348399
973874,58.970666125895534
973875,62.81931665605718
973876,68.14259592171125
973877,71.11802621242875
973878,71.97529897493936
973879,72.61190851970663
973880,73.29923510418378
973881,72.75920749382644
973882,72.90633781830452
973883,72.49811658934227
973884,72.28796681977494
973885,72.1765237830612
973886,71.7665386625643
973887,71.09216913746842
973888,70.51675563624723
973889,71.18780647450873
973890,72.33998618578381
973891,72.10820650431882
973892,71.27641042475469
973893,70.75561343552779
973894,70.44837829860991
973895,70.84758674610083
973896,71.56553583556631
973897,71.91768780484993
973898,71.66671498852041
973899,70.15873579806536
973900,68.5345798676906
973901,66.49277813218012
973902,63.8508214209363
973903,58.9391923090671
973904,48.84730410887528
974000,48.37854153737858
974001,56.94390029299
974002,59.49271367320443
974003,62.74407258677345
974004,68.36232893694412
974005,72.37153765118414
974006,73.31918456826418
974007,73.74403895959803
974008,73.94366339229937
974009,72.8062415213716
974010,72.28583883744892
974011,71.69561429161179
974012,71.94101608794399
974013,71.47776967057972
974014,71.30894285172059
974015,70.35086525203764
974016,69.73826609973376
974017,70.49007184235346
974018,71.52972375482884
974019,71.37953882302592
974020,70.95289815926975
974021,70.17307830467318
974022,70.58646569322886
974023,70.83853013111572
974024,71.51555653944304
974025,72.51674015262888
974026,72.19203713297742
974027,71.48113278072192
974028,71.22443634717216
974029,71.0356842275077
974030,69.34601793837496
974031,64.38323252558041
974032,53.56896899211653
974128,48.19092200621163
974129,56.705447726339536
974130,59.11700360705064
974131,62.78663200500862
974132,68.58761707498874
974133,73.28686111145376
974134,74.59487538017008
974135,74.23447393790981
974136,73.55045377545336
974137,72.55496225776955
974138,71.82752421482351
974139,71.51379955518462
974140,70.79063206083258
974141,71.13032687450749
974142,71.16182228547008
974143,70.70494471742859
974144,70.72054327138422
974145,70.8124724613515
974146,71.19238775450258
974147,70.95168384176002
974148,70.81779083446622
974149,70.64563681903252
974150,71.18969265492503
974151,71.49471260426074
974152,72.74869391690699
974153,72.61053048966897
974154,72.50655318705377
974155,72.06669881094395
974156,72.70061760198173
974157,72.8678212628204
974158,72.77849944650744
974159,67.88040756501249
974160,57.17389753516298
974256,48.49382664606003
974257,57.07371657708907
974258,58.99323090609169
974259,62.62516997565655
974260,68.40789146570712
974261,72.92115863892556
974262,74.77592511604772
974263,74.06465991657208
974264,73.12739177566554
974265,71.8465560335485
974266,71.33812397229842
974267,70.42627738630613
974268,70.7079426773268
974269,70.8630897047205
974270,71.7745154286626
974271,71.88492307805862
974272,71.86156730241326
974273,71.99923526134046
974274,72.12510708837414
974275,71.52462606385829
974276,71.88063171774297
974277,72.14069445315334
974278,72.95202375227434
974279,73.07174924163499
974280,73.29662617533778
974281,72.38984742843124
974282,72.39443282230805
974283,72.24125609519635
974284,72.99310461432684
974285,73.99930803134534
974286,74.18325864063593
974287,69.54161181785622
974288,58.21476886693489
974384,49.54791576114237
974385,57.96635854928615
974386,59.55092662854355
974387,62.157508087132136
974388,68.32430530375646
974389,72.95784839198821
974390,74.7679997348029
974391,74.1296344261754
974392,72.71712911930861
974393,71.4829000245024
974394,71.09920923066318
974395,70.79358516165664
974396,71.0644947489658
974397,71.81676115549696
974398,72.70507313044092
974399,72.6182066413909
974400,72.93781400598196
974401,72.74693879664365
974402,73.23459456107116
974403,73.27303462003101
974404,73.5623406006673
974405,73.49773511491112
974406,73.79647562306646
974407,73.22155072708496
974408,72.99494604981444
974409,72.30424615398535
974410,72.22128281777736
974411,71.83232205516168
974412,72.62022227193852
974413,74.32062430291916
974414,74.61140480367713
974415,70.25953261557197
974416,58.92098184134531
974512,49.40121641484631
974513,57.854780635054
974514,59.61214780757632
974515,62.439238605620766
974516,68.1312297281174
974517,72.74264819108743
974518,74.57597928219613
974519,74.0263194328997
974520,72.52750009690364
974521,71.35713769389679
974522,70.96871516189329
974523,71.40430023339388
974524,71.87593535137431
974525,72.70215540124077
974526,73.32058549553037
974527,72.46494529984761
974528,71.90974669418826
974529,71.94233986257238
974530,73.27066399298835
974531,73.76241490875063
974532,73.79504541749615
974533,72.7220277747831
974534,72.26764466160935
974535,72.02626466796964
974536,72.1090391277911
974537,71.69881377726901
974538,71.76129864388169
974539,70.87923416935416
974540,72.02281330991681
974541,73.60396114186261
974542,74.33516282417634
974543,70.52064698438852
974544,59.48126583960336
974640,47.71267814504853
974641,55.995865975508515
974642,57.48361708065027
974643,60.34464242503818
974644,66.55004113173842
974645,71.01074903976009
974646,73.35516974730145
974647,73.19058327981921
974648,72.75055465667106
974649,71.33714536871821
974650,71.02150415631066
974651,71.38328353921027
974652,72.2034934379376
974653,72.61662926563278
974654,72.49793626135168
974655,71.50305915476346
974656,70.62667982460582
974657,70.72529227645401
974658,71.92690763274904
974659,72.30637005991117
974660,72.04083431065301
974661,70.89257920199395
974662,70.46096084247954
974663,70.27984281315503
974664,70.8827003063383
974665,70.84220317890032
974666,70.6948533425309
974667,70.00443854795886
974668,70.64106646347477
974669,73.21737408569336
974670,74.03942920945386
974671,70.00203432150663
974672,58.95703097991593
974768,43.81122452133526
974769,52.230459895949814
974770,54.525245226550005
974771,57.26774461960105
974772,61.39888965127376
974773,65.98237299735503
974774,69.94881495221722
974775,72.47596033350709
974776,73.33219139406042
974777,72.61200992675411
974778,71.69917281974024
974779,71.19354279601994
974780,72.54219689385256
974781,73.82972526490705
974782,74.20424585132699
974783,73.60027295289352
974784,71.9476727060832
974785,70.74283822089217
974786,70.71799847462452
974787,70.16860364416655
974788,69.98886786909856
974789,69.77610429841879
974790,70.36815710461603
974791,70.00485183881318
974792,70.01220986665432
974793,70.74980820937131
974794,71.32857607214139
974795,70.51417412467623
974796,70.36638986708816
974797,72.26644003226562
974798,73.56427272628083
974799,70.00604810173334
974800,58.76357517808993
974896,36.07876825578497
974897,43.939184424029385
974898,47.60949603072618
974899,51.156122090857586
974900,55.33872787576393
974901,60.07855112709547
974902,65.4892841633621
974903,70.09597278259595
974904,73.51735871703198
974905,73.1625355615961
974906,72.2107015717142
974907,71.56026039091684
974908,73.29552480966186
974909,75.3535981413749
974910,77.54134676474094
974911,77.32707034563296
974912,75.41962782252273
974913,73.19877013528337
974914,71.87935096673189
974915,71.34519734408032
974916,71.61742473618246
974917,71.9803588485575
974918,72.10699157919562
974919,70.88843172074273
974920,70.11499596277723
974921,70.79143960190282
974922,71.93221759803282
974923,71.02835692383975
974924,70.4896238774954
974925,72.32177169474225
974926,74.058510408032
974927,70.67197874399683
974928,59.79423698096399
975024,27.808608658632338
975025,35.290052502612156
975026,41.47781441563956
975027,46.88127263608599
975028,52.96950868955973
975029,57.98867718136124
975030,62.75985234624209
975031,66.47350026471469
975032,69.55570756734687
975033,69.71525511955093
975034,68.79117759059699
975035,68.34541018473834
975036,70.64807341720586
975037,73.72422609527581
975038,76.40088324486851
975039,77.01954283800696
975040,75.94890376630397
975041,74.99790220024032
975042,75.18967237834559
975043,75.55105099471277
975044,75.92369854058956
975045,76.1828320721697
975046,74.7840313014204
975047,72.61896948585792
975048,71.21847357460713
975049,71.9462169658849
975050,73.08086534387412
975051,72.40678316337892
975052,71.2582725070827
975053,73.12917966035785
975054,74.96956339136757
975055,71.82177772210993
975056,61.0612280137665
975152,22.72768277074919
975153,31.082811018693683
975154,38.75945650241434
975155,46.322126091043714
975156,53.31759085034642
975157,57.734801072898506
975158,61.1690459024934
975159,63.51386415089016
975160,64.32744971159553
975161,63.18038245134157
975162,61.70244264063341
975163,62.56462473799139
975164,65.56065222638709
975165,68.95618598468418
975166,71.25941484544776
975167,71.90981394335708
975168,71.95739775635772
975169,72.77178026125173
975170,74.81855326951498
975171,76.12930460799176
975172,77.55073399666125
975173,76.5414032771965
975174,75.565325794453
975175,73.97040440767299
975176,73.92278842377416
975177,74.20979270486075
975178,75.15765404168476
975179,73.81087187230325
975180,73.07721667713399
975181,73.25803844986412
975182,73.73829159470903
975183,70.74630687137999
975184,59.25269150746682
975280,18.60980955413592
975281,27.345367594619002
975282,36.331744473654695
975283,44.622633139068085
975284,52.498862967494794
975285,57.89295617588863
975286,60.84139798873594
975287,62.78794687185076
975288,62.641780545727386
975289,60.41410280459565
975290,58.824089160125574
975291,60.160006978279256
975292,64.42330185612147
975293,67.51804299761292
975294,70.04602784211392
975295,70.27588050019209
975296,70.24589532898875
975297,70.97528021357672
975298,71.7962637287195
975299,72.80601768355471
975300,73.23404476235125
975301,73.11427453217705
975302,72.72797398890528
975303,72.73320002019189
975304,73.76307915402658
975305,74.12395374628409
975306,73.92914617235105
975307,72.65012835485089
975308,71.62662203307639
975309,71.88641615674346
975310,71.91429112607982
975311,68.17533863263453
975312,56.60263591877674
975408,14.634210369728676
975409,22.69326413666015
975410,32.132617930583635
975411,41.903508952203005
975412,50.52858267236274
975413,56.522981553696475
975414,59.70840594949205
975415,61.2979370998913
975416,61.380667766058366
975417,59.876014952556176
975418,58.50706499229159
975419,59.34824202822312
975420,62.704307725260726
975421,66.11740347537862
975422,69.80439861577923
975423,70.64367646801077
975424,71.05793092466239
975425,71.13993109369642
975426,71.10661006303074
975427,70.59606603044246
975428,70.39152969565123
975429,70.09377331563877
975430,70.56571032271144
975431,70.64631607942505
975432,71.81680001019451
975433,71.55412348100413
975434,71.1939067016655
975435,70.11843601349923
975436,69.64967969572479
975437,69.68348407617499
975438,69.75823955733317
975439,66.49405429617562
975440,54.727142420371074
975536,11.913803223910055
975537,19.102071112087476
975538,29.065186383765013
975539,38.689030622301075
975540,47.524962132894366
975541,52.623949092514685
975542,55.176195969746054
975543,56.12914414756531
975544,57.47240891248826
975545,56.884052994164975
975546,56.19437961962436
975547,56.71081348855258
975548,59.61581031541165
975549,63.22009734687016
975550,67.42520477042666
975551,70.44078401596312
975552,72.09438215058196
975553,72.5865459196421
975554,72.48766291462606
975555,71.55137924584076
975556,70.69244153776049
975557,70.11038907447744
975558,70.30516787631902
975559,69.76713677480993
975560,69.41041565259754
975561,68.58270234697284
975562,68.55035079474047
975563,68.01771627097501
975564,67.38894346638278
975565,66.7551537328759
975566,66.12336052842252
975567,63.01086731251956
975568,52.573813156951225
975664,10.187612569222283
975665,16.405848738877513
975666,25.57504115801503
975667,34.91525531686157
975668,43.159491087768295
975669,47.21389568845963
975670,48.37469936552777
975671,49.55485181357236
975672,51.52909584048022
975673,52.1541553101506
975674,52.40222189501673
975675,53.58887492183991
975676,56.68690588308192
975677,59.97329918436414
975678,63.98844624483721
975679,66.71193384737202
975680,69.68019255125935
975681,71.03532173817595
975682,71.52235569706343
975683,70.7657630786719
975684,69.87766374328058
975685,69.47461485272922
975686,68.96601081709468
975687,68.24619149482376
975688,67.62855234773741
975689,66.714291307112
975690,66.28293390523176
975691,65.2748369555464
975692,64.50133511604983
975693,63.52632174004281
975694,61.93163199380473
975695,58.444265825281356
975696,48.130059876944976
975792,8.795189572908795
975793,14.365594137153131
975794,22.347915438601003
975795,30.79705940144425
975796,37.8907604136316
975797,41.572006160555574
975798,42.24982346620985
975799,42.8353274807084
975800,45.10789631598934
975801,46.02591180581206
975802,47.38462903014772
975803,49.312265791654795
975804,52.09646283062749
975805,55.25686330465433
975806,59.00621950061564
975807,62.00437563991323
975808,64.85300527068642
975809,67.15763432409209
975810,68.3845432227809
975811,68.10108481312818
975812,67.42850009037319
975813,67.09790489887939
975814,66.50334726722937
975815,64.89074607903567
975816,63.85040074691028
975817,63.00020760351289
975818,62.95871132178906
975819,61.59549054042899
975820,60.14640402670664
975821,58.7419357763187
975822,57.30778015019298
975823,53.263810807956304
975824,43.77856548653785
975920,7.940611512354464
975921,12.432193295773793
975922,19.50998446664973
975923,26.101713451472495
975924,32.03436698994847
975925,34.63911892014049
975926,35.0068808009083
975927,35.31448272394709
975928,37.19751226796884
975929,37.943562147481614
975930,39.1100408299512
975931,40.49293181070008
975932,43.303404571518044
975933,47.562299473923304
975934,52.8337044341817
975935,57.41258902892833
975936,60.616899372837466
975937,62.59985545676796
975938,63.50318808886852
975939,63.68346079216857
975940,63.39710888094113
975941,62.844424303053884
975942,62.51037864383026
975943,61.226030492152425
975944,60.02345788516241
975945,59.66285223452554
975946,59.62200534361221
975947,58.06080163144601
975948,56.00688827307293
975949,53.999241938562264
975950,52.29208330728433
975951,48.71740607190608
976048,6.765252934095378
976049,10.458818226102828
976050,15.92119526437242
976051,20.63502108341917
976052,24.300820665216875
976053,26.053732399010816
976054,25.607107379724454
976055,24.981929122658983
976056,25.641497060799033
976057,26.07165286049105
976058,26.467090026442804
976059,27.032909375245268
976060,29.97640600924426
976061,36.74453840714527
976062,46.47193473925199
976063,53.48044988617823
976064,57.7807958597867
976065,59.017138675017335
976066,59.07656947725907
976067,58.96756853655018
976068,59.3319256222621
976069,59.1420460227922
976070,58.99399798413303
976071,58.30242661033557
976072,58.08143114226788
976073,57.88861619643361
976074,57.21505097424466
976075,55.12990017119683
976076,52.37623121686868
976077,49.52254003577875
976176,5.346946835677748
976177,7.125728023930216
976178,10.668834399547972
976179,15.147012964512557
976180,19.29858487972555
976181,20.943377506418773
976182,19.35738026945655
976183,17.5591795365988
976184,17.0684199632254
976185,17.39747587292473
976186,17.55702774550038
976187,18.11955575268762
976188,20.932034366197524
976189,29.536401935497636
976190,41.76329794529787
976191,50.2632038518648
976192,54.87864533986461
976193,55.563508088600614
976194,55.4152739117454
976195,55.49423469341785
976196,55.761395480881966
976197,56.01199606015767
976198,56.00412821679101
976199,55.850854613959434
976200,55.99383861633366
976201,55.45708356501292
976202,54.55289050332152
976203,52.16457872409111
976304,3.839886001399718
976305,4.331442510006714
976306,6.912599800705301
976307,11.549304107862648
976308,16.922325474556803
976309,18.961023278902772
976310,16.709044692083918
976311,13.4256326916338
976312,12.336020312185756
976313,12.796448994726791
976314,14.126510519759979
976315,15.321969258003445
976316,18.522951637673437
976317,26.951729263040082
976318,39.599163994382025
976319,48.04630554547103
976320,52.370688648356094
976321,53.094836623262466
976322,53.05805841829018
976323,53.009967968274964
976324,53.314329656151514
976325,53.014489301798044
976326,52.839320952183876
976327,52.628137772108495
976328,52.602940080148194
976329,51.60313381209643
976432,3.4023975965967423
976433,3.4550558324337364
976434,5.385041399278874
976435,9.69146903779046
976436,14.655871609132253
976437,16.86217895608808
976438,14.559146714702429
976439,11.553110937692923
976440,10.243930491988662
976441,10.848601729742485
976442,12.1739547329451
976443,13.493380319136682
976444,16.28287191924805
976445,23.83150654075817
976446,35.46910095204662
976447,44.44008374514555
976448,49.356802229062275
976449,50.44200694826506
976450,49.67995386715449
976451,49.28465271985362
976452,49.40286602398246
976453,48.53283984120754
976454,47.50307559457669
976560,3.0801027470898465
976561,2.950159811584604
976562,4.632572906197926
976563,7.891716598578424
976564,11.312516617590715
976565,12.952439721443954
976566,11.990727542754444
976567,10.091774771821678
976568,8.986708611731672
976569,8.901211820295112
976570,9.571329475904214
976571,10.533732188529408
976572,12.622826401123103
976573,18.043380104500695
976574,26.937561195480665
976575,35.81462218002004
976576,42.22117158703137
976577,43.334640551460346
976578,41.990586145377065
976579,41.04866299745867
976688,2.897577481654832
976689,2.722070135407941
976690,4.007779576104234
976691,6.647454811537582
976692,9.043053361411761
976693,10.41314310886829
976694,9.990736500946925
976695,8.882282087198819
976696,8.018714582079808
976697,7.552526216726454
976698,7.575986847435874
976699,8.219573037046052
976700,9.802960478675793
976701,13.34757728951129
976702,19.805679388249143
976703,26.351425525454037
976704,30.51852683669114
976816,2.6992127980534955
976817,2.4457035075162317
976818,3.6654811708680786
976819,6.185607622294288
976820,8.293202755156845
976821,9.52444213729722
976822,9.339410464716957
976823,8.300735539409123
976824,7.48048878212414
976825,6.980049471896836
976826,6.628519640543313
976827,6.947911677537497
976828,7.8504154025394595
976829,10.387936303835472
976830,14.871727961398294
976944,2.484426538020683
976945,2.1387914716704732
976946,3.3105190077936903
976947,5.751052498861506
976948,7.8918251842058265
976949,8.842966275869449
976950,8.631149268868224
976951,7.54149026261399
976952,6.561990382513395
976953,5.972085322940437
977072,2.206155584096183
977073,1.8364899317720316
977074,2.852823808947987
977075,5.0216462904842025
977076,7.09324291744849
977077,8.09632503116094
977200,2.054273428819651
977201,1.60258554750092
988976,2.083498701263675
988977,4.289889859211918
988978,6.2417761428826255
989104,3.0672400361900944
989105,5.936254850513463
989106,8.305246578672506
989107,10.621596822075253
989108,13.675322903569043
989109,17.2474690998268
989110,20.199624173889777
989111,21.67621674622393
989112,21.4737609678171
989232,4.523390960413671
989233,8.170757204768112
989234,10.779329151697969
989235,13.49961445470514
989236,17.317404585256202
989237,21.51903235722734
989238,23.986915989646285
989239,24.560019875584178
989240,23.974267936856858
989241,22.52816530664256
989242,21.001361732160568
989243,19.163773496409686
989244,17.129620339747614
989245,15.791006546359101
989360,5.841762242525688
989361,9.988727482572513
989362,12.869202349576904
989363,15.796100860175551
989364,19.869318128836564
989365,23.904359824334794
989366,25.903176230486434
989367,26.612972859244643
989368,25.908702203366705
989369,24.707803685890426
989370,23.49040888853901
989371,21.624506259515883
989372,20.00190812257991
989373,20.390866846564382
989374,23.98816922301846
989375,30.309628003195236
989376,36.95957042844518
989377,42.16148722834856
989488,7.62951676279356
989489,12.265576539152619
989490,15.127316988422622
989491,18.177301408782714
989492,22.49677953496356
989493,26.19111551529105
989494,28.20009863889547
989495,28.999067627886
989496,28.670979238769434
989497,28.230068870536098
989498,27.22803060831211
989499,25.890870909934584
989500,24.755981527048885
989501,26.719302098292165
989502,32.6980515789287
989503,41.74715953458832
989504,51.37402280426738
989505,57.99515266271673
989506,61.14856936988396
989507,60.21274902449138
989616,9.846098118124038
989617,14.930272897544553
989618,17.62002901359019
989619,20.751675912242256
989620,25.648136231838844
989621,30.567002432058125
989622,34.47796343793507
989623,37.150457947885876
989624,38.80683873553753
989625,39.025739555544774
989626,38.64929567237774
989627,36.938063398714476
989628,35.87589688036798
989629,37.74346363762181
989630,43.63324484813198
989631,51.88557744425695
989632,60.72432113870174
989633,66.36972199597258
989634,69.67498251244605
989635,70.00504612061911
989636,68.96532491324136
989637,66.75706867600942
989638,63.34047239241452
989744,13.235012167335137
989745,19.257733097818882
989746,22.946225681102767
989747,27.343491731813394
989748,33.39569293323163
989749,40.104783850296116
989750,46.57836200067708
989751,51.78619740343722
989752,55.980006768037555
989753,56.78597739436846
989754,56.53175253425964
989755,54.876268506151476
989756,53.723525152252826
989757,54.71788236745154
989758,58.370401624449485
989759,62.50484371052917
989760,66.55981504788456
989761,69.23240945620257
989762,71.34716940775839
989763,72.53084488186366
989764,73.15878793516139
989765,72.79423683849056
989766,70.9945541387947
989767,67.41508640650237
989872,19.914107680515443
989873,28.037780954715267
989874,34.754337213338815
989875,41.83596480716266
989876,49.92625080544129
989877,56.0442314415593
989878,60.046833068214085
989879,63.3888688651191
989880,66.60518666720368
989881,67.75889934773897
989882,67.56924886760174
989883,66.17103091187266
989884,65.34776539898162
989885,65.35883143318908
989886,66.98142461768798
989887,68.27746704127854
989888,69.5318234496799
989889,70.19696425067868
989890,71.87081259879304
989891,72.55378502813709
989892,72.92859248532004
989893,73.3420085751068
989894,72.93464404447406
989895,71.82999059307618
989896,68.69427504466904
989897,64.11770817006463
990000,30.010486387480736
990001,40.07897098684375
990002,47.637136539982
990003,55.25459905328854
990004,62.74176987854294
990005,66.25015182493145
990006,67.11771055880918
990007,68.50065788485976
990008,70.13652563634457
990009,70.65220098142744
990010,70.76149583963097
990011,70.4193831941158
990012,70.43386864892861
990013,70.00148013193973
990014,70.3640407602412
990015,70.2732785361677
990016,70.63142446123044
990017,71.39802057883246
990018,72.56276107191736
990019,72.4468994576057
990020,72.3996299733361
990021,72.48274327599992
990022,73.01135760049635
990023,72.2133420993507
990024,71.68421028171358
990025,69.98343178436822
990026,66.53020014595198
990128,41.26034489416082
990129,51.11932270714471
990130,56.57119922266673
990131,61.62719647736219
990132,67.13804329144597
990133,69.14405063813176
990134,69.20052955513984
990135,69.69759926195663
990136,71.07942704447925
990137,71.42434573533889
990138,71.63655961044725
990139,71.97539689758055
990140,71.97318785700354
990141,71.79500823959096
990142,71.86744935722916
990143,71.34634355250913
990144,71.57538040218938
990145,72.21086322156756
990146,73.20422134861785
990147,72.70706272434765
990148,72.1243214832634
990149,71.69355470349784
990150,71.82792399005062
990151,71.80013273564903
990152,71.82196688648696
990153,71.49734193531322
990154,70.91530428975861
990155,68.3201721362279
990156,65.43471917408739
990157,63.27621659841305
990256,47.02241422935787
990257,56.004817383222516
990258,59.22248686767414
990259,63.013790047181935
990260,68.52098234479462
990261,70.5100763858421
990262,70.86417043518782
990263,71.10920348454992
990264,71.77580692954926
990265,71.73805644656522
990266,71.73017189775094
990267,71.82422570365138
990268,72.27554168992138
990269,72.17661333083454
990270,71.88914232317805
990271,71.47404432656333
990272,71.13253055214065
990273,72.12042356793764
990274,72.64101834009159
990275,72.5771302918271
990276,71.84418658679516
990277,70.80474392785486
990278,70.9226754276055
990279,70.91912323989781
990280,71.65618049199422
990281,71.74618209718557
990282,71.85693620208868
990283,70.83652042601855
990284,69.91353464108516
990285,69.65529993368322
990286,68.87743744090353
990287,64.45741704035743
990288,54.38814353259536
990384,47.21607725257852
990385,56.63993365293777
990386,59.7974840407322
990387,63.77021316301996
990388,69.43070972795688
990389,72.16122076359932
990390,72.86559614852861
990391,72.9504786016064
990392,72.84785911681654
990393,72.43364942038033
990394,72.1534133443668
990395,72.01962759105056
990396,72.16837853502123
990397,72.48886896644426
990398,72.3334386311398
990399,71.15110545284944
990400,70.52802513812917
990401,70.86824203582839
990402,72.35149029695353
990403,71.813270815964
990404,71.03956377810502
990405,69.98279107296479
990406,70.0047301457494
990407,70.1353029828891
990408,70.91049616336367
990409,71.34824264517309
990410,71.501017716617
990411,70.80812233952483
990412,71.14010866603707
990413,72.23874778376748
990414,72.83747475081218
990415,68.72625423393079
990416,57.93740172745855
990512,46.72682720558666
990513,56.00307664648225
990514,59.62740178684676
990515,63.89639476235976
990516,69.90278034222756
990517,73.26219804739004
990518,73.9759274787937
990519,73.5719802198234
990520,73.08455294586051
990521,72.30046019185036
990522,72.05179503693459
990523,71.4944682204673
990524,71.86312134984743
990525,71.58467813436349
990526,71.9616339852975
990527,70.99346008307103
990528,70.86103519035959
990529,71.07359928683086
990530,71.88615065061343
990531,71.45139790169944
990532,70.82881476456288
990533,70.05247594590385
990534,69.93077302024544
990535,70.47432810181438
990536,71.45591717551308
990537,71.79927089111101
990538,71.9975122763262
990539,71.52357551647364
990540,71.93027674846579
990541,73.03805673957223
990542,73.64180939309452
990543,70.00028652255654
990544,59.06320772814339
990640,47.708944353096
990641,57.125656877064735
990642,60.20757412547537
990643,64.90661763333205
990644,70.55562445821758
990645,73.5406786625737
990646,74.81926299010715
990647,73.88550339460097
990648,73.12600801462575
990649,72.52523972822809
990650,72.29948821691109
990651,71.91261759647344
990652,71.43503570069755
990653,71.99024294590315
990654,72.09028865809204
990655,71.86716117953996
990656,71.67224105503085
990657,71.76371570408936
990658,72.26830349993558
990659,71.65138249635521
990660,71.37745029938792
990661,71.07881916860435
990662,71.64281551859136
990663,72.03246363258887
990664,72.93451812764926
990665,72.37193599914572
990666,72.17105131311192
990667,71.83323714911891
990668,72.30690434388534
990669,73.53168097913112
990670,73.68203617092219
990671,69.91011499962313
990672,58.88805143573341
990768,49.16595217982934
990769,58.79735117075991
990770,62.25035131400412
990771,66.13650074887764
990772,71.19785830201333
990773,74.03690094023995
990774,75.58683340088966
990775,74.56428750685494
990776,73.96195007495163
990777,73.20731050691002
990778,72.75641194819437
990779,72.07637627324647
990780,71.96661712919368
990781,72.58705509440034
990782,72.88531907912619
990783,72.87044804913388
990784,72.11385686470567
990785,71.98062172134857
990786,73.32310074895311
990787,73.30768713707057
990788,73.2939016987287
990789,72.94930841088554
990790,73.14656817342109
990791,72.7843345418943
990792,72.89615763544533
990793,72.4482794283398
990794,72.95206972437757
990795,72.06561254611617
990796,72.50132082362462
990797,73.65054698662895
990798,74.38635927849862
990799,70.43443417553377
990800,59.03940841999991
990896,49.86554733988502
990897,59.591735626344644
990898,62.92243656946406
990899,66.58703194056388
990900,71.62740817251722
990901,74.78976419806301
990902,75.84915631289341
990903,75.56922290340421
990904,74.40582476099023
990905,73.85620028178765
990906,73.25470755899194
990907,72.64543442095282
990908,72.36189747712368
990909,72.96689793289056
990910,72.95519435970733
990911,72.24296408621858
990912,71.32984310909004
990913,71.9630603626282
990914,73.55731422396546
990915,73.64188610265248
990916,73.67555782238468
990917,72.85582739228713
990918,72.26909135913088
990919,72.20424441057115
990920,72.3063389944514
990921,72.29882916687929
990922,72.18579845039847
990923,71.83690978189539
990924,71.84125206515158
990925,73.14168210360022
990926,74.12398599016073
990927,70.55652721214597
990928,59.17088961379077
991024,48.35485241069007
991025,57.59372812546933
991026,60.74594987050466
991027,64.56230466707697
991028,70.00885532661353
991029,73.3758469418833
991030,75.30405526083042
991031,75.22476754901956
991032,75.22635119281529
991033,74.6275420605049
991034,74.40833970169761
991035,73.1791939946807
991036,72.57000895198487
991037,72.14139436944262
991038,72.47291652305356
991039,72.13451612950452
991040,71.62500276568345
991041,72.21939992889651
991042,73.45617400492443
991043,73.54885222740799
991044,72.95959658247818
991045,71.72721481377759
991046,71.07463550051878
991047,70.66554573483805
991048,71.3283569942998
991049,71.3981315865911
991050,70.78961959964641
991051,70.17949304737034
991052,70.30415117308732
991053,72.07577043138433
991054,73.39828191769014
991055,70.16777530672252
991056,59.84134666800664
991152,43.84623523441634
991153,52.423335171266544
991154,55.825743238687465
991155,58.545748880677635
991156,63.177815075923505
991157,67.05738754440314
991158,70.81659956621702
991159,73.513083688425
991160,75.64741861236163
991161,74.75778190983804
991162,73.69360411367356
991163,72.3694984319414
991164,72.2640755039698
991165,72.77403042666772
991166,73.57095383119655
991167,73.61448621432557
991168,73.15386206910021
991169,72.92413524808298
991170,72.47767303514709
991171,71.96729699435149
991172,71.64380149825001
991173,71.09895810837486
991174,70.9257301163479
991175,70.00607744139734
991176,70.40471651943443
991177,70.73598962952737
991178,71.4220569747445
991179,70.616356614468
991180,70.74126433411132
991181,72.11821164141145
991182,73.24408873317886
991183,70.2386527625972
991184,59.790228366031435
991280,34.67178032294272
991281,42.34590111741836
991282,46.171377446186575
991283,49.47402972821827
991284,53.647370594748956
991285,59.12506685743962
991286,64.68452931327523
991287,69.96594597508188
991288,73.91841184807075
991289,74.60071314275905
991290,73.43484365843469
991291,71.56001685114116
991292,71.59743301822127
991293,73.3552471845363
991294,75.7465653705229
991295,76.26138628422075
991296,75.48299941348795
991297,74.16116364446
991298,73.238113516511
991299,72.79360276827218
991300,72.79704430851731
991301,73.10646859225236
991302,72.80834156177824
991303,71.36660112969399
991304,70.57728455593258
991305,71.47606658488462
991306,72.91366108579015
991307,72.3964634420298
991308,71.69150523882332
991309,72.5324988961303
991310,74.0114291788133
991311,70.87649220629197
991312,60.14423160781055
991408,26.688166685230648
991409,33.731553366804626
991410,39.26517861863956
991411,45.03722573247379
991412,51.89877830530511
991413,57.02978554174345
991414,61.99626861430402
991415,65.2654748060129
991416,68.2334414357453
991417,68.27277006180074
991418,67.16699474002893
991419,66.36573627116576
991420,67.19153992380636
991421,69.70486142806904
991422,72.95105017288489
991423,73.63485635041889
991424,73.9829916792605
991425,74.03759251593918
991426,75.33755854674699
991427,76.60361627614408
991428,77.35241398274724
991429,77.32143497907323
991430,76.33582092776113
991431,73.83357398888484
991432,72.73029063285567
991433,73.35447741961679
991434,74.66911091343047
991435,73.79980918267678
991436,72.61301808955437
991437,73.34842336587803
991438,74.2918190619302
991439,71.38293088543668
991440,60.97634757874246
991536,20.96456817978021
991537,29.02686330126794
991538,37.10780156636643
991539,45.63548682492419
991540,53.79438384018678
991541,59.00352918151864
991542,61.98117083348236
991543,63.19342342133875
991544,63.279176561496925
991545,61.95498046756531
991546,60.93756365671842
991547,60.92857710280672
991548,62.827226743022855
991549,66.07055989796733
991550,68.92461289947445
991551,69.7965088294512
991552,70.55291190027151
991553,71.87181348135506
991554,74.22266713891621
991555,76.29032083824752
991556,77.4613993025008
991557,76.85942188559427
991558,75.55480483849786
991559,74.26274674413968
991560,74.11822176306163
991561,74.78443287673886
991562,75.24827920444125
991563,74.07688738452748
991564,72.17866236862382
991565,72.51848960237284
991566,73.26122615980627
991567,70.39330633406594
991568,59.642225293833995
991664,16.031335247909436
991665,24.92995046946972
991666,35.954450400431455
991667,46.162519884601664
991668,54.77351387949894
991669,59.7336118477067
991670,62.27032264520802
991671,62.54317840777703
991672,62.12060925928878
991673,59.86820674233253
991674,59.090659669375434
991675,59.86399099087006
991676,63.382325275336704
991677,66.90221474052684
991678,69.34377737225815
991679,69.9958844706055
991680,70.0049257170183
991681,70.40822588520942
991682,71.16631018185194
991683,72.29375641059944
991684,72.78558694172703
991685,72.44196807002436
991686,72.54008308366197
991687,72.64378437253369
991688,73.82616247403841
991689,73.72266989233839
991690,73.61722402584061
991691,72.07799399145833
991692,70.72998590822178
991693,70.71515877318386
991694,71.01883691766403
991695,68.07501542631152
991696,57.0730977973073
991792,12.91467286954705
991793,21.785681452585177
991794,33.824996467486564
991795,44.53630528014929
991796,53.7166077669387
991797,58.27762687008019
991798,59.873632005029975
991799,60.25810430464556
991800,60.654494016139274
991801,59.29381517091625
991802,58.489182528890645
991803,58.978561631659204
991804,63.02650088403036
991805,65.8135924590455
991806,68.77483020433455
991807,70.32645841830694
991808,71.06233969591565
991809,70.53186291470941
991810,71.05566540978053
991811,70.65197534197156
991812,71.1575474114239
991813,70.74741749678773
991814,71.03732866824626
991815,71.1033400660837
991816,71.37656151129772
991817,70.49169525345741
991818,70.00365872413582
991819,69.25541203308077
991820,68.50663619377649
991821,68.14976591225742
991822,67.91242427562969
991823,64.931774288057
991824,54.51030308149042
991920,11.207777527093345
991921,19.707943323341773
991922,31.762855868243648
991923,43.62111801121057
991924,52.56306734998678
991925,56.80153164533241
991926,57.39076440707633
991927,57.853504303617214
991928,58.78384825014113
991929,58.496069465563195
991930,57.58711355151431
991931,57.629570974155214
991932,59.38096659579146
991933,62.2421641710968
991934,65.53991668090525
991935,68.25129339770953
991936,70.39408058862256
991937,70.76793035737752
991938,71.07374278976566
991939,70.81211826078561
991940,70.55365271778584
991941,70.37560634012289
991942,70.15706745675453
991943,69.67119083671062
991944,68.72332439158626
991945,67.85978081630125
991946,67.20809464178222
991947,66.58642848748741
991948,66.2743549819394
991949,65.54213451205689
991950,64.81169195217036
991951,61.909818545044565
991952,51.18329476774826
992048,10.061868427764999
992049,18.048983780359862
992050,30.292972001688984
992051,42.198193454222455
992052,50.95178263457631
992053,54.59543533919969
992054,54.73399667844468
992055,55.39400589360037
992056,57.36868518225405
992057,57.839348344857164
992058,57.35313139417881
992059,56.35024140795775
992060,56.09332189825388
992061,58.2399798178647
992062,61.7248900468511
992063,64.55650799990936
992064,66.72033284342902
992065,67.8243999159288
992066,69.16143812958379
992067,68.79678885136148
992068,68.69299285496623
992069,68.33525014351575
992070,68.03571049601778
992071,67.03212242841688
992072,66.05089953553411
992073,65.02826643140027
992074,64.65550155936583
992075,63.79495548669998
992076,63.07423825094359
992077,62.53071286728997
992078,61.46791589644945
992079,57.81012356333581
992080,47.30595481090902
992176,8.979720754692895
992177,16.424853190829484
992178,28.276323514275127
992179,39.44093662377746
992180,47.806563764909725
992181,50.83944274816389
992182,50.6432015683768
992183,50.906808154524484
992184,52.92941432017278
992185,54.46096294197121
992186,54.881281456897284
992187,54.41839868815546
992188,53.97185995582627
992189,55.30691103659562
992190,58.82644298437902
992191,60.976052473232606
992192,63.18846490078745
992193,64.35240850975246
992194,65.88501342299386
992195,65.68800129150995
992196,65.65909150226862
992197,65.22142150345552
992198,64.60181612512525
992199,64.01095944079736
992200,63.25646311283429
992201,62.703167642458425
992202,62.44269412013343
992203,61.322483334829826
992204,60.28476638207998
992205,59.61806118139314
992206,58.54915764930476
992207,54.65572356124743
992208,44.65781489387298
992304,8.300075344120039
992305,14.581450310926106
992306,24.5950836380552
992307,34.33102541159596
992308,41.2521889406832
992309,43.94169207179694
992310,43.20492127732486
992311,42.856191529446406
992312,45.24813878993844
992313,46.7092094279359
992314,47.019719027165536
992315,47.06831147569945
992316,47.975438175084946
992317,50.61938126820708
992318,55.11925276177311
992319,58.55396009937329
992320,61.01598204920323
992321,62.216381786636624
992322,62.622623516324644
992323,62.57993777521807
992324,62.59275629920301
992325,62.05767281592632
992326,61.940150764149735
992327,61.00365048853203
992328,60.4148550526101
992329,60.057236633543305
992330,59.86797444512958
992331,58.82926695256534
992332,57.568101710544646
992333,56.47073539832089
992334,55.44336862805116
992335,51.591815720369674
992432,7.35900477697534
992433,12.324186849530362
992434,20.251945561621696
992435,27.364560129700127
992436,32.24383001650583
992437,33.53764455039061
992438,32.041986295092585
992439,30.881847833876662
992440,32.1529878145626
992441,33.025586190863734
992442,32.82396966475115
992443,32.610653414963615
992444,34.38053116937059
992445,39.82061960959502
992446,48.41780111863594
992447,55.13333949698764
992448,58.93869961666721
992449,60.25859757976899
992450,60.15216238389806
992451,60.001140594194524
992452,60.76996847693315
992453,60.73944012902915
992454,60.45230248353974
992455,59.80897338748554
992456,58.99309014549395
992457,58.460469451501545
992458,57.94612092690507
992459,56.68746931601481
992460,55.23805506423455
992461,53.317007421616154
992560,5.83934172087689
992561,9.067488748577345
992562,14.278253963591865
992563,19.784760721402666
992564,23.82092541974462
992565,24.838741396065316
992566,22.559470113397893
992567,20.558293331704206
992568,20.38268552999962
992569,20.356848465002216
992570,20.291933511296676
992571,20.054440586294742
992572,22.45663594243048
992573,30.691177097024752
992574,42.852414310958416
992575,52.00375151196765
992576,57.29315299502204
992577,58.400706900373876
992578,58.18598214814953
992579,58.08300388257068
992580,59.110132028745625
992581,59.60233385921876
992582,59.32888500338464
992583,59.00332857664173
992584,58.41676554138015
992585,57.408268242633504
992586,56.0971327731909
992587,54.336021130097535
992588,52.00310761407944
992688,4.16734600259795
992689,5.254322515151725
992690,8.298729969475959
992691,13.07852468982281
992692,17.807987294368672
992693,19.56705806846205
992694,17.294840544026766
992695,14.43954021878854
992696,13.465119283687933
992697,13.51281071208502
992698,14.415423701525773
992699,15.004727843768993
992700,17.829770161671227
992701,26.54931932492158
992702,40.0064905329546
992703,49.7206284941726
992704,55.18831007318515
992705,56.049287573087895
992706,55.64950330919837
992707,55.89061190037828
992708,56.54860071065203
992709,56.86676615250785
992710,56.57790365153124
992711,56.16025129624902
992712,55.59050123975488
992713,54.399271011337554
992816,3.508748399498799
992817,3.6163850111926323
992818,5.633051155669243
992819,9.43645086605681
992820,13.16918952868392
992821,15.137181970269577
992822,13.70111961455077
992823,11.649109256890712
992824,10.464286131145323
992825,10.3811190113127
992826,10.98241313727109
992827,11.896345957420339
992828,14.845442419851372
992829,23.21660456121457
992830,35.92663353418934
992831,46.266261925219716
992832,52.182835834945855
992833,53.66734575400061
992834,53.03768070232829
992835,52.816294413136184
992836,53.28174304061657
992837,53.163811569860975
992838,52.000124754450695
992944,3.1192169543336887
992945,3.118484437919834
992946,4.521842279088372
992947,7.526847350085171
992948,10.211691942135454
992949,11.827799312112075
992950,11.517208648941171
992951,10.320848540545827
992952,9.307900454106479
992953,8.806842932894329
992954,8.729008225238733
992955,9.227728562576317
992956,11.445522270914479
992957,17.80968123988616
992958,28.31199528531327
992959,38.64702179432897
992960,45.78345841005326
992961,48.02133314372273
992962,47.48255366259397
993072,2.937554680055974
993073,2.7141371749015586
993074,4.1782131777755325
993075,6.859085512605481
993076,9.186463786296143
993077,10.604391372237641
993078,10.685071616280485
993079,9.803814181450969
993080,8.862520195874993
993081,8.136695813388409
993082,7.8359177284828405
993083,7.6410866199805225
993084,8.420032888295378
993085,12.399617674586908
993086,20.129047100639085
993087,28.300753754301116
993088,34.5367612525607
993200,2.6889214537007815
993201,2.4999187375579184
993202,3.828984103181346
993203,6.570583822418176
993204,8.849704385079953
993205,10.257482420809668
993206,10.318368418383846
993207,9.42670261587639
993208,8.447194198470207
993209,7.835115136711489
993210,7.270042783895585
993211,6.864286069877936
993212,6.975079168368956
993213,9.558495437406435
993328,2.52465173722461
993329,2.257120824677938
993330,3.589070665288445
993331,6.188930956093024
993332,8.564279620156755
993333,9.870918953029626
993334,9.807936002032342
993335,8.913718502816641
993336,7.815430578221398
993337,7.016122406056195
993338,6.4338493933763
993456,2.3016611015429826
993457,1.909898088288728
993458,3.051850291359192
993459,5.472005990148133
993460,7.704431196297165
993461,8.912218651434754
993462,8.46552978981319
993463,7.5168316811684015
993584,2.1025772521679187
993585,1.6322848531894567
993586,2.516529329817495
993587,4.640038727895631
993588,6.670591569550943
993589,7.684925296805524
1005360,1.241633030712601
1005361,2.4815348584818455
1005362,4.326404045645259
1005364,10.884455090327066
1005365,14.840034237913864
1005488,2.390238611760685
1005489,4.656676930733205
1005490,7.139966827282562
1005491,10.54165178711137
1005492,14.719594888117955
1005493,19.213727752699135
1005494,21.35016043179498
1005495,21.858290871124773
1005496,21.094420878151436
1005497,19.862567756560534
1005498,18.837328329982295
1005616,4.071845759761147
1005617,7.313279278108338
1005618,10.22002444709248
1005619,13.900650894820755
1005620,18.397773908820415
1005621,22.597815270474854
1005622,24.564314088771024
1005623,24.97671200043947
1005624,23.834804105019675
1005625,22.492423798429552
1005626,20.812159779569598
1005627,18.904337394459034
1005628,17.200225035971492
1005629,16.722807844135495
1005630,19.08717768481338
1005744,5.954320198313459
1005745,9.950779160881488
1005746,13.025156808411849
1005747,16.665064114710802
1005748,21.248002987143817
1005749,24.92777712320627
1005750,26.279508133744034
1005751,26.595282910724645
1005752,25.678399713118644
1005753,24.529662694100907
1005754,23.365339805830057
1005755,21.660490641515633
1005756,20.71582528773882
1005757,22.1201977921821
1005758,26.96556833274877
1005759,34.14733070624513
1005760,41.98435594602829
1005761,47.843284021741304
1005872,7.9846674154219075
1005873,12.401392773227311
1005874,15.651203913797552
1005875,18.865053380495773
1005876,22.990340914233972
1005877,26.84840116466461
1005878,28.51371599329607
1005879,29.519992117935153
1005880,29.152555100907747
1005881,28.86457646964898
1005882,28.2731464966575
1005883,26.82399260153031
1005884,26.317009688465397
1005885,29.111776552851868
1005886,35.54294474463294
1005887,44.784751233675784
1005888,54.67144253753619
1005889,61.66930483878691
1005890,64.66335387015077
1005891,63.61872535677704
1005892,59.73844794388032
1006000,10.605476225623772
1006001,15.630059224980943
1006002,18.305701231710042
1006003,21.513865208896963
1006004,26.115783064803843
1006005,30.864062825610997
1006006,34.933541189256395
1006007,38.13186108484984
1006008,39.958807390166044
1006009,40.44369196185416
1006010,40.1853371186813
1006011,39.23252032348066
1006012,39.011772570297694
1006013,41.63078208597304
1006014,47.747905830666014
1006015,54.6966786257432
1006016,62.406761348675644
1006017,67.74528863591254
1006018,71.1721727246016
1006019,71.3811547214425
1006020,70.589372062834
1006021,68.77481520978135
1006022,65.62645713974761
1006128,14.833782536043856
1006129,20.702417854314614
1006130,24.791763473068503
1006131,29.1947679782224
1006132,35.01129213726043
1006133,40.788635643333215
1006134,46.44673456023382
1006135,51.626740726392775
1006136,55.76301622880922
1006137,56.74215460525943
1006138,56.2616603317727
1006139,54.69413576624015
1006140,54.192392489639474
1006141,55.93066675555522
1006142,60.55710267895452
1006143,63.79752310764181
1006144,66.81666204855988
1006145,70.01389867849774
1006146,72.26427861970834
1006147,73.46023562269599
1006148,74.18631115594977
1006149,73.50513849534732
1006150,72.27700304649599
1006151,69.42657452409398
1006152,64.36438681640513
1006256,21.896316660798966
1006257,30.223666298756317
1006258,37.086445306296206
1006259,43.82380394214639
1006260,51.121281204573364
1006261,56.15529727782781
1006262,59.32713001560337
1006263,62.99974026667211
1006264,65.94006519309268
1006265,67.06980152400006
1006266,66.09655591204837
1006267,63.79471874187654
1006268,62.48057206299251
1006269,63.10620792023133
1006270,66.37569127211154
1006271,68.13218073996482
1006272,69.24864082222933
1006273,70.5936045174286
1006274,72.1279571277508
1006275,73.14348237861272
1006276,73.96421680051328
1006277,73.72967383718344
1006278,73.55306381589413
1006279,72.67367699510125
1006280,70.42508305347216
1006281,67.23848105630684
1006384,32.311284101371534
1006385,42.333452950310004
1006386,48.752220018366735
1006387,54.982885374683335
1006388,61.94109901931612
1006389,65.05581172180413
1006390,65.95539412624619
1006391,67.46713180239384
1006392,69.55912447273217
1006393,69.91703918398271
1006394,69.43225884644743
1006395,67.91613729098349
1006396,66.98471994215448
1006397,67.31096481464523
1006398,68.6597862038716
1006399,69.73285591951237
1006400,70.43010499793743
1006401,71.16809327873331
1006402,72.55097729495898
1006403,73.15368794676968
1006404,73.1816821258104
1006405,73.1944766966072
1006406,73.41899582194907
1006407,72.98979222127005
1006408,72.4771294617905
1006409,71.40797230494512
1006410,69.25521996652526
1006411,65.10585643061314
1006512,41.85744463650457
1006513,51.41091618973307
1006514,56.217462498346165
1006515,60.75039179634645
1006516,65.83537697954628
1006517,68.00233785671112
1006518,67.97132542967047
1006519,68.5815938113747
1006520,70.13302296053793
1006521,70.48219957589227
1006522,70.23867623611196
1006523,69.84104873234304
1006524,69.31830661939908
1006525,69.6004295224825
1006526,70.3299189193888
1006527,70.28929493626177
1006528,71.24061590919847
1006529,72.22151159830122
1006530,73.46495099470755
1006531,73.09837932388396
1006532,72.9234672001679
1006533,72.0380658821891
1006534,72.47966453748613
1006535,72.2155741383697
1006536,72.49899513312761
1006537,72.37686620227858
1006538,72.15198232912063
1006539,69.88604920334191
1006540,67.8017790381342
1006541,67.21144521663203
1006542,66.6781860607004
1006543,62.44597689118595
1006544,52.745272043994675
1006640,47.2596804034017
1006641,56.00544260183609
1006642,59.60237063322585
1006643,62.707008991546246
1006644,67.77741430542203
1006645,70.23197673396913
1006646,70.02630592586743
1006647,69.98874108603955
1006648,70.34343234662227
1006649,70.47764522242791
1006650,70.23738213025891
1006651,69.99042732795013
1006652,70.83249150140936
1006653,71.44493886669171
1006654,71.86595765481857
1006655,70.9547114116329
1006656,71.10446383381141
1006657,72.24828082284947
1006658,73.54195502969648
1006659,72.95186758537751
1006660,72.3348294309126
1006661,72.13168632390763
1006662,71.64948811485544
1006663,71.62735067874351
1006664,72.04530722144519
1006665,72.3209146202749
1006666,72.68552960740055
1006667,71.28322918004514
1006668,70.78045846458326
1006669,71.83091528643943
1006670,72.0597320142828
1006671,68.27302033299101
1006672,57.714958107839585
1006768,47.329531465307845
1006769,56.94855924571386
1006770,61.054078079252164
1006771,64.1197746466897
1006772,69.20464057233278
1006773,71.06588147364151
1006774,71.50083237046232
1006775,70.8739226940697
1006776,70.64211465467632
1006777,69.99529568203424
1006778,70.33808918657546
1006779,70.83402078607848
1006780,71.57361741840994
1006781,72.38599354038868
1006782,72.48014777376316
1006783,71.30092102348071
1006784,71.3270057850382
1006785,72.05065998786918
1006786,73.02123262691678
1006787,72.94898129286737
1006788,72.28811462508851
1006789,71.00450882779425
1006790,70.97943973928113
1006791,70.55002723261047
1006792,71.23556020415052
1006793,71.98275198172836
1006794,71.98999129935464
1006795,71.23575494375957
1006796,71.17998179896662
1006797,72.5094674753154
1006798,74.04008519919358
1006799,70.38697100386332
1006800,59.79477869118026
1006896,46.42786195403098
1006897,56.61750036998591
1006898,61.03951369505116
1006899,65.35146471473827
1006900,69.94370510337076
1006901,72.54532841120417
1006902,72.85246793952427
1006903,72.26248057640085
1006904,71.95503928025994
1006905,71.4769713296426
1006906,71.37894643482791
1006907,71.51581954460187
1006908,72.62222011048911
1006909,72.8728149078863
1006910,73.425290993413
1006911,71.9677789516284
1006912,71.45104910689165
1006913,72.0662620163797
1006914,73.31328110018342
1006915,72.85829361376226
1006916,71.69687385538175
1006917,70.53958968564856
1006918,70.55214953063538
1006919,70.3678803003713
1006920,71.19225996897787
1006921,71.5050725572893
1006922,71.73125920604858
1006923,70.92243471247309
1006924,70.84482806539157
1006925,72.44620151647278
1006926,73.91392874942868
1006927,70.61129903023765
1006928,59.70834421727299
1007024,46.518302776465
1007025,56.641925098415385
1007026,61.5028114784666
1007027,65.79248598476724
1007028,71.32520885574063
1007029,73.27190398538933
1007030,73.59697944975744
1007031,73.59198089726745
1007032,73.78866711013647
1007033,73.27917902720708
1007034,72.82779232388107
1007035,72.4127797796886
1007036,72.98495141800962
1007037,73.25614466744776
1007038,73.92348940964503
1007039,72.71434223782893
1007040,72.09394429384105
1007041,71.7925555077706
1007042,72.88614972340721
1007043,72.78745454819453
1007044,72.07888279516352
1007045,71.201732757225
1007046,70.92909967904501
1007047,71.18893250515976
1007048,72.03949918870546
1007049,72.5015681192682
1007050,72.33325362136911
1007051,71.30862703404412
1007052,71.13830852453175
1007053,72.55124332942042
1007054,73.75893188574695
1007055,70.15081252192678
1007056,58.8276772216301
1007152,47.69562123929518
1007153,58.032480589386275
1007154,63.54750171673342
1007155,67.63459583097016
1007156,72.71629258489247
1007157,74.89490475961787
1007158,75.79886129167555
1007159,75.50414878735663
1007160,76.2810074425241
1007161,75.21811703947365
1007162,74.95484735730443
1007163,74.12713678980646
1007164,73.51630474228921
1007165,73.92503877557289
1007166,74.47327783685688
1007167,73.15940655073113
1007168,72.32507218643435
1007169,72.32741604277318
1007170,73.6220487755329
1007171,73.26270292616235
1007172,73.29280734163018
1007173,72.20412879854715
1007174,72.36108650090077
1007175,72.5361861755079
1007176,73.14439817171152
1007177,73.24437341702458
1007178,72.9504527022167
1007179,71.945205206138
1007180,72.10445099069813
1007181,73.50069794680178
1007182,74.27992850968671
1007183,70.30603607561555
1007184,58.9362154463481
1007280,48.41118672128609
1007281,58.971709879271764
1007282,64.56450514398412
1007283,68.68250680489257
1007284,73.66456775654514
1007285,76.27413140234908
1007286,77.33968769276858
1007287,77.30085397431502
1007288,77.55079475219901
1007289,76.67716530769702
1007290,75.59300876155834
1007291,74.01852973197396
1007292,73.32679631058829
1007293,73.58538260603123
1007294,73.56384298863945
1007295,72.80831444847996
1007296,72.18566484872328
1007297,72.05228239423073
1007298,73.06217440663131
1007299,73.60489738096904
1007300,73.67357810865087
1007301,72.71031640498556
1007302,72.2937154632602
1007303,72.2560529068841
1007304,73.1776304602478
1007305,73.26149006843741
1007306,73.07764891576886
1007307,71.66995991805386
1007308,71.89905946798162
1007309,73.37944032954901
1007310,74.19259268192525
1007311,70.59628393956507
1007312,59.162386968339355
1007408,46.33063746789553
1007409,56.00256138325156
1007410,61.39437153608567
1007411,66.02909622695385
1007412,71.92034365448629
1007413,75.01642428258216
1007414,76.07425780113455
1007415,76.88570361810554
1007416,77.37811358798129
1007417,76.92689438380899
1007418,75.83199868981919
1007419,73.70387148155953
1007420,72.45456225786617
1007421,71.9196215817062
1007422,72.12679374767116
1007423,72.08677486803438
1007424,72.61375289627115
1007425,73.23816075573889
1007426,73.99532428656292
1007427,73.91489400368094
1007428,73.31567882452131
1007429,72.32781467598912
1007430,71.95438308918439
1007431,71.82182463133437
1007432,72.23871091372011
1007433,71.86365194743165
1007434,71.21509584390351
1007435,70.27812143575717
1007436,70.00149047721591
1007437,71.72711097650755
1007438,73.20058977139264
1007439,70.03469870791821
1007440,60.02378735960259
1007536,39.908975475194175
1007537,48.65133496847702
1007538,53.30407955633061
1007539,57.544123658049706
1007540,62.93639902773069
1007541,66.77513253392378
1007542,70.39174381620185
1007543,73.58771785296416
1007544,76.27797589057661
1007545,76.18855853892312
1007546,74.63357716079946
1007547,72.41986494584287
1007548,71.79824325141699
1007549,71.60989693005388
1007550,73.01476470844969
1007551,73.60434067564235
1007552,73.81725983179005
1007553,73.89362580547146
1007554,74.03747997399306
1007555,73.48139917793038
1007556,73.3066284165324
1007557,72.87601963579922
1007558,72.47981809775531
1007559,71.6161197047941
1007560,71.4518972915972
1007561,71.09049889268071
1007562,71.19845350406528
1007563,70.98830367778501
1007564,70.98339524467181
1007565,71.92108311587494
1007566,73.00330844083246
1007567,70.3587287227256
1007568,60.58151673217785
1007664,31.242401342207753
1007665,38.709842277869534
1007666,42.951744026670774
1007667,47.16338759639617
1007668,52.3484996813671
1007669,57.43501050059522
1007670,63.04966253864485
1007671,68.54985820944604
1007672,72.8361248392617
1007673,73.86090644434047
1007674,72.24517749573229
1007675,70.34693259304088
1007676,69.62280343224954
1007677,70.61678824011607
1007678,72.78743263608588
1007679,73.65846830685862
1007680,73.79322815447718
1007681,73.69596075365384
1007682,74.27102339450364
1007683,74.20921032425136
1007684,74.80204295394319
1007685,75.10223821782509
1007686,75.12397053555145
1007687,73.52884940227439
1007688,72.35730696148421
1007689,72.42941182571313
1007690,73.47149105364701
1007691,73.50581879494781
1007692,72.6331356832904
1007693,72.84537414677553
1007694,73.64398344820786
1007695,70.87131509819369
1007696,60.89424630824443
1007792,24.791180869023396
1007793,31.88950812282746
1007794,37.61536581405729
1007795,43.770563536952814
1007796,51.256803232317054
1007797,56.753870374967704
1007798,60.71556383322045
1007799,63.90745946983821
1007800,66.13778504172566
1007801,66.76012511335068
1007802,65.56492096192666
1007803,63.60657988156594
1007804,63.753620940590245
1007805,65.50463299852801
1007806,68.44683428835205
1007807,69.74184170772261
1007808,70.31419794491745
1007809,71.72178558123336
1007810,74.33335473773667
1007811,75.9389961127737
1007812,76.95570188831154
1007813,77.24896899438583
1007814,76.94839266739002
1007815,75.34272514076767
1007816,73.94873798030306
1007817,74.47410319621439
1007818,75.39905971596795
1007819,74.3204280827118
1007820,72.31759040053157
1007821,72.44150176750367
1007822,72.78842702842066
1007823,69.99816519645302
1007824,59.44584679548457
1007920,20.052654666445804
1007921,27.615674377692233
1007922,36.456441985720836
1007923,46.0102431441177
1007924,55.23126593813009
1007925,60.18461465163509
1007926,62.632512075988075
1007927,62.54580948206751
1007928,62.677312735760346
1007929,61.48316417152081
1007930,60.76347236074561
1007931,59.70553093479669
1007932,60.272007351321676
1007933,62.76335847934652
1007934,66.10884679682837
1007935,67.47779405431578
1007936,68.8164714379704
1007937,69.9234759277487
1007938,72.7240137533896
1007939,74.2415511251227
1007940,75.28765593320726
1007941,75.24159808292232
1007942,75.15086665427935
1007943,74.51700404290244
1007944,74.41280649643289
1007945,74.28890067570399
1007946,74.31507656637781
1007947,72.56314052620893
1007948,70.81451955545604
1007949,70.74360283022126
1007950,71.94030974078765
1007951,69.15221408373493
1007952,58.68495990564028
1008048,16.069062334120463
1008049,25.671777721356047
1008050,37.78650228517186
1008051,48.49951119345746
1008052,57.39360515116145
1008053,61.73590257087807
1008054,62.95604678459489
1008055,62.50486172377811
1008056,61.58513696081673
1008057,60.15919423481581
1008058,59.158829257601994
1008059,59.50679301580485
1008060,61.63739827556519
1008061,64.21108892745504
1008062,66.82732804682165
1008063,68.18165496202926
1008064,69.19460989027105
1008065,69.21995138436804
1008066,69.99571535819096
1008067,70.5336691846103
1008068,71.42691098543979
1008069,71.65934468785245
1008070,72.06740024577289
1008071,72.38753669214552
1008072,72.87816573920688
1008073,72.6835692615533
1008074,71.77550458503457
1008075,69.90009238713863
1008076,68.48267478849425
1008077,68.27135441940395
1008078,68.86700076586274
1008079,66.30787248897795
1008080,56.64688499367523
1008176,13.437746596103526
1008177,23.560567929938543
1008178,36.88959378139339
1008179,49.008935334441595
1008180,57.179481868047795
1008181,61.035765180716325
1008182,61.37653089290696
1008183,61.01095391666169
1008184,60.86150783134889
1008185,59.87950586198216
1008186,59.462432244896036
1008187,59.661369099165796
1008188,61.69781099889363
1008189,64.19701264121424
1008190,66.63230769265067
1008191,67.96450923615967
1008192,69.00733272229843
1008193,69.39729488841242
1008194,69.88671471011028
1008195,69.99163678446772
1008196,70.26567865002404
1008197,70.44616617340915
1008198,70.69108574588314
1008199,70.37235490127809
1008200,69.99650922988246
1008201,69.08547998535305
1008202,67.85124900421206
1008203,67.22853748620543
1008204,66.52096228986471
1008205,65.93646320571266
1008206,65.6083674552589
1008207,62.99812517558108
1008208,53.22775678724227
1008304,11.56256115436802
1008305,21.69324962367803
1008306,35.378208652657385
1008307,47.97325755660893
1008308,56.74620982073205
1008309,59.9291390656935
1008310,60.1597679576585
1008311,59.88514537256668
1008312,61.22049304607093
1008313,60.84556794911216
1008314,60.161550957724906
1008315,59.55365237936595
1008316,59.67472160198624
1008317,61.47462733268639
1008318,63.908664675137196
1008319,65.48705663017151
1008320,66.40158436810745
1008321,67.42687655599555
1008322,68.41266767578499
1008323,68.35957244895945
1008324,68.77010746261574
1008325,68.93980848056782
1008326,69.00516526157348
1008327,68.11429535577044
1008328,66.6231696577897
1008329,65.54301510968077
1008330,64.91524510237946
1008331,63.97358449323871
1008332,63.52597502040216
1008333,63.417508024608495
1008334,62.99923672786339
1008335,59.57656995758151
1008336,49.36193248809805
1008432,10.551466196573296
1008433,20.19085582611684
1008434,33.730054040358645
1008435,47.08550605381007
1008436,56.0101537715415
1008437,58.94256458546173
1008438,58.38129849268464
1008439,58.8688665530747
1008440,61.18658407896404
1008441,62.18673930891318
1008442,61.88438745260928
1008443,60.494886870454295
1008444,58.669732322763856
1008445,59.28497112332011
1008446,61.8745756454123
1008447,62.99192002157562
1008448,64.0770443729775
1008449,65.00880499747805
1008450,66.25246982789116
1008451,66.12326760468368
1008452,66.2279488523553
1008453,66.12960738385031
1008454,66.12301593535672
1008455,65.39566562056895
1008456,64.49631138104851
1008457,63.515933598840626
1008458,63.012722309255835
1008459,61.811079330276826
1008460,61.415245885461026
1008461,60.906968437962654
1008462,61.08141957340708
1008463,57.094493453642905
1008464,46.953292238745895
1008560,9.891132581064397
1008561,19.081531661233264
1008562,32.98180654343576
1008563,45.7949952505174
1008564,54.65278975893613
1008565,57.02557929963904
1008566,56.62728014479763
1008567,56.715372804609466
1008568,59.63222846793255
1008569,61.683346690849866
1008570,62.45068786328426
1008571,60.82277518826741
1008572,58.75345025661066
1008573,58.411859090247
1008574,60.656913700399365
1008575,61.541568759471566
1008576,62.702875924416624
1008577,63.01133907054556
1008578,63.79159781238875
1008579,63.643012215403
1008580,63.6426113112812
1008581,63.33751442631473
1008582,63.260471056679
1008583,63.00422242834397
1008584,62.272307945907045
1008585,61.96912825345708
1008586,61.654891488389715
1008587,60.43560639703291
1008588,59.941293896985904
1008589,59.3127444230149
1008590,59.28281275648157
1008591,56.0051061245884
1008592,46.05608959563577
1008688,9.444420758811848
1008689,17.529211647983374
1008690,30.244438154592086
1008691,42.946688761460344
1008692,50.98314256908415
1008693,53.06755439643895
1008694,50.95884541228195
1008695,51.0038868788749
1008696,53.57933593591916
1008697,55.99196918619093
1008698,57.24372557012766
1008699,55.98738373221369
1008700,54.26926213176827
1008701,54.81209847115778
1008702,57.51756062803574
1008703,59.5967900131032
1008704,60.99790526416098
1008705,61.73186715579422
1008706,62.24555504489414
1008707,62.10756261643446
1008708,62.063605835572346
1008709,61.64448218440655
1008710,61.51712371112925
1008711,61.06714061948085
1008712,60.78791779714902
1008713,60.33746406331902
1008714,59.93072924753
1008715,59.201647960078084
1008716,58.644558046183576
1008717,58.06289116541444
1008718,57.960643600895324
1008719,55.10729448595103
1008720,45.435972665108466
1008816,8.385441000011667
1008817,15.218829190794708
1008818,25.93357893063148
1008819,35.76965537210113
1008820,41.862254055723966
1008821,43.00314880393689
1008822,40.2893179408638
1008823,38.995060448845905
1008824,40.55962340217805
1008825,42.2336755618933
1008826,42.94681903689066
1008827,42.08184736486966
1008828,41.523049701308544
1008829,44.69053112739567
1008830,51.65647289718102
1008831,56.66357354400214
1008832,59.75679422329288
1008833,60.67413488108893
1008834,60.77491714029587
1008835,60.92106697987355
1008836,61.32470384470562
1008837,61.26666403669384
1008838,60.95168278271113
1008839,60.355893075242136
1008840,59.66250252760249
1008841,58.79942341314587
1008842,58.20232252127762
1008843,57.603453531404455
1008844,57.01181214007012
1008845,56.33687514602646
1008846,56.06952430358276
1008847,53.442713149743454
1008944,6.793551687558895
1008945,11.386269221980353
1008946,18.786281451006808
1008947,25.279405295956742
1008948,28.84710231212284
1008949,29.282138134856
1008950,26.59666781254589
1008951,24.539111460042832
1008952,25.11234211960071
1008953,25.975698223551547
1008954,25.66073123609406
1008955,24.848959142170454
1008956,25.755214609945845
1008957,32.34905096567574
1008958,44.04795760385104
1008959,53.03026772813433
1008960,58.14567203772603
1008961,59.23429240956963
1008962,58.76649899266154
1008963,58.98829445964673
1008964,60.156377512463
1008965,60.34084706119961
1008966,60.37741080510654
1008967,59.60854402828397
1008968,59.16457203776889
1008969,57.89411898869979
1008970,57.08837120526717
1008971,56.00720675572499
1008972,54.738240371206835
1008973,53.49437969013766
1009072,5.109652816163976
1009073,6.910994003372767
1009074,10.752341298485272
1009075,15.015709999117282
1009076,18.51364933754265
1009077,19.345727990380034
1009078,17.596424558831263
1009079,15.968862192113791
1009080,15.540607830344749
1009081,15.661544561037603
1009082,15.881053393285208
1009083,15.55837124412682
1009084,17.71875417708994
1009085,26.192301562685625
1009086,40.09286532874345
1009087,50.973207597461645
1009088,56.47525668175505
1009089,57.47891544354109
1009090,57.14561145721004
1009091,57.101930675940146
1009092,58.1802109545763
1009093,58.55230329845815
1009094,58.353154133028006
1009095,57.87242608649888
1009096,57.38840261133816
1009097,56.30294659393234
1009098,54.640371287659484
1009099,53.070015802762356
1009200,3.954785292883068
1009201,4.335786071159309
1009202,6.27580063030857
1009203,9.406807842185508
1009204,11.90962449692823
1009205,13.332005931594933
1009206,12.988630088155842
1009207,11.918460909407356
1009208,11.508263521262489
1009209,11.182543079126471
1009210,11.035601601159513
1009211,10.977746794726999
1009212,13.844934019011447
1009213,22.962563620453203
1009214,37.14753528952897
1009215,48.134690848747184
1009216,54.38470084682545
1009217,55.68210603972826
1009218,54.904313221721885
1009219,54.57378930722606
1009220,55.00116039777007
1009221,54.608296359524054
1009222,54.34389922125548
1009223,53.36452202386895
1009328,3.3656796887823637
1009329,3.373848828031859
1009330,4.9367091230527045
1009331,7.4995064488921255
1009332,9.797741058356335
1009333,11.167971457693508
1009334,11.278581144182194
1009335,10.496404820475457
1009336,9.85250644039874
1009337,9.32984617493547
1009338,8.800511613624511
1009339,8.664273940920086
1009340,10.627829536098682
1009341,17.965891601340374
1009342,30.32728598707452
1009343,41.48316830155798
1009344,49.13528410448557
1009345,51.38407293514442
1009346,50.89107033489417
1009347,50.217211012233875
1009348,50.05551027733181
1009456,3.029703706079287
1009457,2.988059828320992
1009458,4.318386737398357
1009459,6.7766136138927875
1009460,9.151853535710549
1009461,10.505900767592014
1009462,10.636782285188142
1009463,9.789618026430276
1009464,8.923998902794157
1009465,8.269227845342414
1009466,7.849831119887
1009467,7.337393816707796
1009468,7.865862654435816
1009469,12.509102102947548
1009470,21.449286905547556
1009471,31.41192607256563
1009472,39.137984762195
1009473,42.046871266587544
1009474,41.80016606779073
1009584,2.7714574976579778
1009585,2.621984483369755
1009586,3.834068508231022
1009587,6.365109956451689
1009588,8.702186167820262
1009589,10.168788313739649
1009590,10.21733622023688
1009591,9.141018691838656
1009592,8.22434782342892
1009593,7.656979196509961
1009594,7.194689163057199
1009595,6.521399142711873
1009596,6.420945191667652
1009597,9.254598090231466
1009598,15.180173248624792
1009712,2.5278983288556334
1009713,2.219920324713031
1009714,3.379199811455108
1009715,5.742452293117013
1009716,8.165766971291651
1009717,9.667920958275655
1009718,9.50918077626699
1009719,8.403059214767675
1009720,7.294143040499078
1009721,6.545116417674991
1009722,5.992878274238249
1009723,5.3840269899148545
1009724,5.361559481900252
1009840,2.34712714340218
1009841,1.9471647282302578
1009842,2.7704766684835076
1009843,5.023949241942335
1009844,7.288874146859727
1009845,8.688134380369723
1009846,8.424182173032273
1009847,7.148502622681003
1009848,5.9172618695590256
1009849,5.22747844245217
1009968,2.135133495709055
1009969,1.607660577336286
1009970,2.1897547754383173
1009971,3.9715751412326483
1009972,6.033954195687014
1009973,7.464283722573178
1009974,7.2283094933594345
1021744,1.6345509394410576
1021745,2.6702972656210853
1021746,3.7217223901880216
1021747,5.626982088512931
1021748,9.113772652603487
1021749,13.25296922202454
1021750,15.582668760709597
1021872,2.81793180057318
1021873,4.855421712884248
1021874,6.536975363512654
1021875,8.689774167473992
1021876,12.73325430384208
1021877,16.845495721235142
1021878,18.540748872028566
1021879,18.89808878830251
1021880,17.949478874218254
1021881,16.655754095407143
1021882,15.476044133113364
1022000,4.093914954716408
1022001,6.870297808687331
1022002,9.063819583492467
1022003,12.149966629041707
1022004,16.12038618396063
1022005,19.87732684987498
1022006,21.41693192826786
1022007,21.572478425567166
1022008,20.54863838989897
1022009,19.01496513940863
1022010,17.68551093631565
1022011,16.360856186500428
1022012,15.86805325568651
1022013,17.314235264278178
1022014,21.37364373569305
1022015,26.340077601334475
1022128,5.612951910737588
1022129,8.851885644408762
1022130,11.579394504896078
1022131,14.813980018643171
1022132,19.070508819261377
1022133,22.41526607012816
1022134,23.92853030710076
1022135,23.95585941365371
1022136,23.356651683283154
1022137,22.36691035128211
1022138,20.930817280016097
1022139,19.782919967481295
1022140,19.819674343771727
1022141,23.04040025074746
1022142,29.487556652271174
1022143,37.704844299060376
1022144,46.68889801320923
1022145,52.85113318806592
1022146,55.43703704473101
1022147,52.44180210234159
1022256,7.612698266702569
1022257,11.248164473317912
1022258,14.055303600888173
1022259,17.03889639030369
1022260,21.43183028464127
1022261,25.276398237363235
1022262,27.370603151865314
1022263,28.645924177493107
1022264,29.019628550821558
1022265,28.71932993918486
1022266,28.036031721467488
1022267,27.26830524487895
1022268,27.408213618795898
1022269,31.33097310087467
1022270,38.79246741381901
1022271,47.98741850242401
1022272,57.72697763896227
1022273,64.33918629424869
1022274,67.43071081323427
1022275,66.37992911008266
1022276,62.80753841598535
1022277,58.053090646999316
1022384,10.723845264448226
1022385,14.41179177664991
1022386,17.111904698158625
1022387,20.79657062848666
1022388,25.59872616517006
1022389,30.655280017368888
1022390,34.86378931553231
1022391,38.6771362524056
1022392,41.300817659042195
1022393,42.62823922192965
1022394,42.383239419691755
1022395,41.277477950670516
1022396,42.29886644930275
1022397,46.06053505269973
1022398,52.697889371281356
1022399,58.942490312443205
1022400,65.07249326957982
1022401,69.22847890973902
1022402,72.28795208425754
1022403,72.74922364150777
1022404,71.53009307733154
1022405,69.6314771696139
1022406,66.50893596272847
1022407,61.395691605044
1022512,15.485013677705329
1022513,20.906161038385658
1022514,25.516213296497195
1022515,31.012164603319352
1022516,36.65949765041529
1022517,41.56314291641055
1022518,46.07412777131268
1022519,49.938053593609844
1022520,53.797512007713486
1022521,55.147053013857146
1022522,54.39127797847238
1022523,53.386512813238
1022524,54.087633494205996
1022525,57.45771316214701
1022526,62.60733041811623
1022527,65.52352658007642
1022528,68.07853755264432
1022529,70.383651468698
1022530,73.1421153676573
1022531,73.95807707573496
1022532,73.92932336147985
1022533,73.44159020520121
1022534,72.27805840476192
1022535,69.23311137976036
1022536,65.94218406274705
1022640,22.61310631619608
1022641,30.806200405881732
1022642,38.133880637593165
1022643,45.24147820318167
1022644,51.835519924768164
1022645,55.565602551122645
1022646,57.65383544299771
1022647,60.114444906602124
1022648,62.68889234769252
1022649,63.31915936418688
1022650,62.79231375696916
1022651,60.15587909973912
1022652,59.73574201904778
1022653,61.49212592564393
1022654,65.68242387647712
1022655,67.81103405531888
1022656,68.91229833397347
1022657,70.72563488830683
1022658,73.13600920487339
1022659,74.10903773864177
1022660,74.49210274124255
1022661,74.51118050922783
1022662,74.01411916385678
1022663,73.10561437805556
1022664,71.76067889825701
1022665,69.77736343051922
1022666,66.45629185057089
1022768,32.65024050371324
1022769,42.52060728295566
1022770,49.07750011432375
1022771,54.66452755802208
1022772,60.351693605374415
1022773,63.49095695655811
1022774,64.61312497466426
1022775,66.27149341182162
1022776,68.13516132147538
1022777,68.19165526469538
1022778,67.3079985449666
1022779,64.77491091482972
1022780,63.20320052247334
1022781,64.52351328272863
1022782,67.17564192963762
1022783,68.41899458107581
1022784,69.28441713146206
1022785,70.56870003897053
1022786,72.76364765366897
1022787,73.90230461883593
1022788,73.88243040206041
1022789,73.93196330158229
1022790,74.1476657181439
1022791,73.51242635159784
1022792,73.42486700633572
1022793,73.05478013519699
1022794,71.70064834709316
1022795,68.51291805783407
1022796,65.68495286566035
1022798,62.21188161414568
1022896,40.937261840740646
1022897,50.83058101210506
1022898,55.80605145373185
1022899,60.58793979354282
1022900,64.86503250840039
1022901,67.95606918211469
1022902,68.36725555178276
1022903,68.81184556360891
1022904,70.06059284609196
1022905,69.67523163552697
1022906,68.66843629219842
1022907,67.40840066499767
1022908,67.07567927316192
1022909,67.54369587839803
1022910,68.9322086234717
1022911,69.20804930814037
1022912,70.48162636758184
1022913,71.6264041700056
1022914,73.16719478081242
1022915,73.43972281763662
1022916,73.40037982918753
1022917,73.31650163973771
1022918,73.59241417376826
1022919,73.32626177730691
1022920,73.8430464502676
1022921,73.60537203495859
1022922,73.41408941949088
1022923,71.772074566536
1022924,70.2550730070049
1022925,70.57344905776542
1022926,70.83264599197088
1022927,67.08987972375014
1022928,56.350018671942586
1023024,46.1582098412967
1023025,55.863431277762146
1023026,60.189399851239706
1023027,64.21433422364933
1023028,68.68073433284908
1023029,70.38276262140567
1023030,70.52849612384657
1023031,70.39722782856165
1023032,70.35405709783694
1023033,69.73135582133757
1023034,69.44678803331955
1023035,69.37899393274364
1023036,69.67222691813382
1023037,70.3367089971673
1023038,70.48198440311828
1023039,70.47552219816305
1023040,71.36801234278248
1023041,72.14266959013888
1023042,73.16796840744347
1023043,73.3984366114357
1023044,73.2247659025381
1023045,73.08788561413948
1023046,72.6813276557089
1023047,72.8346604691996
1023048,72.92229154859004
1023049,73.56177008912957
1023050,73.34746738166866
1023051,72.32065082776317
1023052,71.4976551659719
1023053,72.45569617443041
1023054,73.81633285049737
1023055,69.99659886398135
1023056,58.94059155309135
1023152,47.06238106941567
1023153,57.67212927005669
1023154,62.55258857343471
1023155,66.56153585551796
1023156,70.55942950183127
1023157,71.86688102408873
1023158,71.98170441879363
1023159,71.16632581396013
1023160,70.80164984685808
1023161,70.12738337122553
1023162,70.25499324769011
1023163,70.80988938007901
1023164,71.84881998169782
1023165,71.85199506726329
1023166,72.24055815597211
1023167,71.5916197745443
1023168,71.93558245082005
1023169,72.60980624086294
1023170,73.6230328969514
1023171,73.29125585509017
1023172,72.88336018132527
1023173,72.14552158261532
1023174,72.61020751444028
1023175,72.11367103591881
1023176,72.29262857838009
1023177,72.83949582150736
1023178,73.03701452266965
1023179,71.45896334947275
1023180,71.26144673355513
1023181,72.82628953167661
1023182,74.48982485887007
1023183,70.94066582571783
1023184,60.407957222506674
1023280,46.09826771167925
1023281,57.38233901673928
1023282,63.00457311685386
1023283,67.04292798336198
1023284,70.75810057206803
1023285,72.60774638776198
1023286,72.29686159404206
1023287,71.7823413599691
1023288,71.852352334133
1023289,70.7405849315056
1023290,71.20032600791868
1023291,71.8645727490189
1023292,73.25000335057881
1023293,73.50230590781567
1023294,73.59425150708928
1023295,72.57797776824738
1023296,72.18423763064399
1023297,72.38582341394816
1023298,73.47885344712215
1023299,73.24503431182538
1023300,72.79762908917324
1023301,71.78406589215243
1023302,71.58021681475604
1023303,71.00888268790062
1023304,71.65664916037902
1023305,71.79231825545632
1023306,71.9007774508785
1023307,70.2389421387374
1023308,70.08886154189578
1023309,72.0087821157658
1023310,73.77121394739376
1023311,71.0174360992876
1023312,59.765469681061184
1023408,46.209602198273785
1023409,57.38408088944999
1023410,63.51269341877906
1023411,67.83418577908125
1023412,71.8906864493779
1023413,73.50529100789623
1023414,73.29934380556038
1023415,73.18644616297871
1023416,73.39094738911547
1023417,73.27997780324716
1023418,73.29078058829793
1023419,73.3717908417059
1023420,73.66797264265621
1023421,74.33600012914664
1023422,74.64588953032508
1023423,73.46612826680368
1023424,72.61551826828763
1023425,72.37976400671506
1023426,73.40658003434213
1023427,73.22687726570238
1023428,73.23385745164353
1023429,72.4067711691733
1023430,72.00139341007056
1023431,71.56407035731947
1023432,72.3364039799255
1023433,72.33398437135264
1023434,72.32221571742252
1023435,70.7037280602634
1023436,70.23560582673785
1023437,72.02555964079538
1023438,73.5870279037146
1023439,70.41948567278023
1023440,59.42334677398545
1023536,45.76194486931528
1023537,57.76376976368108
1023538,64.22584217964577
1023539,68.7628592966443
1023540,72.71040711118894
1023541,74.83319614871638
1023542,75.07116062564575
1023543,75.62358922765846
1023544,76.03977380953319
1023545,75.318973587125
1023546,74.91745835504487
1023547,74.35890792773458
1023548,74.08041136364577
1023549,74.66909236249379
1023550,74.87097726416086
1023551,73.84434439441029
1023552,72.64942000091236
1023553,72.42783382309892
1023554,73.45211054838178
1023555,73.4953028868236
1023556,73.17796318929933
1023557,72.26191905496177
1023558,72.39076223352905
1023559,72.35901821154873
1023560,73.29338047982097
1023561,73.62889896778249
1023562,72.87434669738033
1023563,71.79939214842175
1023564,71.20855052559736
1023565,72.58686870588653
1023566,73.80677451877797
1023567,70.01093678418175
1023568,58.82356675088531
1023664,44.75599382560961
1023665,56.30267593383123
1023666,62.966827026959976
1023667,68.24934535473632
1023668,73.75223276892056
1023669,75.84331599258132
1023670,76.97573328868056
1023671,77.41989389572876
1023672,77.53875295339199
1023673,76.77990396323523
1023674,75.90616945283192
1023675,74.58879436150553
1023676,73.26642122380164
1023677,73.5260454160049
1023678,73.9742029543232
1023679,73.15031138226055
1023680,72.34733073202759
1023681,72.33632743673368
1023682,73.05597970804071
1023683,73.22983888193865
1023684,73.25176333905199
1023685,72.39845936096131
1023686,72.14544935754247
1023687,72.50164457228708
1023688,74.08291941299497
1023689,73.88780741632846
1023690,73.48062558866901
1023691,71.73563227772586
1023692,71.33379194029271
1023693,73.05407934213686
1023694,74.34006736098361
1023695,70.4852859199583
1023696,59.25012349165406
1023792,40.37416330403555
1023793,50.36865498656863
1023794,56.945962402922326
1023795,63.00051441808449
1023796,70.01795777667473
1023797,73.45756071162423
1023798,75.1800634654057
1023799,76.39133099013625
1023800,77.5149578885901
1023801,76.85713631436674
1023802,75.41419733523222
1023803,73.4133944098019
1023804,72.14659831003905
1023805,71.2098996379734
1023806,71.86868237120649
1023807,71.92839071492575
1023808,72.96414512101653
1023809,73.42945826764911
1023810,73.2971511845475
1023811,73.28301966296281
1023812,73.1464850932534
1023813,72.6797467464883
1023814,73.04416289222145
1023815,73.17463765461207
1023816,73.15195807478621
1023817,72.60424669698345
1023818,71.69411131815365
1023819,70.43870359632352
1023820,70.3118653853468
1023821,72.0385445170937
1023822,73.91075635191095
1023823,70.7910633034726
1023824,60.09335495990126
1023920,31.23395659540122
1023921,39.28030019355174
1023922,44.859900800287726
1023923,50.79740942918643
1023924,58.00219693763951
1023925,63.11334824234156
1023926,67.44528627309951
1023927,71.6964469701474
1023928,74.92138714963305
1023929,75.23364289430569
1023930,73.78714472297033
1023931,71.20846171654401
1023932,70.00588610009916
1023933,69.69595574193565
1023934,70.53327498620914
1023935,71.69512344970082
1023936,73.06736188581912
1023937,73.35730130729483
1023938,73.7304684802859
1023939,73.60017724198559
1023940,73.6542138992886
1023941,74.2705477485215
1023942,74.03455764191823
1023943,73.19277514261316
1023944,72.23248135253469
1023945,71.66417980569047
1023946,71.48682567711963
1023947,71.29772569000626
1023948,71.4395633455111
1023949,72.56251173137959
1023950,72.60960703967432
1023951,70.5562889223089
1023952,61.05260160530387
1024048,23.806345186032797
1024049,30.330086403164994
1024050,35.38231650972198
1024051,41.450714773323746
1024052,48.33549534345689
1024053,54.460469589693346
1024054,60.00397662
1024055,65.42451852216178
1024056,69.61545220209088
1024057,70.52423657744929
1024058,68.97803134235797
1024059,66.83762226147793
1024060,66.07329171214468
1024061,66.73017491904213
1024062,68.18186599521839
1024063,69.24985762824441
1024064,70.00015901542594
1024065,71.36564044841288
1024066,72.75020092140286
1024067,73.98007054026387
1024068,74.7338239258968
1024069,75.76245303759285
1024070,75.88251726044525
1024071,74.30356276949715
1024072,72.86494340294833
1024073,72.77838628340513
1024074,73.32330857081894
1024075,73.08211865132638
1024076,72.56118034386986
1024077,72.40051304847701
1024078,71.52947038001969
1024079,68.69892841595599
1024080,59.345408818022925
1024176,20.953487408122815
1024177,26.942342306483585
1024178,33.007950464238846
1024179,40.20920830015554
1024180,48.1193822510797
1024181,53.45307621653105
1024182,57.447915534876834
1024183,60.59506604008105
1024184,62.999954657977305
1024185,63.58848696174246
1024186,62.99956430237043
1024187,60.81042633412374
1024188,60.25482020243185
1024189,61.33086903771876
1024190,63.91436968248527
1024191,64.96843794108739
1024192,65.99020799198804
1024193,67.86644563728349
1024194,70.57949419359713
1024195,72.76546750048551
1024196,74.28649725005674
1024197,75.23904641799281
1024198,75.68317364583329
1024199,74.91490378502428
1024200,74.11784070914936
1024201,74.07621794477024
1024202,74.58691152743013
1024203,73.19170268401703
1024204,70.95018347619015
1024205,70.13319873841426
1024206,69.64336967449617
1024207,66.28931208269678
1024208,56.60228450494808
1024304,18.983699106009798
1024305,26.395177692746483
1024306,34.25061275459735
1024307,43.45179646520172
1024308,52.64104818708973
1024309,57.22653270418497
1024310,58.879012090497
1024311,58.94639740458673
1024312,59.253214964139104
1024313,59.659349932668825
1024314,59.178968505444374
1024315,57.6000580471686
1024316,57.34253429689314
1024317,59.19303029354872
1024318,62.39735120662731
1024319,64.23276765989321
1024320,65.34846450547688
1024321,66.4894278002177
1024322,68.61674251608015
1024323,70.02400011609772
1024324,71.273409348087
1024325,72.09792150722348
1024326,73.10044712889285
1024327,73.20270628575716
1024328,73.30518653527406
1024329,72.71093439917945
1024330,72.0852452701876
1024331,69.74293471055093
1024332,67.47802512243558
1024333,66.95064288208587
1024334,67.73494528760268
1024335,65.18633231121005
1024336,55.75163622863264
1024432,18.223086988779226
1024433,27.091497213937206
1024434,37.44433483445269
1024435,48.16090598281195
1024436,56.691050888308546
1024437,60.15315709239461
1024438,60.16315590910515
1024439,59.10219097051048
1024440,59.110306362270485
1024441,58.368154591622186
1024442,58.53436347879803
1024443,58.28950867781967
1024444,59.08958612621146
1024445,60.84633148313551
1024446,63.52318281656176
1024447,64.83554125419208
1024448,65.90092922181064
1024449,66.88161715359058
1024450,67.40721568810325
1024451,68.22017603706195
1024452,69.14680898577988
1024453,69.99245414649015
1024454,70.63785935741876
1024455,70.96551606987916
1024456,70.60306163864507
1024457,69.49256759630572
1024458,68.43432297303228
1024459,66.46867385721679
1024460,65.16432850632023
1024461,64.61993383526807
1024462,65.03165870398615
1024463,63.19780754868741
1024464,54.307889582457896
1024560,15.919779987981645
1024561,26.03649221315907
1024562,39.070986242475705
1024563,50.80478126587432
1024564,58.373728491268814
1024565,61.26485595968863
1024566,61.33408331001283
1024567,60.58790697974
1024568,60.389882173084835
1024569,60.164969467526625
1024570,60.27945825999332
1024571,59.38784626924421
1024572,60.07558832215327
1024573,61.222473781290034
1024574,63.233217797784604
1024575,64.39993883303094
1024576,64.97834268300838
1024577,65.26223766352274
1024578,66.5577032341521
1024579,66.9566455596024
1024580,68.04849364703726
1024581,68.57732308205303
1024582,68.9386729812398
1024583,68.14061863488008
1024584,67.45893964275673
1024585,65.88129215770945
1024586,64.84150210887755
1024587,64.1557085954578
1024588,62.99997509342705
1024589,62.70053448831684
1024590,63.171491219284405
1024591,60.58211937455554
1024592,51.27916718229334
1024688,13.318067438619712
1024689,23.79534941591135
1024690,37.82157564036187
1024691,50.26143559807182
1024692,58.344736400555576
1024693,61.27532795332374
1024694,61.31063291570828
1024695,61.51229086876521
1024696,62.2842139527823
1024697,62.467579616408635
1024698,61.9059710162144
1024699,60.59386156969973
1024700,59.859175836132344
1024701,60.172246427606154
1024702,61.95156636467981
1024703,62.72185160661285
1024704,63.00102510665927
1024705,63.579478793675285
1024706,64.87873522788016
1024707,65.47554813503723
1024708,65.98748219631408
1024709,65.96510039612232
1024710,66.27807194239777
1024711,65.54043329373901
1024712,64.46009079224335
1024713,63.33140959753598
1024714,63.00429943910083
1024715,61.84490361728992
1024716,61.43966347279787
1024717,61.446798884656026
1024718,61.513860876230446
1024719,58.29529529713748
1024720,48.374140708461915
1024816,11.518686974888194
1024817,21.861130503131122
1024818,36.28564569826243
1024819,49.261965595642366
1024820,58.02281491185896
1024821,60.436563474747274
1024822,60.17616267068993
1024823,60.321577183366806
1024824,62.783124860277695
1024825,63.58043729591349
1024826,63.48190820352146
1024827,61.77360431818127
1024828,60.29072705302563
1024829,60.26971891631451
1024830,61.69795730865395
1024831,62.12786361506925
1024832,62.05513597076185
1024833,62.34487250433298
1024834,62.99650434844129
1024835,63.259670775970534
1024836,63.55425719328217
1024837,63.12627611976475
1024838,63.15103035707675
1024839,63.000579770861776
1024840,62.36346600384572
1024841,62.047699840717655
1024842,61.455904357304476
1024843,60.672539735701406
1024844,59.92171629021567
1024845,59.728844577173945
1024846,60.085969833237826
1024847,56.98172908820844
1024848,47.27091670447772
1024944,10.769550014924812
1024945,20.396191235321094
1024946,34.80270006653268
1024947,48.463310003061935
1024948,57.261049516143686
1024949,59.750055744028
1024950,58.83361248228139
1024951,58.85861160651698
1024952,61.40686196800012
1024953,63.328967581633385
1024954,64.57743448135895
1024955,63.80166266661807
1024956,61.95748313636904
1024957,60.81134805223108
1024958,61.85474128560853
1024959,61.920954004352595
1024960,62.08051593500209
1024961,61.89830486198015
1024962,62.01522629601166
1024963,62.13188744080558
1024964,61.823319714797194
1024965,61.33538105313657
1024966,61.352026435933794
1024967,61.33346408148914
1024968,61.45091100920395
1024969,61.06879203620445
1024970,60.37928757844916
1024971,59.84440462181085
1024972,59.45545749634586
1024973,59.12806117579678
1024974,59.219306379361804
1024975,56.29856109005446
1024976,47.05278389875716
1025072,10.168431994556938
1025073,19.26344623885797
1025074,33.66539931812407
1025075,47.0576589086232
1025076,56.01628874288588
1025077,58.18804876943722
1025078,56.034366262522916
1025079,55.678110640870045
1025080,58.225063554904516
1025081,60.808197637932075
1025082,62.54177578441976
1025083,61.88758090673726
1025084,59.70962355164468
1025085,58.90501435039218
1025086,60.10308841491772
1025087,61.130833997618915
1025088,61.64666429279222
1025089,61.39980262083113
1025090,61.509147891207775
1025091,61.56379376459314
1025092,61.55278390417553
1025093,60.96265017923566
1025094,60.57920332867175
1025095,60.42104908014427
1025096,60.452332571042064
1025097,60.055371495467035
1025098,59.507874941206055
1025099,59.19451036312492
1025100,58.67282046146437
1025101,58.84395414979401
1025102,59.15170210383934
1025103,56.79437834558126
1025104,47.340792490033856
1025200,9.231952837846315
1025201,17.747623521842684
1025202,30.776555092296167
1025203,42.52829564866003
1025204,49.821840485688526
1025205,50.36860172781057
1025206,47.48350394894808
1025207,46.1516567455604
1025208,48.436916245342665
1025209,50.95457884737554
1025210,51.61527487581313
1025211,50.78116234651131
1025212,48.505844855916855
1025213,49.88499671229597
1025214,54.38948093076757
1025215,58.05047770547786
1025216,60.160283001352774
1025217,60.55254899021548
1025218,60.552126442900764
1025219,60.64824103222404
1025220,60.80348575867331
1025221,60.728039410426646
1025222,59.84890239244213
1025223,59.57689314909794
1025224,59.40481007424464
1025225,58.68032866286068
1025226,58.67153770363789
1025227,58.280653020553686
1025228,57.86005558298924
1025229,57.98257788840768
1025230,58.30637199575098
1025231,55.99961106798787
1025232,47.02689098990332
1025328,8.194339083588904
1025329,14.92473109520275
1025330,25.11612434756454
1025331,33.32844518577532
1025332,36.620868937336525
1025333,35.49720763279945
1025334,31.961111395612424
1025335,30.60726198039771
1025336,31.821727217652242
1025337,33.12186864548966
1025338,33.33799455913746
1025339,31.72935303259222
1025340,31.02834799116579
1025341,36.35516551242782
1025342,47.03165596614133
1025343,54.653479232151696
1025344,58.99600986881691
1025345,59.1468033725846
1025346,59.18205155990522
1025347,58.966421777464845
1025348,60.08098469708263
1025349,59.927914700997995
1025350,59.904312587801265
1025351,59.39824672818064
1025352,58.99240562428037
1025353,58.28339486923477
1025354,58.154307478147224
1025355,57.76143606471274
1025356,57.140057198149975
1025357,57.10418705702717
1025358,57.08489182982789
1025359,55.09884906422345
1025360,46.175041158321285
1025456,6.394996654872782
1025457,10.182661694975968
1025458,15.947615756554967
1025459,20.630798478994564
1025460,22.543135432695035
1025461,21.99783002063208
1025462,19.67734006764753
1025463,18.39939974023992
1025464,19.09725812064479
1025465,20.008640501681565
1025466,19.311410376895306
1025467,18.20416654481044
1025468,19.467477711510497
1025469,27.87640444121335
1025470,41.45082590936466
1025471,51.99340421966558
1025472,57.28338049336068
1025473,58.05649348987283
1025474,57.74089587131946
1025475,57.83741298403993
1025476,58.83512087679381
1025477,59.08400527893463
1025478,59.05485464100579
1025479,58.54557968602412
1025480,58.02988519307658
1025481,57.29215810446603
1025482,56.812358100486364
1025483,55.448548453244925
1025484,54.709910007079166
1025485,53.67054929859642
1025486,53.2719377854009
1025487,50.940249387107336
1025584,4.91558103130664
1025585,6.39567737695688
1025586,8.976153349112254
1025587,12.158096010153
1025588,14.205329367168874
1025589,14.730185913402037
1025590,13.841154324664242
1025591,13.055699415791764
1025592,13.371813607032543
1025593,13.665761822503528
1025594,12.94897568699974
1025595,12.014744214333987
1025596,14.317420373999136
1025597,23.794395568548925
1025598,38.45985685405804
1025599,49.721673700945885
1025600,56.06713535122967
1025601,57.21980643641999
1025602,56.623422316361975
1025603,56.187597792574984
1025604,56.87683080586635
1025605,57.07405388044665
1025606,56.654910978712884
1025607,56.012677664442485
1025608,55.30107802336523
1025609,54.32909959089731
1025610,53.36577621840724
1025712,4.139022462013233
1025713,4.655144230826759
1025714,6.082442906227188
1025715,8.356036452089407
1025716,10.589633112972018
1025717,11.666653056632239
1025718,11.126036331384062
1025719,10.31185971806771
1025720,10.377675071336956
1025721,10.30143968558484
1025722,9.732932256012354
1025723,8.883876636035206
1025724,10.84001788392199
1025725,19.264174558667772
1025726,32.77402009862166
1025727,44.64331945570655
1025728,52.168631433880705
1025729,54.17818673145126
1025730,53.37312983496503
1025731,52.701662762462796
1025732,52.70840693104379
1025733,52.230739020814475
1025734,51.088944464032345
1025735,49.57670019029138
1025840,3.6161315972092587
1025841,3.7969326863641144
1025842,4.822192105902685
1025843,6.608559859773759
1025844,8.841183911440304
1025845,10.085787607855405
1025846,9.788377419772953
1025847,8.598607454186235
1025848,8.036420168488052
1025849,7.85396263269577
1025850,7.56479373487402
1025851,7.1906033377898755
1025852,8.006646191117156
1025853,13.600647781259092
1025854,23.93421360083283
1025855,35.1907880698624
1025856,44.13242985498701
1025857,46.90121052272933
1025858,46.00732279661513
1025859,45.13828407366885
1025860,45.062936563141164
1025968,3.3050702087096666
1025969,3.176208492742854
1025970,3.959677626943219
1025971,5.678283223555442
1025972,7.6688178049363005
1025973,9.245947263487254
1025974,8.767965292241808
1025975,7.263541693976851
1025976,6.354043394277189
1025977,6.007502637409594
1025978,6.123294146940112
1025979,5.800215273882038
1025980,6.10551321026279
1025981,9.721142419534203
1025982,16.92091205003609
1025983,24.951892298654766
1025984,31.151078725647082
1026096,3.029113667080274
1026097,2.704843400600933
1026098,3.207130174937383
1026099,4.703534347720749
1026100,6.767957007600931
1026101,8.375747882318436
1026102,7.893091469861562
1026103,6.252644177266433
1026104,5.04575295085855
1026105,4.675771267524407
1026106,4.805182921040323
1026107,4.790300464813032
1026108,5.012483174801306
1026109,7.637170476370104
1026224,2.7471671569143954
1026225,2.324338784193386
1026226,2.652862923227546
1026227,3.917508462698643
1026228,5.795598844065844
1026229,7.409277449791132
1026230,6.870481152850507
1026231,5.164540858268023
1026232,3.8926914285746275
1026233,3.5301340432688555
1026234,3.6271907156442804
1026235,3.9353218457016452
1026352,2.502248494063005
1026353,1.9251004200661872
1026354,2.042636291113738
1026355,2.992465521990002
1026356,4.696900829213241
1026357,6.151951401597761
1026358,5.769848612399233
1026359,4.242856560666515
1026360,3.015933911432451
1026480,2.226291806763375
1026482,1.6961791616611666
1026484,3.990097609615854
1038128,2.93990674392309
1038129,4.716042096366879
1038130,5.35597627698315
1038131,5.963199171361498
1038132,8.870043629102344
1038133,12.633055169822622
1038134,14.732487070701335
1038135,15.168519953540084
1038136,14.467042844363164
1038256,3.8744326119690786
1038257,6.330590340058308
1038258,7.308343712969788
1038259,8.5400335833167
1038260,11.620779601999415
1038261,14.988812789339793
1038262,16.71323694746523
1038263,16.67445347004845
1038264,15.780975741081905
1038265,14.35438405809622
1038266,12.86651428610079
1038267,11.701419551378084
1038268,11.68596022120189
1038384,5.047958704661035
1038385,7.826732580430311
1038386,9.163503937117895
1038387,10.757987894196864
1038388,13.764475510705134
1038389,17.087828337984657
1038390,18.3988935960827
1038391,18.29519207796768
1038392,17.35692295688757
1038393,15.871626561454496
1038394,14.50543456295121
1038395,13.586131363234713
1038396,14.036545352542385
1038397,17.41666298906308
1038398,23.008599483145197
1038399,29.454124190737698
1038512,6.707407842113516
1038513,9.636031003584959
1038514,10.959403675683681
1038515,12.519846780227065
1038516,15.603237447832534
1038517,19.02254019095285
1038518,20.338014744968056
1038519,20.697330172075773
1038520,19.978993549901357
1038521,18.97414493351451
1038522,18.10571951314449
1038523,17.323060488536274
1038524,18.803663857627598
1038525,23.305756385358862
1038526,31.323444388251225
1038527,41.08149000108228
1038528,50.76827089643581
1038529,57.22018927714612
1038530,59.80381453520754
1038531,56.81143072603024
1038640,9.269131307078041
1038641,11.900385071209353
1038642,13.0227893186954
1038643,14.540621845205795
1038644,18.104294372343787
1038645,22.17821860997879
1038646,24.836609312466233
1038647,26.310740065234604
1038648,27.444550782185406
1038649,27.416307819662563
1038650,26.895584088087922
1038651,26.720351343610492
1038652,28.653048205949815
1038653,33.73087361755632
1038654,41.87640463784595
1038655,51.411669212556056
1038656,60.900554609827445
1038657,67.24664913492433
1038658,70.00095558765382
1038659,68.94042249990427
1038660,65.89971847497111
1038661,61.40944344866217
1038768,12.475162504999568
1038769,15.6629759529062
1038770,17.083416659337978
1038771,19.76795151725
1038772,23.852255925453026
1038773,28.901098288149537
1038774,33.24443651565452
1038775,37.23170920871797
1038776,40.67897934652821
1038777,41.95998013762941
1038778,41.87255615425954
1038779,41.92395623957755
1038780,44.37063333174394
1038781,49.47900386012337
1038782,56.791619607495484
1038783,62.31184023796811
1038784,67.24728749407814
1038785,70.96868106907009
1038786,73.07745873215792
1038787,73.32295545838925
1038788,72.31263756898205
1038789,70.41476165872729
1038790,67.79251945421257
1038791,63.30247860150793
1038792,57.27506174529729
1038896,16.589587116369035
1038897,22.468591550028084
1038898,27.829443458624556
1038899,32.58873158619953
1038900,37.63228182984697
1038901,41.46626197374412
1038902,43.53952631603829
1038903,46.82824627857492
1038904,49.95693937128526
1038905,51.24096875591882
1038906,50.93822479085852
1038907,50.99546453819489
1038908,53.21445722167399
1038909,57.90622022699376
1038910,64.20582363071452
1038911,67.30879033397103
1038912,69.3711205376536
1038913,71.50948842460613
1038914,73.34817038794269
1038915,73.87314791465523
1038916,73.85783129049327
1038917,72.97148205649805
1038918,72.02880189552285
1038919,70.0276807142608
1038920,67.2231984627745
1038921,63.611063885869875
1038922,58.95629065414504
1039024,24.18044552408985
1039025,32.6504791026884
1039026,39.48599831226273
1039027,45.65114569595543
1039028,51.266822257691004
1039029,53.52045331944246
1039030,53.54548816198633
1039031,54.38713230702277
1039032,57.03331002110635
1039033,57.44895037899098
1039034,57.17690846081031
1039035,56.28964922556911
1039036,57.49268785573526
1039037,61.02878739725439
1039038,66.33115259211894
1039039,68.42772488938105
1039040,69.63448447386548
1039041,70.71339733489727
1039042,72.99365157700488
1039043,73.64770759827383
1039044,73.62172251262929
1039045,73.45701463720239
1039046,73.3139123660235
1039047,72.47719062198398
1039048,71.80999191567545
1039049,71.31427961652139
1039050,69.99790338863279
1039051,65.88993665749044
1039052,61.74761664159874
1039152,32.81599429278167
1039153,43.020625006823856
1039154,49.43559423747713
1039155,54.357527029575095
1039156,58.619630000246744
1039157,60.21483247834755
1039158,60.92093174238798
1039159,61.921039604289405
1039160,63.96613869824986
1039161,64.00872353811451
1039162,63.18041703057835
1039163,61.313396052803874
1039164,61.27698760077599
1039165,63.881604466580754
1039166,67.76870777644213
1039167,69.14226675214806
1039168,70.00849683395245
1039169,71.06498618497645
1039170,72.99597764078044
1039171,73.50408431936403
1039172,73.83957406752481
1039173,73.80232498122965
1039174,74.0712880365411
1039175,73.52898533381304
1039176,73.52000124090404
1039177,73.62316215322936
1039178,73.54853930772022
1039179,71.6879153508408
1039180,70.07168959628684
1039181,69.59541398725142
1039182,69.60244455606795
1039183,65.38767840804283
1039184,53.76283094846578
1039280,39.07341825558977
1039281,49.47518377683473
1039282,55.29927944630505
1039283,59.70192646713036
1039284,63.49222518210827
1039285,65.51095152002101
1039286,66.7032023258614
1039287,67.25442536320568
1039288,68.24154473822375
1039289,67.8378098982885
1039290,66.93717606752863
1039291,65.54507830127211
1039292,65.16653928567973
1039293,66.71207253501773
1039294,69.11944957110809
1039295,69.54680209397061
1039296,69.79921392751189
1039297,70.92642070075772
1039298,73.05593586736629
1039299,73.27142180515715
1039300,73.60247497610825
1039301,73.51711716247515
1039302,73.99768318667921
1039303,73.55251917769469
1039304,73.9058502373598
1039305,73.95460233492504
1039306,73.83487739690715
1039307,72.69940704991242
1039308,72.12120133595133
1039309,73.02075115603333
1039310,73.78377155633284
1039311,70.00213390549732
1039312,57.69679372528165
1039408,43.60122746470358
1039409,53.66506332561302
1039410,59.3376278212378
1039411,63.92604757025817
1039412,67.95578557902694
1039413,69.61183017396004
1039414,70.39408655673301
1039415,70.19799807163349
1039416,70.43403583068304
1039417,70.0099470955795
1039418,69.96626790290124
1039419,68.69778354357653
1039420,69.19414276935738
1039421,69.71854718864512
1039422,70.66744753497929
1039423,70.43223077424014
1039424,70.4862628778313
1039425,71.22453188710881
1039426,72.90365027356108
1039427,73.21045625520112
1039428,73.46711443527006
1039429,73.68627079910853
1039430,73.95116709158185
1039431,73.48134949407007
1039432,73.92633601855478
1039433,73.65025030503233
1039434,73.91566987552463
1039435,72.21412541273875
1039436,72.23421515667833
1039437,73.42627600718859
1039438,74.49835103941922
1039439,71.01153812394114
1039440,59.147496496544925
1039536,44.364642412912026
1039537,55.50320968111283
1039538,61.98410563745486
1039539,66.48710221041468
1039540,70.23156420177371
1039541,72.1283682857398
1039542,72.10215519418378
1039543,71.83611846864747
1039544,72.31509139946863
1039545,71.81138665515108
1039546,71.70639576832485
1039547,71.3529431535398
1039548,71.54422735097377
1039549,71.42948119045889
1039550,71.71617298565357
1039551,71.43100184289833
1039552,71.69079186884161
1039553,71.81518336541649
1039554,73.01451255634932
1039555,73.14506397896965
1039556,73.12785942830757
1039557,73.42121691257341
1039558,73.89003504118256
1039559,73.70335679312309
1039560,73.09867830252972
1039561,73.52329253062359
1039562,73.03098991623365
1039563,71.933857452817
1039564,71.34901162593734
1039565,72.98503572543517
1039566,74.0850374623484
1039567,70.72161481962497
1039568,59.47489325615594
1039664,44.187508995450955
1039665,56.322165663468496
1039666,63.49928337642357
1039667,68.1428232065893
1039668,71.52940862859448
1039669,72.51708854307888
1039670,72.8477645243983
1039671,72.57491056810058
1039672,72.84668492205397
1039673,72.6867935848009
1039674,72.81368430790799
1039675,72.45002454204496
1039676,72.39789427371241
1039677,72.18250558540966
1039678,72.49066924168085
1039679,72.1370399289552
1039680,72.01542514488644
1039681,72.48691690058658
1039682,73.10928787752418
1039683,73.17894311670263
1039684,73.19948777688467
1039685,73.19334583027066
1039686,73.26296693703489
1039687,72.78530294262127
1039688,72.91456715263001
1039689,72.4540488956488
1039690,72.24055231395312
1039691,70.8764369155107
1039692,70.68228563630034
1039693,72.33608923688752
1039694,73.8730022334997
1039695,70.79773213844555
1039696,59.59697321979818
1039792,44.01201620483826
1039793,56.46370433710902
1039794,64.02533790873396
1039795,68.3332878386103
1039796,71.46816400371671
1039797,73.20980693190396
1039798,73.1989525741233
1039799,73.19456293800272
1039800,73.76211447018146
1039801,73.16310181558191
1039802,73.43119892719514
1039803,72.8406817936098
1039804,72.94736518393077
1039805,73.22582531139915
1039806,73.54027585609282
1039807,72.80346788937497
1039808,72.63500060412984
1039809,72.71013418629977
1039810,73.40035968144039
1039811,73.54284918445387
1039812,73.39811781273157
1039813,72.91679846450363
1039814,72.6653023456226
1039815,72.23108965014416
1039816,72.20122831319412
1039817,72.11544808781238
1039818,71.8667636594782
1039819,70.4806207661094
1039820,70.40691862918244
1039821,71.4564265494192
1039822,73.53004908446943
1039823,70.38160331181136
1039824,59.441603072278966
1039920,43.18372650704753
1039921,55.63987666067379
1039922,63.2631228178073
1039923,67.64914213737622
1039924,71.43382521169278
1039925,73.18380761798946
1039926,73.68375832711023
1039927,73.83661352871088
1039928,73.77514507213301
1039929,73.86896893957224
1039930,73.58920906712714
1039931,72.74771706683902
1039932,73.06999976842239
1039933,73.20430344478531
1039934,73.56400133713491
1039935,72.81446246611982
1039936,72.28725080332774
1039937,72.14190025970949
1039938,72.89007222594638
1039939,72.990983557002
1039940,72.61397109990021
1039941,72.35229255736061
1039942,72.36218907588338
1039943,71.86215686914619
1039944,72.6892503245878
1039945,72.8675492636432
1039946,72.83995670704617
1039947,71.32702730314395
1039948,70.29088689639059
1039949,71.86873894168096
1039950,73.35750529742931
1039951,70.08963425117659
1039952,59.03954133540325
1040048,39.660683537784536
1040049,51.01868417868953
1040050,59.040157718981256
1040051,64.616550734506
1040052,69.96942571608996
1040053,72.66654222806713
1040054,74.1158734253688
1040055,74.4993282230894
1040056,74.73924032296621
1040057,73.99673645914864
1040058,73.41639008667828
1040059,72.23136139689993
1040060,71.58039573209797
1040061,72.0188976598898
1040062,72.2662045763966
1040063,72.16576240525511
1040064,71.91719706135446
1040065,72.14616410004061
1040066,72.24512165976154
1040067,72.90087858699366
1040068,72.35809714322816
1040069,71.7102492732131
1040070,71.79401574054963
1040071,72.16920960131687
1040072,73.63039956082778
1040073,73.75928787767299
1040074,73.15148219325381
1040075,71.34071977403703
1040076,70.9051796379513
1040077,72.253972709542
1040078,73.52681620648188
1040079,70.00290282234302
1040080,59.54772991015636
1040176,31.566577757696805
1040177,40.36299021359429
1040178,47.68862214629806
1040179,55.710668401848885
1040180,63.82782459725914
1040181,68.14530965839323
1040182,70.52384817032417
1040183,72.42402613614168
1040184,74.73169009012965
1040185,74.26890224236516
1040186,73.32586434639502
1040187,71.48151758133208
1040188,69.74356071387174
1040189,69.56686181062314
1040190,70.07740929266716
1040191,70.58497220202467
1040192,71.76203646796743
1040193,72.59153370153514
1040194,73.5003008856328
1040195,73.17961992333089
1040196,73.38343644478873
1040197,72.63894835732121
1040198,73.59133323274118
1040199,73.59804530729507
1040200,73.93170050371886
1040201,73.46531962262449
1040202,71.80630691920138
1040203,70.5683584313646
1040204,71.26444817512281
1040205,72.53873562677336
1040206,73.53099055662115
1040207,71.02166012968299
1040208,60.61603023986673
1040304,20.708387794203844
1040305,27.065695527261294
1040306,33.262287257699064
1040307,41.61672290752136
1040308,50.918777774330074
1040309,56.702972589513344
1040310,61.79555280186133
1040311,66.16310413135172
1040312,70.52706483646101
1040313,71.06066281737658
1040314,70.03042643859554
1040315,68.37187180394729
1040316,67.24807498124012
1040317,66.47717618199071
1040318,67.39608862733185
1040319,68.39787944822477
1040320,69.95077387138146
1040321,71.25081933654573
1040322,72.53439649888823
1040323,72.65235357303371
1040324,73.12922143616179
1040325,73.71043970237585
1040326,74.41287531715025
1040327,74.02245039090526
1040328,72.78749542580462
1040329,71.81034223917848
1040330,71.23273806672007
1040331,71.32676106578927
1040332,71.88722950204347
1040333,72.26123683594436
1040334,72.48209036709137
1040335,69.98204960977661
1040336,60.61288146121643
1040432,14.854560261619374
1040433,19.931437270856335
1040434,26.118576883210253
1040435,33.67233989548022
1040436,42.53963351842852
1040437,48.698919933790634
1040438,53.639298500104
1040439,58.49324405020924
1040440,62.666875563791194
1040441,63.3879325906035
1040442,62.99974664659814
1040443,61.07640541415943
1040444,60.48322284947453
1040445,60.65141550200335
1040446,61.886682697183375
1040447,62.72801755797813
1040448,64.3495825810693
1040449,66.31698613119865
1040450,68.88453493137774
1040451,70.61937958488892
1040452,72.31202811403196
1040453,73.11088075667611
1040454,73.76530369858598
1040455,72.66701933434386
1040456,72.18980188318058
1040457,71.79791797373308
1040458,71.87822208664569
1040459,71.29884442707075
1040460,70.70602936703416
1040461,69.64256000144815
1040462,68.14209392894193
1040463,65.31241481596835
1040464,56.316275043843284
1040560,15.061334015664034
1040561,20.461050606596555
1040562,26.58397137363699
1040563,34.24591037038338
1040564,42.727933126310106
1040565,47.41416773837205
1040566,50.31894498379612
1040567,53.18609825142889
1040568,56.364206795795525
1040569,57.36079745377386
1040570,57.36590282731929
1040571,55.97351614182129
1040572,54.89212186509306
1040573,55.67069380911158
1040574,58.24688805628375
1040575,59.888585683067056
1040576,60.92476678260469
1040577,62.56961319250834
1040578,65.30193237059454
1040579,67.07681612674915
1040580,69.06327481758682
1040581,70.68602512366736
1040582,71.85821664178032
1040583,72.1359455704114
1040584,72.62151559456808
1040585,72.23542071976911
1040586,72.04309574054814
1040587,70.0015032739195
1040588,67.622402075577
1040589,65.65123874516279
1040590,63.896006303360934
1040591,60.67648121441462
1040592,51.84203293099298
1040688,17.04362337117289
1040689,23.1643081009875
1040690,30.12628635792096
1040691,39.254683741409224
1040692,47.804305764864104
1040693,51.17926331695666
1040694,51.576252365549124
1040695,52.09446750005703
1040696,53.44674925828374
1040697,55.03784337062705
1040698,55.44856487999546
1040699,54.100547640638
1040700,53.05931275562392
1040701,54.520883301795315
1040702,57.4781121099668
1040703,59.459500212772355
1040704,60.78634084361691
1040705,61.68701019056389
1040706,63.31112154615226
1040707,64.71563273346287
1040708,65.92086908523238
1040709,67.3495031132209
1040710,69.27745041563145
1040711,69.99737256303786
1040712,70.0079056409657
1040713,69.68578962694593
1040714,68.42764846456815
1040715,65.62753116239571
1040716,63.103973706981606
1040717,62.15803381080919
1040718,61.92426314822811
1040719,59.17415691980195
1040720,50.504772071668135
1040816,18.616979984662173
1040817,26.2951670048493
1040818,35.19118158999292
1040819,45.02508254713802
1040820,53.105960136189104
1040821,56.00836383458185
1040822,54.85529284369611
1040823,54.121711424115105
1040824,54.38245941527642
1040825,55.273159241823926
1040826,56.00128625971504
1040827,55.45918026575126
1040828,55.10937652399623
1040829,56.08057750573858
1040830,58.44196519701942
1040831,59.65733762429982
1040832,60.592631691898774
1040833,61.6556209138099
1040834,63.32641411425679
1040835,64.3450160034521
1040836,65.26521977429572
1040837,66.09078687571679
1040838,67.1844137943463
1040839,67.01709263996098
1040840,65.89124703299122
1040841,64.5263974014442
1040842,63.45445211776335
1040843,61.6598891151502
1040844,60.55261933233936
1040845,59.99430392345892
1040846,60.46661679916267
1040847,59.03465800755059
1040848,50.65129487717477
1040944,18.686805249095467
1040945,28.046828916028023
1040946,39.25624174073861
1040947,49.58093376492745
1040948,56.89064326002269
1040949,58.91109548199288
1040950,58.680271746832005
1040951,57.915841822124065
1040952,58.539217873406386
1040953,58.57638378205199
1040954,58.48405951601891
1040955,58.04806125772079
1040956,57.53202178791172
1040957,57.81534845064332
1040958,59.43915112816675
1040959,60.002667524203886
1040960,60.38152454858494
1040961,60.642816413138306
1040962,62.17780766225665
1040963,63.39003755066338
1040964,64.64948721877334
1040965,65.33365182918124
1040966,65.30521051299469
1040967,64.39965736261276
1040968,63.322510660866946
1040969,61.84650198851068
1040970,61.47680093749621
1040971,60.400056615130794
1040972,59.36889036423977
1040973,59.534242810057364
1040974,60.33430929880422
1040975,58.369220050003584
1040976,49.54304254899563
1041072,16.038853009984383
1041073,26.249206624394624
1041074,39.04043746793495
1041075,50.220628019389025
1041076,57.5602280239072
1041077,59.94974108475173
1041078,59.85332685522808
1041079,60.00503280917451
1041080,60.82581348529
1041081,60.78627446138008
1041082,60.400914832892994
1041083,59.23558912388269
1041084,58.70190097393053
1041085,58.26898852979046
1041086,60.25132812198422
1041087,60.07015911135778
1041088,60.10532333625517
1041089,60.19952345247995
1041090,61.231523680858444
1041091,61.75048431027325
1041092,62.7383052651871
1041093,62.55988693632127
1041094,62.960149563329274
1041095,62.45946270133773
1041096,62.137650859632735
1041097,61.33232785148084
1041098,60.85484960156996
1041099,60.08710335362111
1041100,59.27580680323379
1041101,59.5042243006012
1041102,59.890187324959605
1041103,57.50944920815861
1041104,48.15836158569215
1041200,13.16002131836849
1041201,23.488323870257314
1041202,37.3108444846253
1041203,49.13597231182607
1041204,57.239050845586824
1041205,60.0453285586494
1041206,59.967170956032966
1041207,60.14658200459856
1041208,61.11148497248127
1041209,61.530605720353755
1041210,61.41463223519893
1041211,60.47835585277167
1041212,59.32767471530654
1041213,58.934826188789856
1041214,60.42626687094134
1041215,60.969363060974466
1041216,60.44543500537253
1041217,60.13744479055853
1041218,60.568678409713186
1041219,60.76277138806023
1041220,61.09095543675456
1041221,60.90785031620923
1041222,60.56788229054364
1041223,61.07642940320553
1041224,61.12136894271489
1041225,61.043465801171294
1041226,60.58728499054441
1041227,59.733862667311556
1041228,59.13651169811551
1041229,58.95712179016196
1041230,59.59444147789837
1041231,56.88752819681519
1041232,47.68862405013166
1041328,11.416728782349908
1041329,21.043570275433655
1041330,34.81131457976975
1041331,48.23119955069117
1041332,57.49052594741228
1041333,60.699656735930155
1041334,59.60276510309424
1041335,59.27298660453286
1041336,60.55455962101644
1041337,61.573880643314716
1041338,62.84935158303178
1041339,62.234801397375705
1041340,60.9803540136981
1041341,60.28451150235184
1041342,61.31965293449737
1041343,61.277923240190816
1041344,61.221717644891214
1041345,60.73516424754342
1041346,60.76613711022084
1041347,60.61330445777022
1041348,60.487656946292404
1041349,59.95264806513552
1041350,60.10074794877403
1041351,60.147256490498506
1041352,60.725519427040176
1041353,60.2600619818151
1041354,59.781818153487755
1041355,59.10578847275173
1041356,58.89820842046123
1041357,59.03809589401086
1041358,59.431519931895906
1041359,56.69292329571574
1041360,47.42305707499576
1041456,10.082083693769215
1041457,19.317793241314874
1041458,33.41755716970837
1041459,47.292519468542544
1041460,56.57212349873466
1041461,59.20885397791722
1041462,57.61056576790551
1041463,56.973089410401336
1041464,58.94413340346573
1041465,61.09631005427351
1041466,62.93380173673356
1041467,62.62666182743494
1041468,61.54467124029526
1041469,60.59361545885665
1041470,60.97087954789899
1041471,61.11269168314092
1041472,60.87423251819093
1041473,60.5335344482465
1041474,60.67340828686556
1041475,60.4536521970844
1041476,60.14224384475289
1041477,59.80708977907557
1041478,59.442355070985414
1041479,59.65117272228494
1041480,60.26806510384279
1041481,59.83455860679666
1041482,59.40090269667715
1041483,58.87736258489301
1041484,59.09072382972689
1041485,58.807925957348615
1041486,59.63344251603013
1041487,57.35976783296573
1041488,47.801170993907945
1041584,9.627745767782715
1041585,18.054793239929882
1041586,31.22211868715016
1041587,43.552820267716235
1041588,51.450391942070766
1041589,53.451553648802246
1041590,50.93315091487881
1041591,50.177820660766265
1041592,52.18501801224601
1041593,54.364844435239085
1041594,55.99515044771803
1041595,55.05618117135878
1041596,53.90461708905759
1041597,54.932309691950735
1041598,57.57467086028694
1041599,59.66435802339424
1041600,60.346689869397146
1041601,59.93049356076395
1041602,60.265675467764225
1041603,59.97202369874744
1041604,60.06049378166385
1041605,59.740088834892376
1041606,59.32088974070213
1041607,59.09517872439074
1041608,59.139223992380444
1041609,58.902165741749066
1041610,58.900234356357956
1041611,58.86583290774277
1041612,58.749283213596456
1041613,58.93573052113824
1041614,59.69474055383377
1041615,57.33533351678929
1041616,47.770650830422454
1041712,8.677911160629796
1041713,16.17101158769905
1041714,27.374555532010145
1041715,36.40080169183712
1041716,39.74324546054227
1041717,39.15391124163435
1041718,36.0894993388548
1041719,35.051495769182985
1041720,36.69121101007498
1041721,38.38509938647016
1041722,38.630966184498114
1041723,37.67792081081022
1041724,37.88647732231972
1041725,42.85297844619042
1041726,51.17214179731478
1041727,56.9829553987121
1041728,59.366329414131215
1041729,59.269645258332694
1041730,59.16191713351465
1041731,58.95694880631745
1041732,59.4326409323289
1041733,59.709268389533804
1041734,59.489821139316774
1041735,59.49975975244094
1041736,59.46470795329038
1041737,58.8680807585988
1041738,58.61839750023794
1041739,58.79683682271494
1041740,58.79595763037861
1041741,58.856792593235504
1041742,59.43263428768419
1041743,57.32222903838352
1041744,47.40079255065961
1041840,7.521459593458968
1041841,12.521352110096
1041842,20.690597380678067
1041843,26.30343428061596
1041844,27.653569134428064
1041845,26.06450788428884
1041846,22.488824227310154
1041847,21.120600306299185
1041848,22.20344280731201
1041849,23.94381079049755
1041850,24.57905592660089
1041851,23.66271810515793
1041852,24.71976599108497
1041853,32.85009688537677
1041854,45.70177696718896
1041855,54.55455525949302
1041856,58.30229820824645
1041857,58.40215062378244
1041858,57.912529095687006
1041859,58.02552789086605
1041860,59.247258822536836
1041861,59.37799864966958
1041862,59.364180515796654
1041863,59.01187728594821
1041864,58.603698006457265
1041865,58.6270309489696
1041866,58.32502821980352
1041867,57.69338230016958
1041868,57.30811934771561
1041869,57.31246543485904
1041870,57.748959413788526
1041871,55.63600681288384
1041872,45.95899917219404
1041968,5.87594089466041
1041969,8.602897141968604
1041970,12.781742233417564
1041971,16.920038596855107
1041972,19.028104266918398
1041973,18.577958800191304
1041974,16.08899706296191
1041975,14.60209108257419
1041976,15.693191370493945
1041977,16.960379785984806
1041978,17.09287361398026
1041979,16.370157134686856
1041980,18.139402658798176
1041981,27.025894146057826
1041982,41.74234778888158
1041983,52.473585819176364
1041984,57.72090230770767
1041985,58.487068627781234
1041986,57.873526714170524
1041987,57.67920439765711
1041988,58.786318334677844
1041989,58.523674882412784
1041990,58.75420466103122
1041991,58.013448881263486
1041992,57.4096908710347
1041993,56.67445242377584
1041994,55.845463301623795
1041995,54.77493516017352
1041996,53.61906846932549
1041997,53.195850403795994
1041998,53.26973205957671
1041999,51.10252563752884
1042000,42.18780026834107
1042096,5.035805041424703
1042097,6.3349521113235845
1042098,8.553711467359813
1042099,11.176497645705062
1042100,13.242686620561056
1042101,13.606579806531
1042102,12.247590233310854
1042103,11.071950596710673
1042104,11.851209808068829
1042105,12.766165142062507
1042106,12.233454054012784
1042107,11.3650587161203
1042108,13.16627201632214
1042109,21.986249574842287
1042110,36.417092780369586
1042111,48.296869832137375
1042112,55.161996791220794
1042113,56.590672650914215
1042114,55.885407918857574
1042115,55.61358804237174
1042116,56.14715427880723
1042117,55.84856682321315
1042118,54.797372147424454
1042119,53.10955391385973
1042120,51.55271290771573
1042121,49.7794551565453
1042224,4.48477761343582
1042225,5.083619719056537
1042226,6.228603649912344
1042227,7.824601627807296
1042228,9.524098556357691
1042229,10.452854572495053
1042230,9.49913945064341
1042231,8.555976419113472
1042232,8.961768758006858
1042233,9.45876563995152
1042234,8.961285030191862
1042235,8.006170082652911
1042236,9.125417937598383
1042237,15.721747145440881
1042238,27.218080287468048
1042239,39.045405099385036
1042240,47.9619271912621
1042241,50.57233180205126
1042242,49.94332762693292
1042243,49.30661332948116
1042244,49.54298841671761
1042245,48.37703724885826
1042352,4.188426514715837
1042353,4.50261432307192
1042354,5.030991752762177
1042355,6.070250070525892
1042356,7.312837506574291
1042357,8.210312660070649
1042358,7.549732664806988
1042359,6.681747319543139
1042360,6.489702439897019
1042361,6.6435606070886495
1042362,6.333314458631801
1042363,5.601489153682412
1042364,6.215629131100835
1042365,10.627165623650468
1042366,18.931772215122805
1042367,28.260584040149574
1042368,35.838928292052636
1042369,38.196549712410715
1042480,3.8938850616681533
1042481,3.9841373998886
1042482,4.270307050628047
1042483,4.953151462074846
1042484,6.009959665439252
1042485,6.761141855592192
1042486,6.321812205009896
1042487,5.333826588567056
1042488,4.865912742743682
1042489,4.85223802411258
1042490,4.677455295157199
1042491,4.2715078868506735
1042492,4.781500001360119
1042493,8.18999731044683
1042494,13.855809299562619
1042608,3.658697218693552
1042609,3.754823425325689
1042610,3.856137280793906
1042611,4.254783420191056
1042612,5.246207911877738
1042613,5.783124779556435
1042614,5.489204460126877
1042615,4.465496735036092
1042616,3.9514438898097204
1042617,3.619106796019166
1042618,3.4795643812793804
1042619,3.3473189691012757
1042736,3.448718934569837
1042737,3.2729871648951883
1042738,3.3342514050400482
1042739,3.749244107168978
1042740,4.495676653283289
1042741,5.0094544910505405
1042742,4.754017416699659
1042743,3.865958480167503
1042744,3.3099009576628986
1042864,3.142038317730069
1042865,2.918903148206533
1042866,2.9286395251837427
1042867,3.3139059717420922
1042868,3.9459987461731654
1054384,2.985668995014402
1054385,5.034097754825078
1054512,4.047541571801856
1054513,6.732091230538856
1054514,7.921068676725952
1054515,8.491159862204093
1054516,11.01792870171272
1054517,14.297901644421989
1054518,16.083837723703574
1054519,16.184484304921995
1054520,15.27528899735817
1054521,13.868853474517291
1054640,5.227773256690857
1054641,8.274760590740032
1054642,9.716645617090684
1054643,10.73527966660255
1054644,13.264106672805259
1054645,16.3976741026711
1054646,17.65646157593451
1054647,17.52565748800428
1054648,16.311092360384585
1054649,14.770990220042401
1054650,13.055746230866193
1054651,11.685812117705733
1054652,11.581238179437376
1054768,6.715928060407151
1054769,10.0530330423317
1054770,11.196010497809677
1054771,12.08282521176464
1054772,14.6735820931566
1054773,17.5820826782909
1054774,18.94176589047679
1054775,18.71557149881623
1054776,17.62077955722667
1054777,16.19677086519991
1054778,14.53486089078673
1054779,13.486128278256837
1054780,14.184262319353547
1054781,18.17171990251532
1054782,24.457573384815767
1054783,31.98664991061269
1054784,39.764641463486676
1054896,8.930181305498254
1054897,11.823509501812184
1054898,12.555316534253981
1054899,13.100175294021444
1054900,15.805736611603457
1054901,19.06177580384516
1054902,20.453477487140937
1054903,20.93579126179258
1054904,20.444190150709023
1054905,19.542671620160398
1054906,18.797478155691905
1054907,18.240273058626663
1054908,19.368400757427224
1054909,24.47373769807218
1054910,33.125399324913296
1054911,43.51544211517481
1054912,53.75654278968926
1054913,60.38614118446924
1054914,62.575719962266064
1054915,60.3334091524565
1055024,11.38803033342935
1055025,13.889982283359585
1055026,14.40176159560499
1055027,15.04563582901207
1055028,18.158072255388188
1055029,22.287048790040757
1055030,25.18984153795047
1055031,27.872857339270343
1055032,29.55430472224646
1055033,30.20883905366826
1055034,29.84101586387034
1055035,29.7248022241093
1055036,31.551770993955664
1055037,37.17503321020075
1055038,45.89258254174511
1055039,54.80925913065384
1055040,63.30529060249354
1055041,68.6648669541209
1055042,71.08899167857322
1055043,70.40361165258682
1055044,68.268064552869
1055045,64.67918113991247
1055046,59.64290193481713
1055152,14.007389250305057
1055153,17.76216089117762
1055154,19.75431093434852
1055155,22.116534256571263
1055156,25.687573991905133
1055157,29.646917132741976
1055158,33.98831034851726
1055159,37.81200766592348
1055160,41.8850029456057
1055161,43.41787490745388
1055162,43.46766365458026
1055163,43.90529144915605
1055164,46.630785580131715
1055165,52.74129521980572
1055166,59.98033827485221
1055167,64.97876773604402
1055168,68.78007813694654
1055169,71.44555897296642
1055170,73.51335194049446
1055171,73.5429210587967
1055172,73.0894537497133
1055173,71.70738446573101
1055174,69.60918458506063
1055175,66.45431208897169
1055280,18.600543928963482
1055281,25.356071335286924
1055282,31.189161298607857
1055283,35.68247133033146
1055284,40.2407802633617
1055285,42.282890829992105
1055286,43.09391593073178
1055287,45.03061489719395
1055288,48.2972624792993
1055289,49.76179976538515
1055290,49.90421432945241
1055291,50.64670447244944
1055292,53.83089536549966
1055293,59.23831817931978
1055294,65.67876042355752
1055295,68.74090376297004
1055296,70.48077101341526
1055297,71.5627369787912
1055298,73.41124324050287
1055299,73.62758245844867
1055300,73.92810134381283
1055301,73.28765999466516
1055302,72.68407381869643
1055303,71.59834494156239
1055304,69.52722044176743
1055305,66.86853208580783
1055306,62.426154723273946
1055307,56.81953356861274
1055308,51.23224897901405
1055408,26.681981982063306
1055409,35.20574630854235
1055410,41.5894742279025
1055411,46.56406068547003
1055412,50.666191106182254
1055413,51.60788269707309
1055414,50.68609085378774
1055415,51.01371278293739
1055416,52.987738698986966
1055417,54.36347236946288
1055418,54.333448268323394
1055419,54.69700167288252
1055420,57.481945224178645
1055421,62.32749529315431
1055422,67.3223489288053
1055423,69.68081030615377
1055424,70.45863322873731
1055425,71.28536950386858
1055426,72.96138358898274
1055427,72.969715562513
1055428,72.61840827642102
1055429,72.45414515658794
1055430,72.45037325539901
1055431,72.17989880914037
1055432,72.01106118728184
1055433,72.04778394650855
1055434,71.57698232163084
1055435,69.5247546245687
1055436,66.9391119537444
1055437,65.7070613579875
1055438,65.16279263029755
1055439,61.73997915204008
1055440,50.22404177763562
1055537,43.52176408041586
1055538,49.449596385990716
1055539,53.26865370524932
1055540,56.06208453806564
1055541,56.764115695707765
1055542,56.10982887467474
1055543,56.69482479452602
1055544,58.355699578812576
1055545,59.54116705944196
1055546,59.385046319605976
1055547,59.01423086621006
1055548,60.635126762500164
1055549,64.56614023832428
1055550,68.80036632388531
1055551,70.26075205414084
1055552,70.4229648241413
1055553,71.1224628375914
1055554,72.49893437160478
1055555,72.4007279054029
1055556,72.21492572044389
1055557,71.97079331096974
1055558,72.36941429695017
1055559,72.10417206807935
1055560,72.15693667263818
1055561,73.01698689754477
1055562,73.60405207221497
1055563,73.72270982657571
1055564,73.05694074171168
1055565,73.88344835994165
1055566,74.27611653747007
1055567,69.78875191934739
1055568,56.140803419921916
1055665,47.6438983352114
1055666,53.41310066163415
1055667,56.78115656985665
1055668,59.568005895223585
1055669,60.92868952257814
1055670,62.23320153248411
1055671,63.13526927485134
1055672,64.74889201233053
1055673,65.06026955996309
1055674,65.14650068589114
1055675,63.6492017901321
1055676,63.8982250738951
1055677,66.44856132588382
1055678,69.87952190620723
1055679,70.48409777315878
1055680,70.00171028670944
1055681,70.73680810457546
1055682,71.95537631085055
1055683,72.03974979093962
1055684,72.1631683327278
1055685,71.8883166662253
1055686,72.43738514749562
1055687,71.97748810701317
1055688,72.77157885543798
1055689,73.01210410414608
1055690,73.52715823883203
1055691,73.3752436426386
1055692,73.37578589131174
1055693,74.60341236940458
1055694,75.56036460542123
1055695,71.30300948471155
1055696,57.90084936451506
1055792,41.42406919055903
1055793,51.07632445965996
1055794,55.97362742762871
1055795,59.59577487209255
1055796,62.998590310548146
1055797,65.52031838632759
1055798,66.63973809100868
1055799,67.47866821081095
1055800,68.71030691125061
1055801,68.7743568693134
1055802,68.72577710712599
1055803,66.93191675727545
1055804,66.96950398889923
1055805,67.9878928758815
1055806,70.39549348772996
1055807,70.65019064406081
1055808,70.02000784737099
1055809,70.53911359285497
1055810,71.74920788466737
1055811,71.95357812714332
1055812,72.30132265511635
1055813,73.02741000574754
1055814,73.28207540333132
1055815,72.76090857270259
1055816,73.13042607724257
1055817,73.29049076238232
1055818,73.55368185430224
1055819,72.97935569533217
1055820,72.97441748140679
1055821,74.04049680504178
1055822,74.69549423969863
1055823,70.83791885777332
1055824,58.1874727063658
1055920,42.01391459371915
1055921,52.83252321875589
1055922,58.68820680524028
1055923,62.731973978923115
1055924,66.32151507357075
1055925,68.29259824346511
1055926,68.89872292838902
1055927,69.04115148630972
1055928,69.56369858011297
1055929,69.84236326257509
1055930,69.9997705597414
1055931,68.83190038392237
1055932,68.69647497598713
1055933,69.67786332357826
1055934,70.56558568935738
1055935,70.44234632301074
1055936,70.76199655919102
1055937,70.51494414909352
1055938,71.77081424414123
1055939,72.20205975908378
1055940,72.61269949975892
1055941,73.06290467230193
1055942,74.09108624118387
1055943,73.67257181325584
1055944,73.50474076291836
1055945,73.54299654795261
1055946,73.54390767781042
1055947,72.6478190728661
1055948,72.09975436816738
1055949,73.25325270648214
1055950,73.94483442155605
1055951,69.983187001329
1055952,58.34536491762993
1056048,42.01287144969193
1056049,53.65340893627119
1056050,60.18244519376498
1056051,64.80832145462132
1056052,68.10920678721652
1056053,69.59381434392343
1056054,69.67869901434739
1056055,69.92538417744585
1056056,70.00422099226437
1056057,70.15025533108701
1056058,70.46774080736493
1056059,69.6898976707253
1056060,69.74047606736991
1056061,69.99528904717977
1056062,70.88229745005142
1056063,70.47284246014385
1056064,70.7422547802572
1056065,71.69502668008681
1056066,72.4755936248876
1056067,72.8976556396095
1056068,73.19880654360591
1056069,73.71222720740253
1056070,74.05078097691323
1056071,73.86334119198719
1056072,73.39408020903149
1056073,73.43923565705946
1056074,73.12323446689284
1056075,72.1608302948026
1056076,71.10681045980543
1056077,72.38651184960453
1056078,73.9425117264038
1056079,70.66371018913114
1056080,58.7523513484232
1056176,41.28371927201472
1056177,53.39665985388637
1056178,60.791254420378806
1056179,65.22065957462524
1056180,68.40568887758162
1056181,70.00177629104812
1056182,70.23352988612906
1056183,70.2268957328961
1056184,70.60723077881177
1056185,70.52450867322328
1056186,70.63313172771818
1056187,70.08834842055019
1056188,69.99811587396525
1056189,70.4401948655374
1056190,70.59356079527886
1056191,70.88902810502925
1056192,71.45237497938929
1056193,72.39092724334189
1056194,73.07836650275007
1056195,73.40704394960656
1056196,73.81338409581623
1056197,73.42998019520839
1056198,73.65388160679808
1056199,72.95390365305465
1056200,72.76210516784187
1056201,72.97015024220613
1056202,72.30776446993514
1056203,71.57823496916663
1056204,70.95937820439815
1056205,72.13789007765531
1056206,73.73511165072131
1056207,70.11561341047081
1056208,59.059904575914445
1056304,38.719080249895114
1056305,50.447039953534045
1056306,58.25455380680296
1056307,63.34326211486781
1056308,67.3905469198204
1056309,69.18030827490074
1056310,70.28455256296968
1056311,70.37728517387556
1056312,69.98898207361923
1056313,70.11197777000832
1056314,69.92687622474918
1056315,69.52373041242306
1056316,69.50589894743854
1056317,69.82372092467449
1056318,70.66408530052509
1056319,70.96217917081742
1056320,71.92525205488023
1056321,72.17473104360032
1056322,72.81311806640511
1056323,72.99940061188683
1056324,73.02495332676058
1056325,72.25480223366286
1056326,72.20407126907152
1056327,72.12650404446313
1056328,72.89561388735706
1056329,72.95106384166463
1056330,72.75229056603726
1056331,71.09944722626939
1056332,70.55735820461535
1056333,71.90316796292622
1056334,73.41284267639251
1056335,70.01977687540122
1056336,59.42499227330143
1056432,33.537192253650055
1056433,43.32295335182587
1056434,51.51542140799766
1056435,58.096028770753705
1056436,64.4261921152468
1056437,67.26261566167446
1056438,68.89112228988246
1056439,69.46349489639755
1056440,69.7932012999857
1056441,69.45199404575767
1056442,69.23498834824764
1056443,68.42032839327001
1056444,68.09130171234953
1056445,68.41727502176909
1056446,69.24763505498908
1056447,69.9927971477236
1056448,71.08281496235965
1056449,71.72924116715545
1056450,72.81011244358498
1056451,72.70917798287539
1056452,72.46526453638609
1056453,71.8557638744792
1056454,71.91503765173351
1056455,72.25322922091725
1056456,73.59416222318764
1056457,73.79701489955013
1056458,73.21787527904013
1056459,71.95399759167611
1056460,71.40161871690024
1056461,72.56741819301674
1056462,73.43217133922477
1056463,70.39173467404113
1056464,60.24077288486798
1056560,22.892645012590176
1056561,30.112178007228163
1056562,37.38742332113591
1056563,46.08917259154144
1056564,54.80467488637329
1056565,59.86267159285634
1056566,62.87153473410211
1056567,65.32320692687168
1056568,67.4090598029278
1056569,67.90876965341937
1056570,67.89078846138582
1056571,66.79776958497708
1056572,66.59445740432069
1056573,66.30233631732011
1056574,66.97116643595591
1056575,67.58569335460149
1056576,69.34399944190781
1056577,70.61996876764469
1056578,72.19938696114626
1056579,72.56439913846184
1056580,72.51884149353315
1056581,72.43608591782785
1056582,72.9278299600255
1056583,73.5144185381888
1056584,74.42996680802514
1056585,73.76550609902625
1056586,72.37243042824544
1056587,71.30818595333795
1056588,71.79969513997945
1056589,72.79047672012076
1056590,73.0896662569287
1056591,70.73676091241992
1056592,61.12360417825997
1056688,11.607344962081486
1056689,16.650448206963244
1056690,23.011002109809173
1056691,31.907029123741538
1056692,41.43441254851411
1056693,47.888104786490096
1056694,52.10696525020544
1056695,56.44591780389578
1056696,60.85402049597731
1056697,61.96164602115459
1056698,62.003525847079295
1056699,61.448078237046616
1056700,61.865591353742936
1056701,61.78004381950488
1056702,62.058845627836966
1056703,63.19467655109452
1056704,64.77380016398676
1056705,67.19665437454144
1056706,68.9850591523222
1056707,70.25687325378512
1056708,71.41975841470791
1056709,71.70667486200796
1056710,72.56141701701509
1056711,72.83318887138847
1056712,72.4224515617248
1056713,71.78003715642184
1056714,71.17674995022756
1056715,70.56482201997903
1056716,70.7135478172141
1056717,70.48970111304133
1056718,70.26079366647224
1056719,67.57797665926557
1056720,59.11436668575885
1056816,7.43221213237806
1056817,11.565667598531185
1056818,17.869046525925068
1056819,26.652752763391558
1056820,35.55579902702844
1056821,40.69657175583991
1056822,44.06374827150658
1056823,47.26026441860347
1056824,50.85132172654371
1056825,52.281173326815946
1056826,52.453289753066656
1056827,52.52903187078908
1056828,53.23937271745237
1056829,53.35599831657284
1056830,54.410522888272666
1056831,55.43006384852785
1056832,57.76737690814852
1056833,60.31707701197791
1056834,63.6454216064163
1056835,65.67839064546439
1056836,67.27404643005981
1056837,68.4193134438978
1056838,70.11240913505065
1056839,70.21826382224205
1056840,70.24859662123103
1056841,69.96677332820929
1056842,70.0018123355122
1056843,68.87804120163504
1056844,67.6445412145165
1056845,65.70735688354834
1056846,63.557996455542664
1056847,60.38934781078721
1056848,52.57921136081305
1056944,8.106979606823385
1056945,12.350402681266695
1056946,18.773521114426206
1056947,27.11178197792967
1056948,35.295423663872526
1056949,38.4625638367317
1056950,39.553655838736006
1056951,41.932799720407765
1056952,45.44576128517098
1056953,47.43657587801015
1056954,48.90427334136643
1056955,48.43885724222459
1056956,48.167180133468364
1056957,49.297701640907675
1056958,51.38245757714274
1056959,52.93996464245256
1056960,54.501905988295285
1056961,56.00695343937414
1056962,58.556993733324354
1056963,60.319315773794116
1056964,62.045000887433396
1056965,63.901033679466025
1056966,66.0485911903626
1056967,67.18519936225948
1056968,68.33237966681021
1056969,68.17215640490643
1056970,67.05110722592738
1056971,64.70925926965445
1056972,62.096352494539914
1056973,59.61550882105933
1056974,57.39461425084489
1056975,54.1985360638785
1056976,46.24676424769895
1057072,11.510622776589917
1057073,16.217394596923256
1057074,22.83112238978562
1057075,31.666083053461517
1057076,39.64816918916348
1057077,42.21656796027713
1057078,41.336561701752665
1057079,42.109653341095346
1057080,45.03597859234613
1057081,47.46064948318198
1057082,49.264386680347954
1057083,48.44813272596881
1057084,47.59565085981778
1057085,48.74040371717004
1057086,51.72905626639795
1057087,53.240598989842105
1057088,53.79030273591303
1057089,55.091018807359625
1057090,56.46986262850623
1057091,58.101979818091095
1057092,59.257610897005314
1057093,61.154381192111195
1057094,63.06371217744761
1057095,64.40827138462274
1057096,64.17368852861878
1057097,63.62294599593865
1057098,62.4098061053376
1057099,59.497649234283706
1057100,57.247604117711326
1057101,56.08761782048132
1057102,55.679020843786624
1057103,52.71249333076543
1057104,44.647220170844896
1057200,15.308969519928638
1057201,21.58117871260351
1057202,29.31303343105899
1057203,38.58072109696585
1057204,47.50095209841318
1057205,49.56727767985774
1057206,47.68632895732294
1057207,46.7276246342544
1057208,47.84966991225487
1057209,49.69193505627673
1057210,51.393177368887365
1057211,50.76165251952213
1057212,50.233796833813386
1057213,50.57499204902481
1057214,52.8741132271917
1057215,53.75157296575704
1057216,54.40249351305864
1057217,55.42333467249833
1057218,57.75996059234659
1057219,59.158655010758025
1057220,60.289529888564076
1057221,61.63201007723499
1057222,62.15112660988269
1057223,61.212119258075084
1057224,59.85741470880342
1057225,58.71800055096476
1057226,57.55092717730467
1057227,55.99828400450653
1057228,54.85523895047579
1057229,55.267386484964824
1057230,56.53492670760613
1057231,54.914814391738894
1057232,46.7024326282628
1057328,17.80146758313268
1057329,26.06864982415468
1057330,35.6338647867705
1057331,45.09360373645269
1057332,52.408091374500664
1057333,54.40272397243438
1057334,53.41949480677292
1057335,52.33995921676183
1057336,52.35281918701671
1057337,53.10857093028472
1057338,53.41668658810133
1057339,53.27886624870995
1057340,53.25366551442008
1057341,53.78280323528225
1057342,55.35787875087831
1057343,55.86523412790874
1057344,56.000636594657756
1057345,56.52872088988511
1057346,57.89540245443612
1057347,58.86962157456658
1057348,60.09394945717168
1057349,60.595041265632474
1057350,60.255685280812074
1057351,59.81132750950365
1057352,59.16210704320977
1057353,58.32749640848049
1057354,57.803134047530946
1057355,56.72683641805559
1057356,55.98359096391438
1057357,56.417234395419406
1057358,57.53082810156395
1057359,56.48576137211497
1057360,48.36928517321927
1057456,17.9844429871225
1057457,27.140112240512156
1057458,38.4205459600164
1057459,47.8105093861544
1057460,55.048318437330124
1057461,57.329800624936404
1057462,56.63604110069909
1057463,56.202843334002594
1057464,56.28987599132012
1057465,56.0003098364556
1057466,56.010411255086105
1057467,55.72782886020951
1057468,55.249022894094566
1057469,55.836538434595404
1057470,57.082676546424004
1057471,57.8320308044373
1057472,57.5659958453163
1057473,57.18882813540821
1057474,57.469738200046336
1057475,58.33821267212034
1057476,59.43367573605366
1057477,59.20950413136562
1057478,59.36236370279359
1057479,59.50435352420448
1057480,59.70502302133181
1057481,59.68595064296772
1057482,59.45130113695803
1057483,58.68582815328056
1057484,57.7095805733743
1057485,58.07095342127185
1057486,58.90400878917484
1057487,57.03816993500582
1057488,48.65753578885681
1057584,15.770734461630886
1057585,25.67373045416109
1057586,37.54121396246413
1057587,48.28499952829119
1057588,55.99867254922955
1057589,58.88958454817142
1057590,57.98314468114889
1057591,57.481443514172256
1057592,57.88951930251047
1057593,57.73739157000102
1057594,57.545854604369644
1057595,56.7443889090448
1057596,55.98342073769699
1057597,56.26389893462521
1057598,58.16352143040662
1057599,58.9111718149082
1057600,58.2584234779175
1057601,58.10781173022894
1057602,58.212098462848346
1057603,58.42666421020328
1057604,58.67674038782235
1057605,58.561770276011586
1057606,58.715056339893714
1057607,59.14048928961184
1057608,60.126994141871485
1057609,59.8793268566562
1057610,59.66252698495519
1057611,58.95522138678429
1057612,58.59034706392525
1057613,58.53215836324098
1057614,59.373103425566
1057615,56.85454451475896
1057616,47.41411998854037
1057712,12.884516483713671
1057713,22.820213893042588
1057714,35.775599985220516
1057715,47.63766267621371
1057716,56.11160428608387
1057717,59.03772747635813
1057718,58.13687347455779
1057719,57.55742865262234
1057720,58.29447871017825
1057721,58.61429001462006
1057722,59.404785213248076
1057723,58.42896313722652
1057724,57.62349652312065
1057725,57.67726393378365
1057726,59.339509900172175
1057727,59.89927170381468
1057728,59.523405348808346
1057729,59.11805688755934
1057730,59.17461052152165
1057731,59.129964099018444
1057732,59.14019717214999
1057733,58.63983274223741
1057734,58.67323730697907
1057735,59.13845136185133
1057736,59.796579216209054
1057737,60.258441541629324
1057738,59.88470352993135
1057739,59.131487837713614
1057740,59.072599860853316
1057741,59.16550738438698
1057742,59.51145002284889
1057743,56.92318916841079
1057744,47.104055878381416
1057840,10.867923811409678
1057841,19.8078817790516
1057842,32.90532343175381
1057843,45.665991415440146
1057844,54.982025417082276
1057845,57.810713939497205
1057846,57.11689060962103
1057847,56.54588710259621
1057848,58.022534885759896
1057849,59.10687767167308
1057850,60.33200480350732
1057851,60.42453555630282
1057852,59.868322097433236
1057853,59.72798776951127
1057854,60.43220842506089
1057855,60.57394063133584
1057856,59.96293234878335
1057857,59.41444967605039
1057858,60.023397023887576
1057859,59.51280507741057
1057860,59.53947549227265
1057861,58.855589406103725
1057862,58.91818709513172
1057863,59.199706092322764
1057864,60.293284894162525
1057865,60.11165094593997
1057866,59.74810339340468
1057867,59.59448319257174
1057868,59.15224043544622
1057869,59.40654525847415
1057870,59.96375748627145
1057871,57.19836543390794
1057872,46.906405661942664
1057968,9.556148569029837
1057969,17.80907673455538
1057970,30.706822297717657
1057971,42.31256426200154
1057972,49.91743772383738
1057973,52.45579093931852
1057974,52.57075660433012
1057975,52.742256264031205
1057976,54.20998786455168
1057977,55.18613781201594
1057978,55.758481706652304
1057979,56.01108523283036
1057980,55.95156255106564
1057981,57.112934998369184
1057982,59.10842647003109
1057983,60.15604707392375
1057984,59.74058350167815
1057985,59.42093944229167
1057986,59.47584591353112
1057987,59.25546356806548
1057988,59.15746964640838
1057989,58.941526409535584
1057990,58.60642921414915
1057991,58.674632216470656
1057992,59.22603277646834
1057993,59.075347316916265
1057994,59.21990381523521
1057995,58.92788594415727
1057996,59.05867540283431
1057997,59.524176386680516
1057998,59.67866418374368
1057999,57.12743023597403
1058000,46.771965431259986
1058097,16.142289432361302
1058098,27.85343097160908
1058099,37.06593610395867
1058100,41.21479900949941
1058101,41.61484615427704
1058102,40.40358296374829
1058103,40.68492122368168
1058104,42.367499787532196
1058105,43.17029414128424
1058106,42.933944612039255
1058107,43.01643497102435
1058108,44.24994336791569
1058109,48.89217300517573
1058110,55.202846892836256
1058111,58.68963455991169
1058112,59.37603656009074
1058113,58.81287685800684
1058114,58.85954713586927
1058115,58.51361757595129
1058116,58.962889356588796
1058117,58.929102895349835
1058118,58.69136502863037
1058119,58.61391023511748
1058120,58.6297012943406
1058121,58.455435317598784
1058122,58.46164788910129
1058123,58.65616436389205
1058124,58.491253460622836
1058125,59.23408955928731
1058126,59.837745126848326
1058127,57.330015117527076
1058128,46.550691626965445
1058225,13.658740551685414
1058226,22.949128971818656
1058227,29.641493783235667
1058228,30.59072731236825
1058229,28.51513496337346
1058230,25.886912606615827
1058231,24.90196329527364
1058232,26.465703629437012
1058233,27.664226434892868
1058234,28.426157970196286
1058235,28.84296157850412
1058236,31.848565070838593
1058237,39.52167013198115
1058238,50.68850270077843
1058239,57.0087516389035
1058240,59.00588231747684
1058241,58.03100267571832
1058242,57.456514416079536
1058243,57.76471499904911
1058244,58.54278591463578
1058245,58.975630540371746
1058246,58.80923000671506
1058247,58.91823398711088
1058248,58.90134468245386
1058249,58.70098996102746
1058250,58.95781822862945
1058251,58.6230969235444
1058252,58.354896427009635
1058253,58.90604027774796
1058254,60.09379549576633
1058255,57.578022699132845
1058256,46.59152596748631
1058352,6.368899720601618
1058353,10.129121976101853
1058354,16.095485105026576
1058355,21.30477475160587
1058356,22.819498290959253
1058357,21.375737428904497
1058358,18.425002449923404
1058359,17.438668815827594
1058360,18.6687976515637
1058361,20.301850287577917
1058362,21.270071056484678
1058363,21.312708251370683
1058364,23.918253678543092
1058365,33.34339205261727
1058366,46.93335232085294
1058367,55.57803817779803
1058368,58.94696614777761
1058369,58.14238506303321
1058370,57.42481338457744
1058371,57.68098504896279
1058372,58.875827559515294
1058373,59.42206634197936
1058374,59.27812597059482
1058375,58.53893280187135
1058376,58.19599355844437
1058377,57.783869775094466
1058378,57.279258877747736
1058379,56.614328552470525
1058380,55.999393029096495
1058381,56.16172030252392
1058382,57.023677709099765
1058383,55.084284430811756
1058384,44.74952229671553
1058481,7.779929275947928
1058482,11.672427543422936
1058483,15.748869770215915
1058484,17.67911824478008
1058485,17.233653791877277
1058486,15.068597650764845
1058487,14.171094348437071
1058488,15.532572206768862
1058489,17.175745930314758
1058490,17.074091560923062
1058491,16.489558216814665
1058492,18.06452321639275
1058493,26.9381131384677
1058494,41.42786684785852
1058495,51.886234208013455
1058496,56.93495806741859
1058497,57.467987484923675
1058498,56.69904786715647
1058499,56.8146514194714
1058500,57.64384332246319
1058501,57.696665359408904
1058502,57.22569889620066
1058503,56.00011171834076
1058504,54.08565487623192
1058505,52.72169009597216
1058506,51.534782186980785
1058507,50.56294237275136
1058508,49.431079360273856
1058509,48.707612690109116
1058510,49.08226620558491
1058511,46.8326045267419
1058512,38.02483605944983
1058609,6.381402586325288
1058610,8.978473742086809
1058611,11.893046433362716
1058612,13.393550370657257
1058613,13.475824490337853
1058614,11.967850268594283
1058615,11.658682657413511
1058616,12.693687758893141
1058617,13.854561302389834
1058618,13.29219869695935
1058619,11.880988850102664
1058620,12.77546645757604
1058621,19.540139068188907
1058622,32.295531959364354
1058623,44.01163231334848
1058624,51.847730344750744
1058625,53.8373207065061
1058626,53.415339985852945
1058627,53.21918405010084
1058628,53.831843762343006
1058629,53.03908080555947
1058630,50.97741557039612
1058631,48.27053627803909
1058737,5.510063759886761
1058738,6.786865312099877
1058739,8.360043346277811
1058740,9.475981865052239
1058741,9.708913297002555
1058742,9.107085057197612
1058743,8.838733633950223
1058744,9.911723484981765
1058745,10.491070733881875
1058746,9.351233994591308
1058747,7.962087712401388
1058748,8.17390911464434
1058749,12.712876712945747
1058750,21.76025617780534
1058751,31.71969219330539
1058752,39.95368811267607
1058753,42.65502986597344
1058754,42.21769819511017
1058755,41.8137197670983
1058866,5.460747046317649
1058867,6.2307216125285265
1058868,6.812761651376431
1058869,7.108488375893212
1058870,6.894608101227247
1058871,6.878846236124082
1058872,7.481049716518845
1058873,7.6479965682349285
1058874,6.652624815022534
1058875,5.345272198219279
1058876,5.578126293215747
1058877,8.930129470340429
1058878,15.0926669663167
1058992,4.2916785791794805
1058993,4.522762365303953
1058995,5.155500884012513
1058996,5.451855245806626
1058997,5.646542578173328
1058998,5.5542494235274384
1058999,5.399459375122953
1059000,5.581897281677862
1059001,5.553639801157727
1059002,4.78436386723216
1059003,4.02926129579212
1059120,4.101741733283907
1059121,4.358436903115505
1059122,4.443122443539286
1059123,4.67984579663894
1059124,4.889666983569505
1059125,4.999223123105008
1059126,4.769271616669216
1059127,4.557753638502846
1059128,4.49916620268649
1059248,3.9705440086970687
1059249,4.165635774985207
1059250,4.241856404229123
1059252,4.616961658996768
1059253,4.663456768427206
1059254,4.49208945025566
1070770,7.722322018969118
1070771,8.661833568198084
1070772,10.859416679135204
1070896,5.148998887147894
1070897,8.397262744710483
1070898,9.822649301483091
1070899,10.550315004934175
1070900,13.040220982559406
1070901,15.971836949429395
1070902,17.335741466282485
1070903,17.332657389874672
1070904,16.15673964066151
1070905,14.689790750014462
1071024,6.723919336540289
1071025,10.113023950552797
1071026,11.53658777810077
1071027,12.058653999534096
1071028,14.527631537049402
1071029,17.548389740622937
1071030,18.942532898274298
1071031,18.565123685655788
1071032,17.382805053009452
1071033,15.74922508801589
1071034,14.03784197750525
1071035,12.469366780106377
1071036,12.731093155490862
1071037,15.205591227942735
1071152,8.815138808550842
1071153,12.057467831968319
1071154,12.879636193590366
1071155,13.23521419338258
1071156,15.549429056019475
1071157,18.764793300444442
1071158,19.93202107866551
1071159,19.801732793493272
1071160,18.893134393707445
1071161,17.41694918049861
1071162,15.844070340897312
1071163,14.900069446722211
1071164,15.551734772249505
1071165,19.49042978472367
1071166,26.521602891936134
1071167,34.626654330828494
1071168,42.95169332326714
1071169,48.55586915607968
1071280,11.026938306620979
1071282,14.166642219731486
1071283,14.469299260801705
1071284,16.95258119100334
1071285,20.21851699830842
1071286,22.139322828154906
1071287,22.75698762202353
1071288,22.773287753489377
1071289,22.352896695137005
1071290,21.620063156042583
1071291,20.933127045105177
1071292,22.30764008433814
1071293,27.269566745714034
1071294,35.96504785762468
1071295,46.33241674902141
1071296,56.59711579317057
1071297,62.81746846170833
1071298,64.50780729842361
1071299,62.3287798306482
1071300,58.02334944868303
1071410,16.54731083656826
1071411,17.29246839999481
1071412,20.232703901356263
1071413,24.436221761300942
1071414,28.15845072875078
1071415,31.59181326176833
1071416,34.43018005484771
1071417,35.623147571820226
1071418,35.60033175185989
1071419,35.7830020741914
1071420,38.1265258997426
1071421,43.71292959257454
1071422,51.6739490286293
1071423,59.0187808927994
1071424,65.62125641110715
1071425,69.38463210225522
1071426,71.22162662463784
1071427,70.69581263442565
1071428,69.18070223867177
1071429,66.34333793589728
1071430,62.0950875111229
1071431,56.51833261630215
1071537,19.648020212791106
1071538,23.61023527374053
1071539,26.963704594462428
1071540,30.47978729840612
1071541,33.73129842870442
1071542,37.12298904524338
1071543,40.578035543286624
1071544,44.809799147380595
1071545,47.153006346867684
1071546,47.55355452822629
1071547,48.2380608739161
1071548,51.840978137314366
1071549,57.455195523849724
1071550,63.96008326927247
1071551,67.60868791159497
1071552,70.45079876208202
1071553,71.93437371896711
1071554,73.48986921193513
1071555,73.42497678010635
1071556,73.45718090696074
1071557,72.72101872893083
1071558,71.41639035596722
1071559,69.04775527589904
1071560,65.08288307858035
1071561,58.64627112624741
1071665,27.984857856618707
1071666,35.247981532830806
1071667,40.372830489124325
1071668,44.519657093115
1071669,45.71922339452145
1071670,45.551786912017945
1071671,46.950350297306386
1071672,49.71735150867408
1071673,51.774835427209226
1071674,52.58037925500577
1071675,53.66936437111136
1071676,56.80985793240598
1071677,62.26010336912542
1071678,68.1305597571391
1071679,70.29189380128969
1071680,71.44816052292116
1071681,72.19486336307479
1071682,73.3894702341476
1071683,73.73466530032661
1071684,74.09573339427209
1071685,73.66764904730175
1071686,74.0391226526566
1071687,73.09091571138993
1071688,72.26990590215723
1071689,70.00291507887691
1071690,66.51428281755092
1071691,60.99945878941501
1071692,55.687614963844844
1071693,53.82728109068357
1071694,54.33293248121907
1071793,38.04008399167014
1071794,44.21695911845861
1071795,49.14629269382507
1071796,52.51718087895723
1071797,52.93706823271756
1071798,51.176744874584855
1071799,51.470613578145354
1071800,53.91135107254864
1071801,55.997134746812236
1071802,56.76804464196876
1071803,57.09445377526989
1071804,59.57402901430805
1071805,64.21609615637145
1071806,69.26035496007302
1071807,71.43521103512938
1071808,71.73974134941257
1071809,71.55035234017595
1071810,72.70625680788635
1071811,72.69326716492075
1071812,72.61173465681821
1071813,72.86301191956281
1071814,73.05971102709307
1071815,72.88827392947294
1071816,72.94610649995232
1071817,73.05939693233479
1071818,72.67186260377822
1071819,71.00524791383614
1071820,69.30026683890549
1071821,69.19632709420246
1071822,70.00588703587502
1071823,66.7964249833581
1071824,54.09388104015148
1071921,43.92144414839068
1071922,49.952603670935524
1071923,53.49871314668375
1071924,55.56654498956244
1071925,56.4307574245708
1071926,55.50079503794209
1071927,56.22258101536558
1071928,58.31887709762175
1071929,60.139718980560104
1071930,60.56014552871715
1071931,60.2856933712438
1071932,61.57716555023807
1071933,65.76949177474982
1071934,70.37030125909602
1071935,71.59740058988315
1071936,71.80826367689477
1071937,71.63732445040351
1071938,72.3639765938889
1071939,72.36024453480907
1071940,71.46565840338796
1071941,71.5064197356485
1071942,71.81437399883308
1071943,71.79676414414118
1071944,72.27334519037191
1071945,72.91483879129933
1071946,73.93133041431
1071947,73.55709613541016
1071948,73.7570274803847
1071949,75.17734462741504
1071950,76.12027598417707
1071951,72.24502491863869
1071952,58.100578816960834
1072048,37.2209801172087
1072049,47.12349866834422
1072050,52.78514397811919
1072051,55.777153418838495
1072052,58.03404684653775
1072053,59.35269921426186
1072054,59.41414772094081
1072055,60.435057973164696
1072056,61.93689615674531
1072057,63.05642017294629
1072058,63.4172125678481
1072059,62.32028293784988
1072060,63.00305973481984
1072061,65.9026635309268
1072062,70.04760568469297
1072063,71.13158902574844
1072064,70.72108496816463
1072065,70.76224403268685
1072066,71.7158144476602
1072067,71.32834089865614
1072068,70.92443996456872
1072069,70.53140134597479
1072070,70.65189074681689
1072071,70.74428804377752
1072072,71.1312958624002
1072073,71.91238473983306
1072074,72.734558577141
1072075,73.28060417145498
1072076,73.33139776777011
1072077,74.89971217169048
1072078,76.11059782538277
1072079,72.02192466352189
1072080,58.14403783618425
1072176,39.60832591279348
1072177,49.22152159167979
1072178,54.172115519218956
1072179,57.21125937377659
1072180,59.75109699571956
1072181,61.80123602832957
1072182,63.6515492086881
1072183,64.44644459925107
1072184,65.76350080938106
1072185,66.44890474726868
1072186,66.52090932880722
1072187,64.52605142146898
1072188,64.02969253704089
1072189,66.53974612255863
1072190,69.70999511134947
1072191,70.50298567918936
1072192,70.12278669063423
1072193,69.9775721180896
1072194,70.67730000500295
1072195,70.89047381410589
1072196,70.4206347548037
1072197,70.65978553298679
1072198,71.00952048805964
1072199,70.79180052784669
1072200,70.71245048739506
1072201,71.37236020617475
1072202,72.31501667000194
1072203,72.08374852112411
1072204,72.54283293126572
1072205,73.75524206810103
1072206,75.01579892867079
1072207,70.7575684116928
1072208,57.54446185037554
1072304,40.1342092686389
1072305,50.07405897914091
1072306,55.10750136167843
1072307,58.844837163439486
1072308,62.119904135626
1072309,64.04307365173406
1072310,65.36939252249336
1072311,65.80604213926294
1072312,66.57127899935243
1072313,67.07751581050965
1072314,67.17158491988127
1072315,65.69981105738944
1072316,65.5024496742004
1072317,67.1014757465447
1072318,69.47649945720048
1072319,70.10217706236347
1072320,70.02499833874927
1072321,70.0090068636819
1072322,70.543325741941
1072323,70.7920725358959
1072324,70.75639702404612
1072325,71.50190831104501
1072326,72.18048689747089
1072327,71.73669053796971
1072328,71.53990719229537
1072329,71.20549766106538
1072330,72.11851624704934
1072331,71.76389393838048
1072332,71.96130803971275
1072333,72.91976417978188
1072334,73.9921033878444
1072335,70.30868550165063
1072336,57.4509574372345
1072432,39.28156152333987
1072433,49.66325672769462
1072434,56.04431834952596
1072435,60.07850309680631
1072436,63.46894793673872
1072437,65.47759599186166
1072438,66.03005002987419
1072439,66.30458871634269
1072440,66.37729924696173
1072441,66.9794573115273
1072442,67.32546398315672
1072443,66.49667188957945
1072444,66.45479385860334
1072445,67.62753525167327
1072446,69.23319763996109
1072447,69.89593623139992
1072448,70.05965523145615
1072449,70.31970697876632
1072450,71.55224597616703
1072451,71.67640395372742
1072452,72.42532285595941
1072453,73.09946453446305
1072454,73.4268236286983
1072455,73.16695636126798
1072456,72.57661513373344
1072457,72.32821812893228
1072458,72.76042754210646
1072459,72.20012136872884
1072460,71.8982672068407
1072461,72.49733987446064
1072462,73.88874684498887
1072463,70.1454842134639
1072464,57.82559968160525
1072560,37.57731331621133
1072561,47.91492876997199
1072562,54.67271467883293
1072563,59.17902464365278
1072564,63.30659957971628
1072565,64.96529626307233
1072566,65.73550302746924
1072567,65.33380804546043
1072568,65.7006672289961
1072569,66.37047090669468
1072570,66.63687801564141
1072571,65.9522181406502
1072572,66.40810913038648
1072573,67.52492460640087
1072574,68.90350475762918
1072575,69.36910651644385
1072576,70.27070346279106
1072577,70.55566429749491
1072578,71.98045131752703
1072579,72.10054591735428
1072580,73.3496550699927
1072581,73.31290086670931
1072582,73.53345173561658
1072583,73.51357641935627
1072584,73.14096841198283
1072585,73.08778691087632
1072586,72.8056461883836
1072587,72.40712230125574
1072588,72.11705172516646
1072589,73.11524412391857
1072590,73.90281185519801
1072591,70.01533043261256
1072592,58.56572186510675
1072688,34.41662831123089
1072689,44.75993300495195
1072690,51.25937190417019
1072691,56.84054651626178
1072692,61.3806287291036
1072693,63.86939734063183
1072694,64.7586192256534
1072695,64.5748250855525
1072696,65.15139081857595
1072697,65.02069856234566
1072698,65.16172089868061
1072699,64.33512648940824
1072700,65.15284008769096
1072701,65.92005344919382
1072702,67.76774275140114
1072703,68.66361622371117
1072704,69.72377509291644
1072705,70.43720501204038
1072706,72.08368657626339
1072707,72.6070766227154
1072708,72.99838085115917
1072709,73.06087453264169
1072710,73.1122653468321
1072711,72.99325214015435
1072712,73.53387494829849
1072713,73.58927149379495
1072714,73.46748283561739
1072715,72.75028462163708
1072716,72.75464148194438
1072717,73.35964410328471
1072718,73.91833505272713
1072719,70.37179367156705
1072720,59.42109419082984
1072816,28.170396627052522
1072817,36.27754542533504
1072818,43.0953997821764
1072819,49.93523911206884
1072820,56.564476793382184
1072821,59.99657381819076
1072822,61.46728397171344
1072823,61.996039675499105
1072824,63.09263473316549
1072825,63.370491918985685
1072826,63.62262355840191
1072827,63.19903735997143
1072828,63.4585900672857
1072829,63.713188651454914
1072830,65.45607567480262
1072831,66.66757271551243
1072832,68.43186625981866
1072833,70.12592883203907
1072834,71.88571246136127
1072835,72.29994642561623
1072836,73.06469499081513
1072837,72.86492386361604
1072838,72.60479318708465
1072839,72.90174730919968
1072840,74.20376381977422
1072841,74.25272419501498
1072842,73.83933429973398
1072843,73.50022389181754
1072844,73.84620812028626
1072845,73.75631050442426
1072846,73.91300329758799
1072847,70.6388585188547
1072848,60.89571321198372
1072944,15.925404150574568
1072945,21.136007724762127
1072946,27.040751572629134
1072947,35.634031927885594
1072948,44.05520459266398
1072949,48.97272307087769
1072950,51.69611290715239
1072951,53.90321658771226
1072952,57.35076674132605
1072953,59.00791843021765
1072954,60.12517683382502
1072955,60.083807060337016
1072956,60.66652794089139
1072957,60.837509329419454
1072958,61.37601432845716
1072959,62.81985232924378
1072960,65.06118555633951
1072961,67.54060176880887
1072962,70.10194318293665
1072963,70.95948529148626
1072964,71.54265148343173
1072965,71.40427514942574
1072966,71.83902358750181
1072967,72.46603748501731
1072968,73.37774696360968
1072969,73.00213854923992
1072970,72.36716198188049
1072971,71.70586843975698
1072972,71.91685920117433
1072973,72.32198275254709
1072974,72.07739891517998
1072975,69.62513595670771
1072976,61.057234909011704
1073072,6.258040708871127
1073073,9.452452459897028
1073074,14.806070277404649
1073075,22.988455420289977
1073076,31.808518419247864
1073077,36.51980962727629
1073078,39.187790731419085
1073079,42.29335152281531
1073080,46.212453384544425
1073081,48.170457887216564
1073082,49.99122763358193
1073083,51.2065722544038
1073084,53.06160528092112
1073085,53.653280867428016
1073086,54.427965513109186
1073087,55.20205790028794
1073088,57.75086813803474
1073089,61.218686047921004
1073090,64.66206201350138
1073091,66.63522817490622
1073092,67.63278251089827
1073093,68.38187294599362
1073094,68.91996825828767
1073095,69.82533697394447
1073096,70.63371963046741
1073097,70.39840389344168
1073098,70.00869935404306
1073099,69.19783694238645
1073100,68.71606381579514
1073101,67.83315947124638
1073102,66.43161963151431
1073103,63.93209205247912
1073104,56.60726833011097
1073200,3.0556182779446868
1073201,5.868461373050139
1073202,11.089821661157185
1073203,18.804207111653753
1073204,25.713603054283467
1073205,28.68223373024025
1073206,29.68597505952605
1073207,31.004552033378946
1073208,33.94841220713218
1073209,35.925610160326485
1073210,38.252650223484466
1073211,40.720033252583
1073212,43.66874471939506
1073213,44.58456280083509
1073214,45.23158201049115
1073215,46.62045065279791
1073216,49.39035576660232
1073217,52.83911270669606
1073218,57.07860927166569
1073219,59.560507886360696
1073220,61.437397311314186
1073221,62.67227473111375
1073222,64.43841397571683
1073223,65.50347672505542
1073224,66.86688271738234
1073225,67.04664404989244
1073226,66.58842134667046
1073227,65.48580833102417
1073228,63.54427413814633
1073229,60.75790274272102
1073230,57.95596883500469
1073231,54.78210184240583
1073232,48.589145704244956
1073328,3.1247079231537698
1073329,6.083931867798014
1073330,11.267314421969997
1073331,18.683940342089894
1073332,24.980808512311654
1073333,26.753512474608243
1073334,26.365828039932087
1073335,27.27065155624399
1073336,30.1978074633284
1073337,33.33545823322423
1073338,36.05083089558588
1073339,37.878963312251464
1073340,39.81749289887998
1073341,40.94212231910841
1073342,42.76658534175402
1073343,44.41105938447675
1073344,45.82118870001631
1073345,47.541281338923106
1073346,49.92398545202388
1073347,51.87151168782006
1073348,53.56448659041842
1073349,55.69491912200347
1073350,58.61513457937717
1073351,60.76348172499769
1073352,62.35643738767254
1073353,62.34563303821925
1073354,61.2430990214526
1073355,59.25650184254005
1073356,56.62351313893894
1073357,54.14324707655306
1073358,51.54457878880144
1073359,48.082298896610865
1073360,41.48701237958999
1073456,5.236634627833296
1073457,8.407274194779076
1073458,13.586512422951996
1073459,21.55586338395093
1073460,28.697469019405297
1073461,30.451056070821522
1073462,29.17654871556099
1073463,29.770583922496407
1073464,33.622047139228556
1073465,36.906041037729466
1073466,39.38374032239537
1073467,39.80085957527805
1073468,40.34324896152614
1073469,41.78421483431107
1073470,44.21439843218262
1073471,45.35065722415007
1073472,45.82188307033165
1073473,46.47189853051438
1073474,48.375861809085045
1073475,49.5762527328557
1073476,51.60999314808294
1073477,53.62398761739763
1073478,56.1582016387361
1073479,56.74509563842749
1073480,56.84453202824447
1073481,56.39709086118095
1073482,55.290383563865475
1073483,53.24380648506922
1073484,51.39416073865702
1073485,50.561021387615384
1073486,50.03802711036733
1073487,46.889251427115155
1073488,39.646582885412144
1073584,8.61844920960749
1073585,13.150044582138134
1073586,19.392779360520365
1073587,28.368815758848292
1073588,37.11970982147274
1073589,39.72838115515661
1073590,37.73559859407943
1073591,36.94151178122256
1073592,38.6822708397971
1073593,40.95303763533514
1073594,43.01991023751869
1073595,43.67668508835253
1073596,44.2674184916528
1073597,45.141449665486384
1073598,47.451459286094405
1073599,48.06281079342925
1073600,48.5684295969417
1073601,49.182842303878715
1073602,51.156416848973095
1073603,52.424353170966995
1073604,54.42230009717121
1073605,55.272587316025344
1073606,55.980572966246086
1073607,55.15685991868021
1073608,53.77071690959435
1073609,53.151809692238785
1073610,52.60086283840838
1073611,51.250855379752856
1073612,50.672803869143266
1073613,51.379080042752044
1073614,52.703187589795476
1073615,50.970610271591084
1073616,43.57806857620546
1073712,12.837630206807503
1073713,19.54746393654734
1073714,28.043999649346034
1073715,37.4869393249104
1073716,45.361031384995094
1073717,47.98431978666949
1073718,46.58499757605434
1073719,45.26859468978148
1073720,45.67791144826459
1073721,46.78412080753396
1073722,47.53946535873272
1073723,47.77671340283604
1073724,48.45303227968687
1073725,49.46747486386766
1073726,51.20048078064917
1073727,52.05713267053002
1073728,52.20442249953461
1073729,52.15954133211936
1073730,53.034175382513126
1073731,54.15402238676748
1073732,55.59839408564484
1073733,56.02089512566236
1073734,56.00134935124705
1073735,55.537907399829415
1073736,55.26659258781451
1073737,55.08568662986794
1073738,54.610546912464955
1073739,53.86364933837399
1073740,53.32292151563319
1073741,54.21971578051019
1073742,55.92955029063356
1073743,54.87113421134905
1073744,47.36494855846085
1073840,15.464936500774476
1073841,24.23561075230676
1073842,34.34336455074367
1073843,43.899506499226916
1073844,50.982368786304264
1073845,53.353324004416834
1073846,52.52900489434165
1073847,51.81304208077131
1073848,51.73576145408128
1073849,51.444082639792
1073850,51.4017994107135
1073851,50.966902306651704
1073852,50.85878308638471
1073853,51.9978014645802
1073854,54.05060514197411
1073855,54.85660733410224
1073856,54.558573064150124
1073857,53.99079176238302
1073858,54.39759820161109
1073859,55.29669918818146
1073860,56.00294354663232
1073861,56.39294178719967
1073862,56.43261235964594
1073863,56.98403463981099
1073864,57.60989464868564
1073865,57.58737257719172
1073866,57.228175837398744
1073867,56.66111062878088
1073868,56.34950088860062
1073869,57.03992508817925
1073870,57.93582446073444
1073871,56.42908233795416
1073872,48.1366244555555
1073968,15.739688723623283
1073969,25.419992697688112
1073970,36.57298164780522
1073971,46.743816595880965
1073972,53.5513060321924
1073973,56.00066530658153
1073974,55.34133996043363
1073975,54.62823748610336
1073976,55.46923123853219
1073977,54.886468556815764
1073978,54.42771767924908
1073979,53.27471339140304
1073980,52.53983355431019
1073981,53.68789557144458
1073982,55.99884940248135
1073983,56.789772865724004
1073984,56.04697048672218
1073985,55.40109409382481
1073986,56.09572683841528
1073987,56.41275253971599
1073988,56.883392379742375
1073989,56.53185402584405
1073990,57.44667290330469
1073991,58.04106401169844
1073992,59.03454783388057
1073993,59.018003222520505
1073994,59.185745986005884
1073995,58.603627800394236
1073996,58.40346472445507
1073997,58.4700592571134
1073998,59.145435173746
1073999,56.86629626195683
1074000,47.48643139091668
1074096,14.551951099505532
1074097,24.44781401547188
1074098,36.59146506931056
1074099,46.72069249220332
1074100,53.77587854064558
1074101,56.27890201877401
1074102,56.19492458306085
1074103,55.98671062628674
1074104,56.65279508130353
1074105,56.50038283260953
1074106,55.995694477359294
1074107,54.97843133373011
1074108,54.278645835462854
1074109,55.4346829067658
1074110,57.47980870794553
1074111,58.208329957677385
1074112,57.75314150058769
1074113,57.16592496241904
1074114,57.669998058472636
1074115,57.509056016287396
1074116,57.83586849731724
1074117,57.27341263167798
1074118,57.51068407749048
1074119,58.446092212934396
1074120,59.67836810568085
1074121,59.911167073534855
1074122,59.739136913009446
1074123,59.24620350435133
1074124,59.0288537490506
1074125,59.16615214117899
1074126,59.33626520275477
1074127,56.609393196534334
1074128,46.195624027479184
1074224,12.179267303972951
1074225,22.240689587997693
1074226,34.15952672786663
1074227,44.759610646459684
1074228,51.61715852739236
1074229,54.66236475845682
1074230,55.44321003370085
1074231,56.151310188825484
1074232,57.004604925438805
1074233,57.394668020025065
1074234,57.062984610170396
1074235,56.76988896661505
1074236,57.126149077565366
1074237,57.866123025225264
1074238,59.43323682123174
1074239,59.34997085365007
1074240,58.953571263341125
1074241,58.140651921718
1074242,58.71998643295469
1074243,58.350988782417495
1074244,58.24848470674913
1074245,57.83586909458543
1074246,58.00707667791043
1074247,58.66956106984282
1074248,59.75590880608753
1074249,60.22469656530159
1074250,60.04394836779697
1074251,59.7145651791765
1074252,59.42414350904651
1074253,59.323477205840064
1074254,59.854013886251934
1074255,56.65164079297935
1074256,45.9790097943079
1074352,10.384709946317537
1074353,19.353700186328854
1074354,31.757568323856777
1074355,41.93799892162648
1074356,48.089935774019665
1074357,51.32368039280847
1074358,52.99155227220244
1074359,54.441319070281494
1074360,55.643974217225406
1074361,55.600523913787455
1074362,55.10409849146729
1074363,55.28569482595789
1074364,56.07333543474565
1074365,57.69153517566261
1074366,59.908920207475575
1074367,60.073445733495234
1074368,58.98671348201585
1074369,58.5294534846831
1074370,59.008269041270346
1074371,58.65403963145868
1074372,58.572099084646574
1074373,58.023897290248016
1074374,57.8342470380398
1074375,58.550777747714044
1074376,58.9666765476194
1074377,58.929871714177466
1074378,58.95298373500013
1074379,59.052987326745416
1074380,58.464134406542804
1074381,59.196742989440466
1074382,59.375084968987885
1074383,56.57240296351853
1074384,45.64620411378835
1074481,17.054903048134758
1074482,28.63505942096043
1074483,38.559724748890794
1074484,42.75640334952708
1074485,44.50926470082076
1074486,45.39731722858821
1074487,46.44918671274935
1074488,47.43234295043527
1074489,47.532305207269445
1074490,46.90429152327909
1074491,46.72803697318716
1074492,48.384988319600026
1074493,52.312273960774434
1074494,57.36067359119564
1074495,59.31329304015389
1074496,59.11432179293018
1074497,58.320937271566656
1074498,58.16458739555131
1074499,57.88131744082397
1074500,57.95825717423079
1074501,57.82316697984029
1074502,57.6757681553625
1074503,58.02771491064142
1074504,58.08832534137185
1074505,58.080663889545406
1074506,58.30064433483625
1074507,58.17894319676465
1074508,58.217792127689734
1074509,58.61934559418693
1074510,59.5854338453119
1074511,57.26647250081672
1074512,45.80907082717769
1074608,7.5514491794001755
1074609,14.43685473011527
1074610,24.915406068163747
1074611,32.43799778001718
1074612,34.017365072820496
1074613,32.282069207528906
1074614,31.024396411784085
1074615,31.067099623050815
1074616,31.997201996333416
1074617,32.46592836865706
1074618,32.881195850185264
1074619,33.430711203736415
1074620,36.96516601708143
1074621,44.02432140860974
1074622,53.70634248114341
1074623,58.53855787324565
1074624,58.99821581504732
1074625,57.41206087604425
1074626,56.69873864522945
1074627,56.66536448080116
1074628,57.59917830128863
1074629,57.453848553960526
1074630,57.920944714419605
1074631,57.81927817608691
1074632,57.90568414005982
1074633,58.32998336917053
1074634,58.23086452971167
1074635,57.812587768318565
1074636,57.56401031999276
1074637,58.26682761269388
1074638,59.96337748995403
1074639,57.5439792672707
1074640,46.13324797114274
1074737,11.125742647127025
1074738,18.29382424417898
1074739,24.357241839347243
1074740,25.680759313631203
1074741,23.97596643220023
1074742,21.668397455037557
1074743,20.92205124191915
1074744,22.19966198730543
1074745,23.50820428310895
1074746,24.28163801891972
1074747,25.75359884606476
1074748,29.695033882925497
1074749,39.05096898819346
1074750,51.489836878745145
1074751,58.455181205235775
1074752,59.81819215042855
1074753,57.97610452254526
1074754,56.71821768989505
1074755,56.45567731444774
1074756,57.49621758012686
1074757,58.11415162274733
1074758,58.26087116320377
1074759,58.40658668497965
1074760,58.41771344007836
1074761,58.45519732625952
1074762,58.35433689696278
1074763,57.92731970037254
1074764,57.32719243711724
1074765,57.60966462228975
1074766,58.60481173217932
1074767,56.51932664956758
1074768,45.49256454606234
1074865,8.392216356278777
1074866,13.6418926582664
1074867,18.743778743344993
1074868,20.892551146190655
1074869,19.95354300667822
1074870,17.63814879568107
1074871,16.791614163268434
1074872,18.456023758620688
1074873,19.889036718187967
1074874,20.75823830519723
1074875,21.7082677740954
1074876,24.780536278505764
1074877,34.343539485844715
1074878,47.84967275933641
1074879,56.27177728465493
1074880,59.07422657903735
1074881,58.26086670180723
1074882,57.099874058089256
1074883,56.792147973127975
1074884,57.94288480812759
1074885,58.088534380519256
1074886,57.743002056291594
1074887,57.60500671899649
1074888,56.65113492876752
1074889,56.00114834394274
1074890,55.14292295189624
1074891,54.03186794722835
1074892,53.2061191508073
1074893,52.580937784567936
1074894,52.91971630025742
1074895,50.50981071729537
1074896,41.17560784900814
1074994,11.432646738212156
1074995,16.12389719438857
1074996,18.14842319220343
1074997,17.742771740056032
1074998,15.841414017821526
1074999,14.820584206145377
1075000,16.40772194137128
1075001,18.16400287943072
1075002,18.39528191923
1075003,17.52178581670362
1075004,18.652206864482594
1075005,25.95642707626463
1075006,38.73032332698514
1075007,49.086130947235596
1075008,54.898491732575614
1075009,56.001636971097874
1075010,54.88888100813023
1075011,54.80139572685202
1075012,55.51583386353737
1075013,55.26540100893173
1075014,54.17939605945292
1075015,51.679606512837914
1075016,48.896207150504154
1075017,46.41174448735096
1075018,44.419787686257976
1075024,30.07806412019929
1075122,9.461842301643573
1075123,13.183270903869227
1075124,15.303616573751428
1075125,15.002248482509724
1075126,13.579787573707947
1075127,12.98835611740444
1075128,14.240126020088134
1075129,15.662941746082451
1075130,15.305256035397822
1075131,13.502487207894513
1075132,12.644382542120013
1075133,16.875187165906695
1075134,26.330675401482637
1075135,36.8966597860894
1075136,44.92607802959451
1075137,47.335965391918535
1075138,46.78191174030738
1075139,45.93953534902587
1075251,9.728838391877604
1075252,11.086364564565333
1075253,11.299490338247843
1075254,10.497783401821371
1075255,10.264889134428806
1075256,11.374007135378537
1075257,12.347133828544058
1075258,11.395586967467432
1075259,9.368898817109118
1075260,8.460834671056519
1075261,11.174321867675646
1075262,17.454826311804677
1075263,24.63784514146938
1075264,30.08159100906206
1075380,7.827580600801878
1075381,7.970154766179954
1075382,7.755322283813916
1075383,7.7421112426577725
1075384,8.603767888563208
1075385,9.051761044255635
1075386,7.994380472224114
1075387,6.4359257136409544
1075388,5.900311227903066
1075504,4.260162597572351
1075508,5.811402532129057
1075509,5.994611964663196
1075510,5.991364009426841
1075511,5.9255399792930135
1075512,6.29655748886264
1075513,6.4199522223958425
1087152,4.320631221344479
1087154,9.062709173198241
1087155,9.985844738175489
1087280,6.244894706092678
1087281,9.792998257425001
1087282,11.21182173769174
1087283,11.60445070262601
1087286,18.108260980233933
1087287,18.048251307468117
1087288,16.961247272703968
1087289,15.446108102284846
1087408,8.39273650403895
1087409,11.906738340912197
1087410,12.933570621842625
1087411,12.991476300128683
1087413,18.005771474350716
1087414,19.362239857980843
1087415,19.203785961240655
1087416,18.00161705056952
1087417,16.565401393055744
1087418,15.02054576563346
1087419,13.539626597461314
1087420,13.777225305558975
1087421,16.435967785253727
1087536,10.478126570857299
1087539,14.284584374426242
1087540,16.336422361681368
1087541,18.973843607831125
1087542,20.36365913343866
1087543,20.322110175518908
1087544,19.326548117970738
1087545,18.539418605720112
1087546,17.40496754289239
1087547,16.58218124512037
1087548,17.49758947420726
1087549,21.48200331488354
1087550,27.96580115085288
1087551,36.20940302993552
1087552,45.02095714877661
1087553,51.34721357297606
1087667,16.25293092962219
1087668,18.543227577241446
1087669,21.17965070939111
1087670,23.60057684197358
1087671,25.21775659463224
1087672,26.035292322241084
1087673,26.35728077077358
1087674,26.065204663570245
1087675,26.25913222246603
1087676,28.12421253083705
1087677,33.069077207510055
1087678,40.79947640921424
1087679,49.521420540096926
1087680,58.57818640981462
1087681,63.801631802390965
1087682,65.24638196362011
1087683,63.69795473120715
1087684,60.48216394913274
1087795,21.030417476903978
1087796,23.687609096152638
1087797,27.450453508899685
1087798,31.27991446055
1087799,35.34971393678461
1087800,39.6331896162065
1087801,41.82667301023436
1087802,42.11289971102116
1087803,43.274995724060375
1087804,46.30517072581029
1087805,51.83775903847096
1087806,58.578587006565485
1087807,63.57886164673555
1087808,67.7638725741702
1087809,70.2866850201135
1087810,71.49035749640036
1087811,71.23984892392684
1087812,69.87903221782109
1087813,67.27703072666584
1087814,63.05765650032337
1087815,58.308773174366635
1087816,52.48468916475693
1087922,27.834756425076854
1087923,32.97103388333598
1087924,36.48718249261536
1087925,38.862573309564254
1087926,40.340796411265494
1087927,43.586528750580584
1087928,48.586619894654966
1087929,51.11653321940144
1087930,52.02478901227791
1087931,53.26702926628218
1087932,56.672366363967754
1087933,62.106951238635624
1087934,67.89314958948998
1087935,70.31579309497842
1087936,71.70752821965375
1087937,72.26670381523208
1087938,73.22482441261073
1087939,73.48060002658003
1087940,73.32923481096792
1087941,72.53657367980257
1087942,71.881671881548
1087943,69.99710747790895
1087944,66.976847184209
1087945,61.80776807474942
1087946,54.67407729931491
1088049,30.386916912056364
1088050,38.58976784846226
1088051,44.4497518532664
1088052,48.01733025186932
1088053,48.64971172259451
1088054,48.045194176547746
1088055,48.81175869989301
1088056,52.51721911107942
1088057,55.36319767376757
1088058,56.351049340361826
1088059,57.158640970697725
1088060,60.119417783687666
1088061,65.18582550551031
1088062,70.3106929741624
1088063,72.07065742115633
1088064,72.13325436443483
1088065,72.50785194866802
1088066,73.3134309035242
1088067,73.60733316422998
1088068,73.84443020083175
1088069,73.59472294382526
1088070,74.12901398649312
1088071,73.77462444672308
1088072,73.19082305583856
1088073,71.92362456883988
1088074,69.04435578008012
1088075,63.85991544319362
1088076,59.07460272280805
1088077,57.54355202823488
1088078,58.66503579538334
1088079,58.41622982592808
1088176,28.987245422306515
1088177,39.26727577996665
1088178,45.97461335334821
1088179,50.76091897805738
1088180,53.851237404253965
1088181,54.05985809812638
1088182,52.51834198737676
1088183,52.84107450831922
1088184,55.891154248866336
1088185,58.74308755557102
1088186,60.08993211448807
1088187,60.34238981021041
1088188,61.95286625196061
1088189,66.20691232443072
1088190,71.33328599091509
1088191,73.00674949505216
1088192,72.4510103915556
1088193,72.37750939072411
1088194,72.85081118917013
1088195,72.98923054618994
1088196,72.5595827696459
1088197,72.99001909797923
1088198,73.3332575191216
1088199,73.18374339271469
1088200,73.80125986521946
1088201,74.04292468908643
1088202,73.42376957867114
1088203,72.03638428637552
1088204,70.40944886242762
1088205,70.94328273148376
1088206,72.30439509552795
1088207,69.51940460003662
1088208,56.38763882841716
1088304,32.547889665316774
1088305,43.5915129066875
1088306,50.026526101465464
1088307,54.25861315506105
1088308,56.334791116010614
1088309,56.593162847376064
1088310,55.437589564880376
1088311,55.90394580481829
1088312,58.29539852766587
1088313,60.05818254008908
1088314,61.093895599658815
1088315,61.105077140545156
1088316,62.439409283894946
1088317,66.40698820667626
1088318,71.34396274202703
1088319,72.55699062025889
1088320,72.29970381963504
1088321,71.96427651548234
1088322,72.65042807607296
1088323,72.29546106325147
1088324,71.9741048531275
1088325,71.58623095276234
1088326,71.98787629197702
1088327,71.86271589234374
1088328,72.21394563779704
1088329,72.98990673568446
1088330,73.28419589556252
1088331,73.33374652471868
1088332,72.80377338702768
1088333,73.97824883914076
1088334,75.66997886466444
1088335,72.08732545558446
1088336,58.18316230531472
1088432,35.31611089292986
1088433,45.302458765104966
1088434,51.482410239070816
1088435,55.06514140411759
1088436,57.063262029792924
1088437,57.99036624869005
1088438,57.683930938153054
1088439,58.172244770725065
1088440,59.19885858666599
1088441,60.75482963756471
1088442,61.606225890198075
1088443,61.72815150383246
1088444,62.776520028365944
1088445,66.14550758833212
1088446,70.38403866314975
1088447,72.02748098995427
1088448,72.08674473971865
1088449,71.74624348775166
1088450,72.29683997664125
1088451,71.85125688771659
1088452,71.00788513900984
1088453,71.12459364438817
1088454,70.68734202197173
1088455,70.78834820434045
1088456,71.02560890766718
1088457,72.2028204612325
1088458,72.86513039798919
1088459,72.61465951182818
1088460,72.41171754415149
1088461,74.09641720510251
1088462,75.88477319441436
1088463,71.83004316846836
1088464,58.148535181986865
1088560,37.07815894982303
1088561,46.509826132811106
1088562,51.499854941962454
1088563,54.594047460290305
1088564,56.99636642316603
1088565,58.7324566085906
1088566,59.73046160018346
1088567,60.68691635491856
1088568,61.508656261153234
1088569,62.561972974938335
1088570,63.2817909867355
1088571,62.12372454912922
1088572,62.01370037449599
1088573,65.15291337075124
1088574,69.45883883325348
1088575,70.741876923732
1088576,71.297072904499
1088577,70.99807141200063
1088578,70.69094091634835
1088579,70.32668798372482
1088580,70.0050801268589
1088581,69.99537012327478
1088582,70.355051615746
1088583,69.6000591680613
1088584,70.00154890060384
1088585,70.4637162058336
1088586,71.27261471231466
1088587,71.28025081317193
1088588,71.06021383463064
1088589,72.78666065455997
1088590,74.41074448034416
1088591,70.64929180188491
1088592,57.25681252750532
1088688,36.563074088527166
1088689,45.94427808101665
1088690,51.25560022214986
1088691,54.43339395120003
1088692,57.68035462782163
1088693,59.87150620555301
1088694,62.002703204673466
1088695,62.703668008198434
1088696,63.68101610091654
1088697,63.86742294490185
1088698,64.52129965547084
1088699,63.00626683158687
1088700,62.63866186897134
1088701,64.8030487616215
1088702,68.67995235360458
1088703,70.17566005222622
1088704,70.78821734805925
1088705,70.14430606911247
1088706,70.13736965227581
1088707,69.73023688216102
1088708,69.70692598945735
1088709,70.28982931608144
1088710,70.76899938357185
1088711,70.43252926695304
1088712,70.00244167132388
1088713,70.12645067486432
1088714,70.56887425473253
1088715,70.7474735712448
1088716,70.83750980228523
1088717,72.17349142147194
1088718,73.55050740231827
1088719,70.01327182617794
1088720,57.314605926925296
1088816,35.589383656944406
1088817,45.380950574936094
1088818,50.94352066667411
1088819,54.916792531305
1088820,59.208238259599334
1088821,61.749664478255255
1088822,62.567107856842036
1088823,62.82616978060553
1088824,63.42194962260295
1088825,64.26471599334786
1088826,64.92228280880259
1088827,63.68661001208016
1088828,64.08046552891003
1088829,65.63604473886869
1088830,68.48436526316749
1088831,69.99939220343876
1088832,70.21947008528666
1088833,70.35480249886135
1088834,70.23593117244592
1088835,70.15571013475153
1088836,71.06037421793184
1088837,71.49136776415092
1088838,71.89179030486693
1088839,71.26559977308038
1088840,70.70408152644914
1088841,70.45944225541925
1088842,71.32618882680667
1088843,71.0666958674385
1088844,71.2311862168105
1088845,72.69448679475187
1088846,74.00446036362607
1088847,70.004206534638
1088848,57.50223701233471
1088944,34.05848546307249
1088945,43.30886620267841
1088946,49.027006869712395
1088947,54.00107100575071
1088948,58.733351798084875
1088949,61.76477720177938
1088950,62.12289270297079
1088951,62.040947931141744
1088952,62.49992583730537
1088953,63.414659021990815
1088954,63.453756421003185
1088955,63.25561139601569
1088956,63.299106244526456
1088957,65.0625442130133
1088958,67.57518884479582
1088959,68.59019216732261
1088960,69.22244730137523
1088961,69.99308454178299
1088962,70.79109965761607
1088963,71.2662281888166
1088964,71.83621527340527
1088965,72.15773082742297
1088966,72.37666798301645
1088967,72.4058204912902
1088968,72.24314437393319
1088969,72.29209919721858
1088970,72.37267484253461
1088971,72.30825783957883
1088972,72.41895541444306
1088973,73.5004563176237
1088974,74.21408329153937
1088975,70.29576695714059
1088976,58.07139919693367
1089072,30.82663688624946
1089073,39.25654290828032
1089074,45.498894591431174
1089075,51.257742705149596
1089076,56.48559016279582
1089077,59.37488252428043
1089078,60.40634278563189
1089079,59.88419587021586
1089080,60.805558839313946
1089081,60.89053526755818
1089082,61.26439564853013
1089083,60.95031717985735
1089084,61.70873496092649
1089085,62.888542016625834
1089086,65.02049084427217
1089087,66.21248340862631
1089088,66.86069944683929
1089089,68.55247362517014
1089090,70.30849520245093
1089091,72.00695994067588
1089092,72.39021536809322
1089093,72.91793664683922
1089094,73.0915571287358
1089095,73.41402959860545
1089096,73.46785573988493
1089097,73.68305618669129
1089098,74.12563541483915
1089099,74.03889026994793
1089100,74.5719169013344
1089101,74.87091288775636
1089102,74.51901358303382
1089103,70.5775661851193
1089104,59.60637424217143
1089200,23.093860273182756
1089201,30.162229720893134
1089202,35.718841420737235
1089203,42.529976025958966
1089204,49.315938383719434
1089205,52.712708556053464
1089206,53.73137962969915
1089207,54.60363196514706
1089208,56.240775188296105
1089209,57.824215415675525
1089210,58.3333118118601
1089211,58.34412998350203
1089212,58.83247465195951
1089213,59.914335220193735
1089214,61.476732384186946
1089215,62.09172439876878
1089216,63.85883643431996
1089217,66.22327578009549
1089218,69.30132765814758
1089219,71.04430845350217
1089220,72.15876825017075
1089221,72.25400695728291
1089222,72.43414904923938
1089223,72.65256761465594
1089224,73.3531295052357
1089225,73.62464802598916
1089226,73.93519066344446
1089227,73.91529457085947
1089228,74.41014979405473
1089229,74.50668384694312
1089230,74.35126208598948
1089231,70.67206147740174
1089232,60.43517189125322
1089328,11.181620296167475
1089329,14.70561444644193
1089330,19.62954629764346
1089331,27.497013421680947
1089332,35.316716499675024
1089333,39.029217931589905
1089334,40.848779256023995
1089335,43.22205689931949
1089336,47.026931753077776
1089337,49.86592713856098
1089338,51.551375038695205
1089339,52.47040072250121
1089340,53.47716326298675
1089341,53.82592280227564
1089342,54.476395992913524
1089343,55.82832525346331
1089344,58.50634332744272
1089345,61.86990686981433
1089346,65.90120503858279
1089347,68.24556407916343
1089348,69.80388781728402
1089349,69.91226102608763
1089350,69.92466318287829
1089351,70.22014331568107
1089352,71.05598626061308
1089353,71.07660950516521
1089354,71.19196651238751
1089355,70.8486966031421
1089356,71.29243757180589
1089357,70.90205844063165
1089358,70.44612852493374
1089359,67.80295043530015
1089360,59.2303458192517
1089456,3.7854911798730435
1089457,5.8923454916228675
1089458,9.765695660092922
1089459,16.891367907416107
1089460,23.544680587554296
1089461,26.241824854941996
1089462,27.191373160554022
1089463,29.1399153917505
1089464,32.240445800033946
1089465,34.89276864325077
1089466,37.057204661990944
1089467,39.93304054123448
1089468,42.39893360491046
1089469,42.89893002651796
1089470,43.19226208701689
1089471,44.59364376115691
1089472,48.282039321248334
1089473,52.93548426314099
1089474,58.28620604666014
1089475,61.4585488722373
1089476,63.726480252714474
1089477,63.778372126579015
1089478,64.07544122963274
1089479,65.2625752810155
1089480,66.9695127143984
1089481,67.58230040716545
1089482,67.49931237586584
1089483,66.51525548413578
1089484,65.69359740078818
1089485,63.717852339453536
1089486,61.095070661081756
1089487,58.95481309013288
1089488,52.75547823389071
1089584,1.64739881754596
1089585,3.001245812906149
1089586,6.454914331648994
1089587,12.036875617228654
1089588,16.822378810043936
1089589,18.291871887680156
1089590,17.797020319262604
1089591,18.81659652574122
1089592,20.525736464112512
1089593,22.680744063108577
1089594,25.462259602943725
1089595,29.24319890001037
1089596,32.679722556790324
1089597,34.05974623227278
1089598,34.39035788918787
1089599,35.85362625395288
1089600,39.59897206579023
1089601,43.881689103710734
1089602,48.28506572360875
1089603,51.549885888499475
1089604,53.64004656309357
1089605,54.766660326315225
1089606,56.1692355872634
1089607,58.86703664602612
1089608,61.32516525711885
1089609,62.27182374093887
1089610,61.9693194368477
1089611,60.038291534218885
1089612,58.25077259952831
1089613,55.207702255640385
1089614,51.99638477827501
1089615,49.30774108087297
1089616,44.018919445577055
1089712,1.4324662237700148
1089713,2.6856496912600205
1089714,5.885883578051378
1089715,11.065149083521138
1089716,15.267478426930621
1089717,15.967668194358383
1089718,15.278240805697145
1089719,15.798844386166907
1089720,17.939472256778647
1089721,20.046610535416743
1089722,23.02813942081218
1089723,26.157415706371502
1089724,29.467433250785934
1089725,31.05866510778607
1089726,32.358165946126604
1089727,33.65996889924201
1089728,36.12165189043966
1089729,38.10267287482261
1089730,40.5838955923035
1089731,42.09816476039026
1089732,44.19310678742171
1089733,46.60747723330922
1089734,49.696712174228715
1089735,52.11828716401452
1089736,54.69785246284594
1089737,54.999136036222446
1089738,54.99235648388032
1089739,52.94670286070284
1089740,51.03206131291387
1089741,48.81009299419591
1089742,46.93034024217022
1089743,43.004146374899484
1089744,37.2685826356414
1089840,2.015829113185393
1089841,3.56788262994177
1089842,7.157910908177097
1089843,12.765540070165255
1089844,17.53237462847869
1089845,18.81949797410584
1089846,18.035989632467835
1089847,18.802209610952172
1089848,21.874265009597533
1089849,24.47861639523398
1089850,27.257668384667365
1089851,29.252735697458455
1089852,31.200438851607572
1089853,33.32757245221222
1089854,35.78351332852033
1089855,37.16385051712362
1089856,37.657759330265485
1089857,37.79379311854445
1089858,39.06918840990075
1089859,40.36644258951077
1089860,42.72926339652948
1089861,45.2174771867475
1089862,47.730938656218605
1089863,49.215091545111484
1089864,49.845824851632564
1089865,50.11456815110987
1089866,49.86651570738356
1089867,48.599119859834445
1089868,47.545052597995266
1089869,46.8762167898036
1089870,45.504475086317264
1089871,42.53861673957062
1089872,36.23872427584813
1089968,3.948345711147789
1089969,6.131676375529048
1089970,10.794746978980626
1089971,18.38684224206499
1089972,25.962848785919007
1089973,27.9857015276455
1089974,26.83491449639862
1089975,26.53094024249861
1089976,28.67591057974221
1089977,31.06376356491612
1089978,33.17795072186096
1089979,35.00009410016691
1089980,36.58019884360579
1089981,38.96938091756807
1089982,41.91371890164851
1089983,42.544255691212605
1089984,42.35619012371627
1089985,42.51942688487903
1089986,43.505417574290284
1089987,44.884097406249836
1089988,46.370105474327744
1089989,48.21389127114202
1089990,49.58733428513444
1089991,49.62214089050815
1089992,49.263724372665116
1089993,48.96111330412849
1089994,49.14418294796318
1089995,48.73293923919327
1089996,48.31308288147818
1089997,48.985051068213586
1089998,49.08426802138907
1089999,46.9409334428858
1090000,40.721943660066124
1090096,6.9147974179823715
1090097,11.330827924947622
1090098,18.178646759690633
1090099,27.257029913208292
1090100,36.28415880902704
1090101,39.16285622524841
1090102,37.7051099618605
1090103,36.452117631849745
1090104,37.459829410111304
1090105,38.329792059679
1090106,39.61232469354049
1090107,40.64258298285654
1090108,41.601683728482314
1090109,44.345276975781154
1090110,47.15728270868419
1090111,48.125185066074565
1090112,48.11146373654199
1090113,47.60200138446955
1090114,48.73045450215671
1090115,49.5959744868461
1090116,51.171495327800976
1090117,51.70864043288531
1090118,52.325416750727165
1090119,51.768485859083825
1090120,52.01662256117981
1090121,51.738529642514955
1090122,51.747827601517116
1090123,51.67843088027257
1090124,51.74675582882763
1090125,52.95312570558926
1090126,54.57097098259942
1090127,53.10454507833117
1090128,45.4823797145175
1090224,10.398383677327589
1090225,17.235443586098913
1090226,26.539900955689475
1090227,36.6054804414892
1090228,44.58987476222761
1090229,47.39166435147317
1090230,46.27505925063222
1090231,45.72887560232426
1090232,46.21838815541235
1090233,45.99807877308537
1090234,45.59657109771487
1090235,45.72036942125616
1090236,46.29856212438356
1090237,48.217629751174165
1090238,51.446288319911105
1090239,52.3257271863765
1090240,52.39482311535109
1090241,51.58889605231253
1090242,51.86783940573648
1090243,52.54167162239129
1090244,53.45859972894314
1090245,54.107256368483505
1090246,54.621070834742014
1090247,55.21724173511236
1090248,55.91601529843326
1090249,56.01515229933938
1090250,55.99440598944563
1090251,56.09612895322669
1090252,55.99942858646645
1090253,56.80110737400735
1090254,57.935166536657356
1090255,56.00184316008754
1090256,47.287153794189216
1090352,13.207766884124972
1090353,21.34239835678335
1090354,31.47485377964335
1090355,41.768661315981966
1090356,48.66016752666505
1090357,51.07284219296895
1090358,51.18510528779017
1090359,50.421904594354665
1090360,51.417719953785564
1090361,50.75538430364302
1090362,50.31110745272756
1090363,49.4052055080433
1090364,49.6768512751437
1090365,51.37933291513342
1090366,54.48632390479122
1090367,55.231369547303075
1090368,54.710730301950825
1090369,53.95636656615068
1090370,53.96900525399349
1090371,54.258027616121616
1090372,55.02874285783579
1090373,55.01175436626883
1090374,55.96239339721061
1090375,56.70888286277563
1090376,57.73279850085181
1090377,58.275135107183864
1090378,58.259797288756424
1090379,58.11938234655134
1090380,58.184673870985954
1090381,58.5420932669734
1090382,58.84775067167219
1090383,56.52399308028811
1090384,46.61604595822822
1090480,13.535196077032555
1090481,22.90077033489691
1090482,34.02428036102228
1090483,43.1878806767406
1090484,49.36137838020582
1090485,52.125624000444574
1090486,52.31816884638192
1090487,53.28171691194612
1090488,53.70143266091965
1090489,53.509585746565335
1090490,52.4000278767346
1090491,51.66649343000029
1090492,51.807577367514064
1090493,53.62500598732689
1090494,56.7401643342035
1090495,57.403187045836944
1090496,56.770803235465884
1090497,55.98933283703573
1090498,56.196699710066326
1090499,55.783323454668356
1090500,55.889110375644805
1090501,55.96677104495407
1090502,56.21823906014198
1090503,57.19034866973607
1090504,58.590510720083
1090505,59.397119787808776
1090506,59.24642972783871
1090507,59.41728903927852
1090508,59.066140462075005
1090509,58.70003394902827
1090510,59.16635456823578
1090511,56.20775484786226
1090512,45.69067751045981
1090608,12.857786986028406
1090609,22.74833218112762
1090610,34.058339279236066
1090611,43.11475770268287
1090612,48.64808422571081
1090613,51.07959351262842
1090614,52.939614937485054
1090615,54.16452703713045
1090616,55.297519113249294
1090617,54.60708449953438
1090618,53.766372879056384
1090619,53.78897023956551
1090620,54.618590571988555
1090621,56.18342546655079
1090622,58.8983488146807
1090623,59.185742040515336
1090624,58.2049945014866
1090625,57.449196573403974
1090626,57.598181756874055
1090627,57.0153268607203
1090628,56.560129379966675
1090629,56.125941838075356
1090630,56.34784961543829
1090631,57.65788360642733
1090632,58.671871550711415
1090633,58.80932974409445
1090634,59.08744106296778
1090635,58.87606044479396
1090636,58.4051563159838
1090637,58.3198333834999
1090638,58.88296674237074
1090639,56.044983808243835
1090640,45.20173832838761
1090736,11.199310210083807
1090737,21.371428379383488
1090738,32.76790858066799
1090739,42.133953288836054
1090740,47.27929813840147
1090741,50.33493887530062
1090742,52.19176630171358
1090743,54.3211818153942
1090744,55.55300052710433
1090745,55.02766993263593
1090746,54.3159817825948
1090747,54.29076466633227
1090748,55.763124820574326
1090749,57.40478763990887
1090750,59.87322319836128
1090751,60.02240921138777
1090752,59.27401388812828
1090753,58.16131256930916
1090754,58.09502629499839
1090755,57.253290488522524
1090756,56.7226212699084
1090757,55.987937607422744
1090758,56.465528295600954
1090759,57.46274648830437
1090760,58.58186680330581
1090761,58.734683950057324
1090762,58.52596208070206
1090763,58.443896357485805
1090764,57.950284433674526
1090765,57.81441977095871
1090766,58.854943689043715
1090767,56.289980974760624
1090768,45.10774326698804
1090864,9.623541275882365
1090865,18.949733364618538
1090866,30.741976243550567
1090867,40.16647607729937
1090868,44.75644533675453
1090869,46.659792079429096
1090870,48.35195166180807
1090871,49.76219113845137
1090872,50.46050065876947
1090873,50.337883566192176
1090874,49.437844750007066
1090875,49.331775098602876
1090876,50.836426046930775
1090877,54.41049691535318
1090878,58.37262945803989
1090879,59.695187889085446
1090880,59.169345414841665
1090881,58.25079748243056
1090882,57.937918637346016
1090883,57.064932250401796
1090884,56.59160985369205
1090885,56.14086593236007
1090886,56.42505346142171
1090887,57.012883104964246
1090888,57.47260053822978
1090889,57.646460237416626
1090890,58.168443957790714
1090891,57.722070214153305
1090892,57.34551068464945
1090893,57.95323329633898
1090894,59.08177180726124
1090895,56.43470518203521
1090896,45.38194049494897
1090992,7.792784070413932
1090993,16.065753296533114
1090994,27.28258791486995
1090995,35.54879206643452
1090996,37.18594641274928
1090997,36.7414961461346
1090998,36.46053366123162
1090999,37.16177910808908
1091000,37.59934290423239
1091001,37.50303888427766
1091002,37.09772988756391
1091003,37.69955717239847
1091004,40.53067491549607
1091005,47.12558285721365
1091006,55.3642802510756
1091007,59.425464361537664
1091008,59.61051250857871
1091009,57.94757922775443
1091010,56.89505856273393
1091011,55.988869661127744
1091012,56.66407407662108
1091013,56.56957483154515
1091014,57.040842545859746
1091015,57.545278191110434
1091016,57.75540716878681
1091017,58.505590010399175
1091018,58.61108361951968
1091019,58.293461214187204
1091020,58.16120735855209
1091021,58.43407126400103
1091022,59.416933871314505
1091023,56.92019958839911
1091024,45.54793892002298
1091120,6.144892546251834
1091121,12.148944521211051
1091122,21.07579242652174
1091123,27.885469031337603
1091124,28.92164263376289
1091125,27.60759143140695
1091126,26.19626908628587
1091127,26.102624752819917
1091128,26.47225085656268
1091129,27.034668907458503
1091130,27.266185632307618
1091131,28.736952646476787
1091132,32.921600862685025
1091133,42.26359712062955
1091134,53.610986096123696
1091135,59.93434311332149
1091136,60.02678130826659
1091137,58.36560826258609
1091138,56.31275896514588
1091139,56.34783300608661
1091140,57.19183038932846
1091141,57.6462295276803
1091142,58.320006902592986
1091143,58.42048764954349
1091144,58.66068176253824
1091145,59.1913622974477
1091146,59.26152566484118
1091147,59.03619787962856
1091148,58.13677072075512
1091149,58.173911763578914
1091150,58.89849682043573
1091151,56.63339193453044
1091152,45.60159394190321
1091248,4.914197844945191
1091249,8.753958734885533
1091250,14.66987889354636
1091251,20.82948114111365
1091252,23.046332447351617
1091253,22.348993496029472
1091254,20.882163268831345
1091255,20.068275539916627
1091256,21.097427333368287
1091257,22.312811194304615
1091258,23.300840947960072
1091259,25.02150035740252
1091260,29.730837241204046
1091261,39.3744370695842
1091262,52.189430873977265
1091263,59.31738958609707
1091264,60.7803077550034
1091265,58.78120291616465
1091266,57.1372173172277
1091267,56.77963865185724
1091268,58.11762526618508
1091269,58.407394085586446
1091270,58.636687594656074
1091271,58.10379787784812
1091272,58.007775850799476
1091273,57.759491839876866
1091274,57.65352359240103
1091275,56.80450778193756
1091276,55.72600113339467
1091277,55.048771191437616
1091278,55.61877934490831
1091279,53.27159309533448
1091280,42.958229487138
1091377,7.359477716598915
1091378,12.426783616197588
1091379,17.852532198093602
1091380,20.32194997815812
1091381,20.007882935512626
1091382,18.167824057124747
1091383,17.274840092704476
1091384,18.232924274634534
1091385,20.233400737061928
1091386,21.20478701799502
1091387,22.008126064013023
1091388,25.319116482940863
1091389,33.815575406659654
1091390,46.21092205339799
1091391,54.85593504714018
1091392,58.478807865896165
1091393,57.91203647190727
1091394,56.37132544274862
1091395,56.04721803681305
1091396,56.76600006031508
1091397,56.85489481763231
1091398,55.991284890903465
1091399,54.453639914800206
1091400,52.09407147638783
1091401,50.28412681361374
1091402,48.64583389319531
1091403,47.388113100553085
1091404,46.018690144000665
1091504,4.382063441511732
1091505,6.716115164201253
1091506,11.07692082437681
1091507,16.217706391160817
1091508,18.90316502590177
1091509,18.63490830983701
1091510,16.55248066439844
1091511,15.435394902535633
1091512,16.93552466579643
1091513,18.660450234349614
1091514,19.209829203312722
1091515,18.500601153807608
1091516,18.95715594997834
1091517,23.689662923980368
1091518,33.20376458749483
1091519,42.9735530163793
1091520,49.717483938614265
1091521,51.29582752454696
1091522,50.240697318310914
1091523,50.03433793796249
1091524,50.59161094801984
1091525,50.04316601987119
1091526,48.15608868880441
1091634,9.637013918223555
1091635,14.334438285503133
1091636,16.643164978424853
1091637,16.625797774588367
1091638,14.907666429500809
1091639,13.882032238453471
1091640,15.217485276919337
1091641,16.91919881863731
1091642,16.91652549103684
1091643,14.778507276987272
1091644,12.967392162144913
1091645,14.889051783342824
1091646,21.38568114336535
1091647,28.997817351059496
1091763,10.986156522229502
1091764,13.120592615352052
1091765,13.41999434576809
1091766,12.276292783567014
1091767,11.58073891760907
1091768,12.644910751422207
1091769,13.92996081202961
1091770,13.176767153421947
1091771,11.005836130103019
1091772,8.930560217794389
1091892,9.119988225119993
1091893,9.510806940173017
1091894,8.885393377913381
1091895,8.46941517217635
1091896,9.187644217044774
1092020,6.16634099017595
1092021,6.489502358225314
1103664,7.304634460031008
1103670,17.781513052177502
1103671,17.685385415530064
1103672,16.87049592114902
1103673,15.576375699445425
1103792,9.480894888006985
1103793,12.38755825929863
1103798,18.872573651106322
1103799,18.65199270136242
1103800,18.026789612894333
1103801,16.910704817254885
1103802,15.326486632272811
1103803,14.675379587180494
1103804,15.362867438965596
1103805,18.340724704930302
1103925,19.253348687779834
1103926,20.511069108436995
1103927,20.917696754638275
1103928,20.876564363236994
1103929,20.23913995609536
1103930,19.961982631066775
1103931,19.91792655504335
1103932,21.551876667285605
1103933,25.185712834865328
1103934,31.11266796700367
1103935,38.28933144966693
1103936,46.81313488644838
1103937,52.29794219480037
1104051,18.308816047273897
1104052,20.220623459223464
1104053,22.8669908056409
1104054,25.389532899223315
1104055,27.972988495082145
1104056,30.473408296602823
1104057,32.308839380126194
1104058,32.74972805080374
1104059,33.40396237287204
1104060,35.84620838014279
1104061,40.455733120202154
1104062,47.0917194578796
1104063,53.74520749896383
1104064,60.0811565959557
1104065,63.99515151813597
1104066,65.37191234814631
1104067,64.37840012967588
1104068,61.85879638721863
1104069,57.87214919032297
1104176,12.805918972122997
1104178,21.612277394179614
1104179,25.066568949604275
1104180,28.107607277969706
1104181,30.92048355756433
1104182,34.476779995130165
1104183,39.15282008791214
1104184,44.557874618265835
1104185,48.50748084532019
1104186,49.71619996077416
1104187,51.08619634449753
1104188,53.88358341805927
1104189,59.23866651157049
1104190,64.61368649911276
1104191,67.85747329173529
1104192,69.22267072310143
1104193,69.99856061976168
1104194,70.39067004337407
1104195,70.25773040698245
1104196,69.55321574024714
1104197,66.9418294632606
1104198,63.41927840683748
1104199,59.012989142773044
1104304,16.290096528780364
1104305,23.501181810106363
1104306,31.555105293423562
1104307,37.88912299218577
1104308,41.76174774966931
1104309,43.149918813709604
1104310,43.38615140618965
1104311,46.43078813592479
1104312,51.322331133304345
1104313,55.1202427652358
1104314,56.56223370712707
1104315,57.6650249236909
1104316,60.9891533039715
1104317,66.11149703828566
1104318,71.11317642667166
1104319,72.82876243170658
1104320,72.53772204913864
1104321,72.36460160638484
1104322,72.70750417657226
1104323,72.85672749583556
1104324,72.90791548717394
1104325,72.01984399482201
1104326,71.28625021733895
1104327,70.00222169757514
1104328,67.69764557392496
1104329,63.513575470526966
1104330,57.29174782253655
1104432,23.44721425310427
1104433,32.75622095211279
1104434,40.71347182720803
1104435,46.909159122014735
1104436,50.20302213140344
1104437,50.38679582073653
1104438,48.761547841520716
1104439,49.649855032608606
1104440,53.63540515398651
1104441,57.01966024135074
1104442,58.728164924679916
1104443,59.51828625015751
1104444,62.32863209234317
1104445,67.17706839334397
1104446,71.92299469374368
1104447,73.15131423667842
1104448,72.86181021450234
1104449,72.48041898966174
1104450,73.06138236630514
1104451,73.13604179269568
1104452,73.41068887891223
1104453,73.5856521339848
1104454,73.86697941093101
1104455,73.41624610864021
1104456,73.54241424604356
1104457,72.41480625272641
1104458,70.43467013538148
1104459,65.89275200083786
1104460,62.285532788667005
1104461,61.22218499337186
1104462,63.102215218077625
1104463,62.167726214119924
1104464,51.58131209964661
1104560,28.37916219319794
1104561,38.901641794833324
1104562,45.94830269951576
1104563,51.059220273550636
1104564,53.994505420245645
1104565,54.26461121755091
1104566,52.411874304456745
1104567,53.03905821483599
1104568,55.6177279242321
1104569,58.541879031892286
1104570,60.078539947991985
1104571,60.68354765716451
1104572,62.94007404228923
1104573,67.06219975611012
1104574,71.89366650215128
1104575,73.19227386663957
1104576,72.61776742787006
1104577,72.1739991123154
1104578,72.60206998028518
1104579,72.44013461446735
1104580,72.85459725354242
1104581,72.9084950880021
1104582,73.43470295249762
1104583,73.40818540408621
1104584,73.54473586367071
1104585,73.88269319059621
1104586,73.67197207003261
1104587,72.30382924774364
1104588,70.93278805146258
1104589,71.42369994637927
1104590,73.25565434703087
1104591,70.00399458927083
1104592,57.0102673253655
1104688,30.43695104542613
1104689,41.13098000508633
1104690,47.76314607494789
1104691,52.60544135503255
1104692,55.44817908740824
1104693,55.75829661606064
1104694,54.7649308600242
1104695,54.925887235544636
1104696,57.011827858268006
1104697,59.060462024022385
1104698,60.6746988715069
1104699,61.09078413465228
1104700,62.55339608977194
1104701,66.72637926134703
1104702,71.35709087687886
1104703,72.82087941221546
1104704,73.06676476006982
1104705,72.70475443294761
1104706,72.90064692873884
1104707,72.70975484503828
1104708,71.85231106544515
1104709,72.01411776791781
1104710,72.31559865437221
1104711,72.20525270799321
1104712,72.48360810128379
1104713,73.17281159212911
1104714,73.70833184326801
1104715,73.01025282058299
1104716,72.39059934216606
1104717,73.57416472648752
1104718,75.11152820965161
1104719,71.67758603271255
1104720,57.91376266881063
1104816,32.50696676427701
1104817,42.16172223568708
1104818,48.33408490597772
1104819,52.24342286867329
1104820,54.90603265863249
1104821,55.94009703857729
1104822,55.93802729674698
1104823,56.05878068609849
1104824,56.572905701182414
1104825,58.48478631132255
1104826,60.10709775969646
1104827,60.69059632261574
1104828,62.03170839406304
1104829,65.99866560105089
1104830,70.72877616219773
1104831,72.66991348097112
1104832,72.90196600691522
1104833,72.90492290376561
1104834,72.79679754130832
1104835,71.91154630408256
1104836,71.40886591899384
1104837,70.92096733089959
1104838,71.18450021950844
1104839,70.91013974676065
1104840,71.28269604393536
1104841,71.94374697615012
1104842,72.93494512800659
1104843,72.36915897960803
1104844,71.73983013798916
1104845,73.15349528517498
1104846,74.64989253554097
1104847,70.97298791398815
1104848,57.318472966130805
1104944,34.47373131160682
1104945,43.18565634218247
1104946,48.39552216986711
1104947,51.561716697427926
1104948,54.24041484167258
1104949,56.13635211507183
1104950,56.968550545187256
1104951,56.86965242389065
1104952,57.10924498941211
1104953,58.833780960197586
1104954,59.71718250781863
1104955,60.15221259882281
1104956,61.531279639134354
1104957,64.85719141892389
1104958,69.7451675753358
1104959,71.51808439584306
1104960,72.30766787390213
1104961,72.32752288747514
1104962,72.30371130285768
1104963,71.1033147735805
1104964,70.65140444966568
1104965,70.23594073360053
1104966,71.13291078637415
1104967,70.49495237354768
1104968,70.78249011136921
1104969,71.3946396666873
1104970,72.1834726551137
1104971,71.27925434162778
1104972,70.92738541743341
1104973,72.13313559076555
1104974,73.72585598810201
1104975,70.18707071811696
1104976,57.32698491092446
1105072,34.37682152361278
1105073,42.904421434340755
1105074,47.321647190228155
1105075,50.688458827632786
1105076,54.19229628311233
1105077,56.5368603535473
1105078,58.19358807074793
1105079,58.645670007560746
1105080,59.41789804542145
1105081,60.4903036557705
1105082,61.12504770066699
1105083,60.58412554243671
1105084,60.986746389685045
1105085,64.02134350905783
1105086,68.80794741068524
1105087,71.32186182806637
1105088,72.17823537223292
1105089,71.68637233228696
1105090,71.43779344655528
1105091,70.33232921481861
1105092,70.73730134669293
1105093,70.76696102266123
1105094,71.27622914486435
1105095,71.04798218819971
1105096,70.58943429759314
1105097,70.87176018186487
1105098,71.37118424509192
1105099,71.0157707488129
1105100,70.13526617030753
1105101,71.48590660144416
1105102,73.38728394479453
1105103,69.92772133754262
1105104,57.42901774330018
1105200,32.95122767805677
1105201,42.18983795338833
1105202,46.80498179065514
1105203,50.34820893719954
1105204,54.318469608144376
1105205,57.25039494379703
1105206,59.33691995824311
1105207,59.58039196778695
1105208,60.68103965542342
1105209,61.28130255337122
1105210,62.171849066308226
1105211,61.13184237745313
1105212,61.70871686325398
1105213,64.43880655371035
1105214,68.23473170361174
1105215,70.28026929548622
1105216,71.29121740623206
1105217,70.96721952645316
1105218,70.73317038789783
1105219,70.5228166031208
1105220,71.19424516653183
1105221,71.89456725347559
1105222,72.43032441088857
1105223,71.73616716807297
1105224,71.05575770191959
1105225,70.91821826412448
1105226,70.96424153218369
1105227,70.93368636421322
1105228,71.0859701257438
1105229,72.41835266060299
1105230,73.77727372747552
1105231,70.03799410210202
1105232,57.686881801436165
1105328,31.217925271597387
1105329,39.46519444427097
1105330,44.75084811301516
1105331,49.53728127896021
1105332,54.89996119793216
1105333,57.72861958177444
1105334,58.875005176283004
1105335,58.82929376345984
1105336,59.65018288791982
1105337,60.44226560922375
1105338,60.98671289283005
1105339,60.70945037829913
1105340,61.28324966869001
1105341,63.29810487991825
1105342,66.4010054897606
1105343,67.84776664632388
1105344,68.5911620099139
1105345,69.32191217812147
1105346,69.99849063411723
1105347,70.51352317516958
1105348,71.59424981008785
1105349,71.81261543323778
1105350,72.45467210340652
1105351,72.11378962305251
1105352,71.85597318263632
1105353,71.72023299955838
1105354,72.15340518033457
1105355,72.33807943632652
1105356,72.81741585063773
1105357,74.07326748070768
1105358,74.43813872776626
1105359,70.34338117568484
1105360,58.01581675917383
1105456,27.17699709728111
1105457,35.173173978469116
1105458,40.83896606818577
1105459,46.57940466995008
1105460,52.32005300130095
1105461,54.74733397435832
1105462,55.08187100661767
1105463,55.79798159691154
1105464,56.62542769173175
1105465,57.71290056657877
1105466,58.25954087925044
1105467,58.40317364514471
1105468,59.31633163346325
1105469,60.61054900676985
1105470,62.82290920930144
1105471,63.63448767754584
1105472,64.46629826016647
1105473,66.19528787042653
1105474,68.29575425391374
1105475,69.85772101483437
1105476,70.73437431053718
1105477,70.60974529994824
1105478,70.91758346553921
1105479,71.15499277671569
1105480,71.555893594614
1105481,71.7429176031821
1105482,72.40721631859654
1105483,72.84968562442836
1105484,74.23510249577681
1105485,75.03383801898337
1105486,74.73462396228896
1105487,70.59069268499998
1105488,58.965280149726425
1105584,18.458398344224335
1105585,24.37443498830066
1105586,29.61970546136995
1105587,35.710638428577994
1105588,41.58746894220057
1105589,44.54904920435806
1105590,45.90321470845249
1105591,47.234346419312956
1105592,49.81064031041317
1105593,51.94975335129484
1105594,53.42050072816854
1105595,53.66236659227835
1105596,54.78346246100966
1105597,55.82774153143851
1105598,57.39776331580835
1105599,57.957835215034144
1105600,59.33954628166364
1105601,61.917759500730526
1105602,65.57784281191698
1105603,68.11547476431343
1105604,69.36486195369133
1105605,68.97461120522907
1105606,68.6419882810496
1105607,68.91537628095385
1105608,70.00165152105659
1105609,70.70541365228216
1105610,71.62245118604645
1105611,72.61126630176653
1105612,73.6755331868799
1105613,73.86466580021055
1105614,73.46579237563392
1105615,69.37073447237223
1105616,58.988196898771086
1105712,8.224764386462335
1105713,11.191431553544486
1105714,15.44534415545763
1105715,21.964554224073762
1105716,27.80102084878408
1105717,30.402366649733857
1105718,31.359401093002724
1105719,33.818101658272326
1105720,37.4986452438524
1105721,40.89027973407548
1105722,42.73045631223278
1105723,43.98125612816976
1105724,45.73957018715552
1105725,45.78029362812598
1105726,46.61770133896656
1105727,47.675261583534585
1105728,50.09241837516326
1105729,54.52687982052388
1105730,60.0577585338285
1105731,63.686650078402515
1105732,65.51171875951671
1105733,65.25363013279903
1105734,64.92816783287245
1105735,65.08990155270475
1105736,66.434667636033
1105737,67.6133633461061
1105738,68.42226743335002
1105739,68.50745138448035
1105740,68.42680354492327
1105741,67.54192834965353
1105742,66.5484136539985
1105743,63.73674800666856
1105744,55.37728781598712
1105840,3.182272411359519
1105841,4.679006319945474
1105842,8.085948733403594
1105843,13.31201716828467
1105844,17.66887873278114
1105845,19.130716687256935
1105846,19.169278398229217
1105847,20.395419998160165
1105848,22.81008018858279
1105849,24.655988342815686
1105850,26.825954248163743
1105851,29.17033647402259
1105852,31.61976323689495
1105853,32.388558566174815
1105854,32.43564333142465
1105855,33.875887452535395
1105856,37.56827761376171
1105857,43.539654742827146
1105858,50.18843096002136
1105859,54.36444110414737
1105860,57.08266847282087
1105861,57.07135668431109
1105862,57.22547078050429
1105863,58.77721856653954
1105864,61.63815486883689
1105865,62.96168428952285
1105866,63.71443619767813
1105867,62.36291237407821
1105868,60.79823031344918
1105869,58.13708272701216
1105870,55.519692230791534
1105871,52.90073583742097
1105872,47.2418606092691
1105968,1.2698395117282464
1105969,2.450912779124976
1105970,5.144050715003902
1105971,9.217816442946225
1105972,12.526571581038578
1105973,13.105375104595483
1105974,12.718701802718103
1105975,13.283070706981798
1105976,14.325429619605933
1105977,16.030749710574202
1105978,17.799563061793776
1105979,20.16906188250083
1105980,22.587621708246186
1105981,23.38605833437435
1105982,23.697151624628287
1105983,25.429100960185703
1105984,28.968923525179996
1105985,33.420958015609855
1105986,37.95608513499628
1105987,41.13937003680308
1105988,43.19315711043982
1105989,44.45594614337181
1105990,46.63808485367811
1105991,49.82096235364806
1105992,53.91847042146608
1105993,55.84126666215062
1105994,55.649088812133364
1105995,53.65981530864267
1105996,51.41793892291858
1105997,48.88053627679113
1105998,46.44829671280102
1105999,43.63464394983526
1106000,38.55456378624994
1106096,0.743746710669007
1106097,1.8969101081441568
1106098,4.242878681671572
1106099,8.23628740128628
1106100,11.242386659854306
1106101,11.597247157971136
1106102,10.996744798208823
1106103,11.300397811135783
1106104,12.886252080789435
1106105,14.13643923644044
1106106,15.898076807848046
1106107,17.649977580633053
1106108,19.865485413926248
1106109,20.761795538840456
1106110,21.924095075279784
1106111,23.81263412388216
1106112,26.334039347679965
1106113,28.87551455818736
1106114,30.85503171014364
1106115,32.44998621690263
1106116,34.35172362442002
1106117,36.53576513989755
1106118,39.16443188703486
1106119,43.076150021038565
1106120,46.21579217713282
1106121,47.967760276874785
1106122,48.36095304894223
1106123,47.261428630552096
1106124,45.320651637315
1106125,43.48555700733449
1106126,41.661321706374736
1106127,38.336291725736
1106128,33.400064330049254
1106224,1.0322451208206977
1106225,2.0599773436855453
1106226,4.634467334045929
1106227,9.107979444972697
1106228,12.443577161501944
1106229,13.292223456339466
1106230,12.592436231695034
1106231,13.147920559898735
1106232,15.516232391685266
1106233,17.684690335112553
1106234,19.740834724145707
1106235,21.155157238324602
1106236,22.70444508451442
1106237,24.50412154036401
1106238,26.89599190775625
1106239,28.584816014028966
1106240,29.66875700760176
1106241,30.102187087429897
1106242,30.224092704044242
1106243,30.946589763622185
1106244,33.11846668681682
1106245,35.824194230275324
1106246,39.34881577312563
1106247,41.49566962033439
1106248,43.33447328432675
1106249,44.50808546095701
1106250,45.292060523379334
1106251,44.88127449449245
1106252,44.530574771367654
1106253,43.08679674024022
1106254,41.18591144626913
1106255,38.134287352709286
1106256,32.86028978598466
1106352,1.620656420024483
1106353,3.104455167629672
1106354,6.7284540967614195
1106355,12.817380182641104
1106356,18.525001984070943
1106357,20.03587685874725
1106358,18.903496283739248
1106359,19.136929392450313
1106360,20.971212031450687
1106361,23.47540591930264
1106362,25.607351121957166
1106363,27.579758860836076
1106364,29.43976446422554
1106365,31.948715777333042
1106366,35.10306378688569
1106367,36.682437152853765
1106368,36.36855972959102
1106369,35.92578176651058
1106370,35.8110820964755
1106371,36.433961271228846
1106372,38.416874334468076
1106373,40.827345776716655
1106374,43.366722892884006
1106375,44.63627380374475
1106376,45.150511782690856
1106377,45.89003001041986
1106378,46.29990351383976
1106379,46.22106581408807
1106380,46.184934636657744
1106381,46.174444152943444
1106382,45.70941803505406
1106383,42.99579008857379
1106384,37.283322849462
1106480,3.6728582656026947
1106481,5.977738575442776
1106482,11.630473078169297
1106483,20.28177134730726
1106484,28.91506665745338
1106485,31.354169456889263
1106486,29.435572603928712
1106487,28.29055562204208
1106488,28.925206449791155
1106489,30.13714654699618
1106490,31.943302941257453
1106491,33.655430109591315
1106492,36.0246533596697
1106493,39.028637445933164
1106494,42.66461064629932
1106495,44.23802792244554
1106496,44.311990111246736
1106497,43.87624539056488
1106498,44.13962109956784
1106499,44.75541396845919
1106500,46.20185872274426
1106501,47.57034836818798
1106502,48.872249299383
1106503,48.74063987500036
1106504,48.911630997338584
1106505,48.8056095090841
1106506,49.04406453131113
1106507,49.048990342697955
1106508,49.83622124327169
1106509,51.30178433891764
1106510,52.19016473097611
1106511,50.20131366076177
1106512,43.20222009071529
1106608,6.2922322935334565
1106609,11.004473857401363
1106610,18.723281511756515
1106611,28.95499096179579
1106612,37.16264948259491
1106613,39.87427090337348
1106614,38.873633956501784
1106615,38.22509138101048
1106616,38.54327776446988
1106617,38.67685237149955
1106618,38.72920257707279
1106619,39.55982771441155
1106620,41.839275207230834
1106621,44.91912049996773
1106622,48.42954192218061
1106623,50.22566441142754
1106624,49.965029320563026
1106625,49.45325864227816
1106626,49.3787167696717
1106627,49.79801764321702
1106628,50.952637549177155
1106629,51.389294539253974
1106630,52.334852965177014
1106631,52.99763084119093
1106632,53.18685955912147
1106633,53.50145937431183
1106634,53.29723524525301
1106635,53.79777955708593
1106636,54.62649465711151
1106637,55.71385600049396
1106638,56.56231535793957
1106639,54.60941474468918
1106640,46.57588500054715
1106736,8.698912817319783
1106737,14.718022516143753
1106738,23.774090684581452
1106739,33.192453641638416
1106740,40.85090364083524
1106741,43.96135379609926
1106742,44.11570667926813
1106743,44.43497297331942
1106744,45.31934459678494
1106745,44.880252261105866
1106746,43.992240792548486
1106747,44.33235073227881
1106748,46.00985813328027
1106749,48.77437758166571
1106750,52.54934778643576
1106751,53.8336850153012
1106752,53.444668301648065
1106753,52.20380150125956
1106754,52.187895716036536
1106755,52.099496106460954
1106756,52.84988049602506
1106757,53.22873825536839
1106758,53.91859453465795
1106759,54.99310291492164
1106760,55.94855573450665
1106761,55.82578495241429
1106762,55.998579642724444
1106763,56.50914175198848
1106764,56.83968493269091
1106765,57.49349765570303
1106766,58.34202185781618
1106767,56.1212506674244
1106768,46.84032719659897
1106864,10.14124478789595
1106865,17.535243431100007
1106866,26.84510169235383
1106867,35.51915004394667
1106868,41.7307120393242
1106869,45.13201530151228
1106870,46.41533748749209
1106871,47.6538811218611
1106872,48.88200215971597
1106873,48.55608105686462
1106874,47.35912997256766
1106875,47.180754313780824
1106876,48.6146392838456
1106877,51.6677252856345
1106878,55.211882154007554
1106879,56.26901492156205
1106880,55.61376432636675
1106881,54.72602877165581
1106882,54.272948984978974
1106883,54.154538077226846
1106884,53.87035522231331
1106885,54.01648321530371
1106886,54.462944505956706
1106887,55.66383333238029
1106888,56.78055187585112
1106889,56.874393269062864
1106890,56.918813448516175
1106891,57.21183562687067
1106892,57.43391775542659
1106893,57.99292013818143
1106894,58.77198729566361
1106895,56.011130585379945
1106896,46.02846256435621
1106992,10.984506513474065
1106993,19.393980693714525
1106994,29.367328155779045
1106995,37.87559064645013
1106996,43.07945542350633
1106997,46.44649448518943
1106998,48.6789310031461
1106999,50.29137162956697
1107000,51.48659632640894
1107001,51.03053470353296
1107002,50.108628369271145
1107003,50.31517834592201
1107004,51.859221764100255
1107005,54.5832686536392
1107006,57.834684053613906
1107007,58.62293337636508
1107008,57.36056692060954
1107009,56.327401585156444
1107010,56.252429688046625
1107011,55.526718437679776
1107012,54.832209936848
1107013,54.37619957189709
1107014,55.14645241295571
1107015,56.27807135527437
1107016,57.15793664137402
1107017,57.596913419681904
1107018,57.76459520113719
1107019,57.72344002158825
1107020,57.77016221102799
1107021,57.887357120471584
1107022,58.53272990266942
1107023,56.00308448120614
1107024,45.6738153701692
1107120,10.740662758470117
1107121,20.282782065286835
1107122,31.361887638397985
1107123,39.7102726949127
1107124,44.90250791644425
1107125,47.70757343907366
1107126,50.01736259323646
1107127,51.881873377140245
1107128,52.93190757779527
1107129,52.47667292845969
1107130,52.50566768357209
1107131,53.00751186609648
1107132,54.71634210094213
1107133,56.800761613101734
1107134,59.61817075672121
1107135,60.04187457897829
1107136,58.92165163084744
1107137,57.69724126597975
1107138,57.347874248047006
1107139,56.78082229751707
1107140,55.94064896291244
1107141,55.52206798141213
1107142,55.806126982057286
1107143,56.70990331869196
1107144,57.96107059147901
1107145,58.3302145866723
1107146,58.35528084171674
1107147,58.49570259870789
1107148,58.23679753537905
1107149,58.31291976486961
1107150,58.60140580572642
1107151,56.200656370914295
1107152,45.43837887820849
1107248,10.111070601992378
1107249,19.814497780899625
1107250,31.04155076261464
1107251,40.15136276678995
1107252,44.62842559739385
1107253,46.797663963237895
1107254,48.40189792368779
1107255,50.03219362941197
1107256,51.0183344063307
1107257,50.771953342912596
1107258,50.25049587839022
1107259,50.5761322689104
1107260,51.94427380825782
1107261,55.090821976544895
1107262,58.85576291824104
1107263,59.9047784854239
1107264,59.42982102279865
1107265,58.33868651196715
1107266,57.9253353879217
1107267,57.22575654206015
1107268,56.4485778845913
1107269,56.04134877489147
1107270,56.15701536070661
1107271,56.9554923467201
1107272,57.628851480468654
1107273,58.037272172167214
1107274,58.53932718089277
1107275,58.65142181539507
1107276,58.454027339822524
1107277,58.576373842972835
1107278,59.31633780322835
1107279,56.31364509385822
1107280,45.13136057915285
1107376,8.839059103547793
1107377,18.09991755043919
1107378,29.343187635585593
1107379,37.1533251432693
1107380,39.4521943542364
1107381,39.365457283150334
1107382,39.67913216392565
1107383,40.417343463486844
1107384,40.510605013911864
1107385,40.85147072079575
1107386,40.693850012133716
1107387,41.41379009884436
1107388,43.969931043927616
1107389,49.761537289050054
1107390,56.973033343532336
1107391,60.20720059051094
1107392,59.833731709476815
1107393,58.61817338088737
1107394,57.74565190076147
1107395,57.06133228823475
1107396,57.03641709878671
1107397,56.932665650874874
1107398,57.12960707195909
1107399,57.565664855284645
1107400,57.70770722751745
1107401,58.35241079535494
1107402,58.56371598453629
1107403,59.01026281998691
1107404,58.836232392151224
1107405,58.68521640302483
1107406,59.818252689718705
1107407,57.03996469486758
1107408,45.405751043987046
1107504,6.85647549105506
1107505,14.366362726568106
1107506,24.031851100714928
1107507,30.728173993304182
1107508,31.29242677018136
1107509,29.73422512718573
1107510,29.070798444620564
1107511,29.197501427997043
1107512,29.341326352098953
1107513,29.16809625877936
1107514,29.4208979094923
1107515,30.58047987858921
1107516,34.757540681014554
1107517,43.41515891144278
1107518,54.3304928489378
1107519,60.183834276463294
1107520,60.87498070160701
1107521,58.96030337255666
1107522,57.24173221797491
1107523,56.76666415290552
1107524,57.9374822682697
1107525,58.59904928745314
1107526,58.51735079528359
1107527,58.17865635040671
1107528,58.37909303884782
1107529,58.59967670358894
1107530,59.158601972413216
1107531,59.24400735292221
1107532,59.035134332979695
1107533,59.04354453292747
1107534,59.495532994980934
1107535,57.08123810089579
1107536,45.69092635440249
1107632,4.8758299309995055
1107633,9.910178966249777
1107634,16.671947054783445
1107635,22.60794595680442
1107636,24.62263744132489
1107637,24.343489745741568
1107638,23.719510373304214
1107639,23.594765094541646
1107640,23.88724935257231
1107641,24.08884280315961
1107642,24.64799986194017
1107643,26.45077733133914
1107644,31.417379560354902
1107645,41.15371958122115
1107646,53.62081429943408
1107647,60.76082417619851
1107648,61.35852836205239
1107649,59.04316613115484
1107650,57.44563706774474
1107651,57.281175192714535
1107652,58.4004907841279
1107653,58.86431954866758
1107654,58.72203102996634
1107655,57.81057149278271
1107656,57.40420297554807
1107657,57.599937472858535
1107658,57.627097641897855
1107659,57.62728264380055
1107660,57.03009228689141
1107661,56.74973328979629
1107662,57.33916948585147
1107663,54.91728969749642
1107664,44.142384840100796
1107760,3.778374118286302
1107761,7.354907003810353
1107762,12.493041130616428
1107763,18.308700830903526
1107764,21.276148698790365
1107765,21.355867349979174
1107766,20.258439083478237
1107767,19.800950409971826
1107768,20.561796709541557
1107769,21.335504290484412
1107770,22.413224913693195
1107771,24.207969921075076
1107772,28.620702033331455
1107773,37.9873665433622
1107774,50.55563424112258
1107775,57.86785976826494
1107776,59.73295519933544
1107777,58.40173776977185
1107778,56.635579010720456
1107779,56.379000906011726
1107780,57.3596418360935
1107781,57.28846388059671
1107782,56.61132787446281
1107783,54.903135302884905
1107784,52.866608448345275
1107785,51.74297334761334
1107786,51.20744173389399
1107787,50.65131876725046
1107788,50.10050779114355
1107789,49.847188975521576
1107888,3.288679668569627
1107889,6.154240332138507
1107890,11.029810540825425
1107891,16.630142975715845
1107892,19.589363375129956
1107893,19.721983631083024
1107894,18.059489895324063
1107895,17.129735572270416
1107896,18.108725236494944
1107897,19.537666242508635
1107898,20.278270737886174
1107899,21.282836372828946
1107900,23.76975091857797
1107901,30.0968071638516
1107902,39.75610767650862
1107903,48.09625665060161
1107904,53.02840597594366
1107905,53.41524453901808
1107906,52.05577651239549
1107907,51.96258793792257
1107908,52.43081069708391
1107909,52.078581558976836
1107910,49.998882449887454
1107911,46.32534298681686
1108016,3.365113036047487
1108017,5.7613938237108036
1108018,10.038771409551668
1108019,15.542855173090345
1108020,18.568162386016454
1108021,18.678293438482594
1108022,16.707703929589606
1108023,15.432552208073227
1108024,16.477660497991078
1108025,18.19971226714426
1108026,18.50556264241112
1108027,17.8028687955163
1108028,17.48232330205471
1108029,20.158113438910338
1108030,25.921178080208318
1108032,39.319015070230655
1108147,14.043256002970105
1108148,16.96966797383068
1108149,17.223217188574143
1108150,15.467657052311258
1108151,14.057069326798858
1108152,14.935153123751025
1108153,16.497087747709166
1108154,16.249112793062768
1108155,14.411975542967491
1108276,14.55327868455878
1108277,14.880631685943674
1108278,13.36745204574777
1108279,11.836909351131332
1108280,12.527973526441254
1108281,13.516698932240743
1108282,13.001258867948303
1108404,10.404613038022532
1108405,10.647742198096454
1108406,9.747803649537014
1108408,9.006199938044528
1120054,17.208472806639946
1120055,16.92325036501016
1120056,16.407646441639997
1120057,15.436442864679577
1120183,18.443885118695142
1120184,18.25499315005311
1120185,17.767296862852522
1120186,17.20637230609305
1120187,17.175154889372884
1120188,18.51089555834063
1120305,12.93031572255771
1120310,21.0547479625572
1120311,22.22550042070202
1120312,23.419587777079673
1120313,24.15000351995437
1120314,24.886216164502468
1120315,25.331908531310248
1120316,26.673006110772597
1120317,29.647345020057898
1120432,11.183614960528512
1120433,14.920609853675021
1120434,17.587036362714763
1120435,19.747996112996507
1120436,21.604778903861483
1120437,24.54157258583814
1120438,27.89180372222193
1120439,31.850859070233227
1120440,36.559674893019086
1120441,39.79665663188582
1120442,41.149848650795526
1120443,42.29527059871469
1120444,44.167150998358515
1120445,47.8946723826051
1120446,52.65149815322717
1120447,56.60420177925609
1120448,59.560657788728804
1120449,62.16622098249195
1120450,63.3825327357872
1120560,12.54838652275634
1120561,17.83015898770285
1120562,23.272171388204974
1120563,28.17535107163083
1120564,31.624534601142166
1120565,34.167374657915516
1120566,37.36042692931996
1120567,41.8648193212615
1120568,48.166471266321125
1120569,52.601363041345444
1120570,54.75948400090337
1120571,55.909646140454306
1120572,58.64389239965641
1120573,63.39216491806234
1120574,67.73818648918612
1120575,68.98888943300575
1120576,68.37280632145024
1120577,67.75184667563508
1120578,68.0965739965367
1120579,68.30922033397442
1120580,67.83486566341584
1120581,65.87455610972238
1120582,63.25969694572378
1120688,16.976730646816037
1120689,24.50570428334229
1120690,33.498268014255835
1120691,40.585291919133404
1120692,44.800822359989134
1120693,45.98635071395234
1120694,45.566740936127644
1120695,47.577597655065325
1120696,51.965085350042585
1120697,56.0016050420433
1120698,57.81582918536117
1120699,59.451893384602236
1120700,62.84992629625226
1120701,67.330948127226
1120702,71.82534437348355
1120703,72.9085895036815
1120704,71.75374691644106
1120705,70.62555057890594
1120706,70.5422649805952
1120707,70.61910249886972
1120708,70.64062646831867
1120709,70.00558041110757
1120710,69.30576167734284
1120711,67.97120241615957
1120712,66.24575221282218
1120713,63.01877542130047
1120714,58.00623855835719
1120816,23.445623060235405
1120817,32.828767336208664
1120818,40.80122547929625
1120819,46.87014747111898
1120820,49.93629142635027
1120821,50.64163602303637
1120822,49.196793500993344
1120823,49.725208632776656
1120824,53.4490922635729
1120825,56.59935771243573
1120826,58.723943295756996
1120827,59.89821865746187
1120828,62.933054015409915
1120829,67.69634554734905
1120830,72.10321868684407
1120831,73.2322273449563
1120832,72.96342186013767
1120833,72.1932361193593
1120834,72.39013343885621
1120835,72.46999436785848
1120836,72.59117604728145
1120837,72.99290091290888
1120838,72.71751226188789
1120839,72.65852172599365
1120840,72.31852348314108
1120841,71.35502471770184
1120842,69.68211840235408
1120843,66.35520997945481
1120844,63.48845556869428
1120845,63.600469562543594
1120846,65.79133151917847
1120847,64.57887587188993
1120848,53.333749274798635
1120944,26.551305802239707
1120945,36.37185832306707
1120946,43.31689582746971
1120947,48.619362154713265
1120948,52.54074273309441
1120949,53.55246098675221
1120950,52.59239668161284
1120951,52.64032751161573
1120952,55.21746408120645
1120953,58.21252539203387
1120954,59.47486982742341
1120955,60.76365840427075
1120956,62.911867389230984
1120957,67.75088552020951
1120958,72.53067817876533
1120959,73.79926437218914
1120960,72.88408213781167
1120961,72.42786764221805
1120962,72.60067303689756
1120963,72.38159421002472
1120964,72.40351270113227
1120965,72.99973378447726
1120966,73.23004428755603
1120967,73.66865720867327
1120968,73.64050378253873
1120969,73.6595032495513
1120970,73.13775484559203
1120971,71.65556782431358
1120972,70.62677101486088
1120973,71.57870701008467
1120974,73.75327169607424
1120975,70.6450578752164
1120976,57.00021588583026
1121072,27.72194671259323
1121073,37.886160520004125
1121074,44.96931087098236
1121075,49.75974763448383
1121076,53.40699687385534
1121077,54.93194895827445
1121078,54.916427787928235
1121079,54.542097702173855
1121080,56.38691573707944
1121081,58.14024057092772
1121082,59.85899993279542
1121083,61.08441044943271
1121084,62.640397658109286
1121085,66.81809584104863
1121086,71.89340088193968
1121087,73.517931952688
1121088,73.16280771700325
1121089,73.15578866840839
1121090,73.25663508589497
1121091,72.38240153952539
1121092,71.974630889134
1121093,72.21040611386496
1121094,72.94791353317585
1121095,72.82478325098602
1121096,73.32830289077062
1121097,73.5329853797784
1121098,73.4357917559715
1121099,72.68115985714667
1121100,71.95818438465885
1121101,73.08352344083858
1121102,74.8408717881874
1121103,71.29885743088508
1121104,57.58540631239568
1121200,30.92335077467605
1121201,40.27275359651472
1121202,45.992199087443495
1121203,49.92679550505359
1121204,53.07345598954917
1121205,54.83460837205154
1121206,55.118813127351274
1121207,54.9337168778818
1121208,55.26490105932556
1121209,57.29346325858578
1121210,59.052483519731524
1121211,59.80888685612156
1121212,61.805288140741126
1121213,66.35755011481969
1121214,70.72630455188973
1121215,73.62066034898936
1121216,73.57534505050535
1121217,73.28219034716126
1121218,73.27741417505982
1121219,72.18232994069577
1121220,71.37621850428424
1121221,71.098344577518
1121222,71.75178001751127
1121223,71.8521780593759
1121224,72.1461375568055
1121225,72.44558333659779
1121226,73.40747702920069
1121227,72.68489721138761
1121228,71.56554695777399
1121229,72.66224004749725
1121230,74.22973843328617
1121231,70.52791090540441
1121232,57.10551068735682
1121328,33.09036138161453
1121329,41.35406716664074
1121330,46.44411755298307
1121331,49.1388425912517
1121332,52.126564280044384
1121333,54.024084538956
1121334,54.61707127270748
1121335,54.34822324358743
1121336,54.85102133782453
1121337,56.29660933152118
1121338,57.514634362251094
1121339,58.56244385840612
1121340,60.45937922463576
1121341,64.65615972187877
1121342,69.99710602506082
1121343,72.47255572803662
1121344,73.40908700821478
1121345,73.44580667038656
1121346,73.06707742622169
1121347,71.56871807008443
1121348,70.93091716423443
1121349,71.1737779099986
1121350,71.7019568465334
1121351,71.56317226343037
1121352,71.87371951796945
1121353,72.31568670462568
1121354,73.08549018749686
1121355,72.56264294762535
1121356,71.55757339161349
1121357,72.10051554380316
1121358,73.4629321786614
1121359,70.07609447640073
1121360,56.84180902834215
1121456,32.60465128281223
1121457,40.913447928570534
1121458,45.01361005432078
1121459,47.95008897830218
1121460,51.3995254037929
1121461,53.48862098572166
1121462,54.36787467466446
1121463,54.43777687012642
1121464,55.138825207841485
1121465,55.98736745815312
1121466,57.44055074178403
1121467,58.07831917825494
1121468,60.23896165323858
1121469,64.37827284703435
1121470,69.15744281250541
1121471,71.58112818146981
1121472,73.06507055296801
1121473,73.27921812094297
1121474,72.81967449856766
1121475,71.76816899345113
1121476,71.47393899181381
1121477,72.10161676656718
1121478,72.60784965716512
1121479,72.26558694024946
1121480,72.03426815152847
1121481,72.19773439770901
1121482,72.67381395934908
1121483,71.9086529192956
1121484,71.3641193779136
1121485,72.052209360909
1121486,73.40483980059764
1121487,70.06224675479223
1121488,57.69920503935199
1121584,30.83619001034931
1121585,38.88626449149564
1121586,43.45970691149574
1121587,46.67506691960917
1121588,50.62361956592001
1121589,53.27570161031901
1121590,54.6288044828882
1121591,55.19157697570584
1121592,56.26413363136269
1121593,57.37117998113423
1121594,57.9356870968491
1121595,58.180223933184216
1121596,59.70425087360123
1121597,63.08909351146708
1121598,67.64658356989992
1121599,70.0064564130571
1121600,70.91493656945232
1121601,71.47974808807216
1121602,71.85899590323108
1121603,72.09041976941997
1121604,71.96616050861353
1121605,72.86918139794219
1121606,73.4176828055952
1121607,72.92881542324443
1121608,72.35744485633809
1121609,72.16309242357482
1121610,71.96995887223383
1121611,71.68122247948502
1121612,71.29107251155796
1121613,72.34979143538813
1121614,73.32713370765373
1121615,70.11699418151014
1121616,58.174070023459
1121712,28.378760583115373
1121713,36.073607969544106
1121714,41.095417994597945
1121715,45.580672786349744
1121716,50.08768219227184
1121717,53.089687349239625
1121718,54.281967624545395
1121719,54.73714123532711
1121720,55.947606849797786
1121721,56.61242650457085
1121722,57.84802307177188
1121723,57.509054031612386
1121724,58.56087595448613
1121725,60.935103636269524
1121726,64.77672826508355
1121727,66.54425020664411
1121728,67.88770550444758
1121729,68.69223568900634
1121730,70.19478870824231
1121731,70.63835831739007
1121732,71.52338804862322
1121733,71.86497442434427
1121734,72.63901650106122
1121735,72.21426721830501
1121736,72.33174403538679
1121737,71.48406427793007
1121738,71.70670822895381
1121739,71.24071409670734
1121740,72.26072034084221
1121741,72.93690645551764
1121742,73.79220510917021
1121743,70.00890983639553
1121744,58.55522776693708
1121840,23.13024715717265
1121841,30.615671300616977
1121842,35.55474485383029
1121843,40.7974551644458
1121844,45.60422344603245
1121845,48.47094462214323
1121846,49.48227862995456
1121847,50.49995314845616
1121848,51.80212330166446
1121849,53.04900317090182
1121850,54.01671036696281
1121851,54.306768521545045
1121852,55.87789976872698
1121853,57.59154754755907
1121854,60.11426004907491
1121855,61.09434757694152
1121856,62.47923122329765
1121857,64.55045976601637
1121858,66.52724177323402
1121859,67.95469134903918
1121860,68.78310304611871
1121861,68.63199687795806
1121862,68.50379906381367
1121863,68.51887571886219
1121864,69.25110061356352
1121865,70.00310661438213
1121866,70.5649708542585
1121867,71.26816300682383
1121868,72.48646908700799
1121869,73.24155704762002
1121870,73.3718097044197
1121871,69.34205982523517
1121872,58.11140319025043
1121968,14.332656485027881
1121969,19.011584078233803
1121970,23.655002538183826
1121971,29.050323594372028
1121972,33.5819302016883
1121973,35.472129925808105
1121974,37.11100114726676
1121975,39.18838129192339
1121976,42.8009312539459
1121977,45.32486200042082
1121978,46.75230809237013
1121979,47.831035570593755
1121980,49.472592257628385
1121981,50.975518149198265
1121982,52.0193504365351
1121983,53.23814411411825
1121984,54.92880513476677
1121985,58.05626234348917
1121986,61.67551364625137
1121987,63.76033221464199
1121988,64.83229494737729
1121989,63.638206388646054
1121990,62.75142373481213
1121991,62.94496202799885
1121992,64.57091205942754
1121993,66.45821086302043
1121994,68.25395344993564
1121995,69.29144285331552
1121996,70.52746052825442
1121997,70.89266817816363
1121998,69.80997267006065
1121999,65.8460523542646
1122000,55.95710430321235
1122096,7.033092933728433
1122097,9.093068455878237
1122098,13.024776114459849
1122099,18.14159989859522
1122100,22.15630281779621
1122101,23.235039601530367
1122102,23.798943843302382
1122103,25.762033224763492
1122104,29.214421661330157
1122105,31.607801370902713
1122106,33.76596117050608
1122107,34.85594054175678
1122108,36.96942166962407
1122109,37.37065723513574
1122110,38.00187367040527
1122111,38.91756784174597
1122112,42.042504271860395
1122113,46.992377049557795
1122114,53.363295350728926
1122115,56.872983477899055
1122116,58.50770836009985
1122117,57.36871355364008
1122118,56.36043765302091
1122119,56.66771220399824
1122120,59.1999080383682
1122121,62.29910612941258
1122122,63.84255459894334
1122123,64.27909305627995
1122124,63.78786827664885
1122125,62.36876270463557
1122126,60.760336719572585
1122127,56.98792615348758
1122128,49.11938080926096
1122224,3.3200786776370594
1122225,4.879754450290028
1122226,7.685394229192037
1122227,12.054137598552192
1122228,15.047905659317413
1122229,15.662563171456535
1122230,15.034778570263512
1122231,15.601447287367403
1122232,17.21814036604181
1122233,18.67479381990873
1122234,19.636644123594618
1122235,21.17751876429107
1122236,22.62610169813821
1122237,23.02499626376639
1122238,23.465458365522842
1122239,24.520476383074108
1122240,27.87832498832448
1122241,33.52361656573792
1122242,40.48220937657321
1122243,44.76360062770708
1122244,46.703499528208326
1122245,46.74651484131039
1122246,46.94447900908004
1122247,48.977886494663544
1122248,52.801488494032725
1122249,55.43101956916499
1122250,56.80650103554735
1122251,55.89561159853676
1122252,54.14605652133996
1122253,51.4949419012306
1122254,49.12679629835393
1122255,45.71460452838922
1122256,39.50134280483638
1122352,1.7101045424184522
1122353,2.7707034831020954
1122354,5.1642982004509035
1122355,8.981535283820515
1122356,11.474393576802655
1122357,11.93896667790657
1122358,11.060662426055753
1122359,11.504120671002424
1122360,12.500603463512594
1122361,13.318717928300478
1122362,14.028628268532565
1122363,14.507945482814794
1122364,15.405944837601346
1122365,15.709356273887671
1122366,16.57893819712305
1122367,17.712699926855915
1122368,20.17118145780981
1122369,23.686171223374426
1122370,27.851106946072306
1122371,30.90670678757026
1122372,32.66721245534068
1122373,34.35097835475427
1122374,36.489141063229106
1122375,40.14826882964952
1122376,44.71287084604921
1122377,47.26339889110299
1122378,48.35764646224479
1122379,47.02629288897278
1122380,44.53317113210514
1122381,42.66564454787019
1122382,40.4206301180393
1122383,37.20398777202877
1122384,31.473200146952948
1122480,0.9895384729724906
1122481,1.9192058926408229
1122482,4.381347055722636
1122483,8.024964926731535
1122484,10.715366242589573
1122485,10.780244547167923
1122486,9.94263870504736
1122487,10.1042099758452
1122488,11.218973281591097
1122489,12.332827083771889
1122490,13.237724140532592
1122491,13.455567745418595
1122492,13.837244595652582
1122493,14.133805688552997
1122494,15.457041038454959
1122495,16.86408916178906
1122496,18.802188906493534
1122497,21.02605424236148
1122498,22.93958134848276
1122499,24.32615982815134
1122500,26.1251138721199
1122501,28.04597236078666
1122502,31.118251815917727
1122503,34.59639620324809
1122504,38.38285737667301
1122505,40.7208569954089
1122506,41.80972357667406
1122507,41.60493065485884
1122508,40.29521889786813
1122509,38.57677962979675
1122510,36.2406529900981
1122511,32.94335398485696
1122512,27.685670029066603
1122608,0.7362685838203827
1122609,1.6429835700324305
1122610,4.465844666927976
1122611,8.489553131960063
1122612,11.698891325094573
1122613,11.777381024864479
1122614,10.841545014675255
1122615,11.302341846937164
1122616,13.030383848718529
1122617,14.922136366286349
1122618,16.141720631406436
1122619,16.522101818886576
1122620,16.906466567966657
1122621,17.87595249964476
1122622,19.78673189920419
1122623,21.568585083583606
1122624,22.89026885812292
1122625,23.35665409878732
1122626,23.572863343768173
1122627,24.559049066437527
1122628,26.229577402237695
1122629,28.806226523075274
1122630,32.05773613719571
1122631,35.060136268643774
1122632,37.334498059987126
1122633,38.93077241131869
1122634,40.700175203073435
1122635,41.10563361138835
1122636,40.63983014119368
1122637,38.943749878294675
1122638,36.62566070135039
1122639,33.2000709430038
1122640,28.091845230355755
1122736,1.051384689269173
1122737,2.325894256438308
1122738,5.705814823935564
1122739,11.25509381227658
1122740,15.656490250593176
1122741,16.47865567963534
1122742,15.40923455528592
1122743,15.51531453195966
1122744,17.728593417138857
1122745,19.912004866558846
1122746,21.86372226101936
1122747,22.851843038994414
1122748,23.898867297966312
1122749,25.528000885317812
1122750,28.437120490068125
1122751,30.158890166448685
1122752,30.948543070586876
1122753,30.132387021669224
1122754,29.235750884241977
1122755,29.71160059869621
1122756,31.848939662037058
1122757,35.02591818335946
1122758,38.18551865769576
1122759,40.198358521901085
1122760,40.857901902080656
1122761,41.58785118209043
1122762,42.370191258103645
1122763,42.81125966771917
1122764,42.97184473861941
1122765,42.42134859131102
1122766,41.45119040680428
1122767,38.147343954676934
1122768,32.563082374137664
1122864,1.8676568467074648
1122865,3.87824237909036
1122866,8.444745847975605
1122867,16.501294769672032
1122868,23.74495522396183
1122869,25.993715189863572
1122870,24.446668813523026
1122871,23.380809199518172
1122872,24.212180402415775
1122873,25.47038161340685
1122874,27.16103712506719
1122875,28.538305982118725
1122876,30.714130710897393
1122877,33.31660184442593
1122878,37.165073281255395
1122879,39.30038363762878
1122880,39.78649897518982
1122881,39.08654828846423
1122882,38.87534893359145
1122883,39.057959142444744
1122884,40.782813758862325
1122885,43.01826356426746
1122886,45.03607564625821
1122887,45.43925708758828
1122888,45.038775107111114
1122889,44.401780665174954
1122890,44.72469987142656
1122891,44.94666690955181
1122892,46.17681593701746
1122893,47.556450322646874
1122894,48.25938873155096
1122895,46.45344926309562
1122896,40.57131929734137
1122992,3.7762330108378035
1122993,7.390216113729429
1122994,14.152694169050738
1122995,23.225374205385716
1122996,30.675003994842914
1122997,33.57125965337641
1122998,32.71201602428252
1122999,32.12334019406159
1123000,31.897034743433114
1123001,31.893493564553346
1123002,32.27432593411324
1123003,33.66311533483084
1123004,36.52839073760553
1123005,40.2218351319719
1123006,44.523192712482576
1123007,46.687893896753685
1123008,47.01786751979198
1123009,46.297587783482285
1123010,46.23142202908181
1123011,46.480634198104056
1123012,47.715166310323
1123013,49.042735610214436
1123014,49.9354477763893
1123015,50.17250237722778
1123016,49.46182413233113
1123017,48.905266909870925
1123018,48.51348290624123
1123019,48.89006292742465
1123020,50.456376194958644
1123021,51.991455082219744
1123022,53.79040723584252
1123023,52.74090566616295
1123024,45.96120315696974
1123120,5.920956693040349
1123121,10.490481684095801
1123122,18.896097356484646
1123123,27.25385206270765
1123124,33.77111697076268
1123125,36.75998766785158
1123126,38.075845716761236
1123127,38.46687848837435
1123128,38.66053146347191
1123129,37.92983365499889
1123130,36.76114144658969
1123131,37.68988007179787
1123132,41.52532575438296
1123133,45.65528131065488
1123134,49.65696397203201
1123135,51.51799690162752
1123136,51.424802308528136
1123137,50.240679362227446
1123138,49.70997733591953
1123139,49.80869559266789
1123140,50.74083777043952
1123141,51.60458406470636
1123142,52.39088216303278
1123143,52.71285327744376
1123144,53.04337465238706
1123145,52.37259320253825
1123146,52.135684615384434
1123147,52.97380076480265
1123148,53.83074393477326
1123149,55.07775109648418
1123150,56.72247007980157
1123151,55.409414706224176
1123152,47.51914428030959
1123248,7.29246161761155
1123249,12.599622428157286
1123250,21.04133300180692
1123251,29.41027443217424
1123252,35.705237348704294
1123253,39.359895051750605
1123254,41.15409111159768
1123255,42.67464976039743
1123256,43.620886615273164
1123257,42.997891697396184
1123258,41.5229961311918
1123259,42.11102218286509
1123260,45.32586702243487
1123261,49.316069466957345
1123262,53.544341450590565
1123263,55.01200298303093
1123264,54.216623479874634
1123265,53.11707273333113
1123266,52.69915826031794
1123267,52.43124349430496
1123268,52.826744056076244
1123269,52.90151937314096
1123270,53.59706745580189
1123271,54.132470396860796
1123272,54.79538434946261
1123273,54.37889715031182
1123274,54.571381601307436
1123275,55.350519401871516
1123276,56.032484293627434
1123277,56.93322065125833
1123278,58.24455212298043
1123279,56.25327761398121
1123280,47.56694019630902
1123376,8.19909014083481
1123377,14.21399355402776
1123378,23.095779473312735
1123379,31.767721920533766
1123380,37.87051926352868
1123381,41.987591398790244
1123382,44.0642755673895
1123383,45.84957013814672
1123384,46.88891085563249
1123385,47.18469729139214
1123386,45.909155707913925
1123387,46.2458860271909
1123388,48.90140182098588
1123389,52.12494220231854
1123390,56.50742456085919
1123391,57.60760099594481
1123392,56.949678625083365
1123393,55.72090471954517
1123394,55.345031313181345
1123395,54.70861095864154
1123396,54.43717352320595
1123397,54.168178555852094
1123398,54.429132529816464
1123399,55.26937029295195
1123400,55.959740752122656
1123401,55.99862167677783
1123402,56.10097035488154
1123403,56.9950687603222
1123404,57.39714009904225
1123405,57.93456639981918
1123406,58.67391994088403
1123407,56.55052838988264
1123408,47.154919751355045
1123504,8.872662918917
1123505,16.28747315216326
1123506,26.244324141736456
1123507,34.88795220245275
1123508,40.789662787109066
1123509,44.30573647876396
1123510,46.61122768297837
1123511,48.34345006916007
1123512,49.66113488601387
1123513,49.86623568456854
1123514,49.68270069452607
1123515,49.9409796224679
1123516,51.97231467724164
1123517,55.2557772068313
1123518,58.49172739640545
1123519,59.48411414612428
1123520,58.597608126852634
1123521,57.598986117363
1123522,57.196755762399384
1123523,56.30052119874516
1123524,55.4338136522201
1123525,55.263966972329555
1123526,55.326130372563185
1123527,55.99881436315028
1123528,56.85190665805667
1123529,57.11716549625624
1123530,57.65928853295174
1123531,58.459290038137254
1123532,58.61975342057899
1123533,58.81104498988729
1123534,59.396808095810606
1123535,57.16802990704548
1123536,46.75386319584663
1123632,8.918272979192144
1123633,17.92970294110253
1123634,28.655184288076775
1123635,37.42596301049327
1123636,42.60669405856408
1123637,45.41707721688157
1123638,47.23244376144145
1123639,48.83660625475295
1123640,49.6724823134759
1123641,49.73759384785681
1123642,50.0764065071088
1123643,50.27115558432449
1123644,51.941875723156066
1123645,55.4911229197055
1123646,59.11586020632248
1123647,60.456444135276236
1123648,59.775236768002394
1123649,58.82541567708737
1123650,58.47076992838944
1123651,57.58145111375221
1123652,56.93344503146667
1123653,56.254821834841074
1123654,56.208011386386154
1123655,56.571937022507356
1123656,57.09998121337506
1123657,57.632662153410514
1123658,58.100414977875815
1123659,58.797201816567785
1123660,58.86778761721975
1123661,59.08006064591922
1123662,59.974869668477794
1123663,57.24258890016269
1123664,46.07578046760184
1123760,8.744629077584058
1123761,18.13712944159064
1123762,29.15628034719218
1123763,37.236866493120175
1123764,40.44876530652164
1123765,40.86916730872713
1123766,41.24592562238667
1123767,42.13013662683652
1123768,42.688068195894296
1123769,42.93263004271924
1123770,42.84432954961679
1123771,44.067044911919574
1123772,46.44505398598745
1123773,51.79960224421364
1123774,57.885100958494554
1123775,60.76361173350187
1123776,60.52498292417141
1123777,58.968414149718285
1123778,58.59996811656639
1123779,58.13342615279686
1123780,58.26239467545725
1123781,57.66556448820055
1123782,57.34111611704654
1123783,56.8543786505308
1123784,56.663730380266784
1123785,57.19288711410749
1123786,58.12194476138901
1123787,58.970022911070984
1123788,59.01350433746367
1123789,59.24844636675341
1123790,59.9252271082479
1123791,57.45612813307902
1123792,45.99608312783746
1123888,7.717380798834702
1123889,16.442222817418926
1123890,26.47327050433265
1123891,32.75519524213059
1123892,32.91261527634092
1123893,31.052147924699806
1123894,30.355056494771656
1123895,30.32923639920814
1123896,30.48380110990344
1123897,30.63606670172079
1123898,30.885963987479034
1123899,32.2483984370074
1123900,36.23585570525581
1123901,44.62845271964753
1123902,55.10058822073386
1123903,60.67870222239538
1123904,60.98034783738739
1123905,59.12283784142465
1123906,57.90834813464856
1123907,57.639696433840605
1123908,58.480772117212275
1123909,58.72693080321152
1123910,58.335092486584315
1123911,57.496874430568425
1123912,56.71095237810065
1123913,57.0502982782859
1123914,58.05516242462514
1123915,58.8464833975947
1123916,58.764856808662685
1123917,58.95322701301941
1123918,59.65675972386255
1123919,57.39675460617299
1123920,45.99127018490536
1124016,6.002344188225472
1124017,12.515776455537242
1124018,19.57920609543337
1124019,24.731763258590377
1124020,25.82063816529788
1124021,24.852877653287827
1124022,24.362823431828645
1124023,24.636727325265426
1124024,24.31383488610075
1124025,24.6653023502674
1124026,24.916347544703473
1124027,26.48779468307459
1124028,31.108598305374088
1124029,41.455185483512665
1124030,54.077574974907975
1124031,61.045639369856154
1124032,61.386812754938745
1124033,59.16194964828738
1124034,57.17957862469618
1124035,57.31373686318132
1124036,58.71111467815726
1124037,58.892681886585365
1124038,58.32656511727938
1124039,57.13375471801132
1124040,56.28970317890552
1124041,56.263128055317274
1124042,56.88004575902559
1124043,57.263519887618514
1124044,57.20058222521535
1124045,57.376334891306634
1124046,58.229031179531255
1124047,56.000209282777966
1124048,45.03940267810857
1124144,4.139126949035712
1124145,8.44667760320382
1124146,13.883350111855984
1124147,18.891397523919093
1124148,21.32871307703645
1124149,21.764327231844863
1124150,21.704348143311975
1124151,21.73267522630217
1124152,21.757871668462368
1124153,21.861521221499686
1124154,22.341138518269034
1124155,24.16848297585578
1124156,28.964399591693333
1124157,38.877008495517856
1124158,51.75975877055646
1124159,59.058975809273804
1124160,60.058681941441655
1124161,58.024488825491446
1124162,55.9969213176502
1124163,55.719352968415656
1124164,56.45188225377792
1124165,56.93861994977677
1124166,55.7097702597864
1124167,54.10271753058196
1124168,52.31063929439806
1124169,51.519387347689026
1124170,51.633622418545635
1124171,51.42263379442064
1124172,51.125626792240375
1124173,50.97322252018179
1124174,51.52491918538124
1124175,49.48899682728831
1124176,39.354508508702274
1124272,2.857644836040873
1124273,6.188907867665311
1124274,10.984627890201095
1124275,16.35230256941598
1124276,19.294125244183576
1124277,19.686508431159787
1124278,19.232519649386848
1124279,19.016108254296086
1124280,18.964781366691653
1124281,19.416793625325774
1124282,19.992975763983335
1124283,21.568607712117196
1124284,24.8359693000521
1124285,32.2380632575013
1124286,42.88984376390117
1124287,50.30117621654172
1124288,53.5563918822148
1124289,53.2603142836434
1124290,51.512680164237565
1124291,51.582313369953425
1124400,2.336688513380827
1124401,4.827261988747455
1124402,9.428828700099357
1124403,14.98059488766561
1124404,18.185482578221063
1124405,18.41048654321317
1124406,17.22329872741543
1124407,16.176879151689985
1124408,16.506993712783956
1124409,17.256202137445694
1124410,17.448711009521997
1124411,17.79257931801415
1124528,2.1952683134782704
1124529,4.234127714813993
1124531,13.79152110737413
1124532,16.979636574760548
1124533,17.422976991619173
1124534,15.899385675681334
1124535,14.3500016343141
1124536,14.81271693534551
1124537,16.13531594618018
1124660,15.870529278445819
1124661,16.336661468979695
1124662,14.491464262203337
1124663,12.69801543573874
1124664,13.080181737877624
1124665,14.343421383819244
1124666,13.974435758980349
1124788,13.363352729206168
1136438,16.940422117477468
1136439,17.138499787804758
1136567,19.395439353080377
1136568,20.27388109505596
1136569,20.742393774742283
1136570,20.959151360833253
1136571,21.117923368260207
1136572,21.586388585587205
1136573,23.44244941858077
1136688,9.743659801761394
1136689,12.686153419821176
1136690,14.82276928731866
1136694,21.9577308505555
1136695,24.6162325231838
1136696,27.036440584788394
1136697,29.292868157531075
1136698,30.443205448576713
1136699,30.989500372332486
1136700,31.412740609187615
1136816,10.46778470089238
1136817,14.038281081574349
1136818,17.171662614773524
1136819,20.672177128599323
1136820,22.92141378201381
1136821,26.27679048207954
1136822,30.471332929628183
1136823,35.72653637022964
1136824,41.27037107269159
1136825,45.15206594472175
1136826,46.980544184314574
1136827,48.068570058067294
1136944,12.227903379627966
1136945,17.5358499583248
1136946,24.201542496661613
1136947,30.787411475354343
1136948,35.223939433773566
1136949,38.0023433507831
1136950,40.383935578577855
1136951,44.28672600232201
1136952,49.95643478379712
1136953,54.10825183317243
1136954,56.00018209844826
1136955,57.73290175089455
1136956,60.072758080957186
1136957,64.20038927493098
1136958,67.365636658277
1136959,67.01620374353641
1137072,16.909238400916216
1137073,24.21185450797629
1137074,32.94632247724248
1137075,40.54985960974792
1137076,44.91196263954351
1137077,47.01049051613835
1137078,46.457227733354244
1137079,48.05057198208872
1137080,52.340530246136915
1137081,56.00020611232251
1137082,58.30025308428227
1137083,59.536699446324604
1137084,62.55671080553676
1137085,67.15340712648401
1137086,70.90516686329478
1137087,70.86402229007392
1137088,69.09475170343387
1137089,67.88497801056883
1137090,67.69532620197106
1137091,67.82503720993377
1137092,67.79117399666828
1137093,67.19553713532613
1137094,66.17301073379983
1137095,65.19998209179558
1137096,64.08850292166132
1137097,61.81270711408458
1137200,22.13308892958088
1137201,31.028099145755146
1137202,38.262358032319696
1137203,43.985950615476824
1137204,48.11508408400597
1137205,49.97092463961172
1137206,49.46835720808305
1137207,49.96457368118955
1137208,53.294668894308145
1137209,56.85561892755084
1137210,58.359993746713066
1137211,60.00260847323902
1137212,62.98115163965091
1137213,67.75845385324408
1137214,72.32165260592278
1137215,72.97132115597377
1137216,71.9208478944288
1137217,70.84270621214213
1137218,70.81192962716584
1137219,70.90856352996927
1137220,71.16678941564065
1137221,70.95087961391766
1137222,71.2204191732132
1137223,70.37734275618239
1137224,69.98291245690426
1137225,69.61473650240141
1137226,67.98145062784234
1137227,65.85584506014976
1137228,64.51294937871596
1137229,64.91761806301267
1137230,67.39373270618199
1137231,66.25424146605366
1137232,54.74256722955354
1137328,24.29832669225079
1137329,33.814364561894436
1137330,40.72882372624075
1137331,46.533696419173005
1137332,50.540740302226645
1137333,53.28332486861389
1137334,53.01481696926318
1137335,53.20953906519899
1137336,55.54249406728863
1137337,58.09214845315397
1137338,59.85947797418391
1137339,60.46994262272428
1137340,63.78728482998198
1137341,68.00848664839079
1137342,72.77215075306485
1137343,73.89150507275052
1137344,73.10363283173757
1137345,72.4263177859764
1137346,72.68829850903734
1137347,72.76670161329442
1137348,72.66430262836124
1137349,72.89823336641021
1137350,73.50638106879018
1137351,73.32483207373228
1137352,73.22736700092834
1137353,73.16389253344674
1137354,72.52201594969861
1137355,71.48456297995364
1137356,70.59169456517255
1137357,71.53160231916748
1137358,73.62598832285843
1137359,70.82745359150967
1137360,56.9937539278787
1137456,26.84312396245572
1137457,36.80240668060489
1137458,43.38257625936732
1137459,48.10618440218829
1137460,51.77337346089533
1137461,54.22779853716593
1137462,54.875438853908086
1137463,54.1804658026038
1137464,55.6779552953986
1137465,57.6262152479539
1137466,59.24315316558553
1137467,60.1586859372601
1137468,62.85205873335931
1137469,67.27179640302083
1137470,71.93356190805882
1137471,73.64868321415148
1137472,73.69754958190784
1137473,73.48407621225195
1137474,73.36911398433007
1137475,72.63698656255491
1137476,72.33429022182693
1137477,72.33405086517693
1137478,73.12336133627791
1137479,73.16290713886225
1137480,73.82547944632579
1137481,73.80115326652493
1137482,73.57193061123155
1137483,72.88481500479725
1137484,72.27821413821295
1137485,72.57382204238378
1137486,73.89278008365774
1137487,70.83025580853986
1137488,57.20804744413261
1137584,29.850161105714662
1137585,39.55195908203911
1137586,44.69594986044167
1137587,48.437244058929465
1137588,51.58389107816089
1137589,53.808091921412306
1137590,54.051851257973034
1137591,53.4058576651467
1137592,54.09237086027841
1137593,55.91992364973071
1137594,57.63484272264927
1137595,58.986934026128026
1137596,61.6267993992451
1137597,66.06415138474638
1137598,70.96551233245982
1137599,73.56538953992573
1137600,74.26437822427096
1137601,73.98677843832925
1137602,73.52538326158616
1137603,72.16050212046113
1137604,71.6309954538554
1137605,71.78918070360285
1137606,72.19600274802329
1137607,72.5860443688549
1137608,72.93965164771865
1137609,73.0781603918361
1137610,73.45449282237018
1137611,73.09080509773678
1137612,72.00808966500031
1137613,72.52530176602185
1137614,73.50316264114569
1137615,70.35182842395123
1137616,57.1808415957473
1137712,31.90487479856097
1137713,40.457888282190645
1137714,44.83500666381089
1137715,47.78968726651668
1137716,50.50929143298494
1137717,52.36489737211225
1137718,52.58145747831592
1137719,51.83290720266364
1137720,52.562446092808536
1137721,54.063331310395775
1137722,56.06318464650816
1137723,57.70519619046209
1137724,60.25888405831176
1137725,64.71305291384053
1137726,69.85452339648444
1137727,72.7592524072311
1137728,74.0515802598263
1137729,74.19582938404331
1137730,73.84614445566201
1137731,72.38576139289384
1137732,71.8900328924086
1137733,71.88142231055865
1137734,72.44267173474623
1137735,72.86696810972275
1137736,72.7633209519913
1137737,72.77469358820363
1137738,73.47045225889002
1137739,72.87154348271747
1137740,72.48224857025933
1137741,72.31971719845141
1137742,73.40150360318758
1137743,70.00706307056724
1137744,57.62163019612114
1137840,30.955533279468877
1137841,38.99858326868004
1137842,43.343627386423535
1137843,46.36780242525018
1137844,49.36617561187636
1137845,50.98934580618694
1137846,50.808886484318094
1137847,50.48445093451911
1137848,51.49818697846252
1137849,52.89839384090594
1137850,54.81653203651362
1137851,56.198737205608886
1137852,59.012300967446336
1137853,63.562220436256126
1137854,68.63854401275067
1137855,71.51666930963802
1137856,72.98627043462072
1137857,73.5112674790677
1137858,73.81543398759416
1137859,73.42916817362186
1137860,73.01770614881221
1137861,73.54844727954183
1137862,74.12199626770341
1137863,73.75998520754347
1137864,73.42692911754717
1137865,73.48808883062162
1137866,73.81628695645252
1137867,73.53003265370997
1137868,73.04162594846605
1137869,73.2095457073991
1137870,73.72270954627545
1137871,70.36181524425325
1137872,58.48700598305511
1137968,28.373265176669804
1137969,36.328912044915825
1137970,41.08538722875295
1137971,44.179742714285986
1137972,47.39908731887222
1137973,49.40871321254422
1137974,50.00622694873684
1137975,50.06653529965273
1137976,50.73496864563801
1137977,52.2015796306128
1137978,53.004619533200284
1137979,53.98588170626817
1137980,56.684916088935296
1137981,61.20014700753182
1137982,65.83932591161275
1137983,68.52309123918349
1137984,70.43529850168919
1137985,71.72074902720574
1137986,72.89914468033523
1137987,72.70614994861813
1137988,73.13065935739426
1137989,73.5037062863516
1137990,74.29366451143561
1137991,73.6563675170401
1137992,73.22849284619294
1137993,73.06226000126087
1137994,73.47733011611565
1137995,72.92813243259562
1137996,72.97358077987198
1137997,73.32398912945679
1137998,73.52554895157508
1137999,70.15631496795324
1138000,59.221961347554576
1138096,25.13705791623829
1138097,32.87958795759412
1138098,37.83435444439989
1138099,41.37786334782471
1138100,44.73215294350749
1138101,47.41123589494886
1138102,48.926397865186054
1138103,49.29121641002895
1138104,50.261611617891965
1138105,51.21731894304069
1138106,51.68474808463592
1138107,51.908122323538215
1138108,54.07175816070784
1138109,57.71738950277875
1138110,61.87522809360719
1138111,64.1845347494442
1138112,66.89280173967488
1138113,68.65920868422978
1138114,70.00632985004005
1138115,70.41158698666823
1138116,71.38072587940874
1138117,71.30006216931335
1138118,71.62481980151964
1138119,71.73774864010666
1138120,71.50314501841277
1138121,71.44857468240453
1138122,71.3854051792952
1138123,71.27419076973207
1138124,71.3878417317744
1138125,71.93062014223686
1138126,72.2245066172326
1138127,69.22542360006405
1138128,58.77663088715881
1138224,19.524194194508855
1138225,26.11713176564529
1138226,30.321222796459047
1138227,34.62393242848836
1138228,37.79564171149522
1138229,40.27805535036444
1138230,42.197762584058005
1138231,43.64630631856672
1138232,45.998026676865955
1138233,47.56197953899181
1138234,48.35654889083725
1138235,48.29737787207888
1138236,50.27179575710757
1138237,53.20800596967795
1138238,55.57670501623407
1138239,57.727274811288865
1138240,60.37301124773568
1138241,62.804534540400624
1138242,65.34387793581035
1138243,66.41956752446758
1138244,67.1354166629193
1138245,66.93222989658213
1138246,66.29748402772913
1138247,66.39111250945604
1138248,67.17977586018739
1138249,67.93523026896244
1138250,68.9373115773157
1138251,69.35570850816933
1138252,70.08299016274925
1138253,70.22998153116713
1138254,70.19183715863933
1138255,67.04898637416501
1138256,56.73147729678265
1138352,11.435879732646026
1138353,14.787069956810607
1138354,18.538705680952468
1138355,23.06528225327997
1138356,26.560736573352678
1138357,27.418646747181512
1138358,29.150063784750817
1138359,31.50444238965208
1138360,36.08573613035363
1138361,38.666490182031424
1138362,40.01853342823711
1138363,40.703422477029555
1138364,42.636805172020175
1138365,44.1893512368979
1138366,45.91418726892543
1138367,47.167284816784786
1138368,50.267348642970425
1138369,53.621767790295316
1138370,57.66994276207897
1138371,59.877590242973724
1138372,60.996786847328565
1138373,59.44913090938519
1138374,58.320422819895526
1138375,58.06078403310712
1138376,60.03277861809468
1138377,62.4579541329757
1138378,64.34809494906357
1138379,65.12908372906729
1138380,65.4376720261777
1138381,65.1302318407565
1138382,63.87395938125246
1138383,60.53359864619158
1138384,51.30714111102254
1138480,6.138097912409753
1138481,7.987569234018912
1138482,11.224016803862419
1138483,15.930240515382277
1138484,19.071922630240103
1138485,19.196384351732544
1138486,19.041810596671787
1138487,19.85019649670087
1138488,22.771085338979645
1138489,24.950582365180175
1138490,26.135687139274662
1138491,26.774490809203606
1138492,27.717062946287385
1138493,28.335739500013403
1138494,29.253225588144897
1138495,30.17822718632068
1138496,33.64559323676189
1138497,39.31566064600311
1138498,45.702393376262336
1138499,49.616084308128805
1138500,50.92392636108093
1138501,49.18798482933996
1138502,47.625580408303314
1138503,48.5406655875969
1138504,52.03484683912299
1138505,55.26817380527242
1138506,57.563028500308825
1138507,57.14826636065869
1138508,56.325415585594754
1138509,54.79270208632582
1138510,52.8945168942409
1138511,48.87739953008273
1138512,41.17400783996251
1138608,3.3412101817793416
1138609,4.779328659891261
1138610,7.76942849299298
1138611,11.819745800544272
1138612,14.338206577367664
1138613,14.384264351816954
1138614,13.479552943704974
1138615,13.531505523480506
1138616,14.672997100544697
1138617,15.69118976755488
1138618,16.421444537787075
1138619,16.23566369692146
1138620,16.109779091278934
1138621,16.64567657727538
1138622,17.2570598731255
1138623,18.242915620981027
1138624,21.10557800114066
1138625,25.48389234685858
1138626,31.086631584750357
1138627,34.32356134550341
1138628,35.62209232327522
1138629,35.29638522225638
1138630,35.60758680219495
1138631,38.05216666386834
1138632,42.51598870318902
1138633,46.054596761353295
1138634,47.93116740720512
1138635,47.23353682932617
1138636,45.5781734123274
1138637,43.76863973477407
1138638,41.76065031824491
1138639,37.636616315365906
1138640,30.93874720684666
1138736,1.965383070003921
1138737,3.3321212777476723
1138738,5.771489558266481
1138739,9.337427425065565
1138740,11.39648971372601
1138741,11.46221114620879
1138742,10.613396912175729
1138743,10.759778083228111
1138744,11.71302888290624
1138745,12.057455437662583
1138746,12.380681514705236
1138747,12.012425221234535
1138748,11.492860140865746
1138749,12.138826703529851
1138750,12.983114157665671
1138751,14.109717018616863
1138752,15.42875386545703
1138753,17.74374107813185
1138754,20.494232666932433
1138755,22.189949529219792
1138756,23.117319806032842
1138757,23.697263657956142
1138758,25.84217702055186
1138759,29.18608537005811
1138760,33.629084852509365
1138761,36.87661315650648
1138762,38.68068566088637
1138763,38.160886587655284
1138764,37.12746737850718
1138765,35.87065182165622
1138766,34.08676067021138
1138767,30.089143523154565
1138768,23.973034199416137
1138864,1.2417128147386645
1138865,2.37077845649356
1138866,5.035161445756004
1138867,8.638105065097285
1138868,11.167545721658827
1138869,10.851812344704715
1138870,9.687921595700736
1138871,9.60598538997016
1138872,10.539940906123293
1138873,11.652527550992742
1138874,11.954819603676079
1138875,11.565198123705155
1138876,11.16141090900661
1138877,11.661184885690966
1138878,12.850770772369488
1138879,13.57506469695552
1138880,14.70814408771539
1138881,15.69621330765423
1138882,17.364742168249055
1138883,18.641428604304405
1138884,19.757615435724308
1138885,21.113895954618425
1138886,23.072983158360636
1138887,25.794766664632395
1138888,28.667424511313897
1138889,31.171685135485184
1138890,32.898251861222406
1138891,33.64309581423765
1138892,33.84701804741794
1138893,32.62014444943812
1138894,30.51029775400965
1138895,27.08940962450541
1138896,21.610304631116577
1138992,0.7684828705484554
1138993,2.089200519582112
1138994,4.93389167063573
1138995,9.07238133027332
1138996,11.83874056232121
1138997,11.53388691166446
1138998,10.315656821211421
1138999,10.221619343262889
1139000,11.677409970436381
1139001,13.170074035892556
1139002,14.008599299852728
1139003,13.743946398723704
1139004,13.64771165657961
1139005,14.1687933039126
1139006,15.629530217471508
1139007,16.44400035689457
1139008,17.34273746919465
1139009,17.57979769951049
1139010,18.466325594756164
1139011,19.47298747144101
1139012,21.305895499801444
1139013,23.360833690753044
1139014,25.61007468385135
1139015,27.80577323665333
1139016,29.619441233029022
1139017,31.46119394847694
1139018,32.82128134603077
1139019,34.12305933253039
1139020,34.59205309294534
1139021,33.70671224290498
1139022,31.177306968151957
1139023,27.71460860257583
1139024,22.62917783270038
1139120,0.7931395731654077
1139121,2.0947666422944637
1139122,5.285050003458446
1139123,10.221634217757066
1139124,14.114255027822894
1139125,14.44512355719822
1139126,13.10365728166008
1139127,13.407257287193886
1139128,15.682513808682272
1139129,17.97527774829763
1139130,19.53737281835813
1139131,19.73025809428441
1139132,19.5514846231571
1139133,20.54729251729117
1139134,22.930964250229724
1139135,24.354774085074
1139136,24.555029775439554
1139137,23.605527418571928
1139138,23.077700118779156
1139139,23.776181240092328
1139140,26.129308437109145
1139141,29.502639276069797
1139142,32.37565291075175
1139143,33.852197954657974
1139144,34.3914631088029
1139145,35.27928861753489
1139146,35.95049206531669
1139147,36.61325417638973
1139148,37.07934583188036
1139149,37.023656573772165
1139150,35.35566938507161
1139151,32.38912031219171
1139152,27.075311947584265
1139248,1.1619431773005764
1139249,2.749047959578597
1139250,6.681154649945219
1139251,13.394409563779114
1139252,19.640320165405658
1139253,21.513107295669574
1139254,20.413061045218182
1139255,19.984012437435403
1139256,20.94440869859309
1139257,22.6914481752828
1139258,24.06828289854904
1139259,25.074347838158168
1139260,25.732186777825685
1139261,27.637950515505953
1139262,30.945556303794884
1139263,33.3595767923664
1139264,34.153896486848495
1139265,33.35419818394258
1139266,32.522457719526386
1139267,32.883094865988745
1139268,34.982640759502516
1139269,37.87902847440399
1139270,40.35764783969308
1139271,40.5005428672288
1139272,39.337480302731564
1139273,38.72589025796132
1139274,38.778597887594216
1139275,39.36139144766008
1139276,40.89337884195699
1139277,42.36820057749423
1139278,43.099332218238715
1139279,41.11869882691998
1139280,35.522456783961914
1139376,2.2906120528434295
1139377,4.918826506559715
1139378,10.418275109882304
1139379,18.05011568713648
1139380,25.648163016077238
1139381,28.7290326280016
1139382,28.793715961619405
1139383,28.11579784785817
1139384,27.88626942437082
1139385,27.25847429576162
1139386,27.56137892209556
1139387,28.68305252263606
1139388,31.048390831275768
1139389,34.046343695295114
1139390,38.7667405690824
1139391,41.33924406014892
1139392,42.806291105623224
1139393,42.41352637280424
1139394,41.77860526723452
1139395,42.209662596634544
1139396,43.72659130307488
1139397,45.447693248703054
1139398,46.61652658098578
1139399,45.89967496754757
1139400,44.39058581105978
1139401,43.25674875610645
1139402,42.884933687284374
1139403,43.628584329964184
1139404,45.47339050367209
1139405,47.7556367562498
1139406,49.901126004834985
1139407,49.288213136847226
1139408,43.41437072016891
1139504,4.124803103996841
1139505,8.078486083183025
1139506,15.700131482418803
1139507,23.515111051654266
1139508,29.50011268578518
1139509,32.758014480295216
1139510,34.11135534957518
1139511,34.64714995942654
1139512,34.20669496487276
1139513,32.47851935020287
1139514,31.30208568930351
1139515,32.19784816545705
1139516,36.42617289668469
1139517,40.82977058386238
1139518,45.38825325392357
1139519,47.864397813560764
1139520,48.83076574663252
1139521,47.97410629434036
1139522,47.477115455704855
1139523,47.67761195432078
1139524,49.053453204218954
1139525,49.7448211055341
1139526,50.526417559833924
1139527,50.35598534762079
1139528,49.524435791152555
1139529,48.53253523764561
1139530,48.10030814938919
1139531,49.04122947144926
1139532,50.561467900239734
1139533,52.081370680662666
1139534,53.65300210757845
1139535,53.38237470976088
1139536,47.281382184558204
1139632,5.543047433293174
1139633,10.213686870376119
1139634,18.230481186508168
1139635,26.188808237629765
1139636,31.35304424522102
1139637,34.76593897661261
1139638,36.826587228001564
1139639,37.94751383554427
1139640,38.15078544590124
1139641,36.735547757322614
1139642,35.42420913136725
1139643,36.87043908655555
1139644,41.21099507332244
1139645,45.66533025245975
1139646,50.32174683224105
1139647,51.937550105995065
1139648,52.21914771565512
1139649,51.229300275842846
1139650,51.12248425971311
1139651,50.7602326770652
1139652,51.546058513010216
1139653,52.11473087565005
1139654,52.710858760525035
1139655,52.67288073194294
1139656,52.52136964637018
1139657,51.53705129529345
1139658,52.08843566965988
1139659,52.941559625277435
1139660,54.108045033719975
1139661,55.07532167042386
1139662,56.528065000381396
1139663,55.47615510362877
1139664,48.43200057423242
1139760,6.482765736997271
1139761,11.386048008585425
1139762,19.456096132596997
1139763,27.637353209060883
1139764,33.579315466549936
1139765,37.311856052593114
1139766,39.40988677478997
1139767,40.959508414721775
1139768,41.879440472180725
1139769,41.21656246699856
1139770,40.32594116143112
1139771,41.40807278848375
1139772,44.60638916055094
1139773,49.46538807269755
1139774,53.975246467093754
1139775,55.79460310060252
1139776,55.517305756744
1139777,54.37104052648847
1139778,53.9204851813727
1139779,53.69647628632601
1139780,53.73040666113067
1139781,53.551637430855486
1139782,54.007832965363995
1139783,53.799667658909854
1139784,54.018152260684424
1139785,53.92671482274888
1139786,54.083616885063435
1139787,55.28730395237106
1139788,55.99575666804002
1139789,56.99978121074722
1139790,58.25169692123749
1139791,56.98594074421189
1139792,48.753613063350706
1139888,6.994161709474805
1139889,12.303247826556357
1139890,21.150810880732838
1139891,29.89047433492672
1139892,36.5626144717241
1139893,40.392181134658074
1139894,42.711102333410004
1139895,44.15553805576069
1139896,45.894105157384125
1139897,46.006817169495584
1139898,45.436256362933136
1139899,46.247869641619616
1139900,48.66768150461852
1139901,52.83916228441728
1139902,57.10038743704227
1139903,58.80353038276737
1139904,58.14959718952726
1139905,57.273721400094026
1139906,56.67953826591833
1139907,56.32475557368359
1139908,55.83529384930659
1139909,55.33306255372959
1139910,55.38081620188789
1139911,55.66293563763763
1139912,55.86145767102956
1139913,56.32821835271992
1139914,56.525178324799974
1139915,57.1363479354213
1139916,57.61849838572798
1139917,58.39681788721465
1139918,59.51100467506826
1139919,57.701976427573214
1139920,48.42204493420541
1140016,7.056725612562063
1140017,13.833398071543948
1140018,23.421796994447845
1140019,32.755732655700946
1140020,38.8953473165733
1140021,42.94519242994454
1140022,44.51633750508487
1140023,46.26769535441903
1140024,47.81885221604954
1140025,48.2216698920911
1140026,48.045243236020184
1140027,48.584586312724745
1140028,51.064494436905726
1140029,54.9241870287228
1140030,59.11108307811111
1140031,60.69070943725606
1140032,60.045747967023814
1140033,59.07065692888421
1140034,58.83234545395431
1140035,58.325186658981345
1140036,57.85388312986424
1140037,57.30668550298016
1140038,56.892732932119706
1140039,57.083737791140535
1140040,56.823742314046896
1140041,57.001411281306424
1140042,57.41940854888197
1140043,58.01376470812851
1140044,58.33571671841373
1140045,58.58991798603871
1140046,59.71639436757447
1140047,57.837710240560305
1140048,47.190039916052456
1140144,7.383170338076204
1140145,15.59771536924077
1140146,25.839537771366313
1140147,34.27528974370258
1140148,38.941966480923476
1140149,40.714705002665944
1140150,41.87992518414982
1140151,42.984162720264024
1140152,43.8997454871055
1140153,44.764609273067514
1140154,45.06297661141657
1140155,45.977231783883276
1140156,48.63094858695485
1140157,53.098288929440166
1140158,58.70296635215127
1140159,61.18447768982308
1140160,60.600386244239026
1140161,59.54692322301915
1140162,59.16089348490924
1140163,58.996863114480945
1140164,58.88421099556275
1140165,58.26160267996604
1140166,57.73064726086063
1140167,56.842854696198806
1140168,56.481889369001046
1140169,56.68859680933546
1140170,57.65852841030477
1140171,57.66737406527153
1140172,57.56796090887003
1140173,57.954488896600516
1140174,59.21730480176857
1140175,57.40008349956167
1140176,46.582889823963576
1140272,7.34868166839966
1140273,15.845079546899923
1140274,25.94828729208072
1140275,33.296552470500046
1140276,34.08208115037723
1140277,32.77347771274274
1140278,32.067234560322824
1140279,32.414164010795226
1140280,32.809534115491545
1140281,33.13679106130462
1140282,33.3456407631325
1140283,34.97381796297885
1140284,38.575567073290806
1140285,46.243389272820124
1140286,55.864410444213625
1140287,60.96256870698811
1140288,60.89854121560206
1140289,59.218638259677306
1140290,58.06612860504842
1140291,58.092320915640094
1140292,59.16172674812534
1140293,58.69225331872413
1140294,58.159679271346086
1140295,57.07884766053871
1140296,56.229675607408396
1140297,56.38818460344896
1140298,57.0921300157581
1140299,57.30151957451654
1140300,57.172428385408644
1140301,57.40738241297887
1140302,58.9249279773458
1140303,57.23097807383737
1140304,46.03171451348022
1140400,6.670596543451799
1140401,14.178625572791544
1140402,22.03753971840363
1140403,27.19527584141766
1140404,27.369528137432987
1140405,25.887112950914194
1140406,24.892857498158758
1140407,24.998734826454523
1140408,24.82772873155731
1140409,24.652661367086615
1140410,25.35435968874031
1140411,26.67243025081354
1140412,31.048555425596717
1140413,41.06884250239884
1140414,53.66020937002048
1140415,60.518818005958394
1140416,61.04578520857605
1140417,58.55596861076396
1140418,56.71327890826624
1140419,56.6392655376253
1140420,58.06364149659622
1140421,58.52858022333886
1140422,57.875871617451516
1140423,56.773583023883546
1140424,55.99273262625184
1140425,55.56056444253915
1140426,56.067850536137115
1140427,56.00008031407393
1140428,55.97810624971707
1140429,56.11667726519119
1140430,57.675346545901256
1140431,56.00085008595097
1140432,45.35963144259356
1140528,5.472377886408404
1140529,11.054365798114235
1140530,16.730547657363044
1140531,20.684167647055858
1140532,22.399153019646864
1140533,22.423748093337235
1140534,22.513272278315334
1140535,22.413763329460462
1140536,22.27198334208314
1140537,21.78143080046912
1140538,22.146067106104535
1140539,23.695808836121856
1140540,28.216097709657763
1140541,38.22357060219358
1140542,51.100657275932825
1140543,58.253621494953926
1140544,58.808257817562094
1140545,56.008564494246535
1140546,53.938805688313096
1140547,54.25457249783829
1140548,55.4193465802898
1140549,55.93860989089866
1140550,55.39906407118008
1140551,53.33793062039817
1140552,51.95597736789547
1140555,51.493045217683566
1140557,51.51637906331906
1140558,52.9245093836139
1140559,51.67187621751444
1140560,41.57333980251888
1140656,3.940996019214532
1140657,8.65084954006903
1140658,13.636075028769492
1140659,17.9200803470785
1140660,19.92813655663587
1140661,20.471945563200773
1140662,20.307174444826998
1140663,19.967978293871813
1140664,19.245104330596376
1140665,18.74993779370084
1140666,18.355218468979288
1140667,19.43836902004672
1140668,23.339294909129254
1140670,43.46817129431955
1140671,50.93400307027838
1140784,2.6791371392913077
1140785,5.983482349410259
1140786,10.548281040850098
1140787,15.442365538138834
1140788,18.06660951798631
1140789,18.231567308960322
1140790,17.67777933471895
1140791,16.886969524177225
1140792,16.308393425349333
1140793,15.753925215271243
1140912,1.7233892767845904
1140913,3.9584721227877413
1140914,8.157670503786937
1140915,13.409239701164747
1140916,16.326442950807728
1140917,16.74231703389223
1140919,14.827784499989162
1141043,11.29744954615738
1141044,14.802670835418725
1141045,15.455812613947842
1141046,14.229413585534324
1141047,12.862041879018989
1141048,12.818572398599638
1141049,12.992113634996622
1141172,13.332351308070503
1141173,13.850883830371604
1141176,9.747657450784182
1152823,18.23909327961471
1152824,18.509538913474866
1152826,18.23248723148554
1152827,18.529663827941892
1152950,19.688669013018234
1152951,21.02324864761918
1152952,22.11489304087204
1152953,23.12552387239328
1152954,23.576643845309217
1152955,23.81459344942023
1152956,23.800522752811794
1153072,8.631117028199949
1153073,11.181668579147795
1153074,13.197686714744298
1153075,15.390330915438769
1153076,17.786305756855526
1153077,20.847253651386506
1153078,24.073837994260302
1153079,27.57249076364831
1153080,31.03572470013816
1153081,33.545156216779795
1153082,34.64911767043822
1153083,34.94231936409287
1153200,9.227123106590904
1153201,12.193669519232225
1153202,15.960210595841632
1153203,20.257723831896083
1153204,24.34570183608045
1153205,28.45328843970636
1153206,33.18227307208308
1153207,38.43448665789049
1153208,44.72952931298276
1153328,11.021735993660682
1153329,15.931008821251663
1153330,23.113851117643453
1153331,31.45176868677853
1153332,37.601897602920126
1153333,41.50251135062941
1153334,43.08017650329805
1153335,46.04308593980083
1153336,50.50830748511822
1153337,54.884604264289145
1153338,56.31650234434881
1153339,57.891977387120924
1153456,16.889241045450742
1153457,24.41667758753285
1153458,31.96253216064057
1153459,39.404725451378326
1153460,45.15471094515292
1153461,47.69882759706153
1153462,47.523989361717184
1153463,48.808542527354206
1153464,52.45398725079955
1153465,56.11926950535509
1153466,57.85692769968302
1153467,59.09266113809925
1153468,61.57143854743256
1153469,65.52352531738708
1153470,68.1507032505711
1153471,67.79828177492665
1153486,54.05256296737496
1153487,55.88045811901575
1153488,47.63344364489968
1153584,21.979735503245674
1153585,30.788519886689233
1153586,37.26487626339239
1153587,42.64904479129417
1153588,47.6058139350947
1153589,49.915900031667846
1153590,49.937863616650766
1153591,50.408810489298546
1153592,53.340181724746266
1153593,56.03326836513539
1153594,58.11940500587781
1153595,59.958497865812035
1153596,62.385240228865825
1153597,67.3377747136167
1153598,71.04919764788943
1153599,71.4046844222629
1153600,69.61955922343186
1153601,68.28603075589459
1153602,67.92918911795888
1153603,68.02975874319459
1153604,68.81461453260955
1153605,68.91036525577161
1153606,68.52852690607527
1153607,68.28356816178562
1153608,68.21020426197309
1153609,67.68287458766174
1153610,67.25721015930823
1153611,66.3042581391928
1153612,65.69682114388866
1153613,65.89962830530652
1153614,68.04472688370669
1153615,67.0337114386735
1153616,55.08378958023955
1153712,24.13725398218463
1153713,33.93386069843743
1153714,40.860495484286034
1153715,45.561615008872074
1153716,50.25528269839987
1153717,52.94975527983557
1153718,52.851956021460694
1153719,53.1000554449031
1153720,54.96217994444503
1153721,57.33051025321043
1153722,59.37845014627004
1153723,60.53618752557208
1153724,63.233416348779286
1153725,67.86095002502194
1153726,72.56569528515895
1153727,73.79845839334973
1153728,72.8181221581392
1153729,71.8326815069857
1153730,71.84539261246692
1153731,71.68784358075187
1153732,71.75073362800585
1153733,72.0670517385487
1153734,72.40156495380326
1153735,72.23411224930302
1153736,72.13100031261601
1153737,72.05417756517141
1153738,71.60890761314705
1153739,71.28877722371166
1153740,70.809258004803
1153741,70.92388981280529
1153742,72.54907042515732
1153743,70.28568641464925
1153744,57.080447115910445
1153840,26.538830349765696
1153841,37.02187854111684
1153842,43.53754506953163
1153843,47.42523772233046
1153844,51.44286659593462
1153845,53.52490862766441
1153846,53.53583893526124
1153847,53.14328615709557
1153848,54.05396169374511
1153849,56.294504607742056
1153850,58.77248215333718
1153851,59.82443556682934
1153852,62.92517385058911
1153853,67.2627212425745
1153854,72.27723531269073
1153855,74.07725028318072
1153856,74.03460528424594
1153857,73.53344480065421
1153858,73.77412394085366
1153859,73.1820493938829
1153860,72.66242521917867
1153861,72.65980503031972
1153862,73.20342618014635
1153863,73.45084161403271
1153864,73.96861895330026
1153865,73.47548199962709
1153866,73.40516466224808
1153867,72.62519518034054
1153868,71.97852276563424
1153869,71.72689677410095
1153870,72.95490747926723
1153871,70.10772983462992
1153872,57.113305954897164
1153968,29.147748418775397
1153969,38.878203630340714
1153970,44.42057074063995
1153971,47.396785272278166
1153972,50.11114369309953
1153973,51.77580267842478
1153974,51.90144249876818
1153975,50.97907399888624
1153976,51.82856667749089
1153977,53.58328670958923
1153978,55.996599292773595
1153979,58.03072940393873
1153980,61.082229672092815
1153981,65.44339435787509
1153982,70.8788002319576
1153983,73.51365180077755
1153984,74.47621215146974
1153985,74.70442285896057
1153986,74.56854075718991
1153987,73.40320656165025
1153988,72.26180113290823
1153989,72.78276636462529
1153990,73.32672051226709
1153991,73.64061942459955
1153992,73.58396087740445
1153993,73.53859486437388
1153994,73.25214880339684
1153995,72.88513651048325
1153996,72.23845179318083
1153997,71.9795852046802
1153998,72.41989095563734
1153999,70.01840821248717
1154000,57.00149242185324
1154096,30.272066950807975
1154097,38.866266229010186
1154098,43.572323460145576
1154099,46.336620633715334
1154100,48.860318735339945
1154101,49.887072362855704
1154102,49.749195303669886
1154103,49.054121222591974
1154104,49.618775315150515
1154105,50.99194006434472
1154106,53.6715272022311
1154107,55.59782306326286
1154108,59.13041157179473
1154109,63.74743426119412
1154110,68.95885806247078
1154111,72.45991491622432
1154112,73.75701871386205
1154113,74.40325294967492
1154114,74.47547463536196
1154115,73.80079451793594
1154116,73.43622214767008
1154117,73.56771027037671
1154118,73.52757694301171
1154119,73.72848854589661
1154120,73.80620399579412
1154121,73.45961896742882
1154122,73.44781744289321
1154123,73.40331326344344
1154124,73.10865662757338
1154125,72.95369453695162
1154126,73.12258158423002
1154127,70.17469604627533
1154128,58.39082486235027
1154224,28.639375927725396
1154225,37.028087796613725
1154226,41.59702116051324
1154227,44.53246610138415
1154228,46.53865191882724
1154229,47.41955900412188
1154230,47.29773876186431
1154231,47.196575201673625
1154232,47.462094101624295
1154233,48.86764043364806
1154234,50.389373530274234
1154235,52.60900204943587
1154236,56.74972819537505
1154237,61.53549994298578
1154238,66.74569965708123
1154239,69.64855786554875
1154240,72.08293451647737
1154241,73.47654816753622
1154242,74.1395147808818
1154243,74.20723285080972
1154244,74.03745874443376
1154245,74.2173931129885
1154246,74.72549600769007
1154247,74.15078879105661
1154248,73.83145921860367
1154249,73.59797151075794
1154250,74.03210721756386
1154251,73.79433772639845
1154252,73.66433404041977
1154253,73.4900742258366
1154254,73.30650235444061
1154255,70.37631291048817
1154256,59.42540693097577
1154352,26.087740447462433
1154353,34.36950687786064
1154354,39.18519367998021
1154355,42.40026137866516
1154356,44.311917139475526
1154357,45.21845447120375
1154358,45.5278262539456
1154359,45.574389773341935
1154360,46.1851978445503
1154361,46.86473109238616
1154362,47.955727164902086
1154363,49.63519700118005
1154364,53.403032263275314
1154365,58.25782267147599
1154366,62.80058129340367
1154367,66.41243939005089
1154368,69.40831427607475
1154369,71.2023578274425
1154370,72.28268550296742
1154371,72.53068759501625
1154372,73.13106097987465
1154373,73.0063265402536
1154374,73.26646846897174
1154375,73.0336045351018
1154376,72.7568101233879
1154377,72.98096108355755
1154378,73.17806183462353
1154379,73.18515221655288
1154380,73.05870650930919
1154381,72.97087600998971
1154382,72.49333689620669
1154383,69.68420206384226
1154384,59.192745165814436
1154480,22.379490217954025
1154481,30.2036877551139
1154482,35.11122731221547
1154483,37.97756871239624
1154484,40.42969307212956
1154485,41.4198177162593
1154486,42.56449261234412
1154487,43.186524289719344
1154488,44.42502916209664
1154489,45.780080535827544
1154490,46.08915668220505
1154491,46.49622884843878
1154492,49.198486445921326
1154493,53.28179532396204
1154494,57.728382176833506
1154495,61.49785567836471
1154496,65.19814009563176
1154497,67.41180700917934
1154498,68.74911391450814
1154499,69.4615170472093
1154500,69.85678495316785
1154501,70.12615891358884
1154502,70.43693023894086
1154503,70.25164824408206
1154504,69.96937201636595
1154505,70.48064927112992
1154506,70.95328940373248
1154507,71.02345725597384
1154508,70.79117911525174
1154509,70.742491920275
1154510,70.39522479853865
1154511,67.15606585479647
1154512,57.333153929257755
1154608,15.81884955188521
1154609,21.32743055484216
1154610,24.953961207360724
1154611,27.88762456279939
1154612,29.894728907462415
1154613,31.677669825528874
1154614,33.649042795460005
1154615,35.75977628069983
1154616,39.395272086013065
1154617,41.95400817713001
1154618,42.89949062247725
1154619,42.57658420811887
1154620,43.74768253143284
1154621,47.02390163289582
1154622,51.149662232424475
1154623,54.5610342457767
1154624,58.021140869448885
1154625,60.48475668317901
1154626,63.3398155088911
1154627,64.52853815098096
1154628,65.29536417078486
1154629,64.83239462965942
1154630,64.58344150335765
1154631,63.69869669060063
1154632,64.22487048642462
1154633,65.15349878202963
1154634,66.44802804612324
1154635,66.78350325592999
1154636,66.76975408614264
1154637,66.39108226752568
1154638,65.3766096675199
1154639,62.20665461590254
1154640,53.183046263337864
1154736,9.19353284091977
1154737,11.671599577586257
1154738,14.758646494993773
1154739,18.295810083713754
1154740,20.82828147776173
1154741,21.718948727112227
1154742,22.967969533713926
1154743,25.234309054611792
1154744,29.527189460301827
1154745,32.93526828848985
1154746,33.69927996558655
1154747,33.242291207001045
1154748,34.094152745698004
1154749,35.843801451441614
1154750,38.424468573382335
1154751,40.673348672743124
1154752,43.86056831449541
1154753,48.46376995448989
1154754,53.3948192201465
1154755,56.76561645768061
1154756,57.37475804886746
1154757,55.9493936850024
1154758,54.25945895978411
1154759,53.94471568138475
1154760,55.74701475370621
1154761,58.02090404736039
1154762,59.43767045409476
1154763,59.383741843097404
1154764,58.81849682837039
1154765,57.84950217997955
1154766,56.38230192155308
1154767,53.018547169498476
1154768,44.84375082929676
1154864,5.371137660598794
1154865,6.792809895483774
1154866,9.81043013916458
1154867,14.422497764078921
1154868,17.199867857400285
1154869,17.057081862613785
1154870,16.276636393801812
1154871,16.600734429923936
1154872,18.77081011253347
1154873,20.434291853414678
1154874,21.249246186271858
1154875,20.85040343757943
1154876,20.834062482950348
1154877,21.12753069840377
1154878,22.168428259212348
1154879,23.248873736119013
1154880,26.480002249781894
1154881,32.46634672739155
1154882,39.58675499056261
1154883,43.49674380397796
1154884,44.782147926241365
1154885,42.814761752150716
1154886,41.544876786492665
1154887,42.24227903156178
1154888,45.07050775921355
1154889,48.352630281215305
1154890,49.75217266703581
1154891,48.59756849536319
1154892,46.77641378211916
1154893,45.04087376434049
1154894,43.87092745312246
1154895,40.31377750318547
1154896,33.22950583970371
1154992,3.241069770680501
1154993,4.6645699968644765
1154994,7.577405242994078
1154995,11.365024205980003
1154996,13.964176445707537
1154997,13.646631421609628
1154998,12.630556949542779
1154999,12.617637726129427
1155000,13.596761477972633
1155001,14.233856044077623
1155002,14.33987324122436
1155003,13.538068740564915
1155004,12.99967744965988
1155005,13.473544493929522
1155006,14.207335508708875
1155007,15.050683620781792
1155008,16.841637639977687
1155009,20.38200841299691
1155010,24.46821463377326
1155011,26.747674706112893
1155012,27.269001327011914
1155013,26.661074223289617
1155014,27.102446406999157
1155015,29.75994579293234
1155016,33.52369191846884
1155017,36.42263972283952
1155018,37.85891226839389
1155019,36.26783485917676
1155020,35.03165728069377
1155021,34.41431070950756
1155022,33.27846746133713
1155023,29.564365053726736
1155024,23.8321811095284
1155120,2.313408702444401
1155121,3.8097252381259312
1155122,6.298307113088894
1155123,9.651423166785206
1155124,11.679237956658204
1155125,11.484835343165788
1155126,10.551801545310203
1155127,10.613206425481112
1155128,11.252872174387662
1155129,11.803510760943563
1155130,11.88547420044565
1155131,11.159679417350468
1155132,10.628775228245933
1155133,11.008575487709102
1155134,12.024276926803385
1155135,12.809959214272784
1155136,13.674724901432564
1155137,14.474266642920496
1155138,15.623857292268488
1155139,16.229977529183422
1155140,16.515396762447065
1155141,16.655008550174852
1155142,17.897740371976646
1155143,19.98265862319561
1155144,22.784898127010575
1155145,25.16344799282366
1155146,26.90879112388915
1155147,27.224967167316525
1155148,27.037988966987953
1155149,27.722832603947417
1155150,26.843109903212174
1155151,23.490081363037195
1155152,18.31211522737642
1155248,1.7490995558485343
1155249,3.143814437952952
1155250,5.8233355547032035
1155251,9.48284554256131
1155252,11.7061362922774
1155253,11.073772874829924
1155254,9.849946096620725
1155255,9.57495439142519
1155256,10.415075699082461
1155257,11.071069056908442
1155258,11.305620151659632
1155259,10.724192720230711
1155260,10.239114006860058
1155261,10.680423319222287
1155262,11.93126497241386
1155263,12.460903364532369
1155264,12.905202417762174
1155265,12.967581999868461
1155266,13.318793637904685
1155267,13.676657653586362
1155268,14.081707515093163
1155269,14.703169358875106
1155270,15.120702801154735
1155271,16.048066490451436
1155272,17.453608499953262
1155273,18.95846216148811
1155274,21.172447152768022
1155275,22.94820306096813
1155276,24.3472821592655
1155277,24.867690915775327
1155278,24.093757434375462
1155279,20.9877688065381
1155280,16.39508321523344
1155376,1.2127862301266752
1155377,2.4901780158261406
1155378,5.375064755323502
1155379,9.61777925765264
1155380,12.218724113471975
1155381,11.46543494728109
1155382,9.79098856307562
1155383,9.618330409403326
1155384,10.716622807337155
1155385,11.9102853451104
1155386,12.500441066883033
1155387,12.159562631240833
1155388,11.75781190062631
1155389,12.303204087304236
1155390,13.431899732542242
1155391,14.052665707263632
1155392,14.061692721916405
1155393,13.906458247758465
1155394,14.149231220287275
1155395,14.608202041540876
1155396,15.483407615810394
1155397,16.55152624043541
1155398,17.727732503155565
1155399,18.373078470921534
1155400,18.913718529121407
1155401,20.229848968431416
1155402,22.111053173166233
1155403,24.414882314501984
1155404,25.984157108012813
1155405,25.89826051395202
1155406,24.95530397066812
1155407,21.60898811396646
1155408,17.164390640909694
1155504,0.80263292650558
1155505,2.1380894086903712
1155506,5.086921956306215
1155507,9.565736082822543
1155508,12.628104601308593
1155509,12.537426021825171
1155510,11.372680271888175
1155511,11.729543032559182
1155512,13.76684777307115
1155513,15.74031775938908
1155514,16.93531693872306
1155515,16.98058458135792
1155516,16.657181999106548
1155517,17.10520559275915
1155518,18.975595834137653
1155519,19.682289105802006
1155520,18.94929985554544
1155521,17.998685042461588
1155522,17.761465552868067
1155523,18.236139821884603
1155524,20.2839542972971
1155525,22.81752943957388
1155526,24.814685681041045
1155527,25.524203505214007
1155528,25.74207071500502
1155529,26.311946986309085
1155530,27.325405708041
1155531,28.976864903647385
1155532,30.20517795915056
1155533,29.799894146136552
1155534,28.434572295053737
1155535,25.407098238491418
1155536,20.655332518703716
1155632,0.8909871821588754
1155633,2.135047276638368
1155634,5.188564756199205
1155635,10.442469909264943
1155636,15.143735654487052
1155637,16.883044267943117
1155638,16.860528273767958
1155639,17.19845124573852
1155640,18.901650399800197
1155641,20.321431849241844
1155642,21.45874714934586
1155643,21.82438314403838
1155644,21.70764861090727
1155645,23.091009350179966
1155646,26.4888116960099
1155647,28.067603477197483
1155648,27.52896856730502
1155649,26.242522810408
1155650,25.719026391326114
1155651,26.34660971686522
1155652,28.82547585047842
1155653,31.910837068743273
1155654,34.694245592844155
1155655,34.41039950744644
1155656,33.61827422759271
1155657,32.951394654607455
1155658,33.53582047865984
1155659,34.14737783422906
1155660,35.03575146392803
1155661,35.60721722886577
1155662,35.470382972135745
1155663,33.21825441470012
1155664,27.980732634544548
1155760,1.3433948290225428
1155761,3.5325000406815987
1155762,7.844150887720838
1155763,14.406412565740814
1155764,21.242943447659677
1155765,24.81728893804182
1155766,25.506242526360936
1155767,25.717653620116383
1155768,25.440238838663937
1155769,24.892915547595766
1155770,24.488516154966213
1155771,24.969862664977093
1155772,26.3306837242332
1155773,28.819594178745284
1155774,33.488956260399796
1155775,35.96772163180747
1155776,36.954578523220036
1155777,36.66903162973711
1155778,36.774907432161676
1155779,37.41746266890618
1155780,39.50441894976775
1155781,41.79929449660283
1155782,43.64132260751033
1155783,42.502539266619486
1155784,40.34824844136437
1155785,38.93175111273425
1155786,38.69946893560591
1155787,39.425206521501316
1155788,40.700042750512154
1155789,42.524237513049485
1155790,44.261593310280276
1155791,43.36501106007664
1155792,37.74461353104993
1155888,2.915114696670893
1155889,6.203279440175155
1155890,13.059496958551895
1155891,20.893579313260208
1155892,26.981408424111144
1155893,30.375511584495754
1155894,31.94453647607681
1155895,32.57586970176143
1155896,31.729889502407662
1155897,30.10740991170732
1155898,28.561439740483777
1155899,29.063991217854845
1155900,31.509922597830393
1155901,35.21536140029612
1155902,39.99018790549682
1155903,43.02488946229767
1155904,44.6563868963017
1155905,44.18524685997302
1155906,44.09494220957907
1155907,44.68073976420765
1155908,46.38736502031882
1155909,47.965231356256
1155910,48.94714118522244
1155911,48.23585712572872
1155912,46.91885630729975
1155913,45.09483681965484
1155914,44.631972982390614
1155915,45.148741711189125
1155916,46.37638167869415
1155917,47.58790682689382
1155918,49.52516992920948
1155919,49.535476826647844
1155920,44.101582652252574
1156016,4.265899745528749
1156017,8.523096152704685
1156018,16.50291343759979
1156019,24.478824473798465
1156020,29.951455323568016
1156021,32.98827636618581
1156022,35.104207614533614
1156023,35.97461063950307
1156024,35.6927269535665
1156025,33.64793388650359
1156026,32.092089650889264
1156027,32.71908879721836
1156028,36.34880121464929
1156029,40.7969351640291
1156030,45.11701895612274
1156031,48.000032342118736
1156032,49.34644755957382
1156033,48.816993834101815
1156034,48.36149690621887
1156035,49.005993381615326
1156036,50.20643656529539
1156037,51.414247521797954
1156038,51.93589701303917
1156039,51.71897773751449
1156040,51.12405539057236
1156041,49.89912160971453
1156042,49.46063455644212
1156043,50.24675285671312
1156044,50.87364180842742
1156045,51.50450321564776
1156046,53.08282908591235
1156047,53.0248990206843
1156048,47.14671699049527
1156144,5.478094063764262
1156145,10.056707758024155
1156146,17.832641632423574
1156147,26.05015002980407
1156148,31.374641083403045
1156149,34.679214334590384
1156150,36.417944519982846
1156151,37.69095752978017
1156152,38.069829842018585
1156153,36.52731565049634
1156154,35.6020789049084
1156155,36.62532179019417
1156156,40.51165638268259
1156157,45.081931991379726
1156158,50.00386713905527
1156159,52.445435522783946
1156160,53.14775046383324
1156161,52.943579173792415
1156162,52.262516239418716
1156163,52.73155379469694
1156164,53.36007329018831
1156165,53.774113437192426
1156166,53.92935612050571
1156167,54.06212492383126
1156168,53.81276489475891
1156169,53.309328446605726
1156170,53.27801193000825
1156171,53.61584308862119
1156172,53.65888057171569
1156173,54.44433254185331
1156174,56.25633497695213
1156175,55.70240377545317
1156176,48.821086457706706
1156272,6.091349365572357
1156273,10.64068157742189
1156274,18.68182410088816
1156275,27.49894738639454
1156276,33.014405983274074
1156277,36.42824764014295
1156278,38.51662777731168
1156279,40.035085435550855
1156280,40.69279952953567
1156281,40.14008609438138
1156282,39.30673299125513
1156283,40.773523882550414
1156284,44.6056960565889
1156285,49.14293744264444
1156286,54.3747072439844
1156287,56.69753560505047
1156288,56.92591703353101
1156289,56.03194053028797
1156290,55.973294171030105
1156291,55.945572696169755
1156292,56.43578478529874
1156293,56.00212773185897
1156294,55.84729548736952
1156295,56.23265218140493
1156296,55.93660281147086
1156297,55.46067774978368
1156298,56.00091412736288
1156299,56.02182231136776
1156300,56.000681085818826
1156301,56.61738677346509
1156302,58.207349095030615
1156303,57.520426398363675
1156304,49.699909283304144
1156400,5.94222144941463
1156401,10.990116321395512
1156402,19.509864584759903
1156403,28.625959461194427
1156404,34.7206747511763
1156405,39.00068504426713
1156406,40.45394168803573
1156407,42.11109504010548
1156408,43.249642015023596
1156409,43.4023506122287
1156410,43.44053660894817
1156411,44.73030106711169
1156412,48.294270049963785
1156413,53.03528395082998
1156414,57.482480814788865
1156415,59.85661294869173
1156416,59.305315704417374
1156417,58.7087006034646
1156418,58.410967273951705
1156419,58.18753354723044
1156420,58.568617238823954
1156421,57.83557689209729
1156422,57.584640985607535
1156423,57.48283121232119
1156424,57.53206125988579
1156425,57.37956355003517
1156426,57.57801255266938
1156427,57.51115464039039
1156428,57.329591106581276
1156429,57.451750336920796
1156430,58.84201280669675
1156431,57.881746253077345
1156432,48.85796888618227
1156528,5.65912585220243
1156529,11.546118974920002
1156530,20.883599739916
1156531,30.039272851725766
1156532,35.748935299654754
1156533,38.90630321779988
1156534,39.86595524672752
1156535,41.12711108484615
1156536,42.577613005601656
1156537,43.7421507439577
1156538,44.822880178903816
1156539,45.71232527208466
1156540,48.80848678791802
1156541,53.94552470915958
1156542,58.95151031543258
1156543,61.26853840088407
1156544,60.80872845179888
1156545,59.570426405495155
1156546,59.13553222984704
1156547,59.38668706906977
1156548,59.31132920221346
1156549,58.831821779308704
1156550,58.22498420616879
1156551,57.389460025930234
1156552,56.875143183596826
1156553,57.05978306396511
1156554,57.68468384480997
1156555,57.30277275894167
1156556,57.14533466530853
1156557,57.32101886393644
1156558,58.692454706264705
1156559,57.12712661090846
1156560,46.97317439609835
1156656,5.617691895726056
1156657,12.583876377783701
1156658,21.960992690816344
1156659,30.014287221504876
1156660,32.8555819440582
1156661,33.17877916585548
1156662,33.14019320657589
1156663,33.56012637474924
1156664,34.53839281546628
1156665,35.85812880823035
1156666,36.27430366561016
1156667,37.62031682281705
1156668,41.299041100828596
1156669,48.170261834231965
1156670,56.6254735737204
1156671,61.04423369375429
1156672,60.99323107271066
1156673,59.65995183792428
1156674,58.42788136153352
1156675,58.67585027610218
1156676,59.15340490713822
1156677,59.13064025037111
1156678,58.29771375025644
1156679,57.11908302980884
1156680,56.67883784609232
1156681,56.55982618002125
1156682,57.131595174899985
1156683,57.263665449679536
1156684,56.85284705386551
1156685,57.08358347114384
1156686,58.411871397531705
1156687,56.58136506034119
1156688,46.00528235264995
1156784,5.7587418654853115
1156785,12.821722470540537
1156786,21.188032581314545
1156787,26.99393555648781
1156788,27.61933047307821
1156789,25.732940923718196
1156790,24.64592687308068
1156791,25.01660809936196
1156792,25.129521390614286
1156793,25.177013941624097
1156794,25.477665511570954
1156795,26.976877628100787
1156796,31.85439886541979
1156797,41.18719747681587
1156798,53.7366486468237
1156799,60.05691324694349
1156800,60.722566928550265
1156801,58.25632140341428
1156802,56.22713042932017
1156803,56.57189860500028
1156804,57.74178030338694
1156805,58.26772715785276
1156806,57.473270837756765
1156807,56.529317980147646
1156808,55.716196207069295
1156809,55.713184915213894
1156810,56.0448953993246
1156811,56.06145611086312
1156812,56.002932026003805
1156813,56.07235372322214
1156814,57.48393594955996
1156815,56.00081871754629
1156816,45.135270843233094
1156912,5.417439175390499
1156913,11.626368684994441
1156914,17.524134398540586
1156915,21.511222881322674
1156916,22.77824962847769
1156917,22.412168538922977
1156918,22.203808881662603
1156919,22.146599406137028
1156920,21.80383316127421
1156921,21.579850094716164
1156922,21.196738111372568
1156923,22.54427355201256
1156924,26.611214354866274
1156925,36.67438802703327
1156926,49.594344440468504
1156927,56.89213301004977
1156928,57.791776426166614
1156929,55.25858170053574
1156930,52.94469462056447
1156931,53.00413337381862
1156932,54.23193197601775
1156933,54.58361161327269
1156934,54.03493561612835
1156935,52.68649253459068
1156940,53.02290992166418
1156941,52.90816783203153
1156942,54.51942154001907
1156943,52.696117370030834
1156944,42.55327365655391
1157040,5.09929774532651
1157041,10.768680441506458
1157042,15.856449100229426
1157043,19.315210837464765
1157044,20.872256781269172
1157045,21.10884816934872
1157046,20.85287295021912
1157047,20.140892455251617
1157048,18.85997429914131
1157049,17.50020199564067
1157050,17.452959372599196
1157072,34.355406553085984
1157168,4.143631109981291
1157169,9.38791484894794
1157170,14.333922530791659
1157171,17.65734492921353
1157172,19.023454768795816
1157173,18.984664853945457
1157175,16.591418155125872
1157296,2.8809414072161315
1157297,6.71310658629797
1157298,11.26992356899068
1157299,15.139640377541394
1157300,16.979006891396484
1157425,4.018011614636898
1157427,12.573553640997941
1157428,15.297240419262609
1157429,15.710307645254378
1157431,13.815653350836476
1157556,13.064282788034559
1157557,13.501448700060413
1157558,12.69310841461028
1157559,10.745586808840665
1157560,10.319483612957779
1157684,10.627386796705984
1169207,19.18187764308936
1169209,19.396733228880006
1169210,19.439101219266693
1169334,20.219165070765964
1169335,22.2314542819357
1169336,23.813642780930973
1169337,24.878382583900176
1169338,25.39971555158774
1169339,25.428925668636445
1169456,7.002716385357129
1169457,8.120346835306027
1169458,10.208147191377872
1169459,13.225073501182397
1169460,16.97105865842571
1169461,21.611528949312113
1169462,26.22659250824819
1169463,30.743145250320794
1169464,34.86895062907644
1169584,7.664953471225824
1169585,9.83251708945664
1169586,14.264665115052956
1169587,20.23870381608509
1169588,26.088995044873325
1169589,31.32354159258192
1169590,36.172194577071345
1169591,40.81760140235461
1169712,11.21716661690858
1169713,16.2080228978433
1169714,24.01731634395145
1169715,32.71943575482766
1169716,39.75459018123078
1169717,43.90456374775926
1169718,45.17756826620819
1169719,46.74097992737855
1169720,50.34436756111593
1169840,17.888683916761675
1169841,26.383280787719784
1169842,33.473693216228305
1169843,39.847630052026744
1169844,45.09057494902433
1169845,48.23231559719923
1169846,47.50751762575827
1169847,48.33644638113375
1169848,51.50174146244972
1169849,54.791031586418484
1169850,56.47630968351252
1169851,57.71116051305787
1169871,57.16933544024926
1169872,48.12419483323663
1169968,21.92722690585915
1169969,31.840648159199084
1169970,38.42226857601081
1169971,42.85087751741065
1169972,47.295610739707264
1169973,50.05024288633621
1169974,49.66245443135058
1169975,49.79545308959446
1169976,52.21408000909932
1169977,55.88675861361891
1169978,57.912521332553226
1169979,59.43652271901668
1169980,62.13112903217634
1169981,65.88321252124794
1169982,69.89866427436912
1169983,69.71246135330829
1169984,67.50409722027786
1169985,65.7037722655586
1169986,65.38196444112673
1169987,66.04322925998082
1169988,66.56985900439884
1169989,66.78328928858022
1169990,66.40586154060206
1169991,66.43606349503378
1169992,66.45500521029537
1169993,66.3202555200319
1169994,66.42237914022758
1169995,66.4905208512435
1169996,66.15223285584794
1169997,66.31885742214614
1169998,67.98902913576961
1169999,67.32597088888066
1170000,55.37297451727648
1170096,24.02096992570348
1170097,34.00849474269646
1170098,41.05140537769395
1170099,45.22438275568482
1170100,49.80424604776201
1170101,52.017683566378835
1170102,51.42107007657179
1170103,50.88118246862895
1170104,53.09076602228993
1170105,55.548411151992404
1170106,58.0850507947507
1170107,59.66775947831915
1170108,62.524231114645715
1170109,67.47061426308885
1170110,71.53324259249581
1170111,72.44383644504076
1170112,71.54119070399874
1170113,70.09169988083606
1170114,70.03291709679715
1170115,70.0192218875662
1170116,69.99585078397668
1170117,70.2573608718886
1170118,70.3206309325971
1170119,70.10364720018823
1170120,70.27335667553155
1170121,69.99103676353342
1170122,70.00212959866147
1170123,69.99421129359692
1170124,70.07443364606988
1170125,70.11715367085436
1170126,71.92323014804626
1170127,70.00335269615324
1170128,57.104093621310376
1170224,25.754172456352673
1170225,36.55029538290265
1170226,43.04133224304842
1170227,46.75382567423413
1170228,49.84095743391062
1170229,51.87759848053444
1170230,50.83490555595053
1170231,50.37358017920077
1170232,51.338326585836185
1170233,53.83006908682729
1170234,56.340493319405624
1170235,58.364803764041206
1170236,61.38451770618843
1170237,66.41714987363534
1170238,70.94984452043546
1170239,73.48592773685556
1170240,73.5101069131785
1170241,73.21301779401199
1170242,73.29476000570581
1170243,72.749135540597
1170244,72.45026703317414
1170245,72.12193600117249
1170246,72.45796608205372
1170247,72.47761054053245
1170248,72.53165060780897
1170249,72.40837272149967
1170250,72.31241399133347
1170251,72.20510654608343
1170252,71.33814221980649
1170253,71.4269226181092
1170254,72.39291142299027
1170255,69.99641983221241
1170256,57.48310265475686
1170352,27.782640693282502
1170353,37.681221369883424
1170354,43.37741431978612
1170355,46.13948357035269
1170356,48.457952296033405
1170357,49.398215788962645
1170358,49.081268069231015
1170359,48.149946011625985
1170360,48.688899125578494
1170361,50.21280170492686
1170362,52.483515531250646
1170363,55.23359805802897
1170364,58.797481997787436
1170365,64.24087646504286
1170366,69.02106795427787
1170367,72.15182867526828
1170368,74.19594240505388
1170369,74.3716620870312
1170370,74.80389741478874
1170371,73.4845518089046
1170372,73.38851497314657
1170373,73.43476916715095
1170374,73.44098708819475
1170375,73.50148832266146
1170376,73.78415731256996
1170377,73.40266488314951
1170378,73.10900160586691
1170379,73.06344334469328
1170380,72.47850045163729
1170381,72.2786014731994
1170382,72.61497857567903
1170383,69.98794853893574
1170384,58.22077052697771
1170480,27.686471163030234
1170481,36.80192109157235
1170482,41.639180879178454
1170483,44.56233659513545
1170484,46.5903854440509
1170485,47.05201935078235
1170486,46.97502355904509
1170487,46.2752063416667
1170488,46.54648142109719
1170489,47.405978133498
1170490,49.438891819426274
1170491,51.63041073890688
1170492,56.16225832773594
1170493,61.51154241821141
1170494,66.49856622660889
1170495,70.00569483410608
1170496,72.96798828949358
1170497,74.34017391222511
1170498,74.81002853832584
1170499,75.03678654736878
1170500,74.8083739980866
1170501,74.55474249736501
1170502,74.267535025687
1170503,74.25442779015629
1170504,74.03278645076507
1170505,73.6588410441676
1170506,73.8170716249323
1170507,73.76919627065774
1170508,73.88236843774224
1170509,73.69427664454359
1170510,73.35120181943402
1170511,70.53810672969612
1170512,59.3465113856993
1170608,25.841050247321714
1170609,35.052234281106216
1170610,40.06190337939188
1170611,43.15258275017797
1170612,44.77653910138455
1170613,45.21322938450905
1170614,45.02232233438721
1170615,44.520752665516866
1170616,45.09831298605087
1170617,45.64807803096974
1170618,46.886160572772994
1170619,48.699234488085494
1170620,52.963765975662334
1170621,57.994344426108306
1170622,63.19455177539905
1170623,67.31597528360919
1170624,70.87297701250678
1170625,72.4702507347408
1170626,73.80364528221058
1170627,73.95532108395334
1170628,74.27248515272082
1170629,74.11472521844975
1170630,73.9175000845749
1170631,73.62484825657674
1170632,73.13351053387447
1170633,72.47923968168413
1170634,72.87011034559389
1170635,73.27006785765477
1170636,73.69491465436003
1170637,73.27522339716889
1170638,72.6009455785766
1170639,69.46829119593687
1170640,59.17473387384669
1170736,23.608695785764684
1170737,32.78243604421101
1170738,37.874989812709345
1170739,41.07207277855587
1170740,42.742162642659345
1170741,42.67624344446019
1170742,42.63999486477168
1170743,42.53226498475212
1170744,42.686134690281904
1170745,43.8404937403952
1170746,44.57019441722427
1170747,45.57196176073744
1170748,48.77161373946951
1170749,53.86762567105585
1170750,59.14331450546058
1170751,63.65873687339866
1170752,67.70572031777516
1170753,69.75488483915105
1170754,70.91336368822157
1170755,71.53252767996315
1170756,71.91490538976522
1170757,72.0738565093846
1170758,72.00827703885099
1170759,71.50163736689352
1170760,71.2191934001019
1170761,70.94605714182953
1170762,71.77706412429505
1170763,71.9904869903897
1170764,71.87833037060912
1170765,71.46555820972152
1170766,70.51651264658946
1170767,67.33625014583993
1170768,57.22101508385558
1170864,20.03343815839381
1170865,27.327204926493454
1170866,31.731442887448274
1170867,34.502730079463596
1170868,35.66169730563021
1170869,35.960385390421834
1170870,36.25784786103188
1170871,37.007220002504994
1170872,39.04543290099697
1170873,40.954159551892346
1170874,41.82090212541543
1170875,42.09074214526793
1170876,44.34741718172086
1170877,48.55072186335017
1170878,54.123760513574354
1170879,58.732520335794916
1170880,63.330108940393096
1170881,66.01485264451611
1170882,67.91586290609197
1170883,68.59636283753574
1170884,69.09581929900625
1170885,69.39359413298413
1170886,69.21445653142547
1170887,68.05976496446335
1170888,67.51000960504112
1170889,67.93535835164202
1170890,68.98136315485782
1170891,69.4063518092964
1170892,69.10141658754252
1170893,68.15254534634941
1170894,66.40183576122494
1170895,63.003359717806454
1170896,53.254520854504115
1170992,12.770138249867628
1170993,16.93332137645456
1170994,19.87799567571178
1170995,21.995742867188973
1170996,23.35558474568751
1170997,23.701249337299338
1170998,25.128653451893147
1170999,28.24004765042297
1171000,32.940653377120114
1171001,36.459169303730874
1171002,37.2636903145611
1171003,36.98023727817306
1171004,38.06548292859246
1171005,41.29596692812999
1171006,46.41857996031109
1171007,50.46962239622044
1171008,54.499653807796385
1171009,58.01112056724129
1171010,61.350016227356996
1171011,63.186285564639235
1171012,64.17040643780119
1171013,63.63829726472165
1171014,62.39654219152035
1171015,60.75117244078342
1171016,60.425032499025235
1171017,61.11194075724811
1171018,62.91135804167081
1171019,63.07779359340869
1171020,62.787261159292534
1171021,61.30354748318883
1171022,59.36042009681479
1171023,55.7766872109569
1171024,47.05567402041738
1171120,7.626846260334959
1171121,9.641824215491692
1171122,12.102707197886152
1171123,14.723926107898533
1171124,16.54667687264114
1171125,17.050619247771856
1171126,17.867368888436648
1171127,20.087848919616256
1171128,23.73259349295273
1171129,26.781768243240432
1171130,27.226594908086984
1171131,26.16835896586309
1171132,26.51193712177279
1171133,28.410581536576
1171134,31.858073998240357
1171135,33.76805924369745
1171136,37.38330411139924
1171137,42.734190292305904
1171138,49.3899834676631
1171139,53.39069048266121
1171140,54.618754199268466
1171141,53.131522096129956
1171142,50.43366917510952
1171143,49.33641389286516
1171144,50.14546788221935
1171145,51.975352554151904
1171146,53.43631666911362
1171147,52.65125771746561
1171148,51.09185639993195
1171149,49.262730399075096
1171150,47.30523840139659
1171151,43.92164362989958
1171152,36.74819423115017
1171248,4.506671982088846
1171249,6.0053907446197705
1171250,8.706791668052304
1171251,12.925461056967539
1171252,15.070937375013282
1171253,14.901236251977833
1171254,14.290225655696466
1171255,14.47835880353007
1171256,16.02519346434757
1171257,17.170972847130997
1171258,17.43574674821344
1171259,16.245947591987882
1171260,15.871426922782549
1171261,16.62693251249297
1171262,18.08437940931676
1171263,19.221926615009675
1171264,22.076573428784485
1171265,27.409602172199317
1171266,33.84511970649695
1171267,37.86082380919134
1171268,38.994931233679644
1171269,37.289080934491565
1171270,35.117517967877475
1171271,36.076985102047054
1171272,38.62412176589642
1171273,40.374058975452584
1171274,40.40645541316117
1171275,38.71120656388149
1171276,36.24979666132571
1171277,35.01125101900297
1171278,34.26382713670062
1171279,31.642443693896784
1171280,26.21429997076498
1171376,2.935756325168592
1171377,4.222019200938069
1171378,6.976469051378924
1171379,10.989889340467887
1171380,13.490749583737816
1171381,13.091999192987547
1171382,12.07595167910572
1171383,11.922458602082157
1171384,12.795478875017668
1171385,13.489620270258904
1171386,13.271029284886307
1171387,11.979637627925403
1171388,11.139483699096187
1171389,11.472272195554018
1171390,13.03763390804672
1171391,13.528843352562038
1171392,14.92037480211483
1171393,17.08348026830548
1171394,19.36908970215517
1171395,20.78858978266678
1171396,21.176230066650586
1171397,20.98115773674056
1171398,21.16522663015017
1171399,23.06246960992361
1171400,25.33856147833486
1171401,26.808696013080493
1171402,26.526071999011418
1171403,24.964429937966052
1171404,23.82250873660929
1171405,24.14453161455611
1171406,24.060600111558497
1171407,22.13306192235428
1171408,18.506086064864423
1171504,2.275177692904496
1171505,3.7437402195375125
1171506,6.565406785204161
1171507,10.070505160005613
1171508,12.132374518209122
1171509,11.574605216745823
1171510,10.532589446496544
1171511,10.378607879407099
1171512,11.108112750041853
1171513,11.643603316191276
1171514,11.41485868625516
1171515,10.565123843688534
1171516,10.010471639113037
1171517,10.486542012317548
1171518,11.712375771936697
1171519,12.439858581811588
1171520,12.819803581336586
1171521,13.057605694878406
1171522,13.1106515944576
1171523,13.218923074532702
1171524,13.234567347491032
1171525,13.360732667041548
1171526,13.687319406550591
1171527,14.269791300136992
1171528,15.253963645521479
1171529,15.533610681239965
1171530,15.879097262402343
1171531,15.75470493694483
1171532,16.619897110742237
1171533,17.601221658095017
1171534,18.39450921674927
1171535,17.173120940725433
1171536,14.575514048431575
1171632,1.983887256172071
1171633,3.598850512587143
1171634,6.364301318450357
1171635,10.088572231797588
1171636,12.09620729669336
1171637,11.12644017352493
1171638,9.602546735139612
1171639,9.238878763064278
1171640,10.002577766270516
1171641,10.830603364043244
1171642,10.819413175201625
1171643,10.212396421880038
1171644,9.834689742720546
1171645,10.466764410299357
1171646,11.661099427247438
1171647,12.313926936830347
1171648,12.375636430956899
1171649,12.009159327873041
1171650,11.871079901198815
1171651,11.500728988010623
1171652,11.471684914153832
1171653,11.665817194928131
1171654,11.616824588254866
1171655,11.287893172563429
1171656,10.655530629319756
1171657,10.80707404575942
1171658,11.717541168847951
1171659,12.76785954525472
1171660,14.253064491806231
1171661,15.610445154706623
1171662,16.35619748620734
1171663,15.21383058370215
1171664,12.778538379771796
1171760,1.640481927753632
1171761,3.066571906414387
1171762,5.881609740076983
1171763,9.701034958675764
1171764,11.65960089904873
1171765,10.881934872335018
1171766,9.47740699935419
1171767,9.197152032740064
1171768,10.032705890419141
1171769,11.005107548278884
1171770,11.510917238134375
1171771,11.165600905178671
1171772,10.799823778909028
1171773,11.266862905798453
1171774,12.43101720910143
1171775,12.782918148071353
1171776,12.677504863940813
1171777,12.29359264243913
1171778,11.921238530055424
1171779,11.780248945802738
1171780,11.676230614628711
1171781,12.182865850794975
1171782,12.379020048354855
1171783,11.930038342626192
1171784,11.513050442284376
1171785,11.939971086242933
1171786,13.322978541590889
1171787,15.431991121995512
1171788,16.750557787944086
1171789,17.568190497015358
1171790,16.962757931380725
1171791,15.259927309043448
1171792,12.801184701258384
1171888,1.0725479930685762
1171889,2.2557544409495156
1171890,4.640052080066853
1171891,8.414748082606833
1171892,10.64177814479571
1171893,10.730650416053134
1171894,9.916768748589142
1171895,10.453507518539142
1171896,11.742487597002343
1171897,13.35160835581096
1171898,14.19043999997219
1171899,14.393070190918236
1171900,14.384484245216358
1171901,15.219185155865105
1171902,16.430824585092793
1171903,16.73020383022413
1171904,15.95268140444551
1171905,14.728115177800085
1171906,14.09542089868007
1171907,13.830939801158879
1171908,14.541345357295738
1171909,15.858224687302254
1171910,16.843290384029764
1171911,17.03554881053385
1171912,17.106679003625125
1171913,17.92288294855833
1171914,19.467120668182687
1171915,21.112636798179867
1171916,22.22325067171237
1171917,21.838379820290875
1171918,20.347051825830544
1171919,17.902922319163952
1171920,14.616823499007603
1172016,0.6926717854630495
1172017,1.7139644287221336
1172018,4.2506814293444055
1172019,7.894235474096523
1172020,11.17353519420672
1172021,12.94048186426553
1172022,13.614122080816847
1172023,14.72064547912816
1172024,16.769710179183676
1172025,18.156580052846397
1172026,19.061390044376523
1172027,19.325834241848316
1172028,19.137999065283083
1172029,20.553294321349362
1172030,23.328239863745075
1172031,24.283834519404483
1172032,22.773485015989735
1172033,21.022742673477676
1172034,20.144954558857503
1172035,20.26309285723032
1172036,21.93780531595712
1172037,24.462794762253733
1172038,26.677399745768163
1172039,26.59681554937018
1172040,25.9949037210724
1172041,26.306547509933846
1172042,27.18964302183316
1172043,27.914945431148364
1172044,28.441974068351552
1172045,28.356803023773075
1172046,27.173503030789206
1172047,24.47549929831615
1172048,20.063627361575502
1172144,0.8955239026454211
1172145,2.4166423187448167
1172146,5.764383274097044
1172147,11.18202601444448
1172148,17.536111603055772
1172149,21.32677736966526
1172150,22.43173686836393
1172151,22.70299207854414
1172152,23.10486818450191
1172153,22.894285023991173
1172154,22.90332829377018
1172155,22.603182494519352
1172156,22.700686336723475
1172157,25.062482957721592
1172158,29.674204196949916
1172159,31.704571592689778
1172160,31.687301857747435
1172161,30.65084207774938
1172162,30.840049977604707
1172163,31.7078394130707
1172164,33.76847778488993
1172165,36.32590861527502
1172166,38.14198240205794
1172167,36.91410364703304
1172168,35.154498808601694
1172169,34.23794858785139
1172170,34.26133564100321
1172171,34.65790015156034
1172172,35.143066705837484
1172173,36.439907885911644
1172174,37.001407868964385
1172175,35.6342625155994
1172176,29.830577054103475
1172272,1.955404986372575
1172273,4.754886640234468
1172274,10.693005763683335
1172275,17.97088064744063
1172276,24.67474738186256
1172277,28.75409891979639
1172278,30.212510076251494
1172279,30.408035870775212
1172280,29.835026204295158
1172281,28.268051572580738
1172282,26.625589575098655
1172283,26.202588057921044
1172284,27.204759205186743
1172285,30.351249832708305
1172286,35.20818426791837
1172287,38.08813279031291
1172288,38.85538308260915
1172289,38.752087775780375
1172290,39.415290161419314
1172291,40.836862684809596
1172292,43.15513857763419
1172293,44.82673383869605
1172294,46.27682337695969
1172295,45.40706737666202
1172296,43.659533766798624
1172297,41.788533536904936
1172298,41.41963021890484
1172299,41.48509919404277
1172300,42.033483631169645
1172301,43.060515708160686
1172302,44.63269572875706
1172303,44.05287997347013
1172304,37.91581186051149
1172400,2.956179062462165
1172401,7.127504144533251
1172402,15.037496367924128
1172403,23.555851599131547
1172404,29.331615518843858
1172405,32.48284317746938
1172406,34.20220726481682
1172407,35.41552393213003
1172408,34.972737535258325
1172409,32.614916684788255
1172410,30.250680908559982
1172411,30.190265061644077
1172412,32.083690163346176
1172413,35.70851689879071
1172414,40.260449221521064
1172415,43.44809404229951
1172416,44.70796020897991
1172417,44.92297737274245
1172418,44.893205216036364
1172419,46.42973729495063
1172420,48.72501663099505
1172421,50.263182952977616
1172422,51.17439202766952
1172423,50.84070561040429
1172424,50.01666534909353
1172425,48.53038949520838
1172426,47.55471068935089
1172427,47.60634322766808
1172428,47.74968422220595
1172429,48.50650585232656
1172430,49.60758541551481
1172431,49.03604696088085
1172432,42.99439200323898
1172528,4.284385533033256
1172529,8.716835582343863
1172530,16.69482531543924
1172531,25.297714895927058
1172532,30.699926476629567
1172533,33.59124197505481
1172534,35.86164902566918
1172535,36.79066728028588
1172536,37.12865323387343
1172537,34.95495505846653
1172538,33.25952530703232
1172539,33.47708283547561
1172540,36.21321755448694
1172541,39.971610262260825
1172542,44.76630826244684
1172543,47.96727141096174
1172544,49.73392675243924
1172545,49.84043494720795
1172546,50.079464827515466
1172547,51.11805780691602
1172548,52.54555515383386
1172549,53.35016792356773
1172550,54.03894212461604
1172551,53.77537063304072
1172552,53.32973765871085
1172553,52.65362423812436
1172554,52.003946373320105
1172555,52.332392686944786
1172556,52.292147812568004
1172557,52.681445179748266
1172558,53.72821119343044
1172559,53.25869662966888
1172560,46.50149993184159
1172656,5.247406545854562
1172657,9.608617709873394
1172658,17.656397515871003
1172659,26.09765434092956
1172660,31.658645844470126
1172661,34.75034549683968
1172662,36.61962325230543
1172663,37.965320245946224
1172664,37.847653839942694
1172665,36.84888236854883
1172666,35.370469552893695
1172667,36.293668183029034
1172668,39.45914342176995
1172669,44.02947606334223
1172670,49.032510303508836
1172671,52.62736408001016
1172672,54.119318328832954
1172673,54.131585918862044
1172674,54.46297497214554
1172675,54.84208167480359
1172676,55.993820889937965
1172677,56.1650744300962
1172678,56.40978666707362
1172679,56.292996961691856
1172680,55.99464859199178
1172681,55.700703289905846
1172682,55.44619667580693
1172683,55.6314457612677
1172684,55.35120755392483
1172685,55.59625708238152
1172686,57.025350236142984
1172687,55.99568631305267
1172688,48.425266313796406
1172784,5.593373521054845
1172785,9.960943356212606
1172786,18.06077818493086
1172787,27.143320678550847
1172788,32.64381532583025
1172789,35.380885674407224
1172790,37.59775696078086
1172791,38.47989973482531
1172792,39.14127321215476
1172793,38.6277503712102
1172794,38.25936696691258
1172795,39.7595521826562
1172796,43.86651924375748
1172797,48.985581520527944
1172798,53.89244433008181
1172799,56.79898039191426
1172800,57.52911028023992
1172801,57.46357966442676
1172802,57.40548138179868
1172803,57.705057836257836
1172804,58.41405473392646
1172805,58.074282491443874
1172806,57.84857063052593
1172807,57.72096676308541
1172808,57.72279540539156
1172809,57.63587314979792
1172810,57.60044555487246
1172811,57.501144995224294
1172812,57.374469008720574
1172813,57.03574372586372
1172814,57.977779826894114
1172815,57.10978908200788
1172816,49.568443997426776
1172912,5.321612666699637
1172913,9.844751357344569
1172914,18.2337661849192
1172915,27.399199327670395
1172916,33.085120509769844
1172917,35.64146760884431
1172918,36.82199599787439
1172919,37.93463364096338
1172920,39.174141856912904
1172921,39.65346896976994
1172922,40.58837717963378
1172923,42.350800465589856
1172924,46.89501015195064
1172925,52.460090812514665
1172926,57.431664466588515
1172927,59.65552212217637
1172928,59.63007908985431
1172929,59.010184040106395
1172930,58.89744341840112
1172931,58.929219043667835
1172932,59.283100384435876
1172933,58.97656063463761
1172934,58.54988316233952
1172935,57.93561499557077
1172936,57.63938446993863
1172937,57.658418335391055
1172938,57.84752297909179
1172939,58.05860080494425
1172940,57.72744514231023
1172941,57.8190918862636
1172942,58.82904347567821
1172943,57.49426788500399
1172944,48.99017993755113
1173040,4.583532241371903
1173041,9.791914680429699
1173042,18.242815340409173
1173043,26.807992771105372
1173044,31.228666273607047
1173045,32.263680918337045
1173046,32.65296064593604
1173047,32.93097704147122
1173048,34.31477995837515
1173049,35.60460851699369
1173050,36.22307176128868
1173051,38.13302821354081
1173052,42.79618278092068
1173053,49.76207661824553
1173054,57.21480623259777
1173055,60.33015778557417
1173056,60.58959622213625
1173057,59.3005629344072
1173058,58.85082832673601
1173059,58.8832717400515
1173060,59.40230252697068
1173061,59.26653845127829
1173062,58.448419320966245
1173063,57.138444926589166
1173064,56.77578487053704
1173065,56.953926098123226
1173066,57.673037649049114
1173067,57.70912044124885
1173068,57.66458099305112
1173069,57.88090900706439
1173070,59.100319103516384
1173071,57.24134223349016
1173072,47.21744071544586
1173168,4.047379023524274
1173169,9.447414783950398
1173170,17.34123942778833
1173171,24.24656884558592
1173172,25.64947780830029
1173173,24.610744441695946
1173174,23.252687292952935
1173175,23.07168831479171
1173176,23.961006228010138
1173177,24.902874109001925
1173178,25.490679008051877
1173179,26.970632769679426
1173180,31.992728997613664
1173181,41.52682326494595
1173182,53.06167066839484
1173183,59.30993528952683
1173184,59.72882687541335
1173185,57.55115022373717
1173186,56.17006505283559
1173187,56.416602263485274
1173188,57.73724571653001
1173189,58.113944287095144
1173190,57.511214611544325
1173191,56.46862133044842
1173192,55.765125076309445
1173193,55.923197172586505
1173194,56.57873425000709
1173195,57.31068224025969
1173196,57.216106727326746
1173197,57.60892294287839
1173198,58.67532022825485
1173199,56.81591052664926
1173200,45.87848647236978
1173296,4.087046533568181
1173297,8.824302111690901
1173298,14.499396674589626
1173299,18.824070253813463
1173300,20.528177403622973
1173301,20.48502479734698
1173302,19.882284616031697
1173303,19.383025635357427
1173304,19.548641888309476
1173305,19.50945476302321
1173306,19.501765317389374
1173307,20.434157863607187
1173308,25.01872209781403
1173309,35.01610651369676
1173310,48.25186943448897
1173311,55.94427318375101
1173312,56.58260921902845
1173313,53.852506356951686
1173314,52.21603839886763
1173315,52.666572462553674
1173316,54.517509538407786
1173323,54.057029854901494
1173324,54.359976639092224
1173325,54.88471988244181
1173326,56.30309137069947
1173327,54.392497798488336
1173328,43.81894621698867
1173424,4.384507183449923
1173425,9.39302914530674
1173426,14.143218906026462
1173427,17.436185759515112
1173428,18.9839723824536
1173429,19.583200053757366
1173430,19.194981860367413
1173431,18.265640541623007
1173432,17.54608205684324
1173433,16.967723161897798
1173453,47.72981080110908
1173454,48.90172343180622
1173456,37.01417084345348
1173552,4.546086904068486
1173553,10.167785643399302
1173554,15.128464283627316
1173555,17.654781415577276
1173556,18.424452830818694
1173557,18.128292452591573
1173680,4.104728036364292
1173681,9.446194934802751
1173682,14.249640705508615
1173683,16.883474309768314
1173684,17.656915292013785
1173808,3.111978829455889
1173809,7.409916468112259
1173810,11.983160226244562
1173811,15.174806259110184
1173936,1.7423717611621201
1173937,4.492931561057436
1173939,12.038517563072922
1173940,14.139581703736182
1173941,14.015425084493897
1173942,13.10135627689516
1173943,12.026888831745635
1174064,0.6923870691593911
1174066,4.708933684690209
1174067,8.174628504996724
1174068,10.66067753172338
1185463,17.504315643119273
1185590,18.753629144047576
1185591,19.77598967567283
1185592,19.957847239475083
1185713,6.075559181943552
1185714,7.174193328105754
1185717,18.11530871931393
1185718,21.377992403073247
1185719,23.93479020262874
1185720,25.754482854969293
1185721,26.973294344773507
1185840,6.034267236444978
1185841,6.271912070901352
1185842,8.309436689669917
1185843,12.001552191773841
1185844,17.13466026094557
1185847,33.268247850389045
1185968,7.604707685722397
1185969,9.853203634880142
1185970,15.253718570021174
1185971,23.10628557838508
1185972,30.110418528284416
1185973,35.54710492320748
1185974,38.618262352721985
1186096,12.43589175075608
1186097,18.41919594526199
1186098,26.380374668833053
1186099,35.26620055973832
1186100,42.07703039257434
1186101,46.06934219583762
1186102,45.723994009818156
1186103,45.871930711267915
1186224,19.03211535518041
1186225,28.626595022480554
1186226,35.50204427880924
1186227,40.95046193600166
1186228,45.78099627179491
1186229,47.857119402123985
1186230,46.748504155531734
1186231,46.18328839339608
1186232,49.107767916243695
1186233,52.832348822387466
1186234,54.95451643891245
1186256,48.16372401015045
1186352,22.024215091654654
1186353,32.74332670086663
1186354,39.263258191319
1186355,43.29554036334433
1186356,46.86409120627932
1186357,48.869245469984236
1186358,47.99807334701473
1186359,47.447906461397324
1186360,49.752052245016586
1186361,53.36067554341707
1186362,55.09952256441583
1186363,57.20521831334243
1186364,59.89526629881385
1186365,64.02938923067694
1186381,64.49801692063158
1186382,66.48339522905063
1186383,65.7993201443502
1186384,54.74149514481249
1186480,23.182910978460644
1186481,34.14583650585737
1186482,40.83032674921071
1186483,45.11036798550579
1186484,48.219372908779036
1186485,49.94806538286595
1186486,49.57158816926791
1186487,48.45943782659066
1186488,49.88803577571402
1186489,52.53293244030742
1186490,54.6414273819404
1186491,56.797587474175344
1186492,60.33798506778044
1186493,65.03703376533265
1186494,69.09109013627206
1186495,69.89737729252464
1186496,69.2351837496617
1186497,68.21120528552305
1186498,67.8706644762047
1186499,68.01245817093236
1186500,68.0434417358348
1186501,67.33890963097629
1186502,66.66397668468711
1186503,66.33776424556925
1186504,66.4318392448879
1186505,66.52335337270289
1186506,67.2886808438991
1186507,67.95690365782752
1186508,68.05090958531959
1186509,68.28353293498708
1186510,70.04004519217368
1186511,68.80232080467536
1186512,57.34418081753176
1186608,24.351221438274795
1186609,35.48255238724997
1186610,42.14495300077511
1186611,45.50147278065289
1186612,47.84098446259304
1186613,48.83666750737226
1186614,48.640844977216965
1186615,48.00740144865397
1186616,48.407391871199174
1186617,50.342858039248206
1186618,51.901880574875236
1186619,54.11384051254209
1186620,58.36569655081709
1186621,63.80349136377389
1186622,68.37505097129969
1186623,70.85188322038535
1186624,72.5521492278455
1186625,72.51764269230107
1186626,71.99662101134125
1186627,71.29645952789645
1186628,70.89927405413813
1186629,70.49065759062077
1186630,70.04734143565099
1186631,70.0417139981591
1186632,70.01181449200202
1186633,69.98432996556556
1186634,70.0185234156155
1186635,70.37667607657443
1186636,70.09151841277402
1186637,70.18492777956864
1186638,71.3781927907393
1186639,69.64236443216234
1186640,58.0108177984502
1186736,25.87399772364062
1186737,35.724734814137946
1186738,41.685330613051946
1186739,44.93222499351244
1186740,46.291380143463876
1186741,46.99960797599608
1186742,46.70417681829168
1186743,46.22104289198587
1186744,46.5577126270797
1186745,47.402528869638594
1186746,48.60462104881209
1186747,51.08292843454268
1186748,55.50460996513176
1186749,61.02048365564528
1186750,66.14874136485224
1186751,69.74967753281078
1186752,72.69517967720134
1186753,73.59383648124005
1186754,73.997328754547
1186755,73.09754474739485
1186756,72.62767629148783
1186757,72.49143606371625
1186758,72.77364815595611
1186759,72.71946955262797
1186760,72.51617220749928
1186761,72.04530103682906
1186762,72.27964879464642
1186763,72.49720283383607
1186764,72.49889714593331
1186765,72.28426943672999
1186766,72.28223011824743
1186767,69.69164948919168
1186768,58.434078055808634
1186864,25.579001777729275
1186865,35.035431059579935
1186866,40.645703948724396
1186867,43.60516218396577
1186868,45.195240794177536
1186869,45.64645641853634
1186870,45.24144966776609
1186871,44.89694457391073
1186872,44.6821313862576
1186873,45.48098372703454
1186874,46.54890669190909
1186875,48.77952903478346
1186876,52.54057642569107
1186877,57.873736520597745
1186878,63.49581134252461
1186879,67.70445468188939
1186880,71.1513842512107
1186881,73.07688020274794
1186882,73.6891674433431
1186883,73.59921301102253
1186884,73.85809011889772
1186885,73.81348714260128
1186886,73.55142237646471
1186887,73.23729629329253
1186888,73.34066584739647
1186889,72.53956482144453
1186890,72.83577068464702
1186891,73.2825048253402
1186892,73.62825114258682
1186893,73.3489268862295
1186894,72.59062084298685
1186895,69.39354381317617
1186896,58.32132124524102
1186992,24.018176662672897
1186993,33.59536444251941
1186994,39.13370802702046
1186995,42.052656261013446
1186996,43.76174735706799
1186997,43.806275362149464
1186998,43.51778751161712
1186999,43.360236890832404
1187000,42.876530109409934
1187001,43.95803805002614
1187002,44.85040252579135
1187003,45.81364522782275
1187004,49.0101612500211
1187005,54.255663884317734
1187006,60.2121943281053
1187007,64.86573259351279
1187008,69.0710030152498
1187009,70.85422682373019
1187010,71.9065668458407
1187011,72.40063062872963
1187012,72.91775165454628
1187013,72.80143396802981
1187014,73.01912283714103
1187015,72.48468473942624
1187016,71.88091654896006
1187017,71.62628776118191
1187018,72.05414560072788
1187019,72.565309936054
1187020,72.81686252450875
1187021,71.55411887050933
1187022,70.56867400445209
1187023,66.87649575757756
1187024,56.524908934395306
1187120,21.93097465719705
1187121,31.08149955227844
1187122,36.54356440521905
1187123,39.37664204402341
1187124,39.88794193878619
1187125,40.098982008513666
1187126,39.58423303021693
1187127,39.14709135826527
1187128,40.33913795604296
1187129,41.48765288523891
1187130,42.5911678665617
1187131,43.11306011193391
1187132,45.23602491182917
1187133,50.17537975185812
1187134,55.932303668098
1187135,61.50114567891694
1187136,66.05160309968016
1187137,68.42336983562365
1187138,69.71083505302857
1187139,70.42199189658906
1187140,70.62029044688008
1187141,70.78324948527766
1187142,70.88417049263002
1187143,69.99978425049994
1187144,69.25387528895521
1187145,69.1425614896957
1187146,69.743303631605
1187147,69.87831644927078
1187148,69.99409511602418
1187149,68.54182451650695
1187150,66.55191013138993
1187151,63.00109718092769
1187152,52.2766113911824
1187248,17.10058555614089
1187249,23.909737051559492
1187250,27.925098929743065
1187251,29.902467431878414
1187252,30.567577997971412
1187253,29.895554202259827
1187254,29.863392446674812
1187255,31.535601133573095
1187256,34.96292580634206
1187257,38.12096426868364
1187258,38.7548372067852
1187259,39.02453233266181
1187260,40.83285141173839
1187261,45.36861063788033
1187262,51.06660099642808
1187263,56.71259716835556
1187264,61.2977894959098
1187265,64.46580042811841
1187266,66.49846101911513
1187267,67.45932602281083
1187268,68.03101422544546
1187269,68.17565225157813
1187270,67.4762338543007
1187271,65.55772583789539
1187272,64.12772967237271
1187273,64.47033314230647
1187274,65.5304772607996
1187275,65.4710452034461
1187276,65.29765786429267
1187277,63.39484694296652
1187278,61.25414031121689
1187279,56.857675502959644
1187280,47.57721104330489
1187376,10.472744557358626
1187377,13.53158503241095
1187378,15.911438273965667
1187379,17.625604808753465
1187380,17.804325181489368
1187381,17.801805955143188
1187382,18.755315883619787
1187383,21.498555121273288
1187384,26.716605671897693
1187385,30.917763327666773
1187386,32.08473463528879
1187387,31.69401596177703
1187388,33.2120930933475
1187389,36.73455863664668
1187390,41.43194951744632
1187391,45.58401549602761
1187392,50.27501935003977
1187393,54.58570858552938
1187394,58.68852807896843
1187395,61.11964024350752
1187396,62.13168478842677
1187397,61.746458670357946
1187398,59.67580271553651
1187399,56.84936681743002
1187400,55.53388848759018
1187401,56.28608172413497
1187402,57.90331545854503
1187403,57.43115266977499
1187404,56.18745346831494
1187405,54.60129322214066
1187406,52.45072416509743
1187407,48.79950740286451
1187408,40.25433809019544
1187504,6.92083596658106
1187505,8.453260785960685
1187506,10.44300985757422
1187507,12.509145632164323
1187508,13.65019247322768
1187509,13.680178446668416
1187510,13.831315724035315
1187511,15.056944200791307
1187512,17.87029618142425
1187513,20.120801612673173
1187514,20.678742365638776
1187515,19.588642787736045
1187516,20.03651696847684
1187517,22.666423836821224
1187518,25.87056826369292
1187519,28.422122322855024
1187520,32.0905684970317
1187521,37.64458514622504
1187522,44.52362055833778
1187523,49.13179397264439
1187524,51.12877493494567
1187525,49.478085103322314
1187526,46.55394006745707
1187527,44.70329823993758
1187528,45.04176194472881
1187529,46.09655256398606
1187530,46.62269518893512
1187531,44.814486171703486
1187532,42.3487658851907
1187533,40.18118788312096
1187534,38.30844927181487
1187535,35.664224836691844
1187536,29.882312055480273
1187632,4.138902142653977
1187633,5.281902620656447
1187634,7.70600420140165
1187635,11.204326027007886
1187636,13.360715144937128
1187637,13.35042807829976
1187638,12.457303526925097
1187639,12.685964442320667
1187640,13.585867197436253
1187641,14.676400415993708
1187642,14.23927116182329
1187643,12.719881371358388
1187644,12.021060990156036
1187645,13.463801215339556
1187646,15.719054787241332
1187647,16.941576790751377
1187648,19.327093013881033
1187649,23.07746687283307
1187650,27.945168375807757
1187651,31.681490870969228
1187652,32.677050742617666
1187653,31.167886820373724
1187654,29.776994614614345
1187655,30.54151827407552
1187656,32.48852058567334
1187657,33.08453752973067
1187658,31.878797336384917
1187659,28.595547469614658
1187660,26.51382156913449
1187661,25.446575266638742
1187662,25.152312551500923
1187663,23.70155847274314
1187664,20.528203137205647
1187760,2.5688640996815404
1187761,3.6200643629079248
1187762,6.436810557673352
1187763,10.454823756126778
1187764,12.705191112390443
1187765,12.548629404904101
1187766,11.378648205737775
1187767,11.473139246684232
1187768,12.07247521464692
1187769,12.509354964917224
1187770,12.081773417572563
1187771,10.410637164397723
1187772,9.779339801726456
1187773,10.487802194307513
1187774,12.195345215574587
1187775,13.378528478576944
1187776,14.17052309928629
1187777,15.30287997431542
1187778,16.448592179433803
1187779,17.569612494944423
1187780,18.084122326873736
1187781,17.687760617207946
1187782,17.421856255168247
1187783,18.432688658124473
1187784,19.952800142514928
1187785,19.75666108441579
1187786,18.39736242124601
1187787,15.965714687590413
1187788,15.143150373824456
1187789,15.593042559047603
1187790,15.774656326571558
1187791,15.481772891983617
1187792,14.480526282249338
1187888,2.1227282412743236
1187889,3.4758617907101397
1187890,6.23742377027712
1187891,10.069683945279834
1187892,12.094566373189851
1187893,11.508721570816068
1187894,10.206563395477989
1187895,10.142651809637078
1187896,10.847058830126153
1187897,11.312029736041323
1187898,10.929723792736699
1187899,9.887859351672846
1187900,9.49604662917228
1187901,10.115288379632432
1187902,11.627845722663558
1187903,12.415212867528387
1187904,12.686926923872639
1187905,12.65237065475804
1187906,12.594955136128629
1187907,12.58766877251444
1187908,12.52368284331837
1187909,12.546773460545486
1187910,12.168588791794349
1187911,11.891396981364784
1187912,11.133206489440704
1187913,10.220208262990685
1187914,9.510916907788921
1187915,9.071630844855234
1187916,9.556548538823979
1187917,10.095455317215206
1187918,10.776989417477076
1187919,11.313534695139564
1187920,11.334454550429788
1188016,2.100040085300856
1188017,3.6581754726147504
1188018,6.388048681767448
1188019,9.963679735682064
1188020,11.752665569045167
1188021,10.852527440745156
1188022,9.420150845532953
1188023,9.115131173595207
1188024,9.86569560773985
1188025,10.506116667123216
1188026,10.465370684237312
1188027,9.726803346560152
1188028,9.531975152547636
1188029,10.18026287618865
1188030,11.416749339909732
1188031,12.21125486461598
1188032,12.152322470966503
1188033,11.884089215937141
1188034,11.503148934999526
1188035,11.295304179831582
1188036,11.157321514979097
1188037,11.15346818103501
1188038,10.70101100034246
1188039,9.656519558203422
1188040,8.34923672583691
1188041,7.37265697397178
1188042,7.050324873794898
1188043,7.1295898393309525
1188044,7.942181471013198
1188045,8.865400320236713
1188046,9.5850726136515
1188047,9.82848944938391
1188048,9.558742281529167
1188144,1.8668910329150747
1188145,3.37312080805745
1188146,5.697944367604841
1188147,8.95846476461396
1188148,10.553134633066787
1188149,9.826863606242105
1188150,8.747306194902123
1188151,8.424459568008702
1188152,9.414175475948372
1188153,10.034959735406842
1188154,10.131800472178549
1188155,10.117499838322056
1188156,10.09078581236847
1188157,10.854467788864332
1188158,12.08988823571049
1188159,12.589485991668845
1188160,12.477781769132962
1188161,11.85728268557652
1188162,11.430672648693406
1188163,11.138924953554053
1188164,11.115678021854656
1188165,11.2297793549422
1188166,10.663433176491017
1188167,9.765757050877978
1188168,8.583074747372892
1188169,7.9959426495563655
1188170,8.119665522752857
1188171,8.91597174049738
1188172,9.717047922677649
1188173,10.255349766542263
1188174,10.54988783412708
1188175,10.244877877169102
1188176,9.331277979076772
1188272,1.4656881571904898
1188273,2.5766367147770164
1188274,4.455864593452698
1188275,7.032937453198939
1188276,8.623416534072293
1188277,8.822254954312282
1188278,8.778522172248664
1188279,9.219058049069766
1188280,10.210391616440896
1188281,11.310379269186612
1188282,11.783660753331258
1188283,12.573598434824632
1188284,13.047055950474492
1188285,13.888969577212727
1188286,14.961320954630327
1188287,15.213547163329725
1188288,14.520803870420925
1188289,13.349148557368318
1188290,12.475799044877359
1188291,12.014798062585685
1188292,12.336783825845556
1188293,12.742098116491006
1188294,12.879256056496152
1188295,12.444188801629751
1188296,11.667624090216952
1188297,11.872330346879048
1188298,12.835996527375551
1188299,13.914787352920198
1188300,14.836041080821552
1188301,14.70290804404815
1188302,13.642900331963943
1188303,12.21458801387215
1188304,10.447754983663812
1188400,0.9136474771764594
1188401,1.7968356005621775
1188402,3.8471196559843035
1188403,6.402130585681573
1188404,8.737562852634415
1188405,10.33993900927222
1188406,11.31069577129853
1188407,12.707395285360047
1188408,14.808775391377406
1188409,16.02029927323063
1188410,16.964884905247864
1188411,17.47972718882436
1188412,17.501659631694597
1188413,18.75770875916592
1188414,21.366957041547114
1188415,21.891807917910516
1188416,19.889829891449892
1188417,17.907772945824853
1188418,16.16374679732512
1188419,15.922686828149232
1188420,16.58366720906392
1188421,18.369377890056736
1188422,19.75547059486825
1188423,19.451945283340272
1188424,18.78589154745093
1188425,19.553706276563666
1188426,20.656754971139595
1188427,21.365138599357245
1188428,21.861254212428793
1188429,21.460692506171227
1188430,20.2013227338358
1188431,17.013858493601408
1188432,13.729231971637075
1188528,0.7642049462175496
1188529,1.9712499003847601
1188530,4.7146343747108075
1188531,8.949374584981074
1188532,14.202957259225046
1188533,17.683259973469553
1188534,19.163436309418163
1188535,20.0324916557346
1188536,20.956615714902085
1188537,21.477882776391212
1188538,21.487486343050406
1188539,21.337181207077432
1188540,20.99686806824009
1188541,23.06294335755446
1188542,27.220603630762408
1188543,28.92349862020912
1188544,27.661880932518375
1188545,25.643045765532317
1188546,24.954525233491378
1188547,25.26530379078759
1188548,26.55605692801915
1188549,28.331605439601702
1188550,30.055276686496843
1188551,29.16204017123068
1188552,27.76803460736237
1188553,27.731449819865336
1188554,28.44548695510687
1188555,29.032281555948032
1188556,29.582233723168798
1188557,30.489966581775086
1188558,29.983765390878116
1188559,26.96012333818599
1188560,21.553347671235834
1188656,1.3445637755677013
1188657,3.607026331360852
1188658,8.36887815372154
1188659,15.191503558265975
1188660,22.344753442319863
1188661,26.716560087753873
1188662,28.179114152730083
1188663,28.392557235829457
1188664,27.73245987035539
1188665,26.62902663298288
1188666,25.183346963947923
1188667,24.190229482004078
1188668,24.665929600024683
1188669,27.157786365702346
1188670,32.21837454837886
1188671,34.820785704383965
1188672,34.74923480670131
1188673,33.95111380351878
1188674,34.367912367969865
1188675,35.47755919418582
1188676,37.31354836367043
1188677,39.06242817963994
1188678,40.09840400609059
1188679,39.118559198805436
1188680,37.48543016887529
1188681,36.29085055571644
1188682,36.367479564260165
1188683,36.77777855479924
1188684,37.507376660397874
1188685,38.888846032897945
1188686,39.75080931654052
1188687,37.37680768849756
1188688,30.488225211219074
1188784,2.156933047545598
1188785,5.958139110764358
1188786,13.39387992505255
1188787,22.104152301694164
1188788,28.598717425686342
1188789,32.20962536299706
1188790,33.785937768372634
1188791,34.62189396790296
1188792,33.82978126408
1188793,31.676441660978497
1188794,28.78334713820831
1188795,27.976946697931528
1188796,28.780927631605298
1188797,31.948095489019074
1188798,36.78405758360449
1188799,39.78307830857712
1188800,40.61249672243689
1188801,40.05051981198377
1188802,40.923362918084806
1188803,42.74151323237789
1188804,45.37228258746776
1188805,47.166100811349594
1188806,48.07875903203681
1188807,47.827197304369975
1188808,46.58594550000307
1188809,45.31034197693189
1188810,44.47769971802137
1188811,44.68716332662608
1188812,45.232950493719045
1188813,45.70751426766349
1188814,46.10230700955815
1188815,44.52736147260716
1188816,37.032863350999705
1188912,3.1758236766991907
1188913,7.492949158021076
1188914,15.664951201534217
1188915,24.639741401506797
1188916,30.72787934999842
1188917,33.90754697198098
1188918,35.505975749064945
1188919,36.92411999801068
1188920,36.53844116503522
1188921,34.84095861194976
1188922,31.973680920067192
1188923,31.380474674507685
1188924,32.48328748082316
1188925,35.51218840826151
1188926,40.690178738582304
1188927,43.79318173873831
1188928,45.085670712159036
1188929,45.281842510393915
1188930,46.450742659505
1188931,48.2629688336454
1188932,50.952519546997564
1188933,52.31802809687108
1188934,53.121510033587406
1188935,53.216431017189564
1188936,52.77328597696965
1188937,51.260456341466615
1188938,50.341703942146914
1188939,50.397701202782436
1188940,50.81457402879965
1188941,50.833959871528656
1188942,51.4122874182983
1188943,49.6808267439603
1188944,41.81887574061235
1189040,4.304258486761346
1189041,8.533681877236189
1189042,16.760742568809064
1189043,25.745195133789434
1189044,31.494767995816026
1189045,34.899696437155484
1189046,36.533746648228615
1189047,37.51498466932191
1189048,37.80419886279138
1189049,35.91415294340154
1189050,33.85201367376947
1189051,33.451283560473925
1189052,34.82053847731033
1189053,38.61679339016161
1189054,43.72938150184756
1189055,47.52136894765685
1189056,49.89892708097051
1189057,50.48628740892322
1189058,51.41727199060354
1189059,52.84511158697296
1189060,54.52507141434569
1189061,55.387494872617516
1189062,55.737409271481894
1189063,56.09275412179545
1189064,55.770049165595154
1189065,55.03469327273261
1189066,54.60854473080565
1189067,54.19376351024852
1189068,54.67398588760064
1189069,54.41166065714511
1189070,55.19200382455076
1189071,53.58698390305046
1189072,45.595469455504606
1189168,4.959030151967223
1189169,8.977816748965685
1189170,17.346774424299234
1189171,26.294947420371003
1189172,32.028119850682785
1189173,35.06795816963781
1189174,36.812841308759666
1189175,37.60159440112071
1189176,38.005438340480225
1189177,36.92496867810914
1189178,35.60114922446082
1189179,35.93164240017211
1189180,38.653193386126105
1189181,42.63443807640414
1189182,48.03817097683442
1189183,51.59708143484622
1189184,54.208509113431845
1189185,54.84721747863641
1189186,55.29477929304262
1189187,56.13359468154416
1189188,57.27310046425061
1189189,57.412021657198665
1189190,57.542113070652135
1189191,57.897877361249485
1189192,57.55783130458223
1189193,57.387825039716795
1189194,57.18951403246794
1189195,57.15620052856888
1189196,56.80563801878972
1189197,56.43598334059164
1189198,57.43605701494401
1189199,55.81452778089745
1189200,48.18670765011864
1189296,5.204056264805338
1189297,9.536344186649998
1189298,17.491686646012397
1189299,26.82732391206155
1189300,31.965694759692216
1189301,34.38317712055005
1189302,35.9641744495166
1189303,36.588377060965605
1189304,37.059604723108514
1189305,37.417592582404566
1189306,37.744275112813256
1189307,39.55556425882739
1189308,43.868914957585794
1189309,48.62002536800019
1189310,53.322652830537606
1189311,56.31719572419459
1189312,57.618113806088395
1189313,57.73115947882657
1189314,57.63169111497175
1189315,58.145682480848755
1189316,58.98611226624993
1189317,58.81761579694672
1189318,58.564279933217335
1189319,58.38910930348946
1189320,58.49101698576375
1189321,58.532978470703625
1189322,58.4164058723251
1189323,58.66086042418349
1189324,57.74064392034102
1189325,57.520084499544595
1189326,58.85146179650747
1189327,57.614124296673126
1189328,49.558112312760976
1189424,4.793192777456048
1189425,9.078751475997846
1189426,17.315199449217765
1189427,26.144149323677798
1189428,30.345422539271503
1189429,31.297460019919672
1189430,31.55672773756544
1189431,32.04849848854626
1189432,32.70404525354653
1189433,33.36113983576989
1189434,34.50098320291347
1189435,37.37654678019189
1189436,42.45604621016842
1189437,49.0905213261489
1189438,55.15969665914173
1189439,58.41164932617776
1189440,59.0995028184535
1189441,58.274032939694386
1189442,57.90116038332679
1189443,58.21505107799231
1189444,59.21322944545012
1189445,59.17233170787155
1189446,58.476362514268516
1189447,57.592440445345204
1189448,57.25513291838695
1189449,57.359692191692425
1189450,58.06604748868433
1189451,57.97738068909016
1189452,57.97421613003208
1189453,58.02823424750581
1189454,59.54209226896675
1189455,58.11747055189247
1189456,49.459611804915106
1189552,3.8461131723724495
1189553,8.323156704990888
1189554,15.996616931401425
1189555,23.12166944953478
1189556,24.62210727194944
1189557,22.949473105018736
1189558,21.51771670935408
1189559,21.355316501627172
1189560,21.73603492723593
1189561,22.527411887207375
1189562,23.391917718013055
1189563,25.860869470023633
1189564,32.018802889842235
1189565,41.58658632936662
1189566,52.14313482360028
1189567,57.9430312287355
1189568,58.560900371050074
1189569,56.744406209198516
1189570,55.61789186518075
1189571,56.271246132570504
1189572,57.86059206696241
1189573,57.89969347520254
1189574,57.492109043370355
1189575,56.421055458111546
1189576,55.49954053165036
1189577,55.795176979417526
1189578,56.71074913406052
1189579,57.44393413966467
1189580,57.168047860835884
1189581,58.00568501927205
1189582,59.52206689541046
1189583,57.9657467111636
1189584,48.2293999403612
1189680,2.9422918265534936
1189681,6.365955501482029
1189682,11.707587727622705
1189683,16.156281808029455
1189684,17.644200399895226
1189685,17.06072905881855
1189686,15.822454169118938
1189687,15.047372315474187
1189688,15.29572947940143
1189689,15.605336606847711
1189690,16.085723919571848
1189691,17.918394544012212
1189692,23.610651660796908
1189705,52.039338028147846
1189706,53.27169201818282
1189707,54.2070289575869
1189708,54.475930611512695
1189709,55.8468900499421
1189710,57.49904179469852
1189711,55.99537949622042
1189712,45.75966188845231
1189808,2.7110184081642137
1189809,5.5161957170461475
1189810,8.825946054197741
1189811,11.786501438327742
1189812,13.984378001848372
1189813,15.3349486249213
1189814,15.394026541973108
1189815,14.530014892404152
1189816,14.532040179000079
1189838,51.650751884711134
1189839,49.904825282066234
1189840,39.57659748494968
1189936,3.1027639581055
1189937,7.051262938718966
1189938,10.694138153838525
1189939,12.974064983702464
1189940,14.474882039243647
1189941,15.20567401579353
1190064,3.6667866866208656
1190065,8.458042721721714
1190066,12.942660717291883
1190067,15.30892128143491
1190193,8.674807949465855
1190321,7.399537033180524
1190322,11.921843226977545
1190323,14.163454704754958
1190448,1.6610995313973766
1201969,5.184526917215761
1201970,6.139048267683509
1201973,16.04253729615834
1201974,18.60109329153555
1201975,19.547388610434886
1202096,5.317159650444679
1202097,5.075128982185946
1202098,6.060692088854398
1202103,25.068702104681467
1202224,5.830683592715949
1202225,6.344578569307143
1202226,8.914492449922198
1202227,13.254514795259382
1202352,8.296670591873301
1202353,11.586404302348143
1202354,18.283921070695367
1202355,27.312306144688336
1202356,34.52148037283788
1202480,14.62247022432387
1202481,22.553080846719887
1202482,30.57185755610935
1202483,37.93032534449779
1202484,43.806346725227755
1202485,46.65215785168322
1202486,44.61666810871371
1202487,43.10418790886975
1202608,20.19263897936286
1202609,30.53436675824886
1202610,37.69847350872877
1202611,41.86630887119186
1202612,45.06056221701968
1202613,46.7186588177777
1202614,44.70502586859995
1202615,43.30641714400162
1202616,45.543953523980676
1202617,49.14343750086052
1202736,21.623775136770334
1202737,32.58233881781607
1202738,39.68728314671847
1202739,43.106209597336985
1202740,45.41882992189556
1202741,46.8856091175117
1202742,45.93576518417293
1202743,45.37443644621729
1202744,46.902428023811275
1202745,49.16750338952406
1202746,51.14104491493684
1202747,53.680622828412695
1202767,62.172769240616404
1202768,51.6946079214348
1202864,22.01047651726569
1202865,33.28291929702004
1202866,40.7032773926359
1202867,44.603463620178616
1202868,46.64500951310247
1202869,47.648971540813974
1202870,47.414131734637316
1202871,47.0456090850377
1202872,47.75442154866116
1202873,49.42978215470121
1202874,51.092208288379695
1202875,53.02057524721756
1202876,56.70178733205183
1202877,61.08016237833608
1202878,64.04941911209707
1202879,65.69907854021314
1202880,66.03229127030215
1202881,65.46367440129482
1202882,64.62170631896187
1202893,64.68945328351751
1202894,66.43651925709946
1202895,65.12121762142284
1202896,54.706639332166674
1202992,22.570074889728698
1202993,33.92491321015471
1202994,41.39294086952591
1202995,44.78377026756823
1202996,46.43202872276772
1202997,47.06963542549976
1202998,47.28241137035597
1202999,46.562067860385795
1203000,46.7374665078856
1203001,47.90129311697883
1203002,49.22631115067182
1203003,50.980733479670896
1203004,54.250332170392
1203005,59.42246508252491
1203006,63.878190079239516
1203007,67.57688596577935
1203008,70.07681825458795
1203009,70.01666181157927
1203010,69.56146511591032
1203011,68.90062188679732
1203012,68.46710999138149
1203013,67.79226279022224
1203014,67.39300969114328
1203015,67.04539220247332
1203016,66.45775988406449
1203018,66.43248057384946
1203019,67.17572148249418
1203020,67.29211703669309
1203021,67.4550637583654
1203022,68.36160977838877
1203023,66.20143298341704
1203024,55.36486044654726
1203120,23.54363598323895
1203121,34.069253842074495
1203122,40.85719871236879
1203123,44.56578957281552
1203124,45.96327096294812
1203125,45.73428248045732
1203126,45.96722785022466
1203127,45.39333633197093
1203128,45.62500190016504
1203129,46.45914856841776
1203130,47.50745311593856
1203131,48.55742164077907
1203132,51.32937948595134
1203133,56.92101136115864
1203134,62.245601538272425
1203135,66.77355667854935
1203136,70.39082165662312
1203137,71.83539655418407
1203138,72.08097525503375
1203139,71.81628299469018
1203140,71.27995882257137
1203141,71.23554886711362
1203142,71.2294371071063
1203143,70.7832087908167
1203144,70.01903542866101
1203145,69.91842165310324
1203146,70.01582917120018
1203147,70.43667121268587
1203148,70.43988769523837
1203149,69.82425637632804
1203150,69.18497704162674
1203151,66.11928376261767
1203152,54.77201213152895
1203248,23.942616400126514
1203249,33.276296156281404
1203250,39.654223082921206
1203251,43.418445275283126
1203252,44.34534334007169
1203253,44.995551594006294
1203254,44.21072669200068
1203255,43.42432792876075
1203256,43.60554219398832
1203257,44.49249665059818
1203258,45.56607869477923
1203259,46.749919823250494
1203260,49.41402181960886
1203261,54.310755310166755
1203262,60.44307573235989
1203263,65.55072381807484
1203264,69.35491553395755
1203265,71.48599064190742
1203266,72.58322513705471
1203267,72.20531723410107
1203268,72.39455097707074
1203269,72.57229361259364
1203270,72.6312714026102
1203271,72.16307433362074
1203272,71.17587119500861
1203273,71.27412340228926
1203274,71.1505820435534
1203275,71.41180900684219
1203276,71.41287430329665
1203277,70.27623959366221
1203278,68.57584998381712
1203279,64.56166844128501
1203280,53.52072631689903
1203376,22.64418726105398
1203377,32.26608249065093
1203378,38.39199887302701
1203379,41.71459121386323
1203380,42.56227115257737
1203381,42.12121779859584
1203382,41.592881617832965
1203383,41.045110253911595
1203384,41.33396087295604
1203385,42.406650019945126
1203386,43.234303555857664
1203387,44.150611362366256
1203388,46.7130993322776
1203389,51.695863301679545
1203390,57.99479954578612
1203391,63.01490960815778
1203392,67.33766626425859
1203393,69.69072805929164
1203394,70.89036045578196
1203395,71.18590760098026
1203396,71.64374559908866
1203397,72.0389439669567
1203398,72.02479640924942
1203399,70.73148113565748
1203400,70.39745146889508
1203401,69.9199691311933
1203402,70.31385071121156
1203403,69.993600846859
1203404,69.74679729133432
1203405,67.74210401353713
1203406,65.18822472693806
1203407,60.79066968202485
1203408,50.518775915122625
1203504,20.32645530915215
1203505,29.188503216626135
1203506,34.25613987621547
1203507,37.105779476660935
1203508,37.268381745222975
1203509,36.497538674559216
1203510,35.90685315611295
1203511,36.02060086730146
1203512,37.641175401277174
1203513,39.917967748825056
1203514,40.84167370888986
1203515,41.41611827420205
1203516,43.078742884940745
1203517,48.06229309185532
1203518,53.71584807906223
1203519,59.29583594305384
1203520,64.2660759291989
1203521,66.98781031729747
1203522,68.48012833429259
1203523,68.96374966912369
1203524,69.69180503375989
1203525,69.62219725423985
1203526,69.53474199424328
1203527,67.85608078832753
1203528,66.18922717233721
1203529,65.99136377886597
1203530,65.99868494607236
1203531,65.81489838357244
1203532,65.27682160878534
1203533,63.13776010190045
1203534,60.05733600081847
1203535,55.80027662950832
1203536,46.44528568565958
1203632,14.374988319957087
1203633,19.55793189832054
1203634,22.899140625034978
1203635,24.64882004765132
1203636,24.6630610569891
1203637,24.035153553819498
1203638,23.963630073011572
1203639,26.521152378381053
1203640,31.420439900292294
1203641,35.254560774850766
1203642,37.10070858933572
1203643,36.655424833960254
1203644,38.28634590657564
1203645,42.3451377479636
1203646,48.17029045132153
1203647,53.17917016783222
1203648,58.03354918249316
1203649,61.4339607518101
1203650,63.52584826563483
1203651,65.20989823259056
1203652,65.74310178684094
1203653,65.73682880762613
1203654,64.33102401699624
1203655,61.27023267193324
1203656,58.62209938611544
1203657,58.630836646487595
1203658,59.360511128247545
1203659,58.868715214900256
1203660,58.16107774046929
1203661,56.410299364285834
1203662,54.35916669433135
1203663,50.27741188879118
1203664,41.57751186203941
1203760,9.013717274212274
1203761,11.263552140321059
1203762,13.41163633043035
1203763,14.740557719866391
1203764,14.660578762914524
1203765,13.574410163230215
1203766,14.183558273259347
1203767,16.321260861869977
1203768,21.324664020875105
1203769,25.50077155259033
1203770,26.758823801114083
1203771,26.497388966058566
1203772,28.002042679658217
1203773,31.600397547837716
1203774,36.301232992698914
1203775,40.25042614610813
1203776,44.77295784086676
1203777,49.49605075199462
1203778,54.1872307747688
1203779,57.10018924513237
1203780,58.777003895931905
1203781,57.914395547775214
1203782,55.70536172564979
1203783,52.25235031972371
1203784,50.15460066193658
1203785,50.68936702591025
1203786,51.76409549945617
1203787,50.41534668635096
1203788,48.29198576303768
1203789,46.30359537704991
1203790,44.319927330447236
1203791,41.29336403879629
1203792,34.10605471952403
1203888,6.440062985695069
1203889,7.957030083757309
1203890,9.661217745381661
1203891,11.653580771139918
1203892,12.00703253626419
1203893,10.981813484708258
1203894,10.387364859686015
1203895,10.566209570645647
1203896,12.78816131666611
1203897,14.689969580485242
1203898,15.084584692860606
1203899,14.395392320457024
1203900,15.54865719646115
1203901,18.467042611318636
1203902,22.02359560844908
1203903,24.56379115402864
1203904,28.31318337244313
1203905,33.38021746985773
1203906,39.623756860708575
1203907,43.81875517947224
1203908,45.484454096317
1203909,44.10541439251174
1203910,41.75038495461506
1203911,40.26487781952044
1203912,40.494158208055076
1203913,41.349432941487294
1203914,41.256357604977175
1203915,37.92831527750164
1203916,35.168165309194976
1203917,32.6607693915902
1203918,30.85160080029907
1203919,28.929719121324034
1203920,24.589878696369198
1204016,3.9883373338452377
1204017,4.956320900089625
1204018,7.316550206628653
1204019,10.706810501383604
1204020,12.217846885550445
1204021,11.402926971165087
1204022,10.59032705901958
1204023,10.330871382827546
1204024,11.23605253382593
1204025,12.076061480878572
1204026,11.735103061379696
1204027,9.944323563544103
1204028,9.83418291929105
1204029,11.90671183919737
1204030,14.578426976647625
1204031,16.369758068532654
1204032,18.247099015440018
1204033,21.231106652029204
1204034,24.50936691692124
1204035,26.87410882679404
1204036,27.72284381763984
1204037,26.69565004768414
1204038,26.062133773278937
1204039,27.147139640735226
1204040,28.92096596838845
1204041,28.83892404579719
1204042,26.59134303070673
1204043,23.005879351748764
1204044,20.530284150932317
1204045,19.628324271507427
1204046,19.478023170283194
1204047,18.471580456566656
1204048,16.542970589124504
1204144,2.116834116715329
1204145,3.1186368799320836
1204146,5.884996287003016
1204147,9.57236844817685
1204148,11.529433943422074
1204149,11.307702800758392
1204150,10.568069600740467
1204151,10.625693879499455
1204152,11.263246961795788
1204153,11.762866461297497
1204154,10.845010830284268
1204155,9.18713090956455
1204156,8.497349169259914
1204157,9.973263669347755
1204158,12.204888202576246
1204159,13.399742209403842
1204160,14.314987120222016
1204161,14.84711120292832
1204162,15.683811470904546
1204163,16.56829144209311
1204164,16.852438830347616
1204165,16.375306057266858
1204166,15.842209239298946
1204167,16.432680749977408
1204168,16.67570453921396
1204169,15.602854931448114
1204170,13.89120273074401
1204171,11.9055724198096
1204172,10.986115090248164
1204173,11.012577200505879
1204174,11.208114370292382
1204175,11.622865078121007
1204176,11.872655468518154
1204272,1.5462810542411096
1204273,2.8163261570136813
1204274,5.582848109507588
1204275,9.258646656655372
1204276,11.152838121128148
1204277,10.539411743146141
1204278,9.70588414965954
1204279,9.717907221038713
1204280,10.464626570681634
1204281,10.67457938062841
1204282,10.181766035715476
1204283,9.036052137614583
1204284,8.764751733758485
1204285,9.868570090943662
1204286,11.753468828130075
1204287,12.656849504612135
1204288,12.91931124109815
1204289,12.672207592801515
1204290,12.602615054596377
1204291,12.75284879103741
1204292,12.886945716565346
1204293,12.720363681042613
1204294,12.113618708620322
1204295,11.012063004295426
1204296,9.66113065660188
1204297,8.47118307986005
1204298,7.123923876079184
1204299,6.733325665592047
1204300,6.910489492222159
1204301,6.986796427010958
1204302,7.189686111128853
1204303,8.094510985103081
1204304,9.074716345783168
1204400,1.8744263702493527
1204401,3.2374091912636347
1204402,5.683782080315353
1204403,9.05060138443988
1204404,10.631287631107156
1204405,9.786504928896045
1204406,8.73001139894798
1204407,8.614682242682628
1204408,9.297513777820145
1204409,9.682296593926019
1204410,9.564006138686642
1204411,8.971589271980998
1204412,8.92020654361933
1204413,9.992686117371866
1204414,11.551043271458454
1204415,12.348593786201063
1204416,12.465887637814062
1204417,12.014972614548485
1204418,11.771817625897
1204419,11.646217098681719
1204420,11.816324856837785
1204421,11.573268977693472
1204422,10.926859949152679
1204423,9.578534416492216
1204424,7.85150925368802
1204425,6.515283858151757
1204426,5.437362518225717
1204427,5.257439004795668
1204428,5.496601429317344
1204429,5.559745901140559
1204430,5.872747791426596
1204431,6.960325502457305
1204432,7.530536491111053
1204528,1.9483007820093818
1204529,3.19909874535192
1204530,5.2455750236946175
1204531,7.489470198547431
1204532,8.7289055634476
1204533,8.498314088070922
1204534,7.949369780460383
1204535,8.00988947988248
1204536,8.689096135177786
1204537,8.893771567929507
1204538,8.987830993848817
1204539,8.954400937952478
1204540,9.507322423516152
1204541,10.535213147974428
1204542,11.857715087908243
1204543,12.580278418718486
1204544,12.453968440920033
1204545,12.01848746194437
1204546,11.717588264153328
1204547,11.498637335232779
1204548,11.561761408236064
1204549,11.413284051050555
1204550,10.643212322115556
1204551,9.33441867664816
1204552,7.7448964476753765
1204553,6.574584940262348
1204554,5.918232555800104
1204555,5.922950906301266
1204556,6.224999980429352
1204557,6.369570615710639
1204558,6.438251546486935
1204559,7.002292499507866
1204560,7.2757342119117325
1204656,1.7537707355559542
1204657,2.6907160968793837
1204658,4.380216275000481
1204659,6.152024086947396
1204660,7.370432924419268
1204661,7.713204885855693
1204662,7.920769395870757
1204663,8.451166865474983
1204664,9.129898507110894
1204665,9.524968232792128
1204666,10.018998658095452
1204667,10.9037543799674
1204668,11.924233395725068
1204669,12.83351197058254
1204670,14.002698298454302
1204671,14.222733141763772
1204672,13.815421995979465
1204673,12.775862510013267
1204674,12.106206826246524
1204675,11.907365112642454
1204676,12.030268200885239
1204677,12.127845757181065
1204678,11.725736744543326
1204679,10.602719879995405
1204680,9.337927967764859
1204681,8.880818479697545
1204682,8.930100357088802
1204683,9.378711470369696
1204684,9.886271213461495
1204685,9.479599012537301
1204686,8.753542905914491
1204687,8.347792852071882
1204688,7.978257931106439
1204784,1.2693513075679768
1204785,2.2304762666245197
1204786,3.8326809602861904
1204787,5.921877995864893
1204788,7.65813202989757
1204789,8.759334947559376
1204790,9.790529208755103
1204791,11.105207374462601
1204792,13.013825987326578
1204793,13.966722914949099
1204794,14.903470303613547
1204795,15.578808168137867
1204796,15.90554706199819
1204797,17.11710329973772
1204798,19.084244089990385
1204799,19.657991787915094
1204800,18.08741380068657
1204801,16.098930309412836
1204802,14.603516409275487
1204803,14.077287135924891
1204804,14.577630743566388
1204805,15.712165155324557
1204806,16.350436173111035
1204807,15.707828934424736
1204808,14.642839163651809
1204809,14.671355382535898
1204810,15.213898969973686
1204811,15.656616803885436
1204812,15.59978964560273
1204813,15.174672954096584
1204814,14.019791735727694
1204815,11.963699884005065
1204816,10.262367406245104
1204912,0.9691082974931786
1204913,2.0098971393563314
1204914,4.199411589237121
1204915,7.675581268494839
1204916,11.400638697917632
1204917,14.466330532494956
1204918,15.939009075848569
1204919,17.328813025132572
1204920,19.083734813008316
1204921,20.1878383310569
1204922,20.526821492957808
1204923,20.42622263960265
1204924,20.167476086539796
1204925,21.58870480797849
1204926,25.66705876562027
1204927,26.873400181642214
1204928,25.062357629087717
1204929,22.69096883868272
1204930,21.0079471828933
1204931,20.760996925144667
1204932,21.55884323058492
1204933,23.293900755604895
1204934,24.469974983089926
1204935,23.495672553277885
1204936,22.53102039390167
1204937,22.604002238784727
1204938,22.831572185084756
1204939,23.102459300531056
1204940,23.31947724765255
1204941,23.8271113812192
1204942,22.96799501254108
1204943,19.863734935740595
1204944,15.802335900863758
1205040,1.029948878525211
1205041,2.6999206309636006
1205042,6.632446400333685
1205043,12.460147512607307
1205044,19.21789574943644
1205045,24.24968120711601
1205046,25.88182856631977
1205047,26.061487057805177
1205048,25.864700404797063
1205049,25.12150683217539
1205050,24.153348182460395
1205051,23.51015801433705
1205052,23.199728172632707
1205053,25.48146748905996
1205054,30.43602702223269
1205055,32.71831537657388
1205056,31.946777445284752
1205057,30.760681046859045
1205058,30.335441306843016
1205059,30.627700897340635
1205060,32.096213282592984
1205061,33.24653612614975
1205062,33.86116471208967
1205063,32.215254015140154
1205064,30.664171935647573
1205065,30.177639171461674
1205066,30.302464913368546
1205067,30.764888254589923
1205068,31.922661765699196
1205069,33.93793104738007
1205070,33.956745386944014
1205071,30.825823425008718
1205072,24.528568922369573
1205168,1.640211907550025
1205169,4.969546189887883
1205170,11.74287173391518
1205171,20.1987660434469
1205172,26.656131653887858
1205173,30.851515285826927
1205174,32.87216769252911
1205175,33.48468549077196
1205176,32.52006754020419
1205177,30.22949528180482
1205178,27.81220048371581
1205179,26.659373408976084
1205180,26.92867223590832
1205181,29.94379114786886
1205182,34.97345655100502
1205183,37.89035620218971
1205184,37.55535493755646
1205185,36.85678283707299
1205186,36.99876593638664
1205187,38.50078608732586
1205188,40.64557746075059
1205189,41.697812768494245
1205190,41.99619183309044
1205191,41.568109711935776
1205192,40.31207019690855
1205193,39.10186031091248
1205194,38.73106879761459
1205195,39.575919447671914
1205196,41.06884838859608
1205197,42.34042654713379
1205198,42.31462917640466
1205199,39.1989390720686
1205200,31.175150466259023
1205296,2.346330176475337
1205297,6.278922790585566
1205298,14.716418467243134
1205299,24.292344422279708
1205300,30.39748309819466
1205301,33.709304673208486
1205302,35.86994970082634
1205303,36.928538136245315
1205304,36.56514199432056
1205305,34.15113667231414
1205306,31.1742502702959
1205307,29.753661576703546
1205308,30.314385294082268
1205309,33.23322224208887
1205310,38.153967395859205
1205311,41.51776523144181
1205312,41.54659687301848
1205313,41.196680178597035
1205314,42.2368670215288
1205315,44.48644570469047
1205316,47.092408464369555
1205317,48.225065201667746
1205318,48.58392782861009
1205319,48.65347473724215
1205320,48.01819299493056
1205321,46.72641699512045
1205322,46.25703846895099
1205323,47.0712632335698
1205324,47.76390953463413
1205325,48.2790705812579
1205326,48.01562698308949
1205327,44.81427688039046
1205328,36.036789559947294
1205424,3.153383015712247
1205425,7.223751725386008
1205426,15.573773139855296
1205427,25.16214980458516
1205428,31.30469749921444
1205429,34.389692808327375
1205430,36.36088552265365
1205431,37.800821123431284
1205432,37.718837680637854
1205433,35.414399689138726
1205434,33.06487195686057
1205435,31.64054962881461
1205436,31.654035057060774
1205437,35.04325857267596
1205438,40.42112147632677
1205439,44.18130998768501
1205440,45.348408235749744
1205441,45.69370594873186
1205442,47.40686370064395
1205443,49.54268127419435
1205444,52.00358965820015
1205445,53.20954837852101
1205446,53.342505159591845
1205447,53.76033929088123
1205448,53.28687703180788
1205449,52.298822354010916
1205450,51.866171675544145
1205451,52.468739258098545
1205452,52.603850479719185
1205453,52.33170946906021
1205454,52.24339386609735
1205455,49.139945837702825
1205456,40.30203984656015
1205552,4.27579035803578
1205553,8.008132623942899
1205554,16.437595858300007
1205555,25.85355395278163
1205556,31.924475524861013
1205557,34.91719838503821
1205558,36.59039850995404
1205559,37.68844058318198
1205560,37.74385786674412
1205561,36.30728572852968
1205562,34.25613096899016
1205563,33.00866685561054
1205564,33.69200834580805
1205565,37.521618473738954
1205566,43.33896030030948
1205567,47.41108194376097
1205568,49.26718969111965
1205569,50.181818992436654
1205570,51.76980244027994
1205571,53.76615284643832
1205572,55.74485823774876
1205573,56.36963037043371
1205574,56.57458973193394
1205575,56.67511322448821
1205576,56.65978937800297
1205577,56.32119339563824
1205578,56.007685738645534
1205579,55.88229956938553
1205580,55.582701710183656
1205581,55.30102807501547
1205582,55.464921320953785
1205583,52.99135612416067
1205584,44.08692111386205
1205680,4.976171028413403
1205681,8.853531727647551
1205682,16.77578239832404
1205683,26.393907674075354
1205684,32.05255692276935
1205685,34.324624963736234
1205686,35.71710524469922
1205687,36.55274509555665
1205688,37.1427494062738
1205689,37.051775901974445
1205690,36.61576134903596
1205691,37.24624835050362
1205692,39.195701140544244
1205693,43.3221474976003
1205694,47.831926076097524
1205695,51.35276408224434
1205696,53.52996129024348
1205697,54.53587452863022
1205698,55.33441416496194
1205699,56.51944527088391
1205700,57.86519277315491
1205701,58.10106174202085
1205702,58.32281920566854
1205703,58.58665895098742
1205704,58.54185384311377
1205705,58.05114394484773
1205706,58.05208947364149
1205707,57.985259913596714
1205708,57.36485719739885
1205709,57.200304109304625
1205710,57.77431595955851
1205711,55.982462868072055
1205712,47.462302339751524
1205808,4.936008906376257
1205809,9.10207648331167
1205810,16.858309313370512
1205811,26.017576229170448
1205812,30.71667238117291
1205813,32.36436286106553
1205814,32.963077716038846
1205815,33.70512711118322
1205816,34.01931031692394
1205817,34.58604752151505
1205818,35.184459155049254
1205819,37.00179262290148
1205820,40.98069038098514
1205821,46.167632274526
1205822,50.755652646601824
1205823,54.30098017912953
1205824,56.001278550350456
1205825,56.26275445416749
1205826,56.513797112393476
1205827,57.41905069253367
1205828,58.51225307009574
1205829,58.697447499843236
1205830,58.27746094089001
1205831,57.77702091298692
1205832,57.082554634650776
1205833,57.04151364534673
1205834,57.464448888215394
1205835,57.56294910157524
1205836,57.36716328262153
1205837,57.47482377973354
1205838,58.93117314742455
1205839,57.50635704554913
1205840,48.94884675654792
1205936,4.323306248881153
1205937,8.334547923877075
1205938,16.1509691157595
1205939,24.060200816440982
1205940,25.97833662412553
1205941,24.334939482850444
1205942,23.083365068338335
1205943,22.773389424341918
1205944,23.01070183936201
1205945,23.485431281922732
1205946,24.57635637513656
1205947,27.11161671255842
1205948,32.617355481637674
1205949,40.8711279833286
1205950,49.3292644394762
1205951,54.997795604945814
1205952,56.418937905709804
1205953,55.57799344717314
1205954,54.88813770556749
1205955,55.856972636078204
1205956,57.149229329449575
1205957,57.82511072990477
1205958,57.07121471869003
1205959,55.79852092573104
1205960,55.05085179648996
1205961,55.00887286931071
1205962,55.621133119990944
1205963,56.40029378364922
1205964,56.307924711104576
1205965,57.238552880763166
1205966,58.954966284670896
1205967,57.83541810438993
1205968,49.31315939035792
1206064,3.2423095316836728
1206065,6.534968767775583
1206066,12.161330211552256
1206067,17.51681417564009
1206068,17.729673695782274
1206069,14.651542067384552
1206070,12.661187191291845
1206071,11.786867338414456
1206072,11.837166137489069
1206073,12.039435864722664
1206074,12.760201118345355
1206092,53.475160868103295
1206093,54.89120114765857
1206094,57.173831344936254
1206095,56.47542709096331
1206096,48.187394849815725
1206192,1.9631569991962297
1206193,3.8932743889586434
1206194,6.742143879751282
1206195,9.25572637954921
1206196,10.593817227414107
1206197,10.899237262017078
1206198,10.523484354413867
1206223,51.700361418454335
1206224,43.10199194926879
1206320,1.6192289603036092
1206321,3.3873495804165787
1206322,5.477121574522412
1206323,7.416142477275751
1206324,9.253502585181156
1206448,1.9270597027880823
1206449,4.442408063974342
1206704,2.6864927484760384
1206705,7.079212326429335
1206833,5.907717784305931
1218353,4.6521185567323355
1218354,5.07010637351394
1218355,6.890811816800158
1218356,10.387400021458324
1218357,14.44387424771731
1218358,17.295731673766273
1218481,4.904636020152163
1218482,5.851384156706838
1218483,8.322928407090892
1218609,7.185982279337481
1218610,11.007651397921258
1218736,9.849340300118541
1218737,14.270048411666943
1218738,21.82031672198317
1218739,30.933610136577716
1218864,16.600927369113297
1218865,26.148916381280134
1218866,34.04773642406468
1218867,40.29166122056967
1218868,43.99991462940916
1218869,45.04482270271794
1218870,42.19995746024366
1218992,20.278251841566792
1218993,31.352882037486342
1218994,38.59796569877432
1218995,42.4235999827517
1218996,44.55312813988032
1218997,44.75974153679288
1218998,43.34412883678699
1218999,42.026587463312005
1219000,43.82116735149326
1219120,20.409882410572845
1219121,31.6942033883619
1219122,39.242208322222154
1219123,42.92674777547244
1219124,44.85957843499414
1219125,45.50695616065861
1219126,45.16605523307442
1219127,44.842883456312755
1219128,45.69682927537197
1219129,47.47709312391619
1219130,48.812478009840135
1219152,47.46976024618698
1219248,19.94465035506414
1219249,31.775500821299776
1219250,39.76403333513882
1219251,43.959857833317834
1219252,46.019395871971504
1219253,46.76587336450548
1219254,46.801089823203554
1219255,46.95681388886212
1219256,47.517358486901
1219257,48.49436312384106
1219258,49.63458153121293
1219259,50.57778426448515
1219260,52.9173117608604
1219261,56.46314367465602
1219278,62.20610299920679
1219279,59.95797731782315
1219280,49.51903280610906
1219376,20.56350549710996
1219377,32.39167355276563
1219378,40.21141426813635
1219379,44.5142348352533
1219380,46.23109526733412
1219381,47.1047218760131
1219382,46.445102561495766
1219383,46.33747748541373
1219384,46.518700475646405
1219385,47.655551026203526
1219386,48.13165331916965
1219387,49.31468951607124
1219388,51.38907807089589
1219389,55.49018803729251
1219390,59.57611709906156
1219391,63.64556776563442
1219392,66.8550104476409
1219393,67.90066863487972
1219394,67.80753099391465
1219395,66.89930288084356
1219396,66.41121497219275
1219397,66.01604747092303
1219398,65.47676934842643
1219405,63.51192291016143
1219406,63.699441493403846
1219407,60.38601745349606
1219408,49.241099632420564
1219504,21.395626068621212
1219505,32.84525321957253
1219506,40.099002966213085
1219507,43.890616122394555
1219508,45.372123444571464
1219509,45.93504533546083
1219510,45.45939260879098
1219511,44.88434603977417
1219512,44.99387819595968
1219513,45.929847776159626
1219514,47.06123984910362
1219515,47.828329046403205
1219516,50.17278435296194
1219517,53.913981532299715
1219518,59.36811413763921
1219519,64.02286510545404
1219520,68.70668917371475
1219521,70.6376081293748
1219522,70.78960081718115
1219523,70.24381458705257
1219524,70.36426493674027
1219525,70.26910405364004
1219526,70.1679556961739
1219527,68.62108107584753
1219528,67.17919849579404
1219530,66.43563901342385
1219531,65.97629912614835
1219532,65.91790837172093
1219533,65.68591268661542
1219534,64.46776113427569
1219535,59.385927557149266
1219536,47.726828366960234
1219632,22.006070625274663
1219633,32.34253332913817
1219634,39.28322742516861
1219635,42.813305082953555
1219636,44.00221309601782
1219637,43.718083782234395
1219638,43.20060198793364
1219639,42.39217276644702
1219640,42.62372542256563
1219641,43.64135653985495
1219642,44.43704863753936
1219643,45.67854201122982
1219644,47.91964218002579
1219645,52.06711599951316
1219646,57.63537655806417
1219647,63.12046017965379
1219648,67.94590047491455
1219649,70.47044655486958
1219650,70.86273414951462
1219651,71.15561040457256
1219652,71.14517924953145
1219653,71.79456562556808
1219654,71.40775788376567
1219655,70.00030307825008
1219656,68.32605819098568
1219657,67.43665413993843
1219658,67.08018604801411
1219659,66.9543735549186
1219660,66.38691248275643
1219661,64.93477990092319
1219662,62.409366981414095
1219663,56.655687705323174
1219664,45.91084762204458
1219760,21.39405962446464
1219761,31.23822512168505
1219762,37.893006619177214
1219763,40.43982148792022
1219764,41.04351459666464
1219765,40.136069700165805
1219766,39.2713298248528
1219767,38.94108145985397
1219768,39.435911908771075
1219769,41.05909491459194
1219770,42.21799389980284
1219771,42.750891145181754
1219772,44.796030631349076
1219773,48.94314841977969
1219774,54.73668668059739
1219775,60.518560544231065
1219776,65.67325257079099
1219777,68.27821314212835
1219778,69.32264875358838
1219779,69.63160740095533
1219780,69.55553028741014
1219781,70.80784102225108
1219782,70.00344111457086
1219783,68.29646018036794
1219784,66.38646810453912
1219785,65.43306540746921
1219786,64.54691163464406
1219787,64.03621910136309
1219788,62.931741650543756
1219789,61.553305589284285
1219790,58.434524938014334
1219791,53.28829296121942
1219792,43.31465001940976
1219888,18.315251580480084
1219889,26.35319872004523
1219890,31.44702048501064
1219891,33.796744161978104
1219892,33.56174329200786
1219893,32.609579222339896
1219894,31.74757025455179
1219895,33.04886281240704
1219896,35.37071720132584
1219897,38.60955414126736
1219898,39.564623612590424
1219899,39.601386573874755
1219900,40.71964792460311
1219901,44.751550020435374
1219902,50.9147871108741
1219903,56.43010029745627
1219904,61.80321639978416
1219905,64.61250610265967
1219906,66.25372217607762
1219907,66.29217053767447
1219908,67.20147278994648
1219909,67.61782736742866
1219910,66.75733997518654
1219911,64.0834611722817
1219912,61.32904973096921
1219913,60.401383591089946
1219914,59.80545774757825
1219915,58.97355268389748
1219916,57.66277088568673
1219917,55.92793994034976
1219918,53.8794158495949
1219919,49.49299081709781
1219920,39.97732588963894
1220016,11.81689904002737
1220017,15.782729026350768
1220018,18.527502412189396
1220019,19.75919031403334
1220020,19.855469871563034
1220021,18.647668686303998
1220022,19.21639571617116
1220023,22.34788907522884
1220024,27.97631283476133
1220025,32.49616545285743
1220026,33.968327170236165
1220027,33.86539123551544
1220028,35.00314576811335
1220029,38.42726219494997
1220030,43.90671572586373
1220031,48.64884956475331
1220032,54.04131316845541
1220033,57.51448100301678
1220034,60.09902022966019
1220035,61.34104516884728
1220036,62.69710858421542
1220037,62.56010084793512
1220038,61.117489576923695
1220039,57.04602054622924
1220040,53.736245128746354
1220041,53.248053070064735
1220042,53.54691942982797
1220043,52.19961483280142
1220044,50.303917361820446
1220045,48.92044114639567
1220046,47.14419664229272
1220047,43.65559889936253
1220048,35.10164373081149
1220144,8.12338768784979
1220145,9.864401163109026
1220146,11.49971924437616
1220147,12.573477390646566
1220148,12.200970609963733
1220149,11.098792509893538
1220150,10.857871736615403
1220151,12.713025180806119
1220152,16.423138719745925
1220153,19.845619468793508
1220154,20.936491707606233
1220155,20.74070456231141
1220156,22.432821037345814
1220157,26.187160231946233
1220158,30.230747310429912
1220159,34.131634530656534
1220160,38.80138056851677
1220161,43.6886611533623
1220162,49.012475166193234
1220163,52.39269249134468
1220164,54.135799885578315
1220165,53.504490884039924
1220166,51.01959146018825
1220167,47.686376817507636
1220168,45.99458986075018
1220169,46.54881927485657
1220170,46.925066903067034
1220171,44.851721914644315
1220172,41.322606635501586
1220173,38.384344601426726
1220174,36.199669282239604
1220175,33.53086882768604
1220176,27.663281020475296
1220272,6.305634556993807
1220273,7.531457119930033
1220274,9.47623903114985
1220275,11.289855511321514
1220276,11.626169764528424
1220277,9.740507604841273
1220278,8.251286292445617
1220279,8.023887371928762
1220280,9.502521571303564
1220281,10.98908886436083
1220282,11.155270758443667
1220283,10.821845004689605
1220284,12.214167116888932
1220285,15.587167251771287
1220286,19.16683205268598
1220287,22.006660079402778
1220288,25.308256164383028
1220289,30.062484686816124
1220290,35.09828121467533
1220291,38.31233277201102
1220292,39.81067013331991
1220293,38.948527901099546
1220294,37.40368771746018
1220295,36.727162313139296
1220296,37.531220312251975
1220297,38.31875334139211
1220298,37.528594841721294
1220299,33.86154139379374
1220300,29.524136811412173
1220301,26.846164970212307
1220302,25.078322139661946
1220303,23.146550852649472
1220304,19.696481718987258
1220400,3.7970820144136725
1220401,4.93653127902158
1220402,7.390898594978027
1220403,10.556340561554281
1220404,11.551163074881094
1220405,10.184011858520169
1220406,8.3953465402225
1220407,7.9306941203992825
1220408,8.69832011439182
1220409,9.748665713897985
1220410,9.40050648170465
1220411,8.177212225538543
1220412,8.350819137963864
1220413,10.789878317706808
1220414,13.990648613579186
1220415,16.386924343275126
1220416,18.54088767731961
1220417,20.58533892750948
1220418,22.6907011534934
1220419,24.14886355441359
1220420,24.47484101088849
1220421,24.005933021859253
1220422,23.644387954978445
1220423,24.94493026863425
1220424,26.164038912720855
1220425,25.864483053744205
1220426,23.601218588984462
1220427,19.94610454581064
1220428,17.549167079712316
1220429,16.834461888163013
1220430,16.11004621614583
1220431,15.102986824738794
1220432,13.749772055330803
1220528,1.7982441021910267
1220529,2.779337788900684
1220530,5.333552803290752
1220531,8.546536437111053
1220532,10.15866485972841
1220533,9.917004493229411
1220534,9.055967412673715
1220535,9.02017584249986
1220536,9.840101507508466
1220537,10.265026402476785
1220538,9.32555557099377
1220539,7.651634171276635
1220540,7.520517555493416
1220541,9.424530981984645
1220542,12.154005555195841
1220543,13.781136125219739
1220544,14.687111759526937
1220545,15.407822628434424
1220546,16.24826264390696
1220547,16.741009859041387
1220548,16.679151806204864
1220549,16.23266712637891
1220550,15.729749781559553
1220551,15.43784669427631
1220552,15.052767717986223
1220553,13.698437032877116
1220554,11.674755625992043
1220555,10.279822033940151
1220556,9.5830725632246
1220557,9.463295533433858
1220558,9.401982725528674
1220559,9.96226252459839
1220560,10.522870971018381
1220656,1.196087033791768
1220657,2.1409571182417975
1220658,4.388722597553277
1220659,7.4202646474386365
1220660,9.284289362506305
1220661,9.199978761820606
1220662,8.770766551518276
1220663,8.930980630178505
1220664,9.648682769392043
1220665,9.786440574670484
1220666,8.874420418454953
1220667,7.694817867063293
1220668,7.4660219533955505
1220669,9.15787768388611
1220670,11.700055164532303
1220671,12.927840198042912
1220672,13.224262274266742
1220673,13.101281687205567
1220674,13.090255827495573
1220675,13.366499073855424
1220676,13.354362399829117
1220677,13.071372657315019
1220678,12.40663976305372
1220679,10.947998595596758
1220680,9.40754271579977
1220681,7.73489856038693
1220682,6.430119830132959
1220683,5.93497504588119
1220684,6.042296536022316
1220685,5.881655545791765
1220686,5.8622369549873605
1220687,6.971312114303405
1220688,8.303937405529593
1220784,1.455590374819296
1220785,2.3385999619002837
1220786,4.4057845975075285
1220787,6.862760561645174
1220788,8.32269645685061
1220789,8.203965273306451
1220790,7.9029417393266845
1220791,8.206015175336296
1220792,8.73063994887954
1220793,8.799536275513892
1220794,8.282867080880932
1220795,7.765219469573263
1220796,8.026931654329404
1220797,9.61696332335702
1220798,11.569698060109856
1220799,12.507781597899935
1220800,12.57792790461473
1220801,12.161718259523933
1220802,12.094051409663336
1220803,12.086232300694656
1220804,12.331622604079204
1220805,12.054485530798418
1220806,11.260184258048032
1220807,9.705724646020036
1220808,7.6876162281065294
1220809,6.201041408433065
1220810,5.142593126244194
1220811,4.726856403644364
1220812,4.721691786607716
1220813,4.588030743049848
1220814,4.664988513694632
1220815,5.751519032406607
1220816,6.782359959483566
1220912,1.7758636367252267
1220913,2.782274298899877
1220914,4.281434192287389
1220915,6.0780446711046245
1220916,7.054820235968069
1220917,7.248966466341051
1220918,7.347397613151342
1220919,7.596140337381803
1220920,8.111483009432272
1220921,8.062727208373227
1220922,7.974152712112437
1220923,7.93293998975663
1220924,8.678299275057903
1220925,10.137783789486994
1220926,12.021709289134488
1220927,12.612324211750591
1220928,12.549683790796252
1220929,12.0667602974289
1220930,11.813352475018464
1220931,11.795137939807997
1220932,11.927659481654587
1220933,11.717325117271264
1220934,10.943495035046956
1220935,9.544820691867423
1220936,7.619368100817018
1220937,6.214791920781231
1220938,5.251954385592401
1220939,4.9042630567411205
1220940,4.888455678817765
1220941,4.5637198678661
1220942,4.684384325918477
1220943,5.464632873733775
1220944,6.4381748923340165
1221040,1.8495300963618582
1221041,2.920322017789204
1221042,4.283799367066125
1221043,5.7460677972234135
1221044,6.696695354003326
1221045,7.147988031830187
1221046,7.535464931503879
1221047,7.863581015965744
1221048,8.485519713629206
1221049,8.644824261349658
1221050,8.971192386839741
1221051,9.890078099377195
1221052,11.114060742516576
1221053,12.267733310062509
1221054,13.516892808580685
1221055,13.76558172130487
1221056,13.500184844380646
1221057,12.61935857281366
1221058,12.153220032217591
1221059,11.907070557650922
1221060,12.158417172538273
1221061,12.13305836854412
1221062,11.430298518391572
1221063,10.072759027265537
1221064,8.563837049317643
1221065,7.466864283622634
1221066,7.090911052780033
1221067,7.177848491005069
1221068,7.0510476789892165
1221069,6.359234531294431
1221070,5.85965154897923
1221071,6.25916665800368
1221072,6.8683407491401995
1221168,1.649400793658329
1221169,2.620905983275584
1221170,4.016833164777942
1221171,5.713998138645885
1221172,7.1647384352737005
1221173,7.948284137662592
1221174,8.825717614359519
1221175,9.930606594203214
1221176,11.474134728266232
1221177,12.215663496520591
1221178,12.93657666841773
1221179,13.803463652960097
1221180,14.694835838654992
1221181,15.758303319201802
1221182,17.434377879583796
1221183,17.660025534279676
1221184,16.64780074542927
1221185,14.991080211263805
1221186,13.71777839989408
1221187,13.451410446112167
1221188,13.799657838692562
1221189,14.356833310280791
1221190,14.534989904339206
1221191,13.554360248107095
1221192,12.268762340983796
1221193,11.92437845301495
1221194,11.919295785106748
1221195,12.062180314070739
1221196,11.613215888208973
1221197,10.536725644078802
1221198,9.328572812917777
1221199,8.68039847673607
1221200,8.31192154966537
1221296,1.2890241000282825
1221297,2.3479235975348667
1221298,4.0484319957288415
1221299,6.709217163738924
1221300,9.511973248912389
1221301,11.830312760675525
1221302,13.445410728735617
1221303,15.076015630410682
1221304,17.22318709182777
1221305,18.683958514254833
1221306,19.345203251005437
1221307,19.365809086581283
1221308,18.861215601094614
1221309,20.36417902166516
1221310,23.89640718178592
1221311,25.111100797248305
1221312,23.093656038565662
1221313,20.422559011366403
1221314,18.765270535639683
1221315,18.452010737269408
1221316,19.36698968262921
1221317,20.796795144539967
1221318,21.69741954257495
1221319,20.741736361783417
1221320,19.392419219654816
1221321,19.187489577189037
1221322,19.021768305667493
1221323,18.350726647340334
1221324,18.052639165381294
1221325,17.854779118129866
1221326,17.146573079209087
1221327,14.841017573994991
1221328,12.251442231736663
1221424,1.013199612888498
1221425,2.478420421137455
1221426,5.543782827974772
1221427,10.41648104170346
1221428,16.151631016611944
1221429,21.27402774276329
1221430,22.672347479686316
1221431,23.278572691591627
1221432,23.819513699485874
1221433,23.63124351104903
1221434,23.489808734830756
1221435,22.722684394497858
1221436,22.06707475380337
1221437,24.214507061828776
1221438,29.243214402042266
1221439,31.353318614037033
1221440,30.033756591778076
1221441,28.212261499310447
1221442,27.628233677674828
1221443,27.713076516293032
1221444,29.069665191435362
1221445,30.039828391894044
1221446,30.177548450134633
1221447,28.587403096950712
1221448,27.026517526230222
1221449,26.08694119819354
1221450,25.28306811551338
1221451,25.04054400854213
1221452,25.69807439903425
1221453,27.889695826399965
1221454,28.072671584683793
1221455,25.392411028980177
1221456,20.137767163305075
1221552,1.3299920819520077
1221553,3.9659001371772935
1221554,9.76300364390198
1221555,17.609841341961243
1221556,24.777185210743315
1221557,29.51663685426137
1221558,31.21418453941892
1221559,31.64054233790513
1221560,30.47693738461462
1221561,28.75143490701485
1221562,26.7434224162858
1221563,25.617614131997673
1221564,25.532679761778468
1221565,28.27589758891737
1221566,33.47454928581668
1221567,36.408036310960135
1221568,35.86984207310344
1221569,34.72588239360196
1221570,34.36885920476719
1221571,35.562579433937124
1221572,37.30631513971396
1221573,37.8610646983597
1221574,37.701182688235626
1221575,36.20150075019292
1221576,34.65436707766331
1221577,33.49000759091352
1221578,32.79983643853374
1221579,33.33298131512087
1221580,34.832979869799495
1221581,37.242046688159085
1221582,37.523599753206284
1221583,34.234420497351834
1221584,26.85122022208519
1221680,1.7433144010394706
1221681,5.751443509671604
1221682,13.630364852447002
1221683,23.43524470685765
1221684,29.907851258659395
1221685,33.66741646857014
1221686,35.91864583156595
1221687,36.6537782761658
1221688,35.89979612900704
1221689,33.273001127785655
1221690,30.17383058055311
1221691,28.605652813558383
1221692,28.86251544767631
1221693,31.893952029940298
1221694,37.07125525458892
1221695,40.173004125373076
1221696,39.939501511854345
1221697,38.87207708799976
1221698,38.92847760746942
1221699,40.35361555947885
1221700,42.525531535041274
1221701,43.22368259610401
1221702,43.11968650944249
1221703,42.795528728189154
1221704,42.10177263424319
1221705,40.933611768648774
1221706,40.80567238705003
1221707,41.886798941649545
1221708,43.58115630482939
1221709,44.619999368853016
1221710,43.96726704198619
1221711,39.7845939153131
1221712,30.990799538124097
1221808,2.227398833880754
1221809,6.553268600782445
1221810,14.745543691297003
1221811,25.051243224946614
1221812,31.380241042730628
1221813,35.051493535111184
1221814,36.82994320115759
1221815,37.8994427759259
1221816,37.78405103933678
1221817,35.40163346463357
1221818,32.09006735341236
1221819,30.37701646188728
1221820,30.299481477931785
1221821,33.51459431730609
1221822,38.957786422701396
1221823,42.295505946476084
1221824,42.644073856524
1221825,42.252084233039504
1221826,43.466530857390616
1221827,45.466879325081166
1221828,47.58488975942743
1221829,48.04672006545262
1221830,47.70416502226202
1221831,47.709348012146044
1221832,47.43434668639213
1221833,46.8906525028429
1221834,47.283041676795435
1221835,48.42088605214435
1221836,49.47065946482386
1221837,49.42037962194796
1221838,48.395377116656164
1221839,43.88469276673761
1221840,34.62813419801027
1221936,3.104703698874885
1221937,7.115315557004257
1221938,15.583176860680362
1221939,25.565351726507544
1221940,31.878238578040463
1221941,35.41468010582542
1221942,36.92635196119641
1221943,37.89910228728088
1221944,37.883232663174326
1221945,36.255483617173695
1221946,33.663750695207916
1221947,31.27177486702015
1221948,30.689127396014904
1221949,34.62191688695231
1221950,40.58481926458993
1221951,44.610413866099556
1221952,45.673162651085015
1221953,46.33331007632853
1221954,48.11556725787125
1221955,50.43771437989794
1221956,52.420483636977075
1221957,52.57554471420417
1221958,52.31475554517708
1221959,52.5637859025843
1221960,52.45921418239987
1221961,51.87156389960289
1221962,52.10699814045303
1221963,53.04246761125285
1221964,53.27048308569207
1221965,52.71944538486899
1221966,51.81072976383318
1221967,47.89571412320607
1221968,38.34080766806698
1222064,4.165427630005686
1222065,7.998451946576794
1222066,16.093146806892925
1222067,25.78122581780361
1222068,32.21359084082664
1222069,35.04887055114128
1222070,36.2646588003569
1222071,37.13886011039143
1222072,37.4957118371057
1222073,37.0580955913953
1222074,35.8728969858461
1222075,35.08183030273331
1222076,35.53821644881316
1222077,38.9839640249274
1222078,44.05581713127203
1222079,47.398757211407116
1222080,48.853912834788154
1222081,49.851018051798974
1222082,51.66907017800721
1222083,53.989147872965304
1222084,55.90192626081614
1222085,56.044605834180004
1222086,56.072024003176224
1222087,56.00121942103127
1222088,56.008838170090584
1222089,55.55828775495675
1222090,55.95665947941899
1222091,56.150484637375094
1222092,55.69000586570712
1222093,54.92789706558354
1222094,54.76678063978084
1222095,51.623432587606786
1222096,42.095184716085605
1222192,4.7780509466469105
1222193,8.543138679032554
1222194,16.54444974426312
1222195,26.279312825478996
1222196,32.04051153223889
1222197,34.29284223503696
1222198,34.832607809923616
1222199,35.62068482827194
1222200,36.132602915771905
1222201,36.21232166215211
1222202,36.65496534561416
1222203,37.18671304338734
1222204,39.308309872467895
1222205,42.90428988217945
1222206,47.14189231892453
1222207,50.25922756427438
1222208,51.85418852122503
1222209,52.607009562159384
1222210,54.16732885064139
1222211,56.23121748311522
1222212,57.88310605788989
1222213,58.07246837838573
1222214,57.504502624728914
1222215,57.1783047654915
1222216,56.33305055418543
1222217,56.00279889148579
1222218,56.153125154229215
1222219,56.62951821839462
1222220,56.31726613954247
1222221,55.99398879702228
1222222,56.73145304809086
1222223,54.67747496955937
1222224,45.30405999284317
1222320,4.775677226720479
1222321,8.292447585426073
1222322,16.209035576886155
1222323,25.14537059197199
1222324,28.65676799061163
1222325,27.910296548317707
1222326,27.343935691637597
1222327,27.504015612604146
1222328,27.3085905417386
1222329,27.829391652890386
1222330,28.328015646934663
1222331,29.974426847744187
1222332,33.92790882905395
1222333,39.584869001444176
1222334,45.84523867765802
1222335,50.686324434939785
1222336,53.10837918589104
1222337,53.49271785857407
1222338,53.354215061054866
1222339,54.42318261111345
1222340,56.35959482233867
1222341,56.70537110845709
1222342,56.01108052766178
1222343,54.54868671841288
1222344,53.14343818436435
1222345,53.095983652948114
1222346,53.65230968559245
1222347,54.28138932412623
1222348,54.52130675507539
1222349,55.44564141708836
1222350,56.7991573783612
1222351,55.98629654481725
1222352,47.19751716916695
1222448,3.8060989181705027
1222449,7.142604418901231
1222450,13.519025818588313
1222451,20.113519835067226
1222452,20.507827521046618
1222453,16.47530442950564
1222454,13.871394121759579
1222455,13.151047470548487
1222456,12.865167809469764
1222457,13.225229364964717
1222458,13.872985945580275
1222459,16.23878410623342
1222460,21.844138065612306
1222461,31.185837079776153
1222462,42.5992329818853
1222463,50.04061809628456
1222479,55.17090006540039
1222480,47.25028758741405
1222576,2.4914533533640753
1222577,4.604459738476399
1222578,7.827674455987481
1222579,10.774609619910223
1222580,10.853969005919735
1222581,9.268505176163867
1222582,7.8481906929425
1222608,44.22435210506902
1222704,1.5611607056733605
1222705,2.766539027115794
1222706,4.412636223120354
1222707,6.020637521304747
1222832,1.1097595531254498
1234739,6.5577246030604215
1234866,6.630963978745476
1234867,9.032785327645513
1234993,8.840346205050878
1235120,11.969262763786475
1235121,18.138594712481805
1235122,26.133261937410758
1235123,34.64531503802484
1235248,17.624690747018462
1235249,28.87882450410801
1235250,36.78719877698115
1235251,42.13344349371652
1235252,44.31729975598854
1235253,44.27441912248705
1235254,41.76254731635918
1235376,19.442770624231812
1235377,31.310173541464746
1235378,38.982177375031256
1235379,42.874729814402976
1235380,44.644231965568515
1235381,45.34604910721705
1235382,43.62042134939335
1235383,42.577551853928554
1235504,18.75577125300993
1235505,30.35893883301482
1235506,38.66036486087782
1235507,43.18465090285316
1235508,45.14177266417925
1235509,46.43910348160542
1235510,45.93297548533387
1235511,45.3673770373182
1235512,46.45669892346788
1235513,47.731188969946245
1235535,54.411120920381876
1235536,43.40481207294778
1235632,18.110696952300405
1235633,29.94313626061588
1235634,38.70416443912975
1235635,43.833367787350355
1235636,45.95379209101669
1235637,46.95390649491076
1235638,47.2401013087097
1235639,47.2890810810057
1235640,47.308456745724804
1235641,48.568084593303155
1235642,49.21517890676633
1235643,49.943153613691884
1235644,51.182504351967964
1235662,58.46269936976355
1235663,54.966301324393974
1235664,43.83271082020763
1235760,18.560523244210323
1235761,30.921367779295476
1235762,39.8573267175073
1235763,44.0502466307684
1235764,45.90414912772519
1235765,46.422192332672104
1235766,46.143119318173376
1235767,45.99502385825699
1235768,46.232268609082205
1235769,47.14659606403843
1235770,47.920295449952604
1235771,48.58206647052976
1235772,50.166590193857765
1235773,53.37304492864365
1235774,57.112441116623245
1235775,61.071778667415415
1235776,64.89379909302474
1235777,66.00263637612693
1235778,65.39493673388114
1235779,64.47756408999581
1235780,64.39064210475121
1235781,63.913881915953006
1235782,62.90816191261882
1235788,60.008284027637224
1235789,60.496362560749716
1235790,59.38774606035592
1235791,55.06744112173816
1235792,43.962265037760744
1235888,20.012681342381182
1235889,31.973998993240496
1235890,39.88674140867509
1235891,43.773991022809135
1235892,44.788099644611385
1235893,45.29964285861906
1235894,44.1323363528813
1235895,43.8429380205376
1235896,44.217983186586125
1235897,45.20586459815212
1235898,45.98530354270872
1235899,46.70192495714328
1235900,48.56528003046653
1235901,52.118635419548276
1235902,56.522305662753354
1235903,61.763596257147725
1235904,66.41762875500733
1235905,68.521981416175
1235906,68.43133718744653
1235907,67.90702394438534
1235908,68.17590060650144
1235909,68.3766334204827
1235910,67.58010768093145
1235911,65.00193179334137
1235912,62.07992952114491
1235913,60.094761524763356
1235914,60.19316527336228
1235915,60.14542075282114
1235916,60.547997219939624
1235917,60.67519990093603
1235918,59.47727711567869
1235919,54.004040390936076
1235920,42.48562892608075
1236016,20.85213485467348
1236017,31.98042081225327
1236018,38.88310955606261
1236019,42.14503085420643
1236020,42.62428644417052
1236021,41.8218053740117
1236022,41.29828579501847
1236023,40.34503679239953
1236024,40.99754411706648
1236025,42.30895234147782
1236026,43.7874835714833
1236027,44.27133127233109
1236028,46.293035637788854
1236029,49.96622210782396
1236030,54.637081461082715
1236031,60.438593085615814
1236032,66.03567052221084
1236033,68.30138038096078
1236034,68.44438036674862
1236035,68.26800490750483
1236036,68.64686130031795
1236037,69.2838283865551
1236038,68.44890137753984
1236039,65.6486564549832
1236040,62.28676856265944
1236041,60.10875300321822
1236042,59.793316230781954
1236043,59.01410122618336
1236044,58.813282587665135
1236045,58.683007965183904
1236046,56.67025272461474
1236047,50.95190513916052
1236048,40.09900951654873
1236144,20.163698672108005
1236145,30.1131176016205
1236146,36.53993305428153
1236147,39.312062537716365
1236148,39.132725380961645
1236149,37.884338557449595
1236150,36.84424199223661
1236151,36.68181071858865
1236152,38.3243846496936
1236153,40.010466854415846
1236154,41.12844015862296
1236155,41.561102354298164
1236156,42.60479080805555
1236157,45.90152801995092
1236158,50.99287796446129
1236159,56.9985095667386
1236160,63.0146920947524
1236161,65.85362206334462
1236162,66.70632792010935
1236163,66.8919899240647
1236164,67.15987583043179
1236165,68.02488273601094
1236166,67.2518259755544
1236167,64.23630034226795
1236168,60.241623761727304
1236169,58.66186766422884
1236170,57.651409605165924
1236171,56.7535777457609
1236172,55.92673350835278
1236173,55.32633217724536
1236174,52.88525023361454
1236175,47.7575136739516
1236176,37.247695370441825
1236272,15.640315368552434
1236273,22.815144516851824
1236274,27.077747661650417
1236275,29.116784011432745
1236276,28.787513031165822
1236277,27.710322848576638
1236278,27.67948988084168
1236279,29.40984253695064
1236280,33.235520596145996
1236281,37.13894064421986
1236282,38.36961847779783
1236283,37.96693507613586
1236284,38.48993781949149
1236285,41.38422288950062
1236286,46.19420963522983
1236287,51.75918012566763
1236288,58.17274908510287
1236289,61.74420194190179
1236290,63.11399975836069
1236291,64.05318770152023
1236292,64.23571747616961
1236293,65.07091973353441
1236294,63.68396963238996
1236295,59.98643999774128
1236296,55.737807854849486
1236297,54.62229085534221
1236298,53.81757399462116
1236299,52.761173465700374
1236300,51.01815149157176
1236301,49.81816618558739
1236302,48.237540357926136
1236303,43.83752311989703
1236304,34.17890556367613
1236400,9.984620201393481
1236401,12.926916727691026
1236402,15.101654470440309
1236403,16.307330675175372
1236404,15.89215276922861
1236405,14.757164544781682
1236406,15.131947589852121
1236407,18.14521815796759
1236408,23.995461440898968
1236409,28.767415815147857
1236410,30.270301487631922
1236411,30.021893522710588
1236412,30.795527343915992
1236413,33.714672622338796
1236414,38.04846445591277
1236415,42.981470088168216
1236416,48.61544749440072
1236417,52.962919249616554
1236418,56.41365880739355
1236419,58.36432520030233
1236420,59.7142490838016
1236421,59.581200217688895
1236422,57.411628210987715
1236423,53.21484055043465
1236424,49.771995310615004
1236425,49.795933647938604
1236426,49.780889793033474
1236427,47.46330509048502
1236428,44.62758757810805
1236429,42.51864734612137
1236430,40.84389320063373
1236431,37.24579515688203
1236432,29.161405674311165
1236528,7.537106464052525
1236529,9.149825635412123
1236530,10.862367350786057
1236531,12.00961145245748
1236532,11.420862531319651
1236533,9.926755108412987
1236534,8.719952020292592
1236535,9.867380459161048
1236536,12.56729153612511
1236537,15.286743573774576
1236538,16.199840607614803
1236539,16.026580754398992
1236540,17.346446238916116
1236541,20.773875192810266
1236542,24.120828548374156
1236543,27.992187638189602
1236544,33.32059142376401
1236545,38.75542492908809
1236546,44.6617796767602
1236547,48.10934648879399
1236548,49.741670379009776
1236549,49.051243182369596
1236550,46.67884930884689
1236551,44.19152318579321
1236552,43.442314785650495
1236553,43.82984675614472
1236554,43.559828121131915
1236555,39.749858326212035
1236556,35.35021602189637
1236557,31.870576882259808
1236558,29.402152963139077
1236559,26.63180847204847
1236560,21.444119365217205
1236656,6.027362244068871
1236657,7.519387343447506
1236658,9.514765313299668
1236659,11.357754877015072
1236660,11.19216959175223
1236661,9.243148441873815
1236662,7.255225526672851
1236663,6.585502888409248
1236664,7.6863078425408515
1236665,8.85407765116544
1236666,8.966732061322388
1236667,8.556381151643942
1236668,9.790665709271464
1236669,12.64834995422841
1236670,16.027762072065233
1236671,19.257361236390498
1236672,23.42780253549854
1236673,27.295248153699053
1236674,30.645440905826405
1236675,33.03006706979331
1236676,33.85157800903358
1236677,33.76313325018341
1236678,33.26430633796991
1236679,33.255478851103554
1236680,34.21305713906077
1236681,34.64954235401299
1236682,33.072459786816424
1236683,28.42556856420878
1236684,24.072763958934615
1236685,21.94733840596435
1236686,20.140728310051617
1236687,17.64100070519053
1236688,14.548926569192222
1236784,3.6903901184719095
1236785,4.860679607124273
1236786,7.383453867910361
1236787,10.341735433607356
1236788,11.022526400673865
1236789,8.977520631364547
1236790,7.029253424815023
1236791,6.133132248222201
1236792,7.135325475000614
1236793,7.956392341161297
1236794,7.848708219825116
1236795,6.806041931596504
1236796,7.224053022561825
1236797,9.57948193115183
1236798,13.023714363665139
1236799,15.806414888701914
1236800,18.763609178742612
1236801,20.665934941890264
1236802,21.854164100904864
1236803,22.639636362375203
1236804,22.619354854847536
1236805,22.57194026704674
1236806,22.7523953657521
1236807,23.156615320104045
1236808,23.492737735657656
1236809,22.865883601988312
1236810,20.438059165045434
1236811,16.886760276453224
1236812,14.680956270100145
1236813,13.963505830308572
1236814,13.351962342762429
1236815,12.10059529541307
1236816,10.928003334133937
1236912,1.6466895968168715
1236913,2.578049275169698
1236914,4.807504247011367
1236915,7.505087034492779
1236916,8.609475098003555
1236917,7.873963069684181
1236918,6.92690688873622
1236919,6.788037581569377
1236920,7.650218326497059
1236921,8.04623346310895
1236922,7.414993439168024
1236923,6.0969901454113975
1236924,6.441007344498036
1236925,8.6225919505187
1236926,11.589262221270799
1236927,13.612208444278387
1236928,15.273269094403206
1236929,16.354113735079338
1236930,17.179658462585266
1236931,17.427323329266187
1236932,17.353217274940405
1236933,16.61816429676349
1236934,15.999781138359541
1236935,15.073278451464796
1236936,14.164989991750694
1236937,12.541449829654773
1236938,10.782474137261861
1236939,9.501138924780262
1236940,8.94743903377
1236941,8.579711358768172
1236942,8.361078670031237
1236943,8.436904598218415
1236944,8.974948614512856
1237040,0.8468551620641444
1237041,1.488619414156035
1237042,2.9403708149389525
1237043,5.062493272359561
1237044,6.442945387948717
1237045,6.958094075674239
1237046,7.0975444199058675
1237047,7.575841507868309
1237048,8.12539864442859
1237049,8.113569038299591
1237050,7.111111334466423
1237051,5.927469232302563
1237052,6.115233098357231
1237053,8.318547140913605
1237054,11.053031175275057
1237055,12.663754405264022
1237056,13.420381662914485
1237057,13.710662280311652
1237058,13.884389509526494
1237059,13.929105452486805
1237060,14.01936064469664
1237061,13.495294768908575
1237062,12.608548455782772
1237063,11.115029102812677
1237064,9.399405614030751
1237065,7.751051495151237
1237066,6.411699418115294
1237067,5.878961929254656
1237068,5.794111938076854
1237069,5.477565285836671
1237070,5.109441893170589
1237071,5.993345575025101
1237072,7.200508839539259
1237168,0.8961490705044881
1237169,1.5316475333042248
1237170,2.757947631273496
1237171,4.497316890746012
1237172,5.746628034164758
1237173,6.554281938546453
1237174,6.903761207919762
1237175,7.410540563836159
1237176,7.755579900335302
1237177,7.626967301586734
1237178,6.878610612270231
1237179,6.248588304238006
1237180,6.751908659217718
1237181,8.668000063014501
1237182,11.156144921628504
1237183,12.423641340249306
1237184,12.65771456009947
1237185,12.64759541022705
1237186,12.400538769394403
1237187,12.570680914352774
1237188,12.608834970365262
1237189,12.310169015262126
1237190,11.439987974831753
1237191,9.813990406598629
1237192,7.844898054621033
1237193,6.229387458411346
1237194,5.066711961718094
1237195,4.560436075170262
1237196,4.239144157308989
1237197,3.752968503030883
1237198,3.568714505541307
1237199,4.620808406847166
1237200,5.927505870615845
1237296,1.411883057016411
1237297,2.037493690519489
1237298,3.3002248102634204
1237299,4.847014024016856
1237300,5.953847824268867
1237301,6.427510291048805
1237302,6.8879231686031765
1237303,7.290927462096379
1237304,7.621398925958343
1237305,7.464717852193284
1237306,7.086624802870205
1237307,7.119587350892747
1237308,8.052656402268159
1237309,9.619779747920862
1237310,11.568439886330008
1237311,12.50695244336227
1237312,12.649163889795103
1237313,12.250657984762556
1237314,12.084511870491728
1237315,12.039511112108055
1237316,12.154180629410394
1237317,11.827083857141114
1237318,10.985530235001466
1237319,9.495994327306247
1237320,7.525360166279672
1237321,6.0815009678574965
1237322,5.012000036602937
1237323,4.5842332223575815
1237324,4.138343538078195
1237325,3.6913181341515835
1237326,3.4717700693526714
1237327,4.474106903053486
1237328,5.6483428554974795
1237424,1.7790804832384661
1237425,2.694055000008173
1237426,3.953066668389902
1237427,5.359599650953531
1237428,6.272809251462213
1237429,6.822721255659935
1237430,7.061224106208734
1237431,7.5097191975757775
1237432,8.046124020287516
1237433,8.068389875278253
1237434,8.399691353031377
1237435,9.263258898861835
1237436,10.44641025386002
1237437,11.702260881203324
1237438,13.011074380831081
1237439,13.400097824794901
1237440,13.263544855890142
1237441,12.619118023601308
1237442,12.23681729923503
1237443,11.960259021942212
1237444,12.112349847345673
1237445,12.026591357343671
1237446,11.268491585408132
1237447,9.832550359359807
1237448,8.132523791223385
1237449,7.0596036888716815
1237450,6.467082938774104
1237451,6.125999817654852
1237452,5.592966551484712
1237453,4.6283085263805495
1237454,4.206953256883487
1237455,4.903943520692057
1237456,6.05859219323307
1237552,1.864594701721244
1237553,2.843008018874702
1237554,4.130484134425004
1237555,5.6696581560022805
1237556,6.758163707529722
1237557,7.421663520641713
1237558,8.284464583091555
1237559,9.153224855718886
1237560,10.117309678769423
1237561,10.769806022804548
1237562,11.316735408853571
1237563,12.330308396902584
1237564,13.359759815144075
1237565,14.369824898414441
1237566,15.720425580224882
1237567,16.32099857290157
1237568,15.553692461364726
1237569,14.301306323506944
1237570,13.360982373525403
1237571,12.979511382973955
1237572,13.339216831164995
1237573,13.63231722928399
1237574,13.337459838816704
1237575,12.20272648986359
1237576,10.796323262477307
1237577,10.18730699931901
1237578,10.217245262851568
1237579,10.233390795667619
1237580,9.355008705168315
1237581,7.61031832270726
1237582,6.626780130347044
1237583,6.620038748524704
1237584,7.11063178005699
1237680,1.6026885216256386
1237681,2.56953772142
1237682,4.181130580140107
1237683,6.264518014754689
1237684,8.242520984729852
1237685,10.01253141208637
1237686,11.580435997743876
1237687,13.163964853294816
1237688,15.134337375420563
1237689,16.821139590875813
1237690,17.511294419116357
1237691,17.781113205498517
1237692,17.476234257373175
1237693,18.668142132936417
1237694,21.8175891658022
1237695,22.9389568690916
1237696,21.271305787254793
1237697,18.76702448274889
1237698,17.17183337763014
1237699,16.851740777705043
1237700,17.63656493927487
1237701,19.05275406955722
1237702,19.682226915163163
1237703,18.551988196245166
1237704,16.958942746061762
1237705,16.62246692289133
1237706,16.396343904067926
1237707,15.768892934948
1237708,14.536140777941212
1237709,13.511901049557254
1237710,12.460132668943366
1237711,11.044684287626389
1237712,9.686864524732751
1237808,1.190690932456057
1237809,2.470147699578979
1237810,4.822188426869234
1237811,8.803914118701293
1237812,13.499507408401676
1237813,17.54398092542512
1237814,19.405906459034053
1237815,20.184062828378995
1237816,21.469483854967674
1237817,22.330217534126934
1237818,22.441452380817257
1237819,21.963361967463445
1237820,20.941475258565536
1237821,22.799918217590854
1237822,27.525201210215744
1237823,29.46997001738385
1237824,27.957787367625063
1237825,25.769885943675185
1237826,24.824729575845474
1237827,25.05629694013081
1237828,26.350063540658027
1237829,27.65852170490323
1237830,27.94874604044452
1237831,26.29261487750117
1237832,24.240731953535157
1237833,23.149991391358054
1237834,22.347803766266527
1237835,21.21304113946657
1237836,21.16223288012634
1237837,22.174334687251328
1237838,22.27228645627089
1237839,20.066794260675003
1237840,16.26701463914273
1237936,1.2131292730457428
1237937,3.470307303069708
1237938,7.969957982657804
1237939,14.5933662878538
1237940,21.708747794980674
1237941,27.15882987183684
1237942,29.01247304399679
1237943,29.24704907055684
1237944,28.39914478504602
1237945,27.182569704346484
1237946,25.834082740651787
1237947,24.952061503985178
1237948,24.18558171447466
1237949,26.356999850495793
1237950,31.944033841937703
1237951,34.702001394458584
1237952,34.09981196347495
1237953,32.777149477436026
1237954,32.885126379987554
1237955,33.736972589844086
1237956,35.26237347597468
1237957,35.826010214334914
1237958,35.267423628208626
1237959,33.317288077295125
1237960,31.25788692932071
1237961,29.908917392469675
1237962,28.591146555116065
1237963,28.274871771331785
1237964,29.227269422877313
1237965,32.053283956776006
1237966,32.93847960047443
1237967,30.234168637479925
1237968,23.692427606627025
1238064,1.4951061316072713
1238065,5.104554165274618
1238066,12.39173859757123
1238067,21.85220410162299
1238068,29.138835694698216
1238069,33.2083440460987
1238070,35.176231409712116
1238071,35.58664467314736
1238072,34.92834436982412
1238073,32.2555458461221
1238074,29.445920922138466
1238075,27.631091783620096
1238076,27.694322351324484
1238077,30.33358370894513
1238078,35.642084371771844
1238079,38.575435827365574
1238080,38.465792985899085
1238081,36.98956768540961
1238082,37.0631200485234
1238083,38.413807497432416
1238084,40.21071017082645
1238085,40.723383073293405
1238086,40.28546228229024
1238087,39.48496255792798
1238088,38.46637200886136
1238089,36.86482554987142
1238090,36.26022486967129
1238091,36.48810247032979
1238092,38.0641170590904
1238093,39.523150664298974
1238094,39.72081584437249
1238095,36.03769772517932
1238096,28.074069517680527
1238192,1.8448437286289665
1238193,5.9237877336702764
1238194,14.36978147781421
1238195,24.977312519801504
1238196,31.841915522192423
1238197,35.21917178894969
1238198,37.213156420471705
1238199,38.20693191986704
1238200,37.57620910246209
1238201,35.45223593068611
1238202,31.85222953995526
1238203,29.5700813029932
1238204,29.069907320642432
1238205,32.094935404846126
1238206,37.36598118236879
1238207,40.74755104959543
1238208,40.94900263523903
1238209,40.40128216609887
1238210,40.77871578689843
1238211,42.15437182403547
1238212,43.91298869094889
1238213,44.069461071454676
1238214,43.47087295170566
1238215,43.10200959057132
1238216,43.00901361564587
1238217,42.213993864352645
1238218,41.862321992090465
1238219,43.27254861909464
1238220,44.60207910575624
1238221,45.317348993450544
1238222,44.2109193246088
1238223,39.52763824735771
1238224,30.69760298349286
1238320,2.3001297551546287
1238321,6.278311826474189
1238322,14.611286876944039
1238323,25.151310117639884
1238324,32.21624975813079
1238325,35.28854314850403
1238326,37.33155670184335
1238327,38.352134156031305
1238328,38.327051867560535
1238329,36.349687091870926
1238330,32.872022699165655
1238331,30.089111002536438
1238332,29.055027164411058
1238333,32.448119608609524
1238334,38.313402475325496
1238335,42.307085379403915
1238336,43.27420494527716
1238337,43.496247125736076
1238338,44.666827169275734
1238339,46.60105060690364
1238340,47.54804713797413
1238341,47.25592984779241
1238342,46.599514705527454
1238343,46.300531495271755
1238344,46.13418853357432
1238345,46.18002978253795
1238346,46.79141999663076
1238347,48.23515455700018
1238348,49.37045108035621
1238349,49.6421379670251
1238350,47.8536269313079
1238351,42.744117962512156
1238352,32.87691654781919
1238448,3.120913996451693
1238449,6.902724451996389
1238450,15.0603001377454
1238451,25.372256641442878
1238452,32.38043959544155
1238453,35.19892007509269
1238454,36.87151988224135
1238455,37.56138734264029
1238456,38.01665474656933
1238457,36.93843611987508
1238458,35.086454805328906
1238459,33.08231645849869
1238460,32.64297595384489
1238461,35.56934176767228
1238462,40.88500924261497
1238463,44.44079245730625
1238464,45.80989894537487
1238465,46.58065300888333
1238466,48.23272597362979
1238467,50.3520076508512
1238468,51.19319631898487
1238469,51.04371733418405
1238470,50.001018397795484
1238471,49.943946782905684
1238472,49.640708076719136
1238473,50.037616689512895
1238474,50.52014598117468
1238475,51.82330604443968
1238476,52.713636765878775
1238477,52.17786240009046
1238478,50.768515986157276
1238479,45.90072335807443
1238480,35.53955807846417
1238576,3.900310424383072
1238577,7.430951337022787
1238578,15.724930681909838
1238579,25.948931952043583
1238580,32.63451498184726
1238581,35.03965069988434
1238582,36.31220997403652
1238583,36.69256006082481
1238584,37.13329840402391
1238585,37.46126986574825
1238586,37.124791637043494
1238587,36.951026907479594
1238588,37.22922817141227
1238589,39.75496586935127
1238590,43.411520061519845
1238591,45.903310903527796
1238592,47.29856127187788
1238593,48.17305794543917
1238594,50.58307723893064
1238595,52.82264795238319
1238596,54.50665860093753
1238597,54.51281760923006
1238598,53.5076355061964
1238599,52.66627306891134
1238600,51.76023522238097
1238601,51.47048684908521
1238602,51.71322381460503
1238603,53.091061803794055
1238604,53.41368253754073
1238605,53.1227913509106
1238606,52.6587243392854
1238607,49.029634365789306
1238608,38.84518804872316
1238704,4.412242968502828
1238705,7.93914560778509
1238706,15.800211663489884
1238707,25.645315614808055
1238708,30.82510171978049
1238709,31.468096060363077
1238710,31.164742646203692
1238711,31.78519125136307
1238712,31.67587642148721
1238713,32.08320725113586
1238714,32.17471808881968
1238715,32.846458059655184
1238716,34.56040856122884
1238717,38.64826883434799
1238718,42.8977700281264
1238719,46.446284754031105
1238720,48.41210575437021
1238721,49.18905562943196
1238722,50.384319056272666
1238723,53.079707188524566
1238724,55.09647583438292
1238725,55.21145961988317
1238726,53.86969372918727
1238727,51.86669908311099
1238734,53.02974095737263
1238735,50.968380603724164
1238736,41.25981279017594
1238832,4.11985962343047
1238833,7.44009815969324
1238834,14.441745643928462
1238835,22.477577289008707
1238836,24.147043672926316
1238837,20.45304599025774
1238838,17.830274431045765
1238839,16.935039150206173
1238840,16.772706267488694
1238841,17.068905937443294
1238842,17.544989463960594
1238843,18.666202774319665
1238844,22.405716238936925
1238845,29.491069793187894
1238846,39.01375856804307
1238864,42.275775587646685
1238960,3.317063474164276
1238961,5.461794364559365
1238962,9.544771428797505
1238963,13.637779858938428
1238964,13.807870650211845
1238965,10.729316833847804
1238966,8.590571626148904
1238967,7.89155343998499
1238969,7.782032578933798
1239088,2.1819074360665027
1239089,3.4754899225373563
1239090,5.055406947200049
1239091,6.634536056009442
1251504,13.466506584724689
1251505,22.156558232868093
1251632,18.244090902395754
1251633,29.8397104561377
1251634,38.41793810418984
1251635,43.219239731211786
1251636,44.9992361598217
1251760,17.97197410081505
1251761,30.253044362234824
1251762,38.952453751409244
1251763,43.360850202122016
1251764,45.2996681345612
1251765,45.65008685460791
1251766,44.87004910776051
1251888,16.757518386104422
1251889,29.068414143908605
1251890,37.933272916582084
1251891,43.37891835491909
1251892,45.55661987280133
1251893,46.78132074675421
1251894,46.72084164510226
1251895,46.7870853966305
1251896,47.06291002301676
1251897,47.95310240635857
1251920,39.700904103889975
1252016,16.24006041223386
1252017,28.58852554672012
1252018,38.105350912181684
1252019,43.60330934538875
1252020,45.988130101875115
1252021,47.15872501876351
1252022,47.42115924392778
1252023,47.35313187240872
1252024,47.256999568564815
1252025,48.23484599671644
1252026,48.47022188152513
1252027,49.442876127565796
1252046,55.95494311767379
1252047,51.51321495989155
1252048,40.497563906965844
1252144,16.98798985588616
1252145,29.90516946037968
1252146,39.16827377476844
1252147,43.600007710616175
1252148,45.51305430518668
1252149,46.325405362840286
1252150,45.402410350695156
1252151,45.49190137334425
1252152,45.576160599674495
1252153,46.69620144194266
1252154,47.28540140851893
1252155,47.92275519633498
1252156,49.75330593500137
1252157,51.91720322593565
1252158,55.29128504644925
1252159,59.57803773855131
1252160,63.26946800974198
1252161,63.21099904956416
1252162,61.799227661080174
1252163,60.50068500854734
1252164,60.01019885492734
1252165,59.432421393057254
1252166,58.50897369378525
1252167,56.78437440680203
1252172,55.930275554417335
1252173,56.627258656133016
1252174,56.093195167072906
1252175,51.546228119628296
1252176,40.60711959212093
1252272,19.073754029323503
1252273,30.933274191359473
1252274,39.411145691737964
1252275,43.00209423611457
1252276,44.069491354845546
1252277,43.66395334351717
1252278,42.603153017749456
1252279,41.93415517035425
1252280,43.21553387751207
1252281,44.20064547005361
1252282,45.14520762518059
1252283,45.84778552397485
1252284,47.308591224642484
1252285,50.41498638120525
1252286,54.77477954167229
1252287,59.480904240536454
1252288,64.2398872527177
1252289,65.31477654294618
1252290,64.09156694974502
1252291,63.000611509679736
1252292,63.001600106756854
1252293,63.02638885561541
1252294,62.36252573575617
1252295,59.69122575116675
1252296,56.60110454075506
1252297,54.338007041096674
1252298,53.94277050081384
1252299,54.12752122781621
1252300,54.88581860403451
1252301,55.68070969508629
1252302,54.615908561480104
1252303,49.44786207340757
1252304,39.043894272624186
1252400,20.02431710565237
1252401,31.17189147568584
1252402,38.60711965093831
1252403,41.7915624426062
1252404,41.85931264748712
1252405,41.11342526686877
1252406,39.64978851885745
1252407,39.410989509774744
1252408,40.43962518950155
1252409,41.71202981144067
1252410,42.77728208564756
1252411,43.192939551002446
1252412,44.34338608713305
1252413,47.361216746383235
1252414,51.95044270843305
1252415,57.45088796817832
1252416,62.9887921571851
1252417,64.9554969041511
1252418,64.63009379763538
1252419,63.71468319461759
1252420,64.07567910894873
1252421,64.57520687712845
1252422,63.92408381009241
1252423,60.81507429493843
1252424,56.73552231193371
1252425,54.57323398039438
1252426,53.66285928998592
1252427,53.23348769806298
1252428,53.469007658166376
1252429,53.297497444892244
1252430,51.84228523488159
1252431,46.77485342404381
1252432,36.389347240139955
1252528,18.6764690326194
1252529,28.082505180391763
1252530,34.1431480016636
1252531,36.79227517843637
1252532,36.72074802629516
1252533,35.565703811109536
1252534,34.54512764231674
1252535,35.217991853140596
1252536,36.90255979654173
1252537,39.41263558259008
1252538,40.51483163752131
1252539,40.155238333090544
1252540,40.62899973649394
1252541,43.26072717173623
1252542,47.76359810955205
1252543,53.59150052222121
1252544,59.61986727457679
1252545,62.40368742767235
1252546,62.99626175347575
1252547,62.55255187669334
1252548,62.99997058193122
1252549,63.80520462784563
1252550,62.99758838876665
1252551,59.154206487840746
1252552,54.99829588917388
1252553,52.96453472458898
1252554,52.138719990664974
1252555,51.53584706291902
1252556,50.83464545199046
1252557,50.25819247849987
1252558,48.84722951515334
1252559,44.18770647786209
1252560,33.48140378727143
1252656,13.231761708411494
1252657,18.44447549404899
1252658,22.025646437187795
1252659,23.56080623953337
1252660,23.24784883522343
1252661,22.140278259806347
1252662,22.55906658642385
1252663,25.0241385178292
1252664,30.20635695321281
1252665,35.01606456878683
1252666,36.37282066919861
1252667,35.88774960704016
1252668,36.238941613083604
1252669,38.67106287763729
1252670,42.680386514144935
1252671,48.38683396672261
1252672,54.479635415581505
1252673,58.27624437001465
1252674,59.58588632030852
1252675,60.20130469930746
1252676,60.645802947484185
1252677,61.067614644881765
1252678,59.76214259877711
1252679,54.99332430975749
1252680,50.907960002133976
1252681,49.58437561037744
1252682,49.707227520968075
1252683,48.675858532152745
1252684,47.39864501563907
1252685,46.16686566700857
1252686,44.85294753460957
1252687,40.50909297181111
1252688,30.79853727346455
1252784,8.856006613562052
1252785,10.98836424508157
1252786,12.647007633870206
1252787,13.530129083818865
1252788,13.155023418862674
1252789,11.703378953202856
1252790,11.848302282614538
1252791,14.273033565406351
1252792,19.26986900786647
1252793,23.79936893563171
1252794,25.462697587643877
1252795,25.046587526843943
1252796,26.0264306189892
1252797,28.485317273236955
1252798,31.986286577785098
1252799,36.58577187638075
1252800,42.96071530982719
1252801,47.990916654731095
1252802,51.34810512432827
1252803,54.35472964515591
1252804,55.55309882542512
1252805,55.29523172028837
1252806,53.052209961790446
1252807,48.73756573530219
1252808,45.825531781061194
1252809,46.19077127123163
1252810,46.10857311164952
1252811,43.88843666323895
1252812,40.46521313783496
1252813,37.979126792908616
1252814,35.950740647670195
1252815,32.46460968493211
1252816,25.029138740926165
1252912,7.380304247476864
1252913,8.880427240148785
1252914,10.26493250493453
1252915,11.799665443738785
1252916,11.176339706914904
1252917,9.24858850383508
1252918,7.675794065769509
1252919,7.789687005961449
1252920,9.77182037834877
1252921,11.946499538273226
1252922,12.112622328005454
1252923,11.957760128051357
1252924,13.428917871251446
1252925,16.084708676035074
1252926,19.27599941626943
1252927,22.999754806815588
1252928,28.79388042875977
1252929,34.25162736894958
1252930,39.71474211132163
1252931,42.774983513370834
1252932,44.44749983487238
1252933,43.909891155181086
1252934,41.80519039296451
1252935,40.22573817179471
1252936,39.87205310608076
1252937,40.41899906186958
1252938,39.22545359030545
1252939,34.85543101132116
1252940,30.382964337186586
1252941,27.284164726993925
1252942,24.70183999186915
1252943,21.795119085402096
1252944,17.039623901700775
1253040,5.982033419912062
1253041,7.522848526783033
1253042,9.602383137995682
1253043,11.483417872989282
1253044,11.309188921353249
1253045,8.90934540772804
1253046,6.762687088253521
1253047,5.912216303540943
1253048,6.669491896986884
1253049,7.861689485838583
1253050,7.8774858632952105
1253051,7.105631854603574
1253052,8.00999024869509
1253053,10.325530285432235
1253054,13.565315125825679
1253055,17.34775255607919
1253056,21.537565694535505
1253057,24.874775329090024
1253058,27.105411186631745
1253059,28.5336961603052
1253060,29.149992465435634
1253061,29.55361317773421
1253062,29.54628422362838
1253063,29.708308099879986
1253064,30.49010800173544
1253065,30.337413742593128
1253066,28.061166542872236
1253067,23.168201678628602
1253068,19.54029864672014
1253069,18.212532836107084
1253070,16.80861359184397
1253071,14.05395129232016
1253072,11.12828655318125
1253168,3.62070827169826
1253169,4.845835204690865
1253170,7.239435344884056
1253171,9.929006782587068
1253172,10.200784044487543
1253173,8.108983827071885
1253174,6.056649176364071
1253175,5.305618746347288
1253176,5.949785833131818
1253177,6.972881340015416
1253178,6.700628333128721
1253179,5.867308058822919
1253180,6.1912361649287355
1253181,8.178958414038584
1253182,11.291190598241071
1253183,14.730720290219807
1253184,18.389490267750947
1253185,20.567007221778738
1253186,21.38847490470776
1253187,21.470751939237022
1253188,21.552354482613115
1253189,21.63217849281152
1253190,21.518151587113994
1253191,21.070564571347436
1253192,20.257200508871374
1253193,19.13918743959259
1253194,16.84583359634606
1253195,14.015635921828316
1253196,11.871761484423951
1253197,11.418178014171593
1253198,10.946701006836747
1253199,9.785038155904084
1253200,8.32376167953148
1253296,1.5428963356950702
1253297,2.3586660367969956
1253298,4.072290839041716
1253299,6.176592626424506
1253300,6.868427776765127
1253301,6.019204116914027
1253302,5.107651485367504
1253303,4.9422240667005894
1253304,5.618525219492098
1253305,5.933140742029744
1253306,5.691931344571854
1253307,4.817580210970433
1253308,5.448679055953963
1253309,7.392733184515729
1253310,10.214577692847895
1253311,12.913413077392086
1253312,15.57852464514585
1253313,17.063379953707337
1253314,17.93333680806077
1253315,17.841165135772577
1253316,17.60661217886617
1253317,17.08581847906952
1253318,16.337902587294977
1253319,14.92489545873668
1253320,13.148411268829218
1253321,11.366867678531305
1253322,9.71010067609729
1253323,8.557121694060676
1253324,7.832285889584881
1253325,7.753713351993172
1253326,7.352423925863015
1253327,7.165743607643064
1253328,6.82211633386298
1253424,0.5339882641742357
1253425,0.9242749352558712
1253426,1.7318101573509888
1253427,2.9290583667730843
1253428,3.838557447361447
1253429,4.437727905778687
1253430,4.940392649038401
1253431,5.4390957492344025
1253432,5.976272089356103
1253433,5.763070989644311
1253434,4.894510063902504
1253435,4.3036306699630495
1253436,4.900125872901272
1253437,7.054494792066388
1253438,9.715965794007936
1253439,11.900143487716237
1253440,13.534523753583954
1253441,14.387753264639075
1253442,14.817024130972154
1253443,14.88057638362607
1253444,14.688395084404645
1253445,14.125598958783407
1253446,13.07096855000707
1253447,11.494830424618419
1253448,9.474991744711431
1253449,7.723398032478624
1253450,6.378647847294738
1253451,5.657826487700183
1253452,5.153415533521307
1253453,4.915906873887959
1253454,4.618208339358272
1253455,4.800383536969157
1253456,5.370320455531203
1253552,0.4346503924679293
1253553,0.8040295605079514
1253554,1.457930366589001
1253555,2.4001449261081427
1253556,3.468211731974032
1253557,4.733197080708276
1253558,5.573380665371216
1253559,6.282385824819329
1253560,6.606554491904092
1253561,6.287864134479302
1253562,5.357481366992937
1253563,4.6348427725683345
1253564,5.157914170189563
1253565,7.0778567432624016
1253566,9.570899596518915
1253567,11.465723695868915
1253568,12.582309711477627
1253569,12.856252820488466
1253570,12.939608125616893
1253571,13.065990323366805
1253572,13.096594101297132
1253573,12.644712160483326
1253574,11.575633478410829
1253575,9.949992324272587
1253576,7.736628205934556
1253577,6.003766559959302
1253578,4.96308287584206
1253579,4.1988217025665895
1253580,3.425912581232178
1253581,2.8530246677502995
1253582,2.732314461770154
1253583,3.3677986665144606
1253584,4.171075025815734
1253680,0.9265531769280525
1253681,1.3652666239104152
1253682,2.3289129999815477
1253683,3.5618017393087036
1253684,4.76715021992949
1253685,5.597558672678627
1253686,6.280368319771293
1253687,6.726706114964597
1253688,7.208374042444964
1253689,6.978889914573972
1253690,6.406803016313519
1253691,6.1211576906904535
1253692,6.730146485457647
1253693,8.175662327158312
1253694,10.153890300586472
1253695,11.564648695712364
1253696,12.297855396285648
1253697,12.342144097910515
1253698,12.19993712257252
1253699,12.284640104024932
1253700,12.357381190954777
1253701,11.97058592286768
1253702,11.123909037156047
1253703,9.395082892564227
1253704,7.424235707621413
1253705,5.816254060283334
1253706,4.8268598876584985
1253707,3.9646170849196793
1253708,3.171044741904545
1253709,2.479894444539503
1253710,2.2405457255637256
1253711,2.948176723186648
1253712,3.9208293242907866
1253808,1.494041504238536
1253809,2.14705073763481
1253810,3.355653898633207
1253811,4.818458952208462
1253812,5.844265382127209
1253813,6.444683380362678
1253814,6.823295994375121
1253815,7.280253924819906
1253816,7.705315956748465
1253817,7.794273158223975
1253818,7.846872788082171
1253819,8.51694020043493
1253820,9.261843379640323
1253821,10.199755954484177
1253822,11.496755423651136
1253823,12.327754428657201
1253824,12.658745213494935
1253825,12.54045208868621
1253826,12.23729719223948
1253827,12.25544569399
1253828,12.292383337216709
1253829,12.09790521203517
1253830,11.215412554364876
1253831,9.681939656769131
1253832,7.842682802112871
1253833,6.627701275330163
1253834,5.822382634345496
1253835,5.202250435725611
1253836,4.332423492618337
1253837,3.2533997162397297
1253838,2.7924861675436112
1253839,3.417682710272584
1253840,4.472161060635289
1253936,1.842835920803995
1253937,2.7402685392560784
1253938,3.9930024406124334
1253939,5.411815716812392
1253940,6.519553287687852
1253941,7.2176020552371805
1253942,7.867385744202355
1253943,8.619364613329836
1253944,9.288994357299629
1253945,9.723061430294987
1253946,10.211971146646258
1253947,11.21184872774926
1253948,12.175442221411076
1253949,12.666409547228735
1253950,13.660731120712963
1253951,14.354059399776402
1253952,14.373781028096033
1253953,13.815472239108754
1253954,13.21892653626693
1253955,13.048542250091268
1253956,13.315147334771757
1253957,13.332144918830693
1253958,12.654052366364823
1253959,11.406626799293802
1253960,9.786728992535012
1253961,8.995908299516943
1253962,8.799744924885726
1253963,8.67036503798887
1253964,7.525111016509845
1253965,5.799573198775467
1253966,4.604862955087865
1253967,4.778051008827945
1253968,5.531166062031331
1254064,1.8492451885114516
1254065,2.8563429782725587
1254066,4.256729451667493
1254067,5.960027616049588
1254068,7.430315085228859
1254069,8.902312458401543
1254070,10.186714399458474
1254071,11.51113665817478
1254072,13.472181407340958
1254073,14.69504609734729
1254074,15.362861400267487
1254075,15.627956895526454
1254076,15.326962890271643
1254077,16.177919153281287
1254078,18.462666259033206
1254079,19.582750252066926
1254080,18.879554671488375
1254081,17.117747742506786
1254082,15.817942562918224
1254083,15.683461837449418
1254084,16.45276470710077
1254085,17.47767904174334
1254086,17.699450392172196
1254087,16.511291384640984
1254088,14.739193933012464
1254089,14.302540326825405
1254090,14.205313220582319
1254091,13.639584287230502
1254092,12.271515119566795
1254093,10.57413741336278
1254094,8.967981475559991
1254095,8.057980160270278
1254096,7.571846150282035
1254192,1.5495880120099308
1254193,2.8017390441998167
1254194,4.649450756843662
1254195,7.4659381419883255
1254196,11.067001004911988
1254197,14.095149461357869
1254198,16.102578778226444
1254199,17.448467499133393
1254200,19.36071411995405
1254201,20.716141440822952
1254202,21.287360381405467
1254203,20.969236320548912
1254204,19.41860240419096
1254205,20.314732945938655
1254206,24.596941601253356
1254207,26.618652180035532
1254208,25.3146942143462
1254209,23.083683009215093
1254210,21.812657041602044
1254211,21.9847733407242
1254212,23.340291077799577
1254213,25.179233531026725
1254214,25.377251344778692
1254215,23.94793987079042
1254216,21.79458926797404
1254217,21.032807370167458
1254218,20.380215186263918
1254219,19.05037536024167
1254220,18.190969788745225
1254221,18.25368391258163
1254222,17.516415478341
1254223,15.091280026884654
1254224,12.28067437580382
1254320,1.4140389039569867
1254321,2.9596028874486078
1254322,6.530624147034867
1254323,12.115140414048879
1254324,18.54109465778904
1254325,24.358868418444473
1254326,26.590147326352607
1254327,26.444644656741485
1254328,26.0606616856673
1254329,25.654802205616747
1254330,24.770256545999015
1254331,24.05998087498529
1254332,22.347403867307857
1254333,24.00671361296557
1254334,28.85772296581436
1254335,31.831813657622742
1254336,31.790297153495867
1254337,30.50547502708675
1254338,30.703968707432974
1254339,31.763045711728356
1254340,33.02251197747751
1254341,33.556169119836156
1254342,33.09903510414794
1254343,30.933489679693928
1254344,28.66408964224322
1254345,27.23103213144341
1254346,26.000169926055896
1254347,25.06282559174115
1254348,25.538371461011486
1254349,27.53305136928369
1254350,27.91478680170075
1254351,25.764518136521172
1254352,20.0004961543231
1254448,1.3758838308415777
1254449,4.3466387893491705
1254450,10.909016937476391
1254451,20.06190554470423
1254452,27.354557172320256
1254453,32.241528222527265
1254454,34.29468308290468
1254455,34.49195398594596
1254456,33.71367230021785
1254457,31.37698938396138
1254458,28.490056293312918
1254459,26.743361852784037
1254460,25.982302962420928
1254461,28.16913074975466
1254462,32.47214480662477
1254463,35.89049936293594
1254464,36.27274140260611
1254465,35.64162337841813
1254466,35.923259851469716
1254467,37.019398308637506
1254468,38.72853029497196
1254469,39.0636025101336
1254470,38.33215132227336
1254471,37.158338340492804
1254472,35.790377911661814
1254473,34.16247591347424
1254474,32.80534884496934
1254475,32.51605063831991
1254476,33.39441175283438
1254477,34.95012832474839
1254478,35.33224350645132
1254479,32.55711224300545
1254480,25.311344444813177
1254576,1.568910319117082
1254577,5.549317194757972
1254578,13.740726134807733
1254579,24.06059091910781
1254580,31.501121432271436
1254581,35.323202775504235
1254582,37.16027490845732
1254583,38.16556987049435
1254584,37.674151435619855
1254585,34.82724868683744
1254586,31.36855405261493
1254587,28.612798929190188
1254588,27.96024885156806
1254589,30.07026014827854
1254590,34.83575500483087
1254591,38.20147493500086
1254592,39.19651339327617
1254593,38.372821717971426
1254594,38.80315644344121
1254595,40.33557771850155
1254596,42.084908510639586
1254597,42.07162870862005
1254598,41.4488048543458
1254599,41.429665736623
1254600,40.68998045339692
1254601,39.442831434773545
1254602,38.5376888658415
1254603,38.913429137540476
1254604,39.83564849354612
1254605,40.78108883119917
1254606,40.195793371554814
1254607,36.26197165694523
1254608,28.125858129659207
1254704,1.8060915028632825
1254705,5.584000576734306
1254706,14.124651804548474
1254707,24.894681681184824
1254708,32.27877888869248
1254709,35.73321600458332
1254710,37.695382636537985
1254711,38.77022043391363
1254712,38.44501932578159
1254713,36.19506240562945
1254714,32.361427461559394
1254715,29.11180805866136
1254716,28.13365536454346
1254717,30.206691209410703
1254718,35.32167267115654
1254719,39.51169091703351
1254720,41.04339566713449
1254721,40.92962440703118
1254722,41.60724055494383
1254723,42.71914059879922
1254724,44.31001939585711
1254725,44.09846800331288
1254726,43.25560579456816
1254727,42.989345601529806
1254728,42.92609001452784
1254729,42.20703905079839
1254730,41.92425918243489
1254731,42.96419664236889
1254732,44.214623868285415
1254733,45.06741573713616
1254734,43.805627666093365
1254735,38.78974218877861
1254736,29.812569210092303
1254832,2.278486622060893
1254833,5.972895935940431
1254834,14.422521068208669
1254835,25.23028637986315
1254836,32.422897813566976
1254837,35.90128972720666
1254838,37.276562813933026
1254839,38.370790574746636
1254840,38.22828230630709
1254841,37.07145936734349
1254842,33.93724882103832
1254843,31.654970835507097
1254844,30.641465871730027
1254845,32.98379482589469
1254846,37.861595082986604
1254847,41.514954278469865
1254848,43.052452695362334
1254849,43.50270039515633
1254850,44.51958009096221
1254851,45.90497950135268
1254852,46.87242743107746
1254853,46.11247780646694
1254854,44.979577432873974
1254855,44.620367798079535
1254856,44.65751957024426
1254857,44.42796667811098
1254858,44.91622174072415
1254859,46.358630967739224
1254860,47.8544227501728
1254861,48.116024102396736
1254862,46.48316743819022
1254863,41.20801718269091
1254864,31.64888365456941
1254960,2.9645907476594053
1254961,6.589123207799721
1254962,14.772410441004627
1254963,25.783384050102047
1254964,32.82642472349934
1254965,35.97853333680368
1254966,36.885124855787886
1254967,37.72801100740687
1254968,38.321616145090424
1254969,37.960428248892924
1254970,37.24984965523567
1254971,36.51504855305914
1254972,36.39360234010114
1254973,38.40484982249564
1254974,41.52384598693058
1254975,43.85096099306782
1254976,44.65221014786648
1254977,45.04857344728247
1254978,46.2548471856102
1254979,47.84734251251489
1254980,49.2053908025733
1254981,48.0133901396268
1254982,46.52688354631871
1254983,46.082796464064046
1254984,45.61538170673232
1254985,45.420230560216325
1254989,49.31958298191056
1254990,48.34805761966019
1254991,43.38540164212108
1254992,33.719507395292055
1255088,3.8185933696478345
1255089,7.364657009454734
1255090,15.344024873645026
1255091,25.978478313509704
1255092,32.32755195835659
1255093,34.314998499112114
1255094,34.424813219476846
1255095,34.59509020500527
1255096,34.81662750637091
1255097,35.107925672330616
1255098,35.17570647272211
1255099,35.404152271986554
1255100,36.220862779473755
1255101,38.66324799974117
1255102,41.98788315910141
1255103,44.327265934705764
1255104,44.539641139646
1255105,44.868725547249895
1255106,46.19995168550158
1255107,48.32152867239647
1255119,44.66355837535517
1255120,34.973331674745516
1255216,4.1846438988837535
1255217,7.398523539896869
1255218,14.566112976068075
1255219,24.04262940929678
1255220,27.383072170830552
1255221,25.2269081774636
1255222,23.21062431282713
1255223,22.314018473418884
1255224,22.26775315297054
1255225,22.50995369737093
1255226,22.580591394938413
1255227,23.46854523412852
1255228,25.693249752229484
1255344,3.6897359704339183
1255345,6.077944781688447
1255346,11.127521296084067
1255347,17.09805533915597
1255348,17.546699784113667
1255349,13.512528322020609
1255350,10.71774485430039
1255351,9.498967701657433
1255352,9.375349145798438
1255353,9.504256771163027
1255472,2.800078188067956
1255473,4.10894062696315
1255474,6.212497863302875
1267888,14.812286948493458
1268016,17.300175778976914
1268017,30.015238841763036
1268018,39.3991675071056
1268019,44.10445820357314
1268144,16.133347217257803
1268145,28.98560651907404
1268146,38.486372897197775
1268147,43.50953139973091
1268148,45.45104040213618
1268149,46.22500179798047
1268272,14.956362997744625
1268273,27.409088013889562
1268274,37.470825034435904
1268275,43.39420156446515
1268276,45.81045429458025
1268277,47.01487901837803
1268278,46.9349942766559
1268279,46.876765499759045
1268280,47.06269687079558
1268400,14.64861949263683
1268401,27.900604084807174
1268402,37.75873962926167
1268403,43.61950869004401
1268404,45.96064900834784
1268405,46.578132099040985
1268406,46.51290724349168
1268407,46.80970878483379
1268408,46.79107426803162
1268409,47.67821963576238
1268410,48.018035267310694
1268411,48.78311925202548
1268412,50.056781526814724
1268413,52.58047430564412
1268431,49.2728913875936
1268432,38.113865562625314
1268528,16.33554417870321
1268529,29.344780953547144
1268530,38.85455312954201
1268531,43.590092315371784
1268532,45.133494622599144
1268533,44.65453204934693
1268534,44.35939209905345
1268535,43.84392968748237
1268536,44.56633475580591
1268537,46.00945992023021
1268538,46.58831829793674
1268539,47.375034642449954
1268540,48.8648368325189
1268541,51.34125384872873
1268542,54.090342224883884
1268543,57.449243812543685
1268544,60.391651106826345
1268545,60.22424111693925
1268546,58.69642660840394
1268547,56.994992097262006
1268548,56.056718925900746
1268549,55.80195555416109
1268550,55.16415206224022
1268551,54.19606738801345
1268552,52.75553494966157
1268557,53.6168641529115
1268558,52.619769282237655
1268559,48.15349263151581
1268560,37.69250695646555
1268656,18.55834037404403
1268657,30.44608893346469
1268658,39.308203552474296
1268659,42.86622915938709
1268660,43.37917893886809
1268661,42.154893328074024
1268662,41.324045969722995
1268663,41.202609164800734
1268664,42.283145667525744
1268665,43.36559283213084
1268666,44.86459737059805
1268667,44.809570094848816
1268668,46.44321723459131
1268669,48.81801204504826
1268670,52.03741459635852
1268671,56.601791960174786
1268672,60.47708750689376
1268673,60.87168571923701
1268674,59.211598959555474
1268675,57.65265164342615
1268676,56.881202901104885
1268677,57.0639505933423
1268678,56.646453721504436
1268679,54.929121769947756
1268680,52.94700393826192
1268681,51.62718314246896
1268682,50.972437654782254
1268683,50.823883040755575
1268684,51.36325894474472
1268685,52.114783506738384
1268686,50.66652971842118
1268687,46.050224329643115
1268688,35.96470558096229
1268784,19.23777888361104
1268785,30.28424939160337
1268786,37.9865101465853
1268787,41.0371693533871
1268788,41.113631901195134
1268789,39.482649420742554
1268790,38.58866342416893
1268791,38.78601243048736
1268792,40.02982862122506
1268793,41.81497078156169
1268794,42.60748615683516
1268795,42.17473126000596
1268796,42.80965070987419
1268797,45.29504229477348
1268798,49.01674359817648
1268799,53.8753593893108
1268800,58.73238150203545
1268801,59.8663307587398
1268802,58.66900730319244
1268803,57.457660920370586
1268804,57.4993220331519
1268805,58.00908117621835
1268806,58.01923027958963
1268807,55.66646444005139
1268808,52.74920636181388
1268809,50.99386291972411
1268810,50.41544173584194
1268811,49.737289107919274
1268812,49.52848068862955
1268813,49.31357351141455
1268814,48.027817979303926
1268815,43.66509490267912
1268816,33.52371958973875
1268912,16.600354302076745
1268913,25.33671553989936
1268914,30.92600954423587
1268915,33.33872912438507
1268916,32.99506593036233
1268917,31.60311292363423
1268918,31.523152263911296
1268919,32.730709051320055
1268920,35.83708789601776
1268921,39.36963975859429
1268922,40.054062046832975
1268923,39.4568402056173
1268924,39.63842755299756
1268925,41.74351054542105
1268926,45.469868976795226
1268927,51.21677910618422
1268928,56.14453684756388
1268929,58.0343211789872
1268930,57.352824932458546
1268931,56.5456148424863
1268932,57.08535307514023
1268933,57.664660776444066
1268934,56.76741035943724
1268935,53.76016209276745
1268936,50.316522903801314
1268937,49.01073164838832
1268938,49.057259447308155
1268939,48.453560248545436
1268940,48.11736490180161
1268941,47.46199593633113
1268942,46.42094128826188
1268943,42.163999748681235
1268944,31.74127401895028
1269040,11.032752261222052
1269041,15.142435808637787
1269042,17.82442852476184
1269043,18.935181828739086
1269044,18.40796132730838
1269045,17.17976808287406
1269046,17.773000964796527
1269047,20.69775942569061
1269048,26.730642425276503
1269049,32.006186230419935
1269050,33.60305730125382
1269051,33.60742997164309
1269052,33.327176881495255
1269053,35.814357102178
1269054,39.52352809228177
1269055,44.52506108028338
1269056,50.09266966839307
1269057,52.84065395030313
1269058,53.882974722042235
1269059,54.216371187741196
1269060,54.95183450127249
1269061,55.0750645025241
1269062,53.35485157653436
1269063,49.17546797484128
1269064,46.43542825262255
1269065,46.226058575587736
1269066,47.12408167026411
1269067,46.333511683172276
1269068,44.73002876263253
1269069,43.47289529084693
1269070,42.245660846052864
1269071,37.95591541362171
1269072,28.718658740955355
1269168,8.113405755692703
1269169,9.838140703428936
1269170,11.399431494182771
1269171,12.274644352508558
1269172,11.523578816122916
1269173,9.84962703794212
1269174,9.325494442357863
1269175,10.874782380736075
1269176,14.24370095566523
1269177,17.99378612953567
1269178,19.254669022755394
1269179,19.0090664161782
1269180,20.375545091418015
1269181,22.616825447029623
1269182,25.767114760405214
1269183,30.0979811348792
1269184,36.08942422096433
1269185,40.818109299916614
1269186,45.129761827016836
1269187,47.683068537377785
1269188,49.04025347176874
1269189,48.325038869471925
1269190,46.162384181938485
1269191,43.34351253659025
1269192,42.04860089925457
1269193,42.85737790007107
1269194,42.75422613506124
1269195,40.00700883969237
1269196,36.65307412476851
1269197,34.007178350535966
1269198,31.76346402763831
1269199,28.189156990393904
1269200,21.58623681722046
1269296,7.033295251795836
1269297,8.572535985969909
1269298,10.400426885033351
1269299,11.634313100544224
1269300,11.002522304921397
1269301,8.625603322077103
1269302,6.88123795545091
1269303,6.510034770471525
1269304,7.788281426480072
1269305,9.234640950660719
1269306,9.438608401067905
1269307,9.157606013447937
1269308,10.402263191263993
1269309,12.787740222432156
1269310,15.830743993840299
1269311,19.816977860006617
1269312,24.924681590219773
1269313,29.371127982532172
1269314,33.099298063629405
1269315,35.2555986683476
1269316,36.24989647804305
1269317,35.97578441548534
1269318,35.23806780011328
1269319,34.81179923680327
1269320,35.04939251739015
1269321,35.8107179504987
1269322,34.0781936065385
1269323,29.52845527043168
1269324,25.811784374311863
1269325,23.640080284571855
1269326,21.550918566322125
1269327,18.43723986267538
1269328,14.080429725635533
1269424,5.9446507172287495
1269425,7.425103902441328
1269426,9.41289154096736
1269427,11.212111605757853
1269428,10.890255073410033
1269429,8.440586253070181
1269430,6.235414760526527
1269431,5.497968437570343
1269432,6.152547645617778
1269433,7.256504996641689
1269434,7.084547389358121
1269435,6.167393487055622
1269436,6.95867881998492
1269437,8.92364505058307
1269438,11.861949343517416
1269439,15.893283973566326
1269440,20.243400075186173
1269441,22.752995904633334
1269442,23.554029781739565
1269443,23.853920786378037
1269444,23.89963861800706
1269445,24.391984022343653
1269446,24.898732616139824
1269447,25.342965060031815
1269448,25.77835299132008
1269449,25.149711248957754
1269450,22.85069950867019
1269451,18.896742030804432
1269452,16.26952986614829
1269453,15.705961103023386
1269454,14.490898049984189
1269455,12.151698389759018
1269456,9.533330445703045
1269552,3.465743109933159
1269553,4.609045344733442
1269554,6.765207270981918
1269555,9.033746558481909
1269556,9.069531664814585
1269557,7.1901233883455715
1269558,5.311803141093108
1269559,4.729348206881958
1269560,5.396146798288285
1269561,6.183539954446991
1269562,5.931472355336344
1269563,5.054100285974168
1269564,5.493622657753044
1269565,7.2305014159969385
1269566,10.122719683383776
1269567,13.904862642332137
1269568,18.062166151356383
1269569,20.08924124466809
1269570,20.258889637132466
1269571,19.742408098804102
1269572,19.630110095730682
1269573,19.950985930412113
1269574,19.640277894881667
1269575,18.14880861362073
1269576,16.473943381506558
1269577,15.04921333314501
1269578,13.512957130699148
1269579,11.282589148879966
1269580,10.27037200933391
1269581,10.120697919953182
1269582,9.96295012509948
1269583,8.63113161542884
1269584,7.295537043420568
1269680,1.4075717819965219
1269681,2.1064164381311863
1269682,3.333027870486325
1269683,4.591418356511365
1269684,4.932894926809377
1269685,4.430880834933486
1269686,3.7342535335310734
1269687,3.721705169449425
1269688,4.353345612532261
1269689,4.537131172529975
1269690,4.143760342643061
1269691,3.8242538533905184
1269692,4.596120056294865
1269693,6.321622423078931
1269694,8.973422712896161
1269695,12.195905167998234
1269696,15.806303537048956
1269697,17.640084944669233
1269698,17.798610708153774
1269699,17.413476723775783
1269700,16.888123482165756
1269701,16.831041709856528
1269702,16.075416924672524
1269703,14.037708480438726
1269704,11.50180196787942
1269705,9.8174768333415
1269706,8.519641888842187
1269707,7.400685904800272
1269708,7.12844015027869
1269709,7.341611330832024
1269710,7.08937772286838
1269711,6.442891088185418
1269712,5.824131112031821
1269808,0.42736981482063985
1269809,0.7053864917445345
1269810,1.0930994362066921
1269811,1.5856750999516147
1269812,2.141765906283005
1269813,2.625209581695755
1269814,3.052720703040773
1269815,3.5608070399275946
1269816,3.9944081472305104
1269817,3.825997338003741
1269818,3.2271040503992316
1269819,2.952032025554251
1269820,3.88827243280373
1269821,5.82408874342309
1269822,8.192450630897794
1269823,10.950117798542434
1269824,13.443061267510936
1269825,14.85239422990206
1269826,15.33450526424559
1269827,15.173930258849374
1269828,14.703390884183754
1269829,14.162949871221176
1269830,12.911062368233576
1269831,11.158655223868612
1269832,8.73422811023439
1269833,6.90737750415496
1269834,5.825941447405086
1269835,5.30468152884879
1269836,5.137576465514414
1269837,5.065886896437705
1269838,4.807739783095649
1269839,4.429874423226744
1269840,4.341715891203563
1269936,0.25194220587608745
1269937,0.32932732429551864
1269938,0.6372709867584765
1269939,1.1606764590381908
1269940,2.074781112895456
1269941,3.0942072309913384
1269942,3.9696772821093647
1269943,4.689096901137873
1269944,5.063021999150251
1269945,4.8638988091269715
1269946,4.079282746797093
1269947,3.3786695871642247
1269948,3.7854927252325195
1269949,5.199920488906949
1269950,7.674321426324297
1269951,9.988942528047764
1269952,12.029468250176752
1269953,13.081023158137905
1269954,13.321721245266264
1269955,13.419416939086144
1269956,13.13185450910968
1269957,12.733586222031134
1269958,11.466182517121142
1269959,9.378537585490356
1269960,7.029297606858592
1269961,5.446688612161948
1269962,4.474825185908769
1269963,3.756295556285598
1269964,3.0926590069426285
1269965,2.716184298245515
1269966,2.560717543504396
1269967,2.643771231755509
1269968,2.9119668671504644
1270064,0.5560714632726839
1270065,0.7569841330227882
1270066,1.3581371502786543
1270067,2.243277491731436
1270068,3.357904352200246
1270069,4.49229391446472
1270070,5.299639286872625
1270071,6.006148656231578
1270072,6.450950947186418
1270073,6.248224660075823
1270074,5.423521566517617
1270075,4.837977749637581
1270076,4.882601192222793
1270077,5.899214580280525
1270078,7.653591662417096
1270079,9.771858425968887
1270080,11.4936728632073
1270081,12.262916832387702
1270082,12.34545998987087
1270083,12.499616442805436
1270084,12.4383499715394
1270085,12.09545152995788
1270086,10.956717445579612
1270087,8.8844100242733
1270088,6.690899148238953
1270089,5.148487881883766
1270090,4.174189522734429
1270091,3.301663503235863
1270092,2.3324161231854363
1270093,1.6588432541508291
1270094,1.4514060353991154
1270095,1.818771325949642
1270096,2.256784656015347
1270192,1.0139484170354933
1270193,1.5264151929006944
1270194,2.555897497174434
1270195,3.8989086011327796
1270196,4.968929012501575
1270197,5.782702080822268
1270198,6.397298833530969
1270199,6.853767594148765
1270200,7.331778148231549
1270201,7.409254669175136
1270202,7.250079445351961
1270203,7.362188783126802
1270204,7.664890039105871
1270205,7.7467247587673675
1270206,8.579315255297798
1270207,10.105587774698543
1270208,11.772016413346222
1270209,12.127341804651662
1270210,12.122311808970133
1270211,12.2673156414393
1270212,12.504323337086927
1270213,12.137602846288505
1270214,11.197193875478664
1270215,9.181694883154169
1270216,7.193355800015221
1270217,5.670106262384629
1270218,4.789191810133341
1270219,3.9288035652533924
1270220,2.773165624306074
1270221,1.9042196661867832
1270222,1.599987859132027
1270223,1.9538663567440833
1270224,2.3679895941994014
1270320,1.4934037273662653
1270321,2.2385854114719166
1270322,3.5319228937296065
1270323,4.97659491272877
1270324,6.10767705981215
1270325,6.895845552655481
1270326,7.559915148624235
1270327,8.049553991313037
1270328,8.675344165228772
1270329,8.905840105684977
1270330,9.084603626145363
1270331,9.927054289792578
1270332,10.321878255134543
1270333,9.869466711328913
1270334,10.119957055822777
1270335,11.493662326387678
1270336,12.824423594532414
1270337,12.973561936002136
1270338,12.734639867348928
1270339,12.817765123862396
1270340,13.269876693019063
1270341,13.134254633018324
1270342,12.26940933455127
1270343,10.48734448954765
1270344,8.501905315140652
1270345,7.533431172694247
1270346,7.018957351408764
1270347,6.5704357394915975
1270348,5.199644640001368
1270349,3.8723212532893454
1270350,3.0733990270152725
1270351,3.0674740601494337
1270352,3.180757695324585
1270448,1.8785089684436556
1270449,2.776086453303993
1270450,4.0561274645572745
1270451,5.756283840717719
1270452,7.013882668720502
1270453,8.091100159975047
1270454,9.145536952663445
1270455,10.503239804742428
1270456,11.65960528972446
1270457,12.64592494596535
1270458,13.175905856593122
1270459,13.413665947976423
1270460,13.225523453000818
1270461,12.826633957316284
1270462,13.804566502714938
1270463,15.15118180075568
1270464,15.911665193901076
1270465,15.140476514775912
1270466,14.393276848185023
1270467,14.312268966931374
1270468,15.137713421714727
1270469,15.802955515951504
1270470,15.582468397653349
1270471,14.139029792582546
1270472,12.35721793746319
1270473,11.959785891630695
1270474,11.878937623051423
1270475,11.423249966364297
1270476,9.974465636765117
1270477,8.122249526175274
1270478,6.738872079592619
1270479,5.5690880607153055
1270480,4.810161550325669
1270576,1.8637799366214318
1270577,2.9091095159475446
1270578,4.550502738716599
1270579,6.704123419333142
1270580,9.178054237795704
1270581,11.534377196022053
1270582,13.085522445962612
1270583,15.013349486438775
1270584,17.067055983241822
1270585,18.869185315184204
1270586,19.63484413879953
1270587,19.28529078661488
1270588,17.215459011500027
1270589,17.088926158570395
1270590,20.002862992387
1270591,22.19040611873129
1270592,21.544874146826796
1270593,19.657671285378512
1270594,18.48744299686339
1270595,18.562578898031326
1270596,20.10615053867614
1270597,21.673421476986235
1270598,22.41477869243606
1270599,20.757590973450444
1270600,19.13491213686305
1270601,18.696969368316974
1270602,18.39084618271314
1270603,17.10700984456829
1270604,15.75713858539938
1270605,15.013506031415302
1270606,13.608541503252937
1270607,10.785825252527308
1270608,8.13553125987908
1270704,1.6386639634600193
1270705,2.9023007971356933
1270706,5.647572672559442
1270707,9.973719861700447
1270708,15.689146947533532
1270709,21.094928381633
1270710,23.18952909273161
1270711,23.54480844332482
1270712,23.929277713919333
1270713,24.006335924705937
1270714,24.07684909960136
1270715,22.949011225067448
1270716,20.74839238327998
1270717,21.01653642774281
1270718,25.060311920443187
1270719,27.981357464853048
1270720,27.80407755338422
1270721,26.810384381046447
1270722,26.67625794151677
1270723,27.54605619904591
1270724,29.166530861473216
1270725,30.018913891442747
1270726,29.686784263216552
1270727,27.73714527612899
1270728,25.42722440089085
1270729,24.536664241990078
1270730,23.927305933258975
1270731,22.932064631618452
1270732,22.597353371311485
1270733,23.594801958456642
1270734,23.316437043800168
1270735,20.537176521973667
1270736,15.409907947750908
1270832,1.4822847193349937
1270833,3.9965921382646465
1270834,9.249150804379896
1270835,17.235125515818044
1270836,24.447397976525234
1270837,30.255695972140696
1270838,32.520700154776414
1270839,32.642261556994185
1270840,31.621914922302324
1270841,29.701506690456238
1270842,27.760414951827855
1270843,25.8084553721932
1270844,24.3224087280685
1270845,25.055221676300256
1270846,29.482033041539104
1270847,32.42345061595816
1270848,33.1916877423196
1270849,32.69765129903551
1270850,33.11589347304964
1270851,34.44230093795138
1270852,36.16609902068527
1270853,36.52055342740127
1270854,35.571417930174256
1270855,34.14375096388341
1270856,32.598913612330115
1270857,31.288506867963637
1270858,30.121772376463344
1270859,29.46211114505034
1270860,29.68090929981267
1270861,31.135018411000804
1270862,31.448215997260665
1270863,28.79932985919577
1270864,21.840505292615017
1270960,1.5429835815299675
1270961,4.971594795820687
1270962,12.722638738242994
1270963,23.398409178637177
1270964,30.720434680812463
1270965,35.15272437899846
1270966,37.13323954895495
1270967,37.87876966356394
1270968,36.9818755709216
1270969,34.56708435701127
1270970,30.907937937188652
1270971,28.087071378354167
1270972,26.66208037099389
1270973,28.31298896266439
1270974,32.568514907483504
1270975,35.66120778338166
1270976,36.23167232094677
1270977,35.64383037724297
1270978,35.86983257643324
1270979,37.70415053475831
1270980,39.58955232009133
1270981,39.6703344512549
1270982,38.91684706875216
1270983,38.84978288176439
1270984,38.45278655995695
1270985,37.34825375975556
1270986,36.03033421166474
1270987,36.03428647849359
1270988,36.332386662332944
1270989,36.8171893575991
1270990,36.26211369539276
1270991,33.25564418884629
1270992,25.335222312298765
1271088,1.5708128801681887
1271089,5.202337855820386
1271090,13.667448614618685
1271091,24.963500521930815
1271092,32.35092195824745
1271093,36.14622075555289
1271094,38.31050792116997
1271095,39.292285309245486
1271096,38.56809883070487
1271097,36.372235897184254
1271098,32.253513382514214
1271099,28.694147126072284
1271100,27.002044040966393
1271101,28.981887170698315
1271102,33.87216086229499
1271103,37.293374385185096
1271104,38.20306461995877
1271105,37.63647742208913
1271106,38.47194312498744
1271107,39.897308771123804
1271108,41.71809499345279
1271109,41.48828637971113
1271110,40.943300606614194
1271111,41.15702430213601
1271112,41.09070934041276
1271113,40.00421984404858
1271114,39.215391673489485
1271115,39.56301320372223
1271116,40.40608110402977
1271117,40.87278607925495
1271118,40.05345707408703
1271119,35.840373569681425
1271120,27.150035243393916
1271216,1.766896741872632
1271217,5.5253699818071
1271218,13.727975341983797
1271219,25.085663614048006
1271220,32.77430436645357
1271221,36.091115216465596
1271222,38.0316254239399
1271223,39.12073462843701
1271224,38.5519298576015
1271225,36.886727365301375
1271226,33.78973022734414
1271227,30.556778850206854
1271228,28.960946273372926
1271229,30.808944668730064
1271230,35.80927109357368
1271231,39.562882594124
1271232,40.402642043895064
1271233,40.29763069799113
1271234,41.03649040655927
1271235,42.50169372023775
1271236,43.716638549612696
1271237,43.00226660993121
1271238,41.91090732316792
1271239,42.15569730581572
1271240,42.005224386637764
1271241,41.49651069189445
1271242,40.897784866209626
1271243,41.810765005438974
1271244,42.68222803481824
1271245,43.634254985934255
1271246,42.69727429677016
1271247,38.08014229075533
1271248,29.15240641003676
1271344,2.2653849007812665
1271345,5.827979587213346
1271346,14.222380732634551
1271347,25.581836468996624
1271348,33.14469182227229
1271349,36.54648676382987
1271350,37.96415031614419
1271351,38.56883819590507
1271352,38.82404795643182
1271353,38.32742727264233
1271354,36.96785304431987
1271355,35.26470672805491
1271356,34.86844889763271
1271357,36.45698118728711
1271358,40.03376276434883
1271359,42.36530010822694
1271360,42.64061120466301
1271361,42.38781428311432
1271362,43.0653277247974
1271363,44.42173748315885
1271364,45.23395158898918
1271365,43.955928356560754
1271366,42.617723723172816
1271367,42.18684441285096
1271368,42.28146756429137
1271369,41.96269195866777
1271375,39.34822698768668
1271376,30.52935865202824
1271472,3.0699653895634387
1271473,6.421880054837705
1271474,14.531125051396765
1271475,26.026857850670567
1271476,33.17292691533251
1271477,35.86264350087507
1271478,36.7440007722971
1271479,37.07592810139341
1271480,36.93629244455093
1271481,37.23881785658161
1271482,37.32893356548086
1271483,37.12758209893316
1271484,37.60385688615151
1271485,39.40076574563586
1271600,3.735720542718404
1271601,6.8050266806017135
1271602,14.656451165002094
1271603,25.100904168764355
1271604,29.86326950911719
1271605,29.55265873931551
1271606,28.25490229713917
1271607,27.878235357853484
1271608,27.59857734510252
1271609,27.888831033216018
1271610,28.190429896145435
1271728,3.8167230452537764
1271729,6.205290480792154
1271730,12.279640047822213
1271731,19.88326367774328
1271732,21.383460179273385
1271733,17.087295513428995
1271734,13.468193474728343
1271735,12.536000924474779
1271856,3.3297413287599227
1284400,15.562845083433084
1284401,28.96482500198513
1284528,14.32293442244103
1284529,27.380008068507806
1284530,38.23487643896379
1284531,43.73380443576616
1284532,45.77541598559774
1284656,13.268747748958871
1284657,26.50903686772514
1284658,37.126990090802515
1284659,43.40259888349551
1284660,46.42557855662221
1284661,46.929114032021225
1284662,46.864362058045224
1284663,46.678054370910765
1284784,13.538977077765065
1284785,26.660718354408818
1284786,37.85682613141904
1284787,43.69247603155128
1284788,45.81033137765136
1284789,46.06581111244042
1284790,45.43824503408968
1284791,45.313837829212254
1284792,45.800529518058525
1284793,46.942524507140774
1284794,47.48490390370599
1284795,48.2745633522683
1284912,15.781922922024078
1284913,29.07271502136691
1284914,38.733849406136315
1284915,43.58537591381845
1284916,44.48548973443059
1284917,43.80468558510194
1284918,42.980548899121715
1284919,43.0004182340861
1284920,43.5939464111434
1284921,45.28442741535254
1284922,46.085973238894844
1284923,46.43148854258072
1284924,47.65872773190811
1284925,50.0197789527115
1284926,52.18210094812695
1284927,54.371675511901046
1284928,56.31703256664565
1284929,56.757353593444655
1284930,56.219447004774274
1284931,55.56556978979961
1284932,54.99721145164119
1284933,54.449011256137936
1284934,53.93942968393841
1284942,49.34317620275536
1284943,45.171014389536744
1284944,34.55514516307093
1285040,17.709359452311062
1285041,30.013668735294743
1285042,38.71308316675429
1285043,42.90663057137091
1285044,43.11243734297263
1285045,41.88020008258347
1285046,41.06407395144385
1285047,40.842657783428315
1285048,42.02755012887196
1285049,43.257040694454226
1285050,43.9912771011596
1285051,43.9999705564848
1285052,44.73978621235695
1285053,46.924738047533765
1285054,49.60820768671508
1285055,52.506987011550414
1285056,55.703923260474006
1285057,56.321496260542936
1285058,55.64338870878946
1285059,54.74882384276744
1285060,54.241865696745656
1285061,53.92428315105094
1285062,53.77415272545235
1285063,52.643055561307236
1285064,51.009538625223215
1285065,49.57732722612202
1285066,49.12975654781366
1285067,49.15813697313833
1285068,49.22108077840077
1285069,49.19656716716014
1285070,48.03804655022121
1285071,43.36529017784567
1285072,33.43917254217403
1285168,17.943851678543645
1285169,29.002213111735752
1285170,36.87438556871421
1285171,39.92871225658372
1285172,39.78077506508575
1285173,38.30506188487248
1285174,37.779923147811346
1285175,38.245112113230206
1285176,39.631858740354815
1285177,41.71492767383553
1285178,42.316363896349564
1285179,41.44127040616452
1285180,41.529798624363764
1285181,43.43128079916592
1285182,46.26732809085745
1285183,49.95353573886382
1285184,53.61476546185149
1285185,54.90012084123209
1285186,54.49064298560414
1285187,53.543699389679546
1285188,53.52305802932254
1285189,54.298974129483035
1285190,54.02038632639494
1285191,52.20051614697136
1285192,49.9062562259756
1285193,49.05615533058947
1285194,48.44671154531385
1285195,47.90205479039203
1285196,47.43220373223074
1285197,47.39315912225188
1285198,46.100053549250866
1285199,41.826636004282186
1285200,31.781738967716613
1285296,14.43935545907435
1285297,21.39313349029634
1285298,26.32888862190519
1285299,28.29336307521294
1285300,27.953055118385883
1285301,26.655333825798493
1285302,26.75459448909572
1285303,29.03496479058074
1285304,33.603296794782814
1285305,38.0150404711044
1285306,39.34839516226672
1285307,38.257231191709884
1285308,38.53092488266134
1285309,40.01364627387656
1285310,43.280544113894784
1285311,47.15633520169115
1285312,51.25135469996544
1285313,52.86215763453973
1285314,52.75838301289694
1285315,52.02476167636499
1285316,52.36373498263362
1285317,53.32029934476362
1285318,52.76344603950178
1285319,49.95333126382193
1285320,47.0568038477698
1285321,46.93619839530225
1285322,47.1506786597366
1285323,46.47131109989441
1285324,45.89410642800401
1285325,45.51247960987731
1285326,44.211624504703884
1285327,39.95500023736503
1285328,29.93349936696057
1285424,9.715122992018655
1285425,12.350530540013613
1285426,14.603227577682032
1285427,15.38194334150696
1285428,14.604614038487671
1285429,13.482799559107475
1285430,13.491246493184262
1285431,16.499698529416936
1285432,22.261526949304827
1285433,27.64163932519109
1285434,29.595802321256524
1285435,29.403719445201475
1285436,29.66482114016513
1285437,31.781521156121336
1285438,34.5301942812183
1285439,38.266392972981784
1285440,43.08036508856335
1285441,46.3112438804555
1285442,47.53851052256481
1285443,48.638351488096376
1285444,49.43789086222246
1285445,49.416101535788044
1285446,47.99879602800803
1285447,44.63896592947969
1285448,42.929949692791666
1285449,43.87558570407475
1285450,44.89766364066256
1285451,43.34820753153484
1285452,41.85560696359464
1285453,40.25772430489272
1285454,39.00162964686014
1285455,34.88362675172756
1285456,26.385309813462463
1285552,7.633560126032602
1285553,9.385528750818558
1285554,10.884523906111454
1285555,11.870718275287711
1285556,10.913967149497779
1285557,8.906095158993892
1285558,7.630709952525102
1285559,8.371123662935663
1285560,10.789792398891057
1285561,13.299248069491737
1285562,14.20710785606001
1285563,14.13800050473383
1285564,15.228170817445317
1285565,17.62006732841752
1285566,19.981253112566517
1285567,23.81053597941688
1285568,29.008236054407583
1285569,33.26084532155491
1285570,37.54307830675532
1285571,40.18890033165195
1285572,41.55786526400272
1285573,40.86755397747353
1285574,39.47757715907749
1285575,37.98417013362271
1285576,38.43026589739049
1285577,39.99882714036258
1285578,39.57880345528539
1285579,36.20216695951377
1285580,32.65884389781972
1285581,30.35871777887016
1285582,28.235508097118423
1285583,24.49476294888568
1285584,18.46804388875956
1285680,6.94645585894219
1285681,8.518858866746974
1285682,10.225154942058651
1285683,11.372394891290043
1285684,10.564348018832819
1285685,8.142581224527307
1285686,6.208482154870733
1285687,5.719450659792005
1285688,6.5032069412174565
1285689,7.6245640225349245
1285690,7.853068294112049
1285691,7.222716169158706
1285692,7.997328775473487
1285693,10.151249054034405
1285694,12.883234326263487
1285695,16.733683836477436
1285696,21.121278562152614
1285697,24.11949035258023
1285698,25.328419676381554
1285699,26.2221648226408
1285700,26.626396359445526
1285701,26.7656815636089
1285702,27.56941464191089
1285703,29.103088358002157
1285704,30.622150924260232
1285705,31.38414425828987
1285706,29.690305612449784
1285707,25.12049078191161
1285708,21.804337009265012
1285709,20.731109814866773
1285710,18.80947051764687
1285711,15.6020227072048
1285712,11.945069367630955
1285808,5.659137315115096
1285809,7.090068354714782
1285810,8.901126484931218
1285811,10.384333543656165
1285812,9.988378772825502
1285813,7.777472299962155
1285814,5.763417823794158
1285815,5.1946945245222516
1285816,5.661282140245529
1285817,6.587911186201915
1285818,6.179593118322179
1285819,5.381306819913701
1285820,5.87646524751683
1285821,7.509416729141676
1285822,10.3640557118163
1285823,14.073542708404915
1285824,17.96107591808456
1285825,19.497901389350147
1285826,18.823038647701562
1285827,18.220536465728074
1285828,18.022277363674785
1285829,18.43971389883812
1285830,19.27378309740829
1285831,19.950858942871374
1285832,20.80666991377754
1285833,20.716437365512768
1285834,18.81060948852527
1285835,15.575861239037076
1285836,13.89973902236135
1285837,13.718879699589031
1285838,12.71204750201221
1285839,10.700565629655241
1285840,8.48625136126256
1285936,3.245364355674512
1285937,4.168340118804151
1285938,5.846721482351739
1285939,7.574018348469012
1285940,7.586951241873553
1285941,6.136761422652594
1285942,4.757478827846953
1285943,4.31234055590069
1285944,4.900548361033457
1285945,5.432216568072185
1285946,5.06354669045954
1285947,4.3591893316551165
1285948,4.741817532821024
1285949,6.102707762783034
1285950,8.564715757964935
1285951,12.47859669216498
1285952,16.71636731198172
1285953,18.067109728481373
1285954,17.298938842086553
1285955,16.112311658140182
1285956,15.617472322748002
1285957,16.040179314729375
1285958,16.00411897705348
1285959,15.005460403296592
1285960,13.486382886483945
1285961,12.72931841427089
1285962,11.340986082033865
1285963,9.781894453944366
1285964,9.227481945840536
1285965,9.434678924869962
1285966,9.148815631214916
1285967,8.017405484750565
1285968,6.81308132150093
1286064,1.341851963391569
1286065,1.8021295554289631
1286066,2.646674400640736
1286067,3.5979253346833393
1286068,3.774162858097856
1286069,3.38953868754024
1286070,3.0558973836267485
1286071,3.2293063781785354
1286072,3.681053275123686
1286073,3.8035016747918697
1286074,3.3555474111034864
1286075,3.202751767374437
1286076,3.8331706599916275
1286077,5.091003105917529
1286078,7.329161663330436
1286079,11.060804934730161
1286080,14.99950961124702
1286081,16.393618107745212
1286082,15.643973492083706
1286083,14.596333278159337
1286084,14.055289076984263
1286085,14.181446356103786
1286086,13.869098121186116
1286087,12.13726775914779
1286088,10.120608547056932
1286089,8.762358568436184
1286090,7.859942146876175
1286091,7.029392966991982
1286092,6.972497133990155
1286093,7.318009453563461
1286094,6.966176396301034
1286095,6.091841797195402
1286096,5.375063930460504
1286192,0.42356538324029785
1286193,0.49007269056756725
1286194,0.7911350917987742
1286195,1.0828264173027875
1286196,1.3800677053352417
1286197,1.5825233060793134
1286198,1.9636201858400686
1286199,2.4164973197213877
1286200,2.8712152741041104
1286201,2.851447020735672
1286202,2.4791216939530107
1286203,2.4305618484282534
1286204,3.238699739564095
1286205,4.467026595978742
1286206,6.411240335598935
1286207,9.450610066540987
1286208,12.599074236753474
1286209,13.982875231645478
1286210,13.930877617172237
1286211,13.071849482556186
1286212,12.447556948650865
1286213,11.923459680528586
1286214,11.183634065630287
1286215,9.578266642225353
1286216,7.536761637761498
1286217,6.094051798372287
1286218,5.481635280531777
1286219,5.271498033886936
1286220,5.346857695769984
1286221,5.5730144049015
1286222,5.147437817032697
1286223,4.419382407295299
1286224,4.022932304244064
1286320,0.17288033963288155
1286321,0.19294302614018574
1286322,0.2886830470729094
1286323,0.6261539002328431
1286324,1.1186958361842538
1286325,1.7425226650917123
1286326,2.3446790743420376
1286327,2.8091940337696215
1286328,3.356013578401327
1286329,3.374730518707726
1286330,2.766453239428543
1286331,2.3920263893504976
1286332,2.769396534264267
1286333,3.7425409420477616
1286334,5.487088083172843
1286335,8.361045824209477
1286336,11.028562324389243
1286337,12.228299363484687
1286338,12.171702891274622
1286339,11.868635504189191
1286340,11.287238644526811
1286341,10.753041807143735
1286342,9.568058197343522
1286343,7.810980590038574
1286344,5.6505462784828575
1286345,4.435174781598461
1286346,4.02125338184016
1286347,3.7545023075362636
1286348,3.625666758740356
1286349,3.3790153978604556
1286350,3.136129890488072
1286351,2.774997022850855
1286352,2.5999531458441365
1286448,0.30042132108117686
1286449,0.35887538989992285
1286450,0.6951686768548453
1286451,1.3338178829168232
1286452,2.1291692000831275
1286453,3.227935837154029
1286454,4.027623415849663
1286455,4.697024489776944
1286456,5.1059267200118095
1286457,5.025963151964332
1286458,4.320093800236505
1286459,3.57689849965469
1286460,3.4269086573042253
1286461,3.8257029436421663
1286462,5.284220930490161
1286463,7.746302687780646
1286464,10.21039569185077
1286465,11.16503290356892
1286466,11.10033403920444
1286467,11.074753130427801
1286468,10.93922517678103
1286469,10.519107304070147
1286470,9.26982802027147
1286471,7.304778487559303
1286472,5.079090928495484
1286473,3.8874451750054937
1286474,3.349909477924463
1286475,2.8591820722057086
1286476,2.2774984928009707
1286477,1.856448202520917
1286478,1.5913110784637994
1286479,1.6352214645325218
1286480,1.780830194661394
1286576,0.5885455239245919
1286577,0.9184331313388894
1286578,1.6748550769830037
1286579,2.6471383959193258
1286580,3.813940213284456
1286581,4.906188291972674
1286582,5.640438784906223
1286583,6.218833465398544
1286584,6.645510357121336
1286585,6.63064549991451
1286586,6.3134004087359745
1286587,6.140663776296481
1286588,5.912463831317589
1286589,5.516032907907142
1286590,6.037548896790092
1286591,7.997333950172863
1286592,10.125407078008413
1286593,10.73693416054343
1286594,10.723081071055935
1286595,10.861885532203718
1286596,11.135773135183582
1286597,10.896266533220821
1286598,9.698155909148264
1286599,7.665480807556713
1286600,5.415479846482956
1286601,4.090167747221318
1286602,3.356407569598934
1286603,2.743552571023523
1286604,1.976653942802102
1286605,1.469243898347396
1286606,1.2790518784750922
1286607,1.3920467032854849
1286608,1.635768549442824
1286704,1.1376036607054159
1286705,1.666790470111874
1286706,2.8344776118921207
1286707,4.186388064783969
1286708,5.41251048005252
1286709,6.346831187244446
1286710,7.0761396582241165
1286711,7.651473997680813
1286712,8.086564883921115
1286713,8.226052122876805
1286714,8.45682350456809
1286715,8.90965636896935
1286716,8.625021360334097
1286717,7.530610186470028
1286718,7.499433912030238
1286719,8.96209570683131
1286720,10.718922804750791
1286721,11.149263531361665
1286722,10.900825199482886
1286723,11.164736593431387
1286724,11.768865927298885
1286725,11.710589332995031
1286726,10.659097138301865
1286727,8.761364159891476
1286728,6.620590927258174
1286729,5.432552822785784
1286730,5.06663651514486
1286731,4.461994825463568
1286732,3.6802841719628496
1286733,2.93025208602156
1286734,2.4871806419633433
1286735,2.2465779452717225
1286736,2.1130799364677144
1286832,1.5646747916543489
1286833,2.4324270959742633
1286834,3.8048178276693876
1286835,5.238999830466668
1286836,6.5084264417267885
1286837,7.661833513048903
1286838,8.5878477794285
1286839,9.474707931852528
1286840,10.498103128953618
1286841,11.179423182678173
1286842,11.407453320009964
1286843,11.677173091061862
1286844,10.98109529670222
1286845,9.978454506004809
1286846,10.083978793819671
1286847,11.369903587416301
1286848,12.754977731184823
1286849,12.375092439866199
1286850,11.83260205772937
1286851,11.970697375380185
1286852,12.692557183737064
1286853,13.208009219245266
1286854,12.625390108337651
1286855,11.16861548943492
1286856,9.54826238211284
1286857,9.005438087772095
1286858,9.135056076553463
1286859,9.056915879746207
1286860,7.87813874411878
1286861,6.608920824792687
1286862,5.453856891883098
1286863,4.23140054573544
1286864,3.2673507548570995
1286960,1.8796277108525488
1286961,2.921157420043398
1286962,4.2332984483937635
1286963,6.089661190589211
1286964,8.05181427911396
1286965,9.48799197482357
1286966,11.248956912075453
1286967,12.827756205149734
1286968,15.153867799601104
1286969,16.829885714015916
1286970,17.563628674616048
1286971,17.153660449550866
1286972,14.980105512847766
1286973,14.017755727918482
1286974,15.627299004077837
1286975,17.496750960010537
1286976,17.174663324445692
1286977,15.5639252022987
1286978,14.200744621182702
1286979,14.596006477963524
1286980,16.186191003759074
1286981,17.708032901153317
1286982,18.000769893522264
1286983,17.12852372912277
1286984,15.695816087916398
1286985,15.62798234938459
1286986,15.763515446367173
1286987,15.004884555084175
1286988,13.382410507446801
1286989,12.347436213988317
1286990,10.615849119357945
1286991,7.709646610624437
1286992,5.35313480939934
1287088,1.7969324008430954
1287089,3.05461306740195
1287090,5.03619906228152
1287091,8.257041384759127
1287092,12.57361274724459
1287093,16.94942876724442
1287094,19.14631950880414
1287095,20.0731680096962
1287096,21.277847026851433
1287097,22.491206616712102
1287098,22.91624505724641
1287099,21.99465903708965
1287100,19.103689091541995
1287101,18.40657670844295
1287102,21.60698897648711
1287103,24.074632416517616
1287104,23.844823489500886
1287105,22.188186406621696
1287106,21.388526183858595
1287107,22.114203009772577
1287108,24.034346857882493
1287109,25.61755387445986
1287110,25.812088830707914
1287111,24.096976462378652
1287112,22.39424440028431
1287113,22.016622207345435
1287114,21.658296107945645
1287115,20.386664137919304
1287116,19.63703117134407
1287117,19.766921535749166
1287118,18.934471084928234
1287119,15.61254399316205
1287120,10.90259192599094
1287216,1.6873582565261278
1287217,3.814491481940157
1287218,7.660635721490722
1287219,14.115377512279041
1287220,21.014948459989558
1287221,27.83575874692329
1287222,30.121266561971698
1287223,29.72479368135136
1287224,29.09942591240995
1287225,27.937458313916
1287226,26.390650410159065
1287227,24.888405146061796
1287228,22.379118273766192
1287229,22.399380469614865
1287230,26.313551247331514
1287231,29.443138061059447
1287232,29.810033741238556
1287233,29.0816851990505
1287234,29.773750581631
1287235,31.213157615816165
1287236,32.99631148469404
1287237,33.47683199879113
1287238,32.67203882671946
1287239,30.751701928653738
1287240,29.15946664577713
1287241,28.091929046583918
1287242,27.352213608871047
1287243,26.39304834588302
1287244,26.335332733658433
1287245,27.91666374788412
1287246,28.368608139505646
1287247,25.40893110219337
1287248,18.385785557209076
1287344,1.4876125857350049
1287345,4.74617439060979
1287346,11.681094274673145
1287347,21.574106495054437
1287348,29.432465842750698
1287349,34.42000401320408
1287350,36.51524485602485
1287351,37.136127271704375
1287352,36.0654000964975
1287353,33.849657185549546
1287354,29.987480115721073
1287355,27.386987865982924
1287356,25.4499389116145
1287357,26.2470013964721
1287358,30.246117704761957
1287359,33.404364646285266
1287360,33.92330105462887
1287361,33.11112472727722
1287362,33.568201413804516
1287363,35.60706775947681
1287364,37.88871179290996
1287365,37.802967933485284
1287366,36.787727182168716
1287367,36.66871926864517
1287368,36.13912628925993
1287369,34.756386477785746
1287370,33.43987549223163
1287371,33.116619150543734
1287372,33.16279425915731
1287373,33.46374055203763
1287374,33.780663869254816
1287375,30.716022633724943
1287376,22.542050523455387
1287472,1.498690835206251
1287473,5.026662424113278
1287474,13.28708456254476
1287475,24.45373366097593
1287476,32.2870034309598
1287477,36.38274674012884
1287478,38.52765960275688
1287479,39.58992566605936
1287480,38.901157267402695
1287481,36.23713720671144
1287482,31.84575710857371
1287483,28.14909109814282
1287484,26.007841790184294
1287485,27.27916059082993
1287486,32.106183265719345
1287487,35.29090708464379
1287488,36.13751417570842
1287489,35.63933185531989
1287490,36.07308579932215
1287491,38.17190952814256
1287492,40.327045609163434
1287493,39.90687972755719
1287494,39.237421639711485
1287495,39.50212003195725
1287496,39.73756948123801
1287497,38.393455790858816
1287498,37.07291780836215
1287499,37.28254319684696
1287500,37.34738767749236
1287501,37.31791318403742
1287502,36.926659323830265
1287503,33.329598408960514
1287504,24.498240375421314
1287600,1.5157004548674755
1287601,5.274396028467616
1287602,13.389134422916745
1287603,24.83961654076366
1287604,32.90220399667293
1287605,36.68867219352379
1287606,38.5080861107813
1287607,39.4022375613282
1287608,39.139647488630445
1287609,36.86466828330228
1287610,33.25038910156309
1287611,29.558046906156015
1287612,27.587981471816086
1287613,28.953750686382723
1287614,33.92942030767027
1287615,37.86653524440437
1287616,38.80686970980405
1287617,38.3635941093229
1287618,39.03916491106657
1287619,40.81899145974762
1287620,42.0741931860327
1287621,41.34092981880252
1287622,40.59046067764649
1287623,40.99931798487011
1287624,40.82951673931101
1287625,39.99207390824162
1287626,38.88692805958015
1287630,39.06426682097158
1287631,34.983803455355144
1287632,25.968412018354876
1287728,1.726041184554991
1287729,5.153822943351699
1287730,13.451681242115788
1287731,25.50743872397055
1287732,33.324861283659054
1287733,37.233079361738405
1287734,38.56720738748961
1287735,39.33391344817154
1287736,39.19962869118937
1287737,38.34798091634976
1287738,36.01909818861456
1287739,34.20530164130953
1287740,32.28781463795704
1287741,33.8414909392827
1287742,38.03938762817154
1287743,40.655764970760636
1287760,27.67565202134783
1287856,2.260880921223307
1287857,5.696852721881192
1287858,13.781097208295975
1287859,25.80979482579241
1287860,33.8526707554716
1287861,37.02922082442463
1287862,38.52140005083365
1287863,38.77720880960341
1287864,38.999827783033595
1287865,38.788999401064636
1287866,38.38001679400274
1287867,37.977538513222825
1287984,2.8884719712162585
1287985,5.930520412877719
1287986,14.236900521708105
1287987,25.472711250250825
1287988,32.26260495927092
1287989,33.282238457995085
1287990,32.810805176348545
1287991,32.784730325000844
1287992,32.465518195471866
1288112,3.3833483553851966
1288113,6.086869997702294
1288114,12.869005152215811
1288115,21.935037365518554
1288116,24.883965426345863
1288117,21.26093707249817
1300784,13.736972501866296
1300912,12.679772299160796
1300913,26.22146575033686
1300914,37.82567955616717
1301040,12.44766125433321
1301041,26.082350968866084
1301042,37.61527833127144
1301043,43.72935915547117
1301044,45.64965435185805
1301045,45.97256193782424
1301046,45.71322801484806
1301047,45.63930373424221
1301168,13.048065049960654
1301169,26.7315036675929
1301170,37.86732856707188
1301171,43.53893808692871
1301172,45.24673905941642
1301173,44.86255117360828
1301174,44.44280183201316
1301175,43.972365422093546
1301176,44.858403020688506
1301177,46.28362377528525
1301178,46.61064608820085
1301296,15.053246336646808
1301297,28.381461695250476
1301298,38.81935214397176
1301299,43.55465081926098
1301300,44.23263999680082
1301301,43.54518290667668
1301302,42.751288120806265
1301303,42.618609760213765
1301304,43.551823758300635
1301305,45.09252668921663
1301306,45.768482764489384
1301307,45.65967484344183
1301308,46.639237184009986
1301309,48.35181436322397
1301424,17.15814683784856
1301425,29.222042965806928
1301426,38.64792409231054
1301427,42.876824337932696
1301428,42.838313695777046
1301429,41.85400109738282
1301430,41.44136552695873
1301431,41.4746107230668
1301432,42.46438818510811
1301433,43.514773258882734
1301434,43.948193585065724
1301435,43.52262904013446
1301436,43.89171213403285
1301437,45.38127036942806
1301438,47.36613789329916
1301439,49.54987635545899
1301440,52.36087676239348
1301441,53.48585109461184
1301442,53.548839196593775
1301443,52.915675391130236
1301444,52.807606358283024
1301445,52.00221046305865
1301446,51.582335244490714
1301447,50.20314642279051
1301448,48.92662103287143
1301449,47.73854877140589
1301451,47.60934581294864
1301452,47.327554225336165
1301453,47.41148773772888
1301454,46.144823922052815
1301455,41.56884361988282
1301456,31.01527467039003
1301552,16.53194662274398
1301553,26.76853870050926
1301554,33.84604333448164
1301555,37.05835442051169
1301556,37.00706730150147
1301557,36.20036169327665
1301558,35.63040183479431
1301559,36.52871331493414
1301560,38.901376509921995
1301561,41.601064748437125
1301562,42.05862705399322
1301563,41.27508095265649
1301564,40.88332491703164
1301565,41.8201084295331
1301566,44.05191629787496
1301567,46.916279218059074
1301568,50.238689417948976
1301569,51.976471519596444
1301570,52.05785537722644
1301571,51.5203604923468
1301572,51.7923190616845
1301573,51.89369047716323
1301574,51.398327694874034
1301575,49.298927382341674
1301576,47.68085595580184
1301577,46.79292406588844
1301578,46.83898162388689
1301579,46.2956358264814
1301580,46.149124893608395
1301581,45.80154589068876
1301582,45.06486292581364
1301583,40.31727338191835
1301584,30.124983241743784
1301680,12.004552472542144
1301681,16.967552196095212
1301682,20.926026850704687
1301683,22.622220285938866
1301684,21.971416223954318
1301685,20.925973242059964
1301686,21.064600364668877
1301687,24.258981891468242
1301688,30.03170748046573
1301689,35.830280842383175
1301690,37.57296535844062
1301691,36.67354087640524
1301692,36.55872429108556
1301693,37.718784829997006
1301694,39.60615559140999
1301695,42.57795196804298
1301696,46.31435025923477
1301697,48.3082822309331
1301698,49.461586083954224
1301699,49.94227689767872
1301700,50.49684126305232
1301701,51.10676516968044
1301702,49.91766087419792
1301703,47.14029041454416
1301704,44.5437915435258
1301705,44.84742864869837
1301706,45.54617366248116
1301707,44.6489103415158
1301708,43.998100678151665
1301709,43.48923542308885
1301710,42.33054341141097
1301711,37.948814224449876
1301712,28.03074205785173
1301808,8.64475060007247
1301809,10.531748303827484
1301810,12.545770760937057
1301811,13.398315134878375
1301812,12.28510785450686
1301813,10.643388210483474
1301814,10.46392139827722
1301815,12.761630453295945
1301816,17.26869788881004
1301817,21.862436918634078
1301818,23.711375793002468
1301819,23.813458582325392
1301820,24.151825666411835
1301821,25.63250009046443
1301822,27.443538504359083
1301823,30.107796049503072
1301824,34.34805814864905
1301825,38.51885744977073
1301826,42.200505996196746
1301827,44.8348585761082
1301828,46.04107096190199
1301829,46.05999371918964
1301830,44.57589029846868
1301831,41.84015692975413
1301832,40.86545247513367
1301833,42.01598672358919
1301834,42.594190947847544
1301835,40.363502894231615
1301836,37.9699162808045
1301837,36.33932868068487
1301838,34.71777382308628
1301839,30.550731568610587
1301840,22.87465888478382
1301936,7.551102558125108
1301937,8.961664469952014
1301938,10.550104680795936
1301939,11.443827832908559
1301940,10.307181808694459
1301941,8.126727006320989
1301942,6.552900216892903
1301943,6.448346646883586
1301944,7.755244273445229
1301945,9.573490613965838
1301946,10.29647325046882
1301947,10.039060165700128
1301948,11.164103446818133
1301949,12.985851758609565
1301950,14.664238379099547
1301951,17.65195151545572
1301952,21.750299114113805
1301953,26.1160797097726
1301954,30.50775237486388
1301955,33.16158920628089
1301956,34.49860509800472
1301957,34.394983155429934
1301958,33.81066010465921
1301959,33.952941117935175
1301960,35.23443677827738
1301961,36.3975273442361
1301962,35.5293618152336
1301963,31.833233680391924
1301964,28.349805150077714
1301965,26.37999773812373
1301966,24.19904415848846
1301967,21.008873983223545
1301968,15.59650424523628
1302064,6.812965566719424
1302065,8.184773250474917
1302066,9.782634580244506
1302067,10.794125580682998
1302068,9.950086340000187
1302069,7.611279797349432
1302070,5.719328933609502
1302071,5.109390115863128
1302072,5.5491098431406645
1302073,6.524015819187185
1302074,6.423931995752867
1302075,5.776242788440778
1302076,6.251468356328912
1302077,7.829369185107646
1302078,9.98080766621026
1302079,12.815615685382026
1302080,16.344982555177317
1302081,18.655583664865766
1302082,19.511845196240056
1302083,19.7836984791195
1302084,20.109729188892228
1302085,20.854064219617594
1302086,22.13684489385008
1302087,24.208255212241735
1302088,26.489833662513597
1302089,26.930289773816597
1302090,25.290853932810695
1302091,20.924481712020192
1302092,18.807059785770885
1302093,18.215159073652426
1302094,16.638629358738644
1302095,13.481292093773108
1302096,9.99793627934991
1302192,5.444288902995451
1302193,6.578535142373851
1302194,8.020914861017435
1302195,9.10231978038531
1302196,8.552505042094944
1302197,6.9333807672977485
1302198,5.365023390426982
1302199,4.699770614264378
1302200,5.168572546412167
1302201,5.792630391521419
1302202,5.3440830508554065
1302203,4.602023432987497
1302204,4.971962081415798
1302205,6.144823233140527
1302206,8.066030338769792
1302207,10.989574089946531
1302208,14.444285141785521
1302209,15.64816057376818
1302210,15.11508967545573
1302211,14.379472658296265
1302212,14.111673594550922
1302213,14.79001095238347
1302214,15.61021597341946
1302215,16.346465377064966
1302216,16.863863333230032
1302217,16.98964096052328
1302218,15.692446743527302
1302219,13.368777483848664
1302220,12.303887169933864
1302221,12.343369990850858
1302222,11.505332856022441
1302223,9.655387079529726
1302224,7.699981050377662
1302320,3.0328046786182346
1302321,3.76374239664601
1302322,5.16221718019516
1302323,6.319295631338461
1302324,6.241789818460248
1302325,5.257433733958676
1302326,4.274511408671024
1302327,3.978695092965853
1302328,4.343186080977427
1302329,4.803267064758931
1302330,4.3747090219096245
1302331,3.788817118243953
1302332,3.9878434245420835
1302333,4.978003447852793
1302334,6.561016823670901
1302335,9.787010027793961
1302336,13.473698173042944
1302337,14.798665980824662
1302338,13.94507587195308
1302339,12.676407873234115
1302340,12.191007671301188
1302341,12.775777256638927
1302342,13.114866772175622
1302343,12.501922663193701
1302344,11.949514746207134
1302345,11.604747940062298
1302346,10.520500796499865
1302347,9.211422404541292
1302348,8.838831233978462
1302349,9.040301243791482
1302350,8.714604304293923
1302351,7.6487411054341745
1302352,6.460347119440458
1302448,1.280142122242953
1302449,1.6443760077826597
1302450,2.334961084156091
1302451,3.023033329489438
1302452,3.1157106702772723
1302453,2.9998079262993667
1302454,2.7889314322302496
1302455,2.830910545604601
1302456,3.380692529030917
1302457,3.4402271032717557
1302458,3.034829289634501
1302459,2.8244723695437353
1302460,3.2500150338583325
1302461,4.122774686533296
1302462,5.73533841364111
1302463,8.871731611555175
1302464,12.405335648577262
1302465,13.354679106523527
1302466,12.200856417245397
1302467,10.833124952529337
1302468,10.346554169274611
1302469,10.758152393962705
1302470,11.078443666274225
1302471,10.262963905986826
1302472,9.334343704011694
1302473,8.66354025154296
1302474,8.004957709618473
1302475,7.1969621486334265
1302476,7.013339329587639
1302477,7.242684356947562
1302478,6.910983332894006
1302479,5.921660483363089
1302480,5.179042688505968
1302576,0.3504364318573397
1302577,0.4716054507278983
1302578,0.6870205597981526
1302579,0.7987253954730923
1302580,1.1275931599457587
1302581,1.2929019418913108
1302582,1.5439897659733848
1302583,1.9483477667103066
1302584,2.369296523310473
1302585,2.527790122373983
1302586,2.1070750674698333
1302587,2.125209269912348
1302588,2.8583109574973498
1302589,3.7251336686317322
1302590,5.067192600590912
1302591,7.677194707925291
1302592,10.515922398383413
1302593,11.24376269848452
1302594,10.289858703198824
1302595,9.194888511020652
1302596,8.528762368685905
1302597,8.306429065831596
1302598,8.11881555526512
1302599,7.597299994882322
1302600,6.859429700901914
1302601,6.176603719750067
1302602,5.9842371271386305
1302603,5.677951411691307
1302604,5.729039105292742
1302605,5.9368516236008615
1302606,5.3538675823206
1302607,4.464670260807111
1302608,3.8160458697682285
1302704,0.13910407827628604
1302705,0.1444724206513199
1302706,0.21044720501990433
1302707,0.35495062668290667
1302708,0.6425035974567788
1302709,0.9649352502399411
1302710,1.2902770278147286
1302711,1.7303509868379754
1302712,2.2702486954043573
1302713,2.4956414269515927
1302714,2.135239339418584
1302715,1.9921154080270647
1302716,2.4579786768862655
1302717,3.2078914784995
1302718,4.356450450664639
1302719,6.6776604494451615
1302720,8.985104296730066
1302721,9.476845226195277
1302722,8.783486859368733
1302723,8.031061746155551
1302724,7.336084727253092
1302725,6.663064960847
1302726,6.0830639239732625
1302727,5.389638618845515
1302728,4.879088423706344
1302729,4.422671799794412
1302730,4.449346472801114
1302731,4.368641568488862
1302732,4.279503274005737
1302733,4.213387046421157
1302734,3.754645485997482
1302735,3.1141616860055605
1302736,2.6330185364739283
1302832,0.10647527761373039
1302833,0.182909901635828
1302834,0.32643000786702964
1302835,0.6627877658955288
1302836,1.2486079508569228
1302837,1.86429202356881
1302838,2.4585864879148795
1302839,2.888524840883515
1302840,3.4875602953454443
1302841,3.619533015528806
1302842,3.1016422036872173
1302843,2.7036342585583406
1302844,2.663642354605248
1302845,3.062360702935326
1302846,4.142095983318474
1302847,6.421939285596194
1302848,8.347982071212835
1302849,8.457167636982174
1302850,7.743286431093257
1302851,7.196330859156796
1302852,6.946213034282445
1302853,6.466782011928331
1302854,5.599042722548395
1302855,4.6083298632232825
1302856,3.74522157094396
1302857,3.401875130812969
1302858,3.4298291285352818
1302859,3.3081507349098476
1302860,2.9788187536462694
1302861,2.5971207144408734
1302862,2.2629598709444263
1302863,2.1354713177719074
1302864,1.943714709056046
1302960,0.3068790274462836
1302961,0.4641484289275867
1302962,0.8388648889416377
1302963,1.5782047530179568
1302964,2.5815575226045206
1302965,3.7720839249456084
1302966,4.527788759561942
1302967,5.093849176555114
1302968,5.508643729436613
1302969,5.688400111959628
1302970,5.242732371603204
1302971,4.962567553535124
1302972,4.701199233008762
1302973,4.379367634075629
1302974,4.8917296654192155
1302975,6.531604878687445
1302976,8.160344685713175
1302977,8.125952121882861
1302978,7.353820044183578
1302979,7.289586222170949
1302980,7.587760020503707
1302981,7.303122156500832
1302982,6.2530584724707605
1302983,4.91366694591576
1302984,3.696743067784532
1302985,3.0958770884882822
1302986,2.845724133943071
1302987,2.5829017748456606
1302988,2.154332532212262
1302989,1.8928169029608786
1302990,1.7335709582035175
1302991,1.6542240978621512
1302992,1.731762154795925
1303088,0.7075728363079675
1303089,1.1191133827559305
1303090,1.8973595688028795
1303091,3.0661476981878804
1303092,4.339382408045011
1303093,5.581759698545494
1303094,6.377507184577043
1303095,7.128480991929027
1303096,7.485868376687476
1303097,7.657977736460299
1303098,7.563629655701748
1303099,7.655998825439931
1303100,7.384683693271544
1303101,6.3279903738199375
1303102,6.067304177740638
1303103,7.38403220244364
1303104,8.749247854362874
1303105,8.531726567826892
1303106,7.902316835450576
1303107,7.899398964867824
1303108,8.354737484732368
1303109,8.23901247025034
1303110,7.265327806082078
1303111,5.944603680750547
1303112,4.528914584125556
1303113,3.898424355810234
1303114,3.5691232091777625
1303115,3.28988738574404
1303116,2.9926780686009633
1303117,2.9589893033348873
1303118,2.7456443706318456
1303119,2.288310267772624
1303120,2.116903150668973
1303216,1.2233397130059878
1303217,1.8567128463006535
1303218,3.06021609826265
1303219,4.555777851982243
1303220,5.919371284234307
1303221,7.0030453052762835
1303222,8.027215376695217
1303223,8.923925567210086
1303224,9.648060951149379
1303225,9.862886456647185
1303226,9.984181558212489
1303227,10.122575254439234
1303228,9.594287893659022
1303229,8.273544021669768
1303230,7.869950058795668
1303231,8.959696131904153
1303232,9.979142951809818
1303233,9.496417407493603
1303234,8.772324706000026
1303235,8.68905735701355
1303236,9.369732045108119
1303237,9.560732474812067
1303238,9.165065894310866
1303239,7.872654747981452
1303240,6.733919494692601
1303241,6.432781365836116
1303242,6.836403778230163
1303243,7.099460052823062
1303244,6.5561373897912265
1303245,5.870955512110532
1303246,5.01789476119654
1303247,3.747953609290184
1303248,2.9068158119397447
1303344,1.7292000287083673
1303345,2.5710423594796015
1303346,3.9447378659340675
1303347,5.482329250999552
1303348,7.0401351992038075
1303349,8.453195700432369
1303350,9.789365067588333
1303351,11.203374308089948
1303352,13.10942743486849
1303353,14.320305780505135
1303354,14.928199264204302
1303355,14.675749284201537
1303356,13.102187553290205
1303357,11.506072502964772
1303358,12.125042234362281
1303359,13.459597137872501
1303360,13.57933346561379
1303361,12.074123977476845
1303362,10.761742191541247
1303363,10.904757627123633
1303364,12.251251266483397
1303365,13.357590964553005
1303366,13.591599852340691
1303367,12.724197276703551
1303368,11.744586529577289
1303369,12.170997999594137
1303370,12.627630426953976
1303371,12.747193423821608
1303372,11.684143359005422
1303373,10.208728331668686
1303374,8.40164379069713
1303375,5.95268225916846
1303376,3.9767045410470954
1303472,1.9867955937902713
1303473,2.9494963697571945
1303474,4.651820281535357
1303475,7.21790981871937
1303476,10.387721169106909
1303477,13.34640519499572
1303478,15.450447955824842
1303479,16.763710112608013
1303480,18.933728989503095
1303481,20.87642881708808
1303482,21.625422630158315
1303483,20.6119192494752
1303484,17.537125623095022
1303485,16.128470833232324
1303486,18.647489536151436
1303487,20.84387586396156
1303488,20.321927543727444
1303489,18.02956418370757
1303490,16.72768300667469
1303491,17.167883405803586
1303492,19.27589989559403
1303493,20.883170356576898
1303494,21.573450080357883
1303495,20.29134447706376
1303496,18.937399659483802
1303497,19.085130014972147
1303498,19.054572492188274
1303499,18.035864742771995
1303500,17.268740988364588
1303501,16.934457337560683
1303502,15.394692206996357
1303503,11.73675462186943
1303504,7.779569988144713
1303600,1.893925232269748
1303601,3.3581019122979368
1303602,6.519915357995323
1303603,11.461002494788733
1303604,18.003012160454308
1303605,24.552408376717747
1303606,27.150940627442058
1303607,27.06266532983732
1303608,26.57020263946479
1303609,26.173298206376312
1303610,25.66559191151134
1303611,23.991762929680295
1303612,20.81639739665807
1303613,20.147008053798608
1303614,23.693108907402795
1303615,26.983427926977882
1303616,27.21124537777456
1303617,26.314933545296824
1303618,26.38258062934451
1303619,27.918781893809395
1303620,29.78417080026231
1303621,30.504984131913464
1303622,29.695866832919826
1303623,27.46026342344671
1303624,25.289394472342256
1303625,24.528474496521223
1303626,23.95874916847719
1303627,23.256567559525315
1303628,23.52057407809954
1303629,25.352233617449578
1303630,25.411621462228208
1303631,22.154172985835274
1303632,15.15489539584756
1303728,1.805009868635661
1303729,4.560569633397748
1303730,10.375657577812312
1303731,19.365372287254065
1303732,27.531875734492306
1303733,33.244702761775905
1303734,35.83327342695144
1303735,36.02778548849228
1303736,34.785942931475084
1303737,32.417098067769636
1303738,29.238855724773067
1303739,26.30937299433373
1303740,23.853433788562047
1303741,23.938741901202764
1303742,28.097866173822634
1303743,31.495691761479204
1303744,32.29002044685201
1303745,31.81753721440005
1303746,32.38686045535116
1303747,34.30078374980967
1303748,36.37882097867089
1303749,36.39016120596077
1303750,34.94085759601631
1303751,33.905496386434365
1303752,32.53289390066
1303753,31.111693210582747
1303754,30.045112408523284
1303755,29.590060717373856
1303756,29.978947945312907
1303757,31.54961455031239
1303758,32.083605594885235
1303759,28.857236135864685
1303760,20.355441113300326
1303856,1.4827293840001048
1303857,4.96336776813673
1303858,12.59971428800372
1303859,24.19249347974537
1303860,32.502157366244994
1303861,37.16546687824559
1303862,39.28275596424901
1303863,40.050989204435695
1303864,38.95314097083583
1303865,36.19641576441778
1303866,31.366879970481865
1303867,27.597310364120194
1303868,25.245986722247295
1303869,26.207016271141324
1303870,30.695993829438653
1303871,34.237841963229414
1303872,35.066049807753494
1303873,34.76090273889228
1303874,35.20780478226358
1303875,37.424212396032914
1303876,39.39692949882085
1303877,39.030998781450975
1303878,37.81169151054352
1303879,37.94091807694408
1303880,37.26540693096604
1303881,35.97606474519196
1303882,34.74671531272905
1303883,34.78810765129225
1303884,34.97789634160372
1303885,35.522645084472515
1303886,35.20218698287395
1303887,31.736127935973382
1303888,22.5581592297292
1303984,1.394754416636876
1303985,4.843190631687286
1303986,13.076521670258296
1303987,24.694140268138536
1303988,33.28488705030552
1303989,37.596591518335615
1303990,39.151451545254936
1303991,39.85600043156222
1303992,39.486031664982285
1303993,36.92559750394576
1303994,33.11798074990364
1303995,28.948666155624483
1303996,26.14249588172297
1303997,27.407239040232216
1303998,31.948819763305874
1303999,36.025940365264795
1304000,37.454449038456374
1304015,32.958879804107674
1304016,23.60867398934603
1304112,1.3274025520411024
1304113,4.821713705979872
1304114,13.141213981300428
1304115,25.133044422827528
1304116,33.56942416179554
1304117,37.65205207708601
1304118,38.784318487429374
1304119,39.307250826255846
1304120,39.27768326911234
1304121,38.09867044565217
1304122,35.048706296081896
1304123,32.34935642113245
1304124,30.331491136860123
1304240,1.681499427437475
1304241,4.961299253131257
1304242,13.352214941224371
1304243,25.67481097709679
1304244,34.20580512992236
1304245,38.14437550882271
1304246,39.02229898564369
1304247,39.451171316051635
1304248,39.84399802282336
1304249,39.42785051765123
1304368,2.161985142780226
1304369,5.3329678256986845
1304370,13.427354367458177
1304371,25.25156860183911
1304372,33.463819314096995
1304373,35.928419374021644
1304374,35.95225833704214
1304496,2.778374506560687
1304497,5.509559060167063
1304498,12.820434270353411
1304499,23.381339762425362
1317296,11.460032507032201
1317297,25.171108980784986
1317424,11.443858161056943
1317425,25.112553700236464
1317426,37.322677089651165
1317427,43.61571171181049
1317428,44.76480839553295
1317429,44.906332413735825
1317552,12.448232228109283
1317553,26.392461786961594
1317554,38.428737228656125
1317555,44.08676041493625
1317556,45.22115883098479
1317557,44.556875918729204
1317558,44.11052909468623
1317559,43.75009248883927
1317560,44.49981521397833
1317680,14.576857817353616
1317681,28.380430794325445
1317682,39.213863679642046
1317683,44.11633702037842
1317684,44.67254957662662
1317685,44.03074269553196
1317686,43.14682458075406
1317687,43.17380913457379
1317688,44.27603951588597
1317689,44.98216644646088
1317690,45.26645963042277
1317691,44.8988140740336
1317808,16.112481459346704
1317809,28.45053710647923
1317810,38.19912345233746
1317811,42.035818228889404
1317812,42.730205045201636
1317813,41.56989719808828
1317814,40.8324340496952
1317815,41.07527279368474
1317816,42.22471270397064
1317817,44.142554679522874
1317818,43.91903867821846
1317819,43.25847065979771
1317820,42.91606939688464
1317821,43.592971668568886
1317936,14.571002571019392
1317937,23.534759095970955
1317938,30.288458791857643
1317939,33.240539447990464
1317940,32.964993468951775
1317941,31.907276249947977
1317942,31.89558336160077
1317943,33.69221724386588
1317944,37.26882190900177
1317945,40.96224184210626
1317946,41.839608047640155
1317947,40.86007551074126
1317948,39.92458870901394
1317949,40.5009022912703
1317950,41.85506748895612
1317951,44.72659804234672
1317952,48.37656457988333
1317953,50.13726230186298
1317954,50.01271000476673
1317955,49.56155768665464
1317956,49.745931496303555
1317957,49.63776002642216
1317958,48.58895514144223
1317959,46.68720067480193
1317960,44.93819678030533
1317962,45.42761573497977
1317963,45.41343721927229
1317964,45.101068520603015
1317965,45.24015700368674
1317966,44.076995995989286
1317967,39.44506139421801
1317968,28.905666178313336
1318064,10.200715592021226
1318065,13.991868172144388
1318066,16.936893030320753
1318067,18.224484853667743
1318068,17.27893939856796
1318069,15.971109359803796
1318070,16.572847983015528
1318071,19.84759075966868
1318072,25.972701626262
1318073,32.19576066634804
1318074,34.13077081615483
1318075,33.641457320841305
1318076,33.10876048495249
1318077,33.802604722426246
1318078,34.81350195246068
1318079,37.43473723388757
1318080,41.28446238266863
1318081,44.3704960279345
1318082,46.212070460610335
1318083,47.60321660876545
1318084,48.363330673663924
1318085,48.57591456465491
1318086,47.41663791381669
1318087,44.277651301326976
1318088,42.591598104177734
1318089,43.41057467678555
1318090,44.00541701785599
1318091,42.89326791111562
1318092,41.50335016921959
1318093,41.37919072592588
1318094,39.75941205401431
1318095,35.510314199140744
1318096,26.051400492947746
1318192,7.96167613850748
1318193,9.712004964825383
1318194,11.46646732151544
1318195,12.122699533556325
1318196,10.785846337421154
1318197,8.86250182471183
1318198,8.14623960292199
1318199,9.249198579193322
1318200,12.507297512666936
1318201,16.094858187686643
1318202,17.334660328717206
1318203,17.28644989330604
1318204,17.996273576519872
1318205,18.957555511566536
1318206,19.964400270247282
1318207,22.05960585253474
1318208,26.25741380073512
1318209,31.289351750158474
1318210,36.60892915492617
1318211,40.15219532389745
1318212,42.29848081728815
1318213,41.85263629260362
1318214,40.488331427584725
1318215,39.136833573163955
1318216,38.891970990846694
1318217,40.40493371140992
1318218,40.01804235450403
1318219,36.87386759638861
1318220,33.96291684616863
1318221,31.805079968551272
1318222,29.931540056480618
1318223,26.058422588388744
1318224,19.048296812703587
1318320,7.265064269965332
1318321,8.655751312604782
1318322,10.164869340754747
1318323,10.689747407430357
1318324,9.72444116738467
1318325,7.442536429866386
1318326,5.70003280455211
1318327,5.359696832814664
1318328,6.104892374106028
1318329,7.255095377561253
1318330,7.551434943975759
1318331,7.244897251116045
1318332,7.991867220188118
1318333,9.292136306918653
1318334,10.463843189739238
1318335,12.596050700185915
1318336,16.24648168706639
1318337,20.19628321674096
1318338,23.238766137953604
1318339,25.725555816100776
1318340,27.04389310662308
1318341,27.701706154500997
1318342,28.360518990102424
1318343,29.781360592774142
1318344,31.51246488418384
1318345,32.41287422671463
1318346,31.12334542626171
1318347,26.62425141949591
1318348,23.74547569861341
1318349,22.532792585096935
1318350,20.59185773091288
1318351,17.006612917562823
1318352,12.650825027575713
1318448,6.621666554447773
1318449,7.79299635523968
1318450,9.026197994777046
1318451,9.575061174965395
1318452,8.760311817237765
1318453,6.861704365866733
1318454,5.264559153381752
1318455,4.510130358847892
1318456,4.653374643258253
1318457,5.381333768346336
1318458,5.2453097168679035
1318459,4.57399277026276
1318460,5.067357625296495
1318461,6.219050835293804
1318462,7.645378141929523
1318463,10.141886881551065
1318464,12.842030422064477
1318465,14.521098717757509
1318466,14.66622507075165
1318467,14.603145891815107
1318468,14.897640992498845
1318469,16.325327035143435
1318470,17.997933178908326
1318471,20.051583428110558
1318472,21.788417479220225
1318473,22.287650569428322
1318474,20.634479676630498
1318475,17.31895453902105
1318476,15.75180645206949
1318477,15.875179597316803
1318478,14.577821881587596
1318479,11.44806301321379
1318480,8.758558061457157
1318576,5.228243160350941
1318577,6.035868182798833
1318578,7.159939005003444
1318579,7.644052892635644
1318580,7.25178712850435
1318581,6.0804041047396975
1318582,4.860769433582327
1318583,4.244830760953199
1318584,4.5926376218182385
1318585,4.957514273449456
1318586,4.511862068121046
1318587,4.0115386818103955
1318588,4.343443545104126
1318589,5.379789144071802
1318590,6.503258136677498
1318591,8.56434809631996
1318592,11.269992110512245
1318593,12.420359425382754
1318594,12.274206535314113
1318595,11.525858404168499
1318596,11.587046484510775
1318597,12.533988867700556
1318598,13.228591673617256
1318599,13.499387897671483
1318600,13.981840048510609
1318601,14.017586523988534
1318602,13.302579682652182
1318603,11.748940617695105
1318604,11.15796829293439
1318605,11.422996404797045
1318606,10.861255068826361
1318607,9.067391252045741
1318608,7.249999416492968
1318704,2.8877938165738835
1318705,3.5030023081800965
1318706,4.636784791014252
1318707,5.6031411304534915
1318708,5.471032674799584
1318709,4.704874703895624
1318710,3.9985455251977386
1318711,3.7177239316651725
1318712,4.118120905065549
1318713,4.473013220967333
1318714,4.0043771115811895
1318715,3.454963193422818
1318716,3.6818066316941156
1318717,4.2486711576769345
1318718,5.305614111819797
1318719,7.319732480809763
1318720,10.135260576748449
1318721,11.37212064094189
1318722,10.986226089751433
1318723,10.246020834699827
1318724,10.083907901100854
1318725,10.739870165497472
1318726,11.28256366478168
1318727,11.084374063749772
1318728,10.877305981152132
1318729,10.930292477075978
1318730,10.070952409771294
1318731,8.845988425049566
1318732,8.487645404999585
1318733,8.818759551428403
1318734,8.416531901885927
1318735,7.4085700506935055
1318736,6.2455482173757755
1318832,1.1872018493427088
1318833,1.5607210318408826
1318834,2.192779376992377
1318835,2.7601071731541285
1318836,2.9440799234479846
1318837,2.718155445349611
1318838,2.626168273055443
1318839,2.7502519429522545
1318840,3.241826424991742
1318841,3.39039834572084
1318842,2.8951518343952953
1318843,2.587223783978
1318844,3.046310544883751
1318845,3.6564066828225465
1318846,4.569499221270741
1318847,6.607454431726536
1318848,9.239633773426172
1318849,10.166686419146963
1318850,9.35293781709184
1318851,8.381718965000973
1318852,8.170556597653638
1318853,9.064512831838119
1318854,9.756607085029705
1318855,9.535205907700975
1318856,9.255078557196468
1318857,9.06437922662027
1318858,8.573401796827396
1318859,7.476681137375197
1318860,7.168546759638555
1318861,7.3327329900575835
1318862,6.860442492269541
1318863,5.839293598873073
1318864,5.1087189709734595
1318960,0.3776081679182893
1318961,0.5827142521186783
1318962,0.6635567357077629
1318963,0.8605961445829368
1318964,1.0170645250414994
1318965,1.1395189393371108
1318966,1.3231174547818363
1318967,1.725864238046458
1318968,2.27167741846323
1318969,2.382052123412485
1318970,2.069390977966468
1318971,2.106872372342448
1318972,2.7915969582724594
1318973,3.425645740324975
1318974,4.172686924515677
1318975,5.948705801398117
1318976,8.025459771388919
1318977,8.542737589048999
1318978,7.634980333034776
1318979,6.8080318098404256
1318980,6.4690076198641275
1318981,6.949937485962284
1318982,7.371278112557619
1318983,7.282243903955896
1318984,7.075222785256706
1318985,7.066923732581493
1318986,6.857785739100619
1318987,6.238286920263351
1318988,6.0912279724487
1318989,6.140519864406023
1318990,5.510792404034213
1318991,4.461756951646091
1318992,3.8075812273882157
1319088,0.13910694486638472
1319089,0.18467505175410673
1319090,0.21677982528188758
1319091,0.2676890040536861
1319092,0.4042516674846297
1319093,0.5041575193842933
1319094,0.7290038162443473
1319095,1.1805923555614777
1319096,1.735744045062079
1319097,2.0873282250143435
1319098,1.9082250908007556
1319099,1.8971199888891228
1319100,2.5157207594205806
1319101,3.0909681340001876
1319102,3.718505107989954
1319103,5.08093857986962
1319104,6.463566608920869
1319105,6.795434540980979
1319106,6.413885899246445
1319107,5.793742197189995
1319108,5.305908753616518
1319109,4.925558914365765
1319110,4.663546916966397
1319111,4.892732383730114
1319112,5.053088197695696
1319113,5.010394753449129
1319114,4.960411360676328
1319115,4.912634641694523
1319116,4.768898435791537
1319117,4.733882333516848
1319118,4.2048119482665705
1319119,3.4108339829042844
1319120,2.6949563978634856
1319216,0.11048774392306844
1319217,0.0895773715550506
1319218,0.17617969530503996
1319219,0.3380412631147248
1319220,0.5726351047513759
1319221,0.8688465931297764
1319222,1.2058937260228364
1319223,1.6466493441135452
1319224,2.3466605724977967
1319225,2.662504961768251
1319226,2.41028864844545
1319227,2.2603443075866276
1319228,2.485550906282596
1319229,2.773637343766162
1319230,3.530606758549279
1319231,4.857433317064779
1319232,6.004402396640782
1319233,6.048943670171678
1319234,5.301518492998635
1319235,5.022791759007812
1319236,4.771004559491603
1319237,4.240612071376081
1319238,3.6891039539197092
1319239,3.5159582746825992
1319240,3.5452655445511634
1319241,3.7098900839535855
1319242,3.9192848972487124
1319243,3.959586620588659
1319244,3.718356437320789
1319245,3.4950888799969193
1319246,3.0394845908742054
1319247,2.673830457069881
1319248,2.204284946264996
1319344,0.13677004073371948
1319345,0.2112697167434488
1319346,0.43048894399358173
1319347,0.8761067066937381
1319348,1.5321452473467456
1319349,2.352057869549564
1319350,2.9549146523730037
1319351,3.455394201678097
1319352,4.017474513284183
1319353,4.349286741494362
1319354,4.264157667689009
1319355,4.131009777246819
1319356,4.084798669473911
1319357,3.8397420612449396
1319358,4.098073947674806
1319359,5.247385690556425
1319360,6.166505365747591
1319361,5.71274806243005
1319362,4.850571186697603
1319363,4.6254449652874285
1319364,4.681981140491372
1319365,4.318261475620769
1319366,3.7150263569352084
1319367,3.1593111530067537
1319368,3.015115634625036
1319369,3.0297567993963512
1319370,3.239955555295878
1319371,3.1675510752270712
1319372,2.9825234907271545
1319373,2.8813758194432606
1319374,2.6476976896577376
1319375,2.277386735328964
1319376,2.0754933552396633
1319472,0.37215049764525515
1319473,0.6312208419163783
1319474,1.0554320297432458
1319475,1.932376087275547
1319476,3.1915854332950797
1319477,4.523503082069564
1319478,5.354819804172629
1319479,5.990639550521625
1319480,6.434930717428898
1319481,6.685675023537514
1319482,6.638236687542766
1319483,6.5547917811966165
1319484,6.285700059232191
1319485,5.421057741710334
1319486,5.282720446786664
1319487,6.077711933221116
1319488,6.717536262090728
1319489,5.972493200034602
1319490,5.00307373260127
1319491,4.762612683801898
1319492,5.099786796486462
1319493,4.902582819645463
1319494,4.301254802448372
1319495,3.7132539166422394
1319496,3.4230592961575685
1319497,3.383092917451913
1319498,3.3418272914678213
1319499,3.2995880717827752
1319500,3.367151939497458
1319501,3.5901089883894106
1319502,3.4845472881810315
1319503,2.835946802893512
1319504,2.3654822718893747
1319600,0.7924695036647472
1319601,1.2600784391711408
1319602,2.218368445933709
1319603,3.4658496513680292
1319604,5.002209232849139
1319605,6.2476092567154025
1319606,7.362738910547483
1319607,8.152296623141185
1319608,8.79107918844108
1319609,8.889809560117476
1319610,8.773435457049539
1319611,8.715299197843713
1319612,8.190149414132309
1319613,7.064421027411991
1319614,6.566862828565178
1319615,7.275989282624588
1319616,7.8611456994033535
1319617,6.889908359364496
1319618,5.626422693223098
1319619,5.436978608800994
1319620,5.919934536151508
1319621,5.9268397457544735
1319622,5.622960249463353
1319623,5.197138541701382
1319624,4.9442199854642555
1319625,5.181723057818451
1319626,5.664792237615015
1319627,6.068322544592207
1319628,5.756296844398459
1319629,5.541164282852874
1319630,4.9651224292229506
1319631,3.7232457083443435
1319632,2.8766623251543524
1319728,1.3126869584463465
1319729,2.073744890417887
1319730,3.2397640429224035
1319731,4.775900055539975
1319732,6.283833669259637
1319733,7.535394495281181
1319734,8.823473328654467
1319735,10.135705290387014
1319736,11.511645810424678
1319737,12.38008528696156
1319738,12.58692693769692
1319739,12.477857777892371
1319740,11.161220269205261
1319741,9.597030952408689
1319742,9.520079907568762
1319743,10.5643213038477
1319744,10.397780988130897
1319745,8.841302463609761
1319746,7.396507600847776
1319747,6.9354133445605
1319748,7.971747904204045
1319749,8.716822413449195
1319750,8.866024833267709
1319751,8.723536136679783
1319752,8.710896101281316
1319753,9.482701915156177
1319754,10.65862534134231
1319755,11.111408269171989
1319756,10.303156900943357
1319757,8.837648260809896
1319758,7.136333682007958
1319759,5.055219842334206
1319760,3.427872803342968
1319856,1.7723251188488796
1319857,2.781507349742324
1319858,4.233390143332087
1319859,6.127297069881924
1319860,8.539433267069015
1319861,10.889374883763962
1319862,12.66593315240236
1319863,14.205351053266245
1319864,16.573119122727594
1319865,18.78964671691254
1319866,19.722467381481515
1319867,18.82716169595833
1319868,15.837651009533031
1319869,14.0273332876791
1319870,16.13342065876539
1319871,17.850707008765493
1319872,16.74598502917064
1319873,14.218200927928509
1319874,12.053620157015972
1319875,11.971429696730645
1319876,13.779740188642046
1319877,15.591906255122892
1319878,16.493012407802908
1319879,15.833192565636864
1319880,15.393731641342544
1319881,16.22115287448999
1319882,16.69875558040502
1319883,16.197301870076533
1319884,15.378492147857429
1319885,14.585935270020462
1319886,12.623625678168807
1319887,9.116825793078927
1319888,5.887708435255523
1319984,1.986278347621847
1319985,3.253163314753187
1319986,5.611571326084933
1319987,9.205857985721748
1319988,14.589353279682268
1319989,20.533736151745096
1319990,23.13405000188135
1319991,23.64488027331289
1319992,23.83048094437403
1319993,24.32831058198414
1319994,24.491387247365857
1319995,22.945620403163986
1319996,19.554542172294692
1319997,18.241102073686612
1319998,21.715891178111633
1319999,24.61614920349144
1320000,24.411454612120245
1320001,22.68733417175727
1320002,21.85124707731412
1320003,22.668469765111343
1320004,24.532429603895302
1320005,25.624159042006667
1320006,25.313300789536097
1320007,23.35023226369131
1320008,21.503702752736256
1320009,21.34290678576641
1320010,21.005876460325418
1320011,20.722514397313798
1320012,21.10394156737844
1320013,22.620088440002963
1320014,22.244038899031754
1320015,18.667138483587696
1320016,12.448710133389215
1320112,2.0822600520644303
1320113,4.199436030359071
1320114,8.95661822608903
1320115,16.331673745253006
1320116,24.169987981179155
1320117,31.07375278963961
1320118,33.94158364432226
1320119,33.979173136522874
1320120,32.703447725311385
1320121,30.42417942919091
1320122,28.27194167184122
1320123,25.514535977984366
1320124,22.45897755097321
1320125,22.183164141236535
1320126,26.070166773771735
1320127,29.807527954888485
1320128,30.409427932924093
1320129,29.750470767237644
1320130,29.8155594567696
1320131,31.463689165002176
1320132,33.19941291390157
1320133,33.35005371407765
1320134,32.06006100632047
1320135,30.307608316840362
1320136,28.395846554287456
1320137,27.029854117268584
1320138,26.4070713724664
1320139,26.472417673066623
1320140,27.67748019172981
1320141,29.60865835270586
1320142,30.632767758092367
1320143,27.171951471800615
1320144,18.598141372437773
1320240,1.6949012738693305
1320241,4.876385364687161
1320242,11.958613847293126
1320243,22.916021772988373
1320244,31.806894930626896
1320245,36.94571884787206
1320246,39.302663950698935
1320247,39.95177436013361
1320248,38.57559293805127
1320249,35.49226077794585
1320250,31.111654899243312
1320251,26.722623257649516
1320252,24.06633551951359
1320253,24.825847451454468
1320254,29.225382022124382
1320255,33.08246735394731
1320256,33.999275306057754
1320257,33.29907753107063
1320270,34.11402603087165
1320271,30.655630049956695
1320272,21.076430579553158
1320368,1.617056662919271
1320369,4.919255868568774
1320370,12.81491305468536
1320371,24.884946580254667
1320372,33.627644849023326
1320373,38.182807723077424
1320374,39.91697839906226
1320375,40.794995432487774
1320376,39.8042077061689
1320377,37.204244540854
1320378,32.5755688108413
1320379,28.39417391120642
1320380,25.53179721011319
1320381,26.140454337442154
1320496,1.2774875601998508
1320497,4.578017163492739
1320498,12.620568904768716
1320499,24.794154469007605
1320500,33.987220258500464
1320501,37.97632160304333
1320502,39.46669476255167
1320503,40.10941453197058
1320504,39.635954934588156
1320505,37.82079052399826
1320506,34.74344043036611
1320624,1.4496094603059164
1320625,4.638606712911024
1320626,12.79964396784872
1320627,25.189628199545286
1320628,34.64035329196028
1320629,38.39797965643549
1320630,39.99631853005877
1320631,40.16905772397733
1320752,1.5963685059701638
1320753,4.670862148807484
1320754,12.742786188891513
1320755,25.16388196735929
1320756,34.212638510589755
1320757,37.46900588917746
1320880,2.158638765124913
1333680,10.27218033311608
1333808,10.720849797580852
1333809,24.90106699521772
1333810,37.15679720869837
1333811,43.70038273710812
1333936,12.353794123741556
1333937,26.313412127723346
1333938,38.71875905313138
1333939,44.74372386717201
1333940,45.66289266131784
1333941,45.398745549490826
1333942,44.10761264278711
1334064,14.160106076273271
1334065,27.799555118993396
1334066,39.262051832206005
1334067,44.51915369727439
1334068,45.246339517436446
1334069,44.58915668947442
1334070,43.30119694386446
1334071,43.28635420958979
1334072,44.50156120324053
1334192,15.070238642792352
1334193,26.848687501180386
1334194,36.626972899778146
1334195,40.97145391306046
1334196,41.22943640274365
1334197,40.522465331153505
1334198,39.48011481351301
1334199,40.33927962433865
1334200,42.110781504157416
1334201,44.28997426244706
1334202,44.03326186724272
1334203,42.911672096695455
1334320,12.538569602155246
1334321,19.38001851941751
1334322,25.145415951133305
1334323,27.83574713908317
1334324,27.261870873592827
1334325,26.460829926781877
1334326,26.55492885314613
1334327,29.14110301977776
1334328,34.06322502288514
1334329,39.151782437104345
1334330,40.74854422911632
1334331,39.64989988617075
1334332,38.98739287247684
1334333,38.85978444644518
1334448,8.940579474900122
1334449,11.40654680640215
1334450,13.78505975932841
1334451,14.756935919272252
1334452,13.538232116336065
1334453,12.044245342260526
1334454,12.142618681418845
1334455,15.243900730148638
1334456,20.764878016105307
1334457,26.70372767549732
1334458,28.798171888052238
1334459,28.52903584230126
1334460,28.15772756063698
1334461,28.69680888228678
1334462,29.42142067776646
1334463,31.341198805688112
1334464,35.20335701506648
1334465,38.9650415060922
1334466,41.93973744387536
1334467,44.3626211904356
1334476,39.18516142073851
1334477,38.25593798526833
1334478,36.9991286266783
1334479,32.56630040658499
1334480,23.87058655103911
1334576,7.610190322723258
1334577,9.079600983201793
1334578,10.470724580054558
1334579,11.100779742158958
1334580,9.696131237921286
1334581,7.460286660777381
1334582,6.412125453746747
1334583,6.885533994352605
1334584,8.982436684402483
1334585,11.255855926756123
1334586,12.139491755910239
1334587,12.147068773743058
1334588,12.863548042911685
1334589,13.997089263369986
1334590,14.40920693004653
1334591,15.819973270705008
1334592,19.75537992296101
1334593,24.620635598879254
1334594,30.353494354662267
1334595,34.18446813868446
1334596,36.47766801152968
1334597,36.39913235985378
1334598,35.58669637382808
1334599,35.12617906002357
1334600,36.49672699273336
1334601,37.95260825017794
1334602,36.81498071773004
1334603,32.800932763126326
1334604,29.466207381331643
1334605,27.678812961418156
1334606,25.59458675119967
1334607,21.856048386236804
1334608,15.86982476400662
1334704,7.087323214642292
1334705,8.170001348349036
1334706,9.241944216463612
1334707,9.75480780723808
1334708,8.593416932538886
1334709,6.63043244017552
1334710,5.0714136900708215
1334711,4.527957849071472
1334712,4.9421576905330165
1334713,5.61791528900719
1334714,5.864340718354427
1334715,5.455492068800861
1334716,5.9453684615742475
1334717,7.16601022614171
1334718,8.08183245169575
1334719,10.003328809224026
1334720,12.888411517739994
1334721,15.34604193480029
1334722,17.1551001938163
1334723,18.706421495171316
1334724,19.949104942773584
1334725,21.356560397021326
1334726,23.30550264114785
1334727,25.707712023554834
1334728,27.530961819942164
1334729,28.389597794811063
1334730,26.239551810168017
1334731,22.052429882748157
1334732,19.440700849741365
1334733,19.04642948461406
1334734,17.205466363958756
1334735,13.549018171916584
1334736,10.103803640492293
1334832,6.3929870272865985
1334833,7.295258440648963
1334834,7.870679540135514
1334835,8.06437550402868
1334836,7.196099890977367
1334837,5.951341970962804
1334838,4.717290923201237
1334839,4.020982887628838
1334840,4.100142957620216
1334841,4.3458885836021315
1334842,4.182226006655119
1334843,3.8032209980264358
1334844,4.204015067346468
1334845,5.366235894042399
1334846,6.739787922522847
1334847,8.643801296615269
1334848,10.79130731522799
1334849,11.904770097435716
1334850,11.336687197875722
1334851,11.31145887428539
1334852,11.66216132240029
1334853,13.204353122240612
1334854,14.937722389948613
1334855,16.18069176606023
1334856,17.15967449219653
1334857,17.5201573875603
1334858,16.286601669377053
1334859,14.287575492448449
1334860,13.387087415023995
1334861,13.738235583645915
1334862,12.647427015124498
1334863,10.00444566986899
1334864,7.746857086991086
1334960,5.139312304242332
1334961,5.758286571156642
1334962,6.393771710621367
1334963,6.800915828771943
1334964,6.3526714429245645
1334965,5.42256447542324
1334966,4.38640049034006
1334967,3.8594479083490882
1334968,4.073140259585478
1334969,4.351581673195987
1334970,3.8872901335674666
1334971,3.472605599667318
1334972,3.919783238109263
1334973,4.920226634158639
1334974,5.851126247485318
1334975,7.5858692494208695
1334976,9.847935839943094
1334977,10.727467499178061
1334978,10.230995880603768
1334979,9.757797451734104
1334980,9.821970113330034
1334981,10.996200740331764
1334982,11.813787450342998
1334983,11.603731246751286
1334984,11.60220246453597
1334985,11.794288708098643
1334986,11.439923928974109
1334987,10.442648423356887
1334988,10.3719730911479
1334989,10.62316601992527
1334990,10.043586401621617
1334991,8.544914554098275
1334992,6.958033986264978
1335088,2.7776319505556644
1335089,3.4356242473509018
1335090,4.3755551793995435
1335091,5.154867499293084
1335092,5.0444030375196665
1335093,4.365275951702502
1335094,3.677493694990292
1335095,3.5557688027572225
1335096,3.9309585596299184
1335097,4.343802983620583
1335098,3.7656635896157304
1335099,3.214082518327821
1335100,3.5009997433424895
1335101,4.066275178854504
1335102,4.751502717981917
1335103,6.404729863049321
1335104,8.779663959734341
1335105,9.991196791113774
1335106,9.481496100156235
1335107,8.900048504442932
1335108,8.818043911120883
1335109,9.794589130757627
1335110,10.531436440235273
1335111,10.382323484154462
1335112,10.425012939776321
1335113,10.41170000387948
1335114,9.761785010945374
1335115,8.646650797158697
1335116,8.291392471970788
1335117,8.53222586490504
1335118,8.254906643701892
1335119,7.225438989647527
1335120,6.138613939632931
1335216,1.1000163605615416
1335217,1.4941279911916492
1335218,2.120244506627914
1335219,2.6725507993625524
1335220,2.8131756379176096
1335221,2.6029462972159285
1335222,2.510243881379078
1335223,2.6831467517991925
1335224,3.101627290821476
1335225,3.3211585102130154
1335226,2.9146563031368857
1335227,2.6059401775677205
1335228,3.05244883376458
1335229,3.534191121986593
1335230,4.112221341464313
1335231,5.740187349634423
1335232,8.078043283883384
1335233,8.911950969023321
1335234,8.256822194061321
1335235,7.436206727827174
1335236,7.401430401087974
1335237,8.603682453946735
1335238,9.601532878102631
1335239,9.585740731744641
1335240,9.407141380929783
1335241,9.431054855099553
1335242,8.767899032384936
1335243,7.626702966057417
1335244,7.215192492249638
1335245,7.376326385711143
1335246,6.824649449175461
1335247,5.753778569299057
1335248,5.0100988539507245
1335344,0.3932343218677908
1335345,0.512818002259195
1335346,0.6960713075542692
1335347,0.7967503120258868
1335348,0.9550028696970849
1335349,1.0948000354068046
1335350,1.2755895572697933
1335351,1.698871079392968
1335352,2.184461669053821
1335353,2.377924776804146
1335354,2.096417856656588
1335355,2.103458213622639
1335356,2.7568639859214383
1335357,3.3610833377438043
1335358,3.792526081209422
1335359,5.065348389025535
1335360,6.955670753984045
1335361,7.556667407945086
1335362,6.988868553460387
1335363,6.307854040721357
1335364,6.3788022355781795
1335365,7.315003499448454
1335366,8.195515716590732
1335367,8.113590939378177
1335368,7.994636518661499
1335369,7.968297304364082
1335370,7.594645132345447
1335371,6.669013920372806
1335372,6.229113838454081
1335373,6.299505265541601
1335374,5.58062089371065
1335375,4.487623949669634
1335376,3.8100123771682406
1335472,0.13185999515931945
1335473,0.20632073419777144
1335474,0.25552327711684003
1335475,0.28453520440162794
1335476,0.29260590466581604
1335477,0.3707093969120441
1335478,0.6302733158241985
1335479,0.952572912456203
1335480,1.6473017515359563
1335481,2.0044834751679907
1335482,1.903630073928233
1335483,1.9015033596701967
1335484,2.5644058622075705
1335485,3.0932636005666523
1335486,3.423055295577646
1335487,4.103276788005681
1335488,5.224632768769488
1335489,5.786524511464485
1335490,5.813129130714832
1335491,5.777916574437711
1335492,5.644022243107738
1335493,5.604242055366211
1335494,5.668178278795916
1335495,5.907669161359781
1335496,6.006501315077924
1335497,5.920023941410576
1335498,5.770955828698587
1335499,5.357127407024792
1335500,5.16343764041303
1335501,5.0930003658104805
1335502,4.509926776505287
1335503,3.5261828665623907
1335504,2.835095831346493
1335600,0.07699507883990218
1335601,0.12782372717281412
1335602,0.1566753025444678
1335603,0.19473136180318135
1335604,0.2678672117267464
1335605,0.3955301138686671
1335606,0.6174915775478965
1335607,1.0473597104005778
1335608,1.7149987436486525
1335609,2.2190079049221696
1335610,2.1310808185119248
1335611,2.197236639550278
1335612,2.509376185188296
1335613,2.773484976668875
1335614,3.00632288188166
1335615,3.537426392983269
1335616,4.109266534950286
1335617,4.480179391229304
1335618,4.6805476467304326
1335619,4.831863713138955
1335620,4.691708002324054
1335621,4.3152343027457265
1335622,3.8950680271612748
1335623,3.9006371033031253
1335624,4.121489148912722
1335625,4.250000939939995
1335626,4.448545688897358
1335627,4.447728602832057
1335628,4.309404238250849
1335629,4.200373351742857
1335630,3.7073421122238766
1335631,3.005375210840639
1335632,2.4005482409144117
1335728,0.07904712758927776
1335729,0.09266356526403595
1335730,0.24757295114827188
1335731,0.5259528853422321
1335732,0.8747178130736648
1335733,1.3280911770909734
1335734,1.6115314339473998
1335735,2.0641618520597516
1335736,2.7718101931864756
1335737,3.262117784262147
1335738,3.401531462223154
1335739,3.5922991034630294
1335740,3.6817408880495264
1335741,3.4789526846766927
1335742,3.4152989123689284
1335743,3.7211716172092455
1335744,4.043957332013283
1335745,4.020472144977358
1335746,3.99348575102429
1335747,4.028039623787364
1335748,4.107656271395422
1335749,3.720123144635059
1335750,3.239147196189002
1335751,3.0373018189543273
1335752,3.1611752176527834
1335753,3.473325071352513
1335754,3.814109037702839
1335755,3.99703878838624
1335756,4.022226012290572
1335757,4.020307864111116
1335758,3.6709377784016533
1335759,2.984169891337052
1335760,2.43307314943591
1335856,0.17283404994399115
1335857,0.29877062082190753
1335858,0.5560171932228232
1335859,1.205642672174911
1335860,2.1271655840007453
1335861,3.1754192946045343
1335862,3.9492380523131203
1335863,4.474744453507702
1335864,5.051000485670375
1335865,5.582705933138989
1335866,5.601770937337706
1335867,5.722051518510017
1335868,5.568815942660167
1335869,4.889130423528516
1335870,4.360563831920872
1335871,4.491707960628472
1335872,4.555731209124171
1335873,4.14874867117604
1335874,3.7979277695768263
1335875,3.7564466482743817
1335876,4.023037149003724
1335877,3.8394225133293336
1335878,3.3796743823915216
1335879,3.2095983395917997
1335880,3.302819931543685
1335881,3.5713546268001677
1335882,3.840884072923167
1335883,4.00954760632189
1335884,4.239117653175701
1335885,4.68897448646764
1335886,4.410989571285224
1335887,3.43048497604582
1335888,2.730892438750068
1335984,0.4083284590500996
1335985,0.7413053932117156
1335986,1.3777238807898093
1335987,2.4762455194077884
1335988,3.8397309683835386
1335989,5.419155618072789
1335990,6.450145457186582
1335991,7.225654718016599
1335992,7.757016375282926
1335993,7.914512038931889
1335994,7.773637411593247
1335995,7.501393831365182
1335996,7.027579356614108
1335997,6.152749666901586
1335998,5.47591794856023
1335999,5.515330130075927
1336000,5.554766636562551
1336001,4.789981953756329
1336002,4.012348376495521
1336003,3.9664223799423652
1336004,4.258631222757324
1336005,4.253341096068214
1336006,4.057695726550168
1336007,4.088539176815944
1336008,4.381377484539929
1336009,4.933500598565857
1336010,5.469766121328163
1336011,5.762538098044821
1336012,5.691286945638475
1336013,5.693472468723542
1336014,5.144605991554721
1336015,3.946367319792876
1336016,3.0477351906243677
1336112,0.8922238544066056
1336113,1.5229197431562433
1336114,2.511477005814855
1336115,3.8851635390367716
1336116,5.412748628573313
1336117,6.79462139604687
1336118,7.992855115487711
1336119,9.159219523159392
1336120,10.094015848753934
1336121,10.574749492985578
1336122,10.678021160203263
1336123,10.256045997234567
1336124,9.217757289849692
1336125,7.9659369240098625
1336126,7.398365306227609
1336127,7.667655464304011
1336128,7.487726929546696
1336129,6.054604662553345
1336130,4.77147578623971
1336131,4.587143988365877
1336132,5.22943139997887
1336133,5.521011482213131
1336134,5.8206106548026995
1336135,6.080411130933153
1336136,6.724056466458821
1336137,7.914376001491586
1336138,9.16152542210038
1336139,9.71750790209542
1336140,9.044003754432678
1336141,7.808570284549396
1336142,6.347554535040368
1336143,4.522507872809719
1336144,3.2596799921844664
1336240,1.420677899087997
1336241,2.2694662851695524
1336242,3.5905304471592774
1336243,5.290947006825498
1336244,6.89029455908035
1336245,8.819835727781516
1336246,10.202291736116168
1336247,11.855442985969038
1336248,14.070241621290235
1336249,16.160965674356596
1336250,17.18008699991799
1336251,16.51538596682319
1336252,13.873619273524094
1336253,12.066816930709823
1336254,13.132373802479535
1336255,14.102677493350527
1336256,12.634311558352847
1336257,9.982584618477388
1336258,7.794553253280483
1336259,7.665652402671827
1336260,8.906543487946255
1336261,10.561833553073843
1336262,11.593886507826388
1336263,11.746438507659024
1336264,12.198136379543211
1336265,13.47228919200524
1336266,14.281549637999841
1336267,14.273395460759172
1336268,13.547050377931837
1336269,12.355670196876302
1336270,10.128170661804264
1336271,7.027797492981085
1336272,4.493019037664611
1336368,1.9336871121078343
1336369,3.1034133132328177
1336370,4.776383420627947
1336371,7.533898758071852
1336372,11.605702882217905
1336373,16.205010473489597
1336374,18.690042036585755
1336375,19.760141198497976
1336376,20.931358222680167
1336377,22.67305543215365
1336378,23.140622807756344
1336379,21.92689390295624
1336380,18.253945167550896
1336381,16.546284598937284
1336382,19.39012933697273
1336383,21.796919642326202
1336384,20.50386024787369
1336385,17.905548489556818
1336386,16.01342905465133
1336387,16.30974371485332
1336388,17.96955459603388
1336389,19.70953865921385
1336390,20.167135012612196
1336391,19.165097599487886
1336392,18.503835130157718
1336393,18.90225424306359
1336394,19.00038362035869
1336395,18.651703475781353
1336396,18.93802314742096
1336397,19.796264466792604
1336398,18.657106754693803
1336399,14.707930486913915
1336400,9.67855483602981
1336496,2.086374642989862
1336497,3.874745775704013
1336498,7.388769111007167
1336499,13.33522427873069
1336500,20.62698814461707
1336501,28.293668754961715
1336502,31.62605590619491
1336503,31.20134908576636
1336504,29.889543636674183
1336505,28.556687944951513
1336506,27.012583784695945
1336507,24.48108515493543
1336508,21.066047787461798
1336509,20.201900784664627
1336510,24.389536320854095
1336511,27.786930109518202
1336512,27.80747006641925
1336513,26.443386080570626
1336525,27.76777918119153
1336526,28.590543041041123
1336527,24.730354503231236
1336528,16.74304663027802
1336624,1.9870366619886721
1336625,4.608600702645184
1336626,11.021834755062002
1336627,21.292958511086088
1336628,30.66236947488201
1336629,36.35080139492447
1336630,38.972519706463316
1336631,39.153894099248305
1336632,37.874780074835236
1336633,34.790501017570314
1336634,30.409613987607464
1336635,26.23499625548791
1336636,23.27285403125187
1336637,23.681585309827053
1336752,1.7734552041830731
1336753,4.730746816645696
1336754,12.561781171237246
1336755,24.503155541417005
1336756,33.875361856407935
1336757,38.52533868980332
1336758,40.41522078532769
1336759,40.93590202973781
1336760,40.04307613279739
1336761,37.224875108916294
1336762,32.4043167230761
1336880,1.41439243819094
1336881,4.353499295350107
1336882,12.338841381008011
1336883,24.786833312017848
1336884,34.458389236843274
1336885,38.724417805014646
1336886,40.17408105571273
1336887,40.68789833970428
1336888,40.07405276251788
1337008,1.316354223381042
1337009,4.204219643553722
1337010,12.147777004407562
1337011,24.879237326413918
1337012,34.59542273693152
1337013,38.75899123370803
1337014,40.00989006183049
1337136,1.3209644806873315
1337137,4.325585487789287
1337138,12.245682447253916
1337139,24.943804732914607
1350192,10.19834185614834
1350193,23.90483040117646
1350320,11.454663915822573
1350321,25.747332150023684
1350322,38.63392580141451
1350323,45.14034353508597
1350324,45.985690604411
1350448,13.567086222368284
1350449,27.29803648109831
1350450,39.24882817703221
1350451,44.693685484628716
1350452,45.250419097756684
1350453,44.59788567131222
1350454,43.498784796685875
1350455,43.585644718735416
1350576,13.595487094320683
1350577,24.461061208831566
1350578,34.172111380161695
1350579,38.036522619060655
1350580,38.34700706960516
1350581,37.49279338323025
1350582,36.77096446569971
1350583,37.939343073996454
1350584,40.907327831259636
1350704,10.451559822903809
1350705,15.401584946342192
1350706,19.80291220680795
1350707,21.73644544151831
1350708,21.038253263624277
1350709,19.825609147177282
1350710,20.076481002869677
1350711,23.651446391456517
1350712,29.631871154252796
1350713,36.15534267291389
1350714,38.26052946932557
1350715,37.39362372710788
1350832,8.200616924554764
1350833,9.928261964541392
1350834,11.633332843945363
1350835,12.240103992531843
1350836,10.848466842563294
1350837,9.153975213003342
1350838,8.883644060907763
1350839,11.198647482008546
1350840,15.647844439611312
1350841,20.167115517464126
1350842,21.949671105028568
1350843,21.84458463881449
1350844,22.203995881581708
1350845,22.661936653160794
1350960,7.38268990210731
1350961,8.385592189625818
1350962,9.395948760054837
1350963,9.845563483469434
1350964,8.367917579467049
1350965,6.531129918633897
1350966,5.258894396996781
1350967,5.2354860245022925
1350968,6.626893600999552
1350969,7.980218581475848
1350970,8.341361581335383
1350971,8.353217015928923
1350972,9.21546409121218
1350973,10.004752406225402
1350974,10.423681189836657
1350975,11.817281254187753
1350976,15.105575839675472
1350990,21.7935866349007
1350991,18.003397487160797
1350992,13.18730760627258
1351088,6.824443305827444
1351089,7.695757941478562
1351090,8.192586848186256
1351091,8.193641902630308
1351092,7.192143907720066
1351093,5.706824718916134
1351094,4.563539756763186
1351095,3.939971085575641
1351096,4.11836338204098
1351097,4.588716213079192
1351098,4.522740948428333
1351099,4.106119265029162
1351100,4.76452322355753
1351101,5.662205093387636
1351102,6.708660393422222
1351103,8.397040549321973
1351104,10.914706208561379
1351105,12.521355607714737
1351106,13.267084337481418
1351107,14.01673767027666
1351108,15.293621996420304
1351109,17.01274288370402
1351110,19.23567453503778
1351111,21.901034666518196
1351112,23.584617193849713
1351113,24.110070778900315
1351114,21.894431371302737
1351115,17.837390513146357
1351116,15.888144613579644
1351117,15.953001491379567
1351118,14.218666465185459
1351119,11.067578237122188
1351120,8.21011058531725
1351216,6.117162706349724
1351217,6.771304470249455
1351218,7.07940544328396
1351219,6.99486794684108
1351220,6.286567598558754
1351221,5.244629935042493
1351222,4.26645517422985
1351223,3.6167498784295677
1351224,3.546372775252006
1351225,3.7654005248769438
1351226,3.49484952139215
1351227,3.3027468416591885
1351228,3.842244012045907
1351229,4.923064956711618
1351230,6.1548298913804755
1351231,7.725878129757121
1351232,9.823980829528312
1351233,10.501164218056635
1351234,9.861246467401937
1351235,9.624188050039148
1351236,10.328719334179329
1351237,12.00762642194224
1351238,13.313940872990976
1351239,13.868263962525722
1351240,14.026969658236542
1351241,14.122407190921114
1351242,13.229599232494913
1351243,11.990730109837267
1351244,11.695191139631937
1351245,12.045498150896067
1351246,10.98582794038142
1351247,8.783804688312584
1351248,6.961996428694721
1351344,4.876976310972406
1351345,5.492165765760877
1351346,6.100627034986472
1351347,6.254461531918662
1351348,5.90303177388203
1351349,4.914193160956312
1351350,4.118858307883546
1351351,3.5482234046240118
1351352,3.598692294026355
1351353,3.7483522743097017
1351354,3.4341512095876507
1351355,3.205115900115538
1351356,3.6070981542503238
1351357,4.524817060301768
1351358,5.438656901252326
1351359,7.026137131459064
1351360,9.073236029129282
1351361,9.973615281431684
1351362,9.3538682840398
1351363,8.759085111965252
1351364,9.215785685382293
1351365,10.239203741334133
1351366,10.968965117420234
1351367,10.64209732600969
1351368,10.403774309047671
1351369,10.456644558381742
1351370,10.28834001551715
1351371,9.63290651849903
1351372,9.709127577765312
1351373,10.124896191581993
1351374,9.60441349961948
1351375,8.148874542367135
1351376,6.633986649837545
1351472,2.708416053267792
1351473,3.202834360260997
1351474,4.314938948062413
1351475,5.040453769718518
1351476,4.903254908859036
1351477,4.210270774727917
1351478,3.5031771967405674
1351479,3.2630957249327874
1351480,3.6938098790202902
1351481,4.053488603625943
1351482,3.5634987814371497
1351483,3.1253255062660408
1351484,3.404942334422649
1351485,3.936228517754964
1351486,4.499397664093066
1351487,6.110465144905694
1351488,8.340685177250784
1351489,9.390274680620895
1351490,8.926775746887156
1351491,8.275997534357991
1351492,8.40109892053097
1351493,9.520363709737216
1351494,10.318075983213374
1351495,10.122071978825067
1351496,9.903180924323866
1351497,9.9494972927489
1351498,9.391581517885562
1351499,8.275022509463708
1351500,8.034373078842746
1351501,8.369020995741973
1351502,8.012759711207794
1351503,6.964296232215186
1351504,6.04853725565361
1351600,1.080477122581325
1351601,1.4329173464635592
1351602,2.041939704803577
1351603,2.5843795756240926
1351604,2.7247586896241063
1351605,2.471289444947737
1351606,2.3655527923825233
1351607,2.5790551703849465
1351608,3.022622514471549
1351609,3.34868863878326
1351610,2.8479641771691067
1351611,2.6381647273341398
1351612,3.0065795241346174
1351613,3.545194704097787
1351614,3.9172080281962254
1351615,5.457632091414783
1351616,7.6643699103104765
1351617,8.459579769636967
1351618,7.905149571224375
1351619,7.174311670421001
1351620,7.373607074734477
1351621,8.66270032087408
1351622,9.844197173435072
1351623,9.770641218908162
1351624,9.586760553476953
1351625,9.622636872881536
1351626,8.926704587801417
1351627,7.669341547569015
1351628,7.135254672902947
1351629,7.262082405520988
1351630,6.742974784190387
1351631,5.727205496709801
1351632,4.984697606899558
1351728,0.35862158012312517
1351729,0.5067577662126042
1351730,0.6715181473672766
1351731,0.8422872906977935
1351732,0.9655679455169737
1351733,1.129352365933641
1351734,1.2537373667640659
1351735,1.5991182722245543
1351736,2.2126357537772576
1351737,2.4784760755674027
1351738,2.134102426491256
1351739,2.1616260609318094
1351740,2.7408688287466823
1351741,3.3224784225389117
1351742,3.750396452508703
1351743,5.005116442790056
1351744,6.916103359201344
1351745,7.538201986716882
1351746,6.993948710888941
1351747,6.436258758564883
1351748,6.699041581791658
1351749,8.03554042261385
1351750,9.132742611413692
1351751,9.063547324845882
1351752,8.843869915317065
1351753,8.720784441988274
1351754,8.08055487601945
1351755,6.906698226744239
1351756,6.435877165456161
1351757,6.286135072523119
1351758,5.608939920513858
1351759,4.49352608020231
1351760,3.81231716032304
1351856,0.13731848854639028
1351857,0.23669420265550117
1351858,0.24888769269272443
1351859,0.28555128247764405
1351860,0.2742437756311159
1351861,0.37084180979718356
1351862,0.5303131031871913
1351863,0.9071513612327882
1351864,1.5929905546275172
1351865,1.9841747998115657
1351866,1.9447885414449437
1351867,1.9816419413589788
1351868,2.677484802827008
1351869,3.1841274420190984
1351870,3.318488091086243
1351871,4.1196157151073525
1351872,5.3450078296180425
1351873,5.988884623471976
1351874,6.057159489686242
1351875,5.969595264226218
1351876,6.101510802506359
1351877,6.637675645327225
1351878,7.15392021530347
1351879,7.198905088067424
1351880,7.180923519672216
1351881,6.989814656584936
1351882,6.4846370802802165
1351883,5.795247299047587
1351884,5.459409862681249
1351885,5.410838772612841
1351886,4.77204417012798
1351887,3.6627562071166553
1351888,2.8988548233980933
1351984,0.0863432236346978
1351985,0.10691515986940094
1351986,0.13775257927503043
1351987,0.11978505803740025
1351988,0.17187271272694776
1351989,0.27704321032090234
1351990,0.3900267691445718
1351991,0.7876095365696136
1351992,1.5421078230300411
1351993,2.1262298105000053
1351994,2.157782958813302
1351995,2.188906600626977
1351996,2.6979627972162725
1351997,3.0131107635759977
1351998,3.045243674325649
1351999,3.1978982919753935
1352000,3.7829867283816623
1352001,4.300781473169881
1352002,4.826501140047284
1352003,5.095492084919292
1352004,5.103678306723295
1352005,4.825274861111189
1352006,4.5875559361184335
1352007,4.798533435785105
1352008,5.040114246847288
1352009,4.9486153788515805
1352010,4.939082224852013
1352011,4.846247924595212
1352012,4.832309051039497
1352013,4.9915297411677795
1352014,4.406222063284795
1352015,3.363095304809364
1352016,2.543151312143659
1352112,0.06226899875728303
1352113,0.08302823813654561
1352114,0.18717161778432165
1352115,0.2842106114042811
1352116,0.48539352516619727
1352117,0.6696253914441885
1352118,0.8490353825452204
1352119,1.274656935544506
1352120,2.0195989347215906
1352121,2.803250081156756
1352122,3.0284881106123973
1352123,3.361277771785419
1352124,3.581654424930558
1352125,3.462562064892059
1352126,3.2337916227690195
1352127,3.1649095740390107
1352128,3.3782724396098485
1352129,3.586135476257143
1352130,3.8471418651126728
1352131,4.1010391835119
1352132,4.181537793776482
1352133,3.8170167451494654
1352134,3.4002755207912925
1352135,3.393891414885805
1352136,3.6472768898264794
1352137,3.8905357872896356
1352138,4.270159719890308
1352139,4.573676890795004
1352140,4.862234306052811
1352141,5.137723215448599
1352142,4.608422379933222
1352143,3.514564526770204
1352144,2.687805060481849
1352240,0.08184589734466159
1352241,0.15866904853069508
1352242,0.319562534669563
1352243,0.7253117203790889
1352244,1.3455392689239534
1352245,1.9999840701822997
1352246,2.4966329350385865
1352247,3.0072702968189535
1352248,3.7047727700843742
1352249,4.33641414802779
1352250,4.705285434187111
1352251,5.103983858816448
1352252,5.13378779657077
1352253,4.5540090425663475
1352254,4.007347879661848
1352255,3.784000011557869
1352256,3.695272994815854
1352257,3.628902289861281
1352258,3.609030663720853
1352259,3.825806386083664
1352260,4.059124568009141
1352261,3.75299588831563
1352262,3.4111806678641736
1352263,3.3618699220040638
1352264,3.695834463532004
1352265,4.1642462034078225
1352266,4.695653808592999
1352267,4.991140709493191
1352268,5.375785743110152
1352269,5.891805888199344
1352270,5.376386151597134
1352271,4.083253848648109
1352272,3.0540926687893677
1352368,0.21566647586496857
1352369,0.3789744771617232
1352370,0.7493951694237214
1352371,1.5868554084341222
1352372,2.7707685410644287
1352373,4.177101213094337
1352374,5.160065222677744
1352375,5.915168830984017
1352376,6.522734012301776
1352377,6.712195871093408
1352378,6.592855246974514
1352379,6.544730758054246
1352380,6.31494273904168
1352381,5.381843342362142
1352382,4.777034505871122
1352383,4.506478706189194
1352384,4.308073439993972
1352385,3.8311655915697527
1352386,3.6304876862314317
1352387,3.809748544956312
1352388,4.154566393892075
1352389,4.049742277876344
1352390,3.848789338620424
1352391,3.972126808790613
1352392,4.392455696248363
1352393,5.0714639213876715
1352394,5.748836462124156
1352395,6.017507825247377
1352396,6.060860062221477
1352397,6.165275154327863
1352398,5.627150423393706
1352399,4.261325685205554
1352400,3.3491456520604306
1352496,0.4847813571256013
1352497,0.8667956861422395
1352498,1.5981475375700798
1352499,2.780515332877344
1352500,4.341655054620027
1352501,5.8864654247658255
1352502,7.15149790843624
1352503,8.05248875061283
1352504,8.82281139750373
1352505,9.165766954052549
1352506,8.881259766791926
1352507,8.477845997753803
1352508,7.748497501074408
1352509,6.612811672998983
1352510,5.840614287042588
1352511,5.54749444043086
1352512,5.104714454193522
1352513,4.355964557532258
1352514,3.720369603696428
1352515,3.9010448356814127
1352516,4.4737244681554165
1352517,4.5421434029196135
1352518,4.61195749556301
1352519,4.98951189405622
1352520,5.748415478290916
1352521,6.778409683371651
1352522,7.831672863904173
1352523,8.432549328830001
1352524,8.019203916646402
1352525,7.156161391406982
1352526,5.947947449568009
1352527,4.414829602925188
1352528,3.3120268718031913
1352624,1.0505719235233264
1352625,1.6218402330636126
1352626,2.730534254892158
1352627,4.197237940167248
1352628,5.82015187469225
1352629,7.280598818774972
1352630,8.773474540943607
1352631,10.207370355424777
1352632,11.97494842581694
1352633,13.502663628003775
1352634,14.023643086852765
1352635,13.422230571777673
1352636,11.451413738067677
1352637,9.765800511770019
1352638,9.878029590559885
1352639,9.920986832027785
1352640,8.68595438579437
1352641,6.727827612289908
1352642,5.332673178986126
1352643,5.382818894202418
1352644,6.484216815197764
1352645,7.608623375362661
1352646,8.406656396426497
1352647,8.783413043885378
1352648,9.481817412356278
1352649,10.896056313169199
1352650,12.017410123103529
1352651,12.490350923420538
1352652,11.653123702989317
1352653,10.282848673227624
1352654,8.211023920767087
1352655,5.633855855052017
1352656,3.8445611520943683
1352752,1.6129690655171218
1352753,2.5106743621197127
1352754,3.946807927561715
1352755,6.092572456015796
1352756,9.088245084572677
1352757,12.383117863165165
1352758,14.597055917924271
1352759,16.16081562377105
1352760,17.94196269701327
1352761,20.587471583706666
1352762,21.6131116414108
1352763,20.430363032307334
1352764,16.70957803489074
1352765,14.789111350485744
1352766,16.72071524656872
1352767,18.149634816971883
1352768,16.14888884782573
1352783,11.15862495181386
1352784,7.276347384479554
1352880,1.9984257167528845
1352881,3.344105810862621
1352882,5.931630510548382
1352883,10.388973289026618
1352884,16.943189379440597
1352885,24.555931731771548
1352886,27.85718236026614
1352887,27.559681489805858
1352888,26.75922399352945
1352889,26.304950622955005
1352890,25.772552097771165
1352891,23.817182819362554
1352892,19.75287641379197
1352893,18.562239448224677
1353008,2.1610334171421814
1353009,4.389136404742108
1353010,9.66103818286493
1353011,18.809336899801767
1353012,27.82379786410605
1353013,34.68686565178852
1353014,37.60916045534566
1353015,37.40750313089887
1353016,35.88472095317815
1353017,32.86878641299725
1353018,29.255721272895546
1353019,25.230809995453747
1353136,1.9040065249686833
1353137,4.712828398256253
1353138,12.050603129724811
1353139,23.86911610160334
1353140,33.564698711141915
1353141,39.05142430114306
1353142,40.60706248336522
1353143,40.86180013928496
1353144,39.9649818212012
1353145,37.01861128897615
1353264,1.6234201092201035
1353265,4.519130326072853
1353266,11.993006515316715
1353267,24.49452565988068
1353268,34.51675487341307
1353269,39.40888657209719
1353270,40.70830929548632
1353392,1.328686113078146
1353393,4.246396574706796
1353394,11.828803623359793
1353395,24.443171579438296
1353396,34.78436090223244
1353520,1.289803660721678
1353521,4.054839765907873
1366576,9.8083427847629
1366704,11.328497540434984
1366705,25.109782827374392
1366706,38.7580988573176
1366832,12.954921455755812
1366833,26.20050275380007
1366834,38.67400123440814
1366835,44.342900354901055
1366836,44.910416357738704
1366837,43.7617167541465
1366960,11.939858907147958
1366961,21.3524152975675
1366962,29.790590855448862
1366963,33.511229731258304
1366964,33.537218760844226
1366965,32.2384741976011
1366966,32.15761431313661
1366967,34.163247640426874
1367088,8.929569807788061
1367089,12.176197719499694
1367090,15.450252037085372
1367091,16.74654711400637
1367092,15.763482804001745
1367093,14.477253949760534
1367094,14.79772938782594
1367095,18.349906950909677
1367096,24.53492760099495
1367216,7.5053235353633445
1367217,8.827492454847457
1367218,9.88992853937613
1367219,10.203207712978646
1367220,8.856709157232547
1367221,7.396673612805972
1367222,6.637914331032648
1367223,7.890811294743208
1367224,10.880780007232094
1367225,14.13646780785995
1367226,15.55914327638488
1367344,6.909863099163781
1367345,7.885863172479437
1367346,8.317407252314142
1367347,8.359862460541116
1367348,7.045483205428924
1367349,5.498899903228656
1367350,4.444996975397377
1367351,4.15335206348852
1367352,4.777461743585874
1367353,5.766109838465101
1367354,5.91613367613968
1367355,5.659786824721949
1367356,6.4448754051494035
1367472,6.49469169605334
1367473,7.080478343762125
1367474,7.281572815843002
1367475,7.022813958450461
1367476,6.147354375842712
1367477,5.042824490510142
1367478,4.134921163662838
1367479,3.487653640991199
1367480,3.5005501611119842
1367481,3.7296719195431307
1367482,3.6851896016633257
1367483,3.3828538320392902
1367484,3.965651000631081
1367485,4.911484261293271
1367486,5.830193170477004
1367600,6.022592996176803
1367601,6.4848929030511835
1367602,6.61598339498862
1367603,6.370646627500928
1367604,5.746351848262118
1367605,4.879248943185087
1367606,3.914596209639971
1367607,3.384517569879466
1367608,3.3188285254695087
1367609,3.4031236433912753
1367610,3.1944092194740623
1367611,3.0125333880773426
1367612,3.5774046780862756
1367613,4.563634002302525
1367614,5.481074428298883
1367615,6.972793065246938
1367616,8.951767616605915
1367617,9.651900270439615
1367618,9.241923002828647
1367629,10.870652117317755
1367630,9.852556648746857
1367631,7.6891585780904
1367632,6.2239058038573765
1367728,4.767679825131044
1367729,5.255730742378939
1367730,5.873976490489604
1367731,6.008937098844413
1367732,5.495223888383663
1367733,4.672916104201368
1367734,3.8779940225167997
1367735,3.335842758285453
1367736,3.2250260826024935
1367737,3.4112739764114113
1367738,3.1393690006541193
1367739,2.9004906591060142
1367740,3.3888153668717256
1367741,4.274288491490042
1367742,5.005650906742428
1367743,6.30980857883521
1367744,8.241635915386345
1367745,9.039494787197976
1367746,8.57810584700752
1367747,8.268141579813456
1367748,8.8063136297061
1367749,10.103771678145211
1367750,10.762965405525744
1367751,10.235335080534757
1367752,9.746385625743283
1367753,9.725581508832686
1367754,9.506352016931173
1367755,9.058085955935049
1367756,9.313078214497068
1367757,9.745644968869932
1367758,9.088137680183813
1367759,7.4603000820268495
1367760,6.218815970721071
1367856,2.659941236619263
1367857,3.2050291599844556
1367858,4.2374111783749155
1367859,4.827519004329334
1367860,4.634804688029601
1367861,3.8365674934843694
1367862,3.3375883413946474
1367863,3.0997727166238147
1367864,3.4362805933839127
1367865,3.7897902826173935
1367866,3.3455272521435733
1367867,2.913913943131617
1367868,3.2153898404947325
1367869,3.7555745283228448
1367870,4.285392108902737
1367871,5.702499820044144
1367872,7.76432003701096
1367873,8.665866612901638
1367874,8.348901159192412
1367875,7.887588404069579
1367876,8.04090475203114
1367877,9.3865976246188
1367878,10.300058777921892
1367879,9.758123566834367
1367880,9.46093853230812
1367881,9.44853770765494
1367882,8.905075755179272
1367883,7.870257375340305
1367884,7.698514128397298
1367885,8.058822310881057
1367886,7.825573547124736
1367887,6.767907938364565
1367888,5.7885199646338945
1367984,0.9877894619491733
1367985,1.382439701629635
1367986,1.9573772568856818
1367987,2.535497872015605
1367988,2.580160997860563
1367989,2.411450573257052
1367990,2.2348004967677904
1367991,2.4511515603977045
1367992,2.9271904670906514
1367993,3.213833719588664
1367994,2.8225649147846115
1367995,2.536991903758918
1367996,2.951032489604765
1367997,3.4505741086539623
1367998,3.861778673078676
1367999,5.257937197253293
1368000,7.381961928153151
1368001,8.187443869590844
1368002,7.58813787748548
1368003,7.063487741166238
1368004,7.408032211571867
1368005,8.85928779403583
1368006,10.044642265654607
1368007,9.788391982845813
1368008,9.335611582185464
1368009,9.343965845056188
1368010,8.542005152045036
1368011,7.369220991089267
1368012,6.8859375711162985
1368013,7.01887948261141
1368014,6.521387878194723
1368015,5.526079968564568
1368016,4.8163488536468275
1368112,0.3316781997060057
1368113,0.46280323291881836
1368114,0.6605696767881446
1368115,0.8084083927008933
1368116,0.9511576893915651
1368117,1.06091715273672
1368118,1.261049648992672
1368119,1.60730678319765
1368120,2.1319881360683324
1368121,2.4735869751631725
1368122,2.219537018961883
1368123,2.1465904706197456
1368124,2.76282077858626
1368125,3.361344942911439
1368126,3.722787500327544
1368127,5.026424120574962
1368128,7.007806650870262
1368129,7.642063771732304
1368130,7.0631475012311205
1368131,6.542896982936586
1368132,7.085197787011422
1368133,8.687507937914274
1368134,9.937685002474623
1368135,9.64730290741015
1368136,9.202852371301692
1368137,8.960080164046348
1368138,8.254206246922061
1368139,6.896791483002153
1368140,6.415413236058971
1368141,6.330300373617819
1368142,5.5334295392476065
1368143,4.389542374808379
1368144,3.7332185951558334
1368240,0.18999015103264738
1368241,0.25321124116644744
1368242,0.3090427212137669
1368243,0.2928600339228556
1368244,0.30854670322399835
1368245,0.36966170978616725
1368246,0.5071733908019838
1368247,0.8812891736100548
1368248,1.5096032889246198
1368249,2.1010228582133426
1368250,1.9374920132476683
1368251,1.9866014655298578
1368252,2.7402920039290866
1368253,3.353946174381049
1368254,3.563730279237178
1368255,4.463544778835844
1368256,6.012902063726907
1368257,6.690611144004208
1368258,6.373667390838569
1368259,6.144390963606354
1368260,6.548776411952806
1368261,7.62725818550406
1368262,8.492736265468581
1368263,8.362563334566085
1368264,8.096456983821524
1368265,7.910738868081488
1368266,7.182264610760299
1368267,6.177108168592634
1368268,5.683857547756918
1368269,5.711429278946962
1368270,4.955092640575641
1368271,3.7546647911799047
1368272,2.947696268833955
1368368,0.07441492444119556
1368369,0.1342659950485767
1368370,0.1407544378870081
1368371,0.15231651625371204
1368372,0.16803112770887202
1368373,0.22569414316550587
1368374,0.28923353320630707
1368375,0.699252697938721
1368376,1.4552128280554961
1368377,2.07311618525918
1368378,2.132824713547225
1368379,2.29705442487746
1368380,2.860927672357631
1368381,3.247630417672196
1368382,3.2232649483507854
1368383,3.494298623124767
1368384,4.122107895350497
1368385,4.775016657331256
1368386,5.242487593206036
1368387,5.394204088656944
1368388,5.418020540687879
1368389,5.433169420881869
1368390,5.5463460711267585
1368391,5.92259810651478
1368392,6.1304548829295955
1368393,5.875523532255122
1368394,5.5690755521983
1368395,5.316697401052234
1368396,5.387981436704174
1368397,5.692443210537447
1368398,5.023411625044709
1368399,3.661332996635029
1368400,2.6705514439350084
1368496,0.0714249900768999
1368497,0.10751965554003814
1368498,0.129946443048308
1368499,0.22660384927142402
1368500,0.3271598752344914
1368501,0.42883704147457935
1368502,0.5738509077099629
1368503,0.9568430518777704
1368504,1.7091707251408712
1368505,2.5446740927970963
1368506,2.937562108651463
1368507,3.360807307821621
1368508,3.6454594677896033
1368509,3.5387889251237135
1368510,3.270069868907959
1368511,3.2317947147227444
1368512,3.487592858820723
1368513,3.7743437672925273
1368514,4.127861329954335
1368515,4.286796114220246
1368516,4.310826193019118
1368517,3.985848935454695
1368518,3.8213023156873547
1368519,3.997320670234537
1368520,4.347844369679948
1368521,4.597952065357585
1368522,4.798140824541473
1368523,5.112143986091121
1368524,5.655155871689555
1368525,6.205041536363459
1368526,5.535420404094961
1368527,3.9593059835224573
1368528,2.854309418141964
1368624,0.043855283360512726
1368625,0.12771728646878708
1368626,0.23284053793420295
1368627,0.4453990672417706
1368628,0.9162189186683952
1368629,1.2586618247864607
1368630,1.6057687011111286
1368631,2.088479395895672
1368632,2.8321809398673814
1368633,3.7235920781921683
1368634,4.247276143243818
1368635,4.745536001911322
1368636,4.895435788079781
1368637,4.348635873712258
1368638,3.873011618672094
1368639,3.782979910305587
1368640,3.7287875594666224
1368641,3.766631975879146
1368642,3.7444836189364263
1368643,3.868790339969733
1368644,3.9539713610367775
1368645,3.7252928755134307
1368646,3.4669297116374587
1368647,3.678200276266203
1368648,4.09414272716184
1368649,4.662996381471655
1368650,5.353156923824916
1368651,5.808543553028043
1368652,6.315083083102707
1368653,6.716642014050018
1368654,5.989247258989554
1368655,4.409199306855517
1368656,3.2133917868637227
1368752,0.09954432245173139
1368753,0.222441987537504
1368754,0.48428511595904694
1368755,1.0214764477781126
1368756,2.0065231273503863
1368757,2.8901353759848236
1368758,3.6396877217371526
1368759,4.237438509327043
1368760,5.033592419014609
1368761,5.54742304161345
1368762,5.783740145018722
1368763,5.884641256077715
1368764,5.720026350452125
1368765,5.14353206889204
1368766,4.620312522165923
1368767,4.32460057876367
1368768,4.209951094989481
1368769,4.011617774369917
1368770,3.87678572210757
1368771,3.9893632132400048
1368780,6.658155834212181
1368781,6.851197806308041
1368782,6.132215022016377
1368783,4.681110573082705
1368784,3.583080758352052
1368880,0.2711415068427506
1368881,0.5034448049780115
1368882,0.9418179415856565
1368883,1.887241672413546
1368884,3.2512148985745597
1368885,4.659644800518265
1368886,5.8388321684471745
1368887,6.8068507781145895
1368888,7.421599692524868
1368889,7.746366445222331
1368890,7.592576567998258
1368891,7.212554400255553
1368892,6.69840000040904
1368893,5.839751838121415
1368894,5.236445119530155
1368895,4.718470025652415
1368896,4.364415893773353
1368910,5.936549578648619
1368911,4.487361505825413
1368912,3.447181461766355
1369008,0.583941036259123
1369009,1.060913807807176
1369010,1.789913659000259
1369011,2.9605831376014264
1369012,4.608875464580303
1369013,6.268627749291024
1369014,7.659525977452119
1369015,8.844756791258503
1369016,10.154036083408325
1369017,11.191472039267534
1369018,11.40862990041141
1369019,10.715488407494243
1369020,9.268500200037872
1369021,8.018406126177611
1369022,7.589871341783439
1369023,7.29601717075423
1369136,1.147057555023367
1369137,1.8537779739479252
1369138,3.1325019476669467
1369139,4.864363890380563
1369140,7.06983194308263
1369141,9.53254511494665
1369142,11.461773802780518
1369143,13.090343470654325
1369144,15.153406588148766
1369145,17.938453104067612
1369146,19.174631356526028
1369147,18.20585948271807
1369148,14.836272950898339
1369149,12.751977950970533
1369264,1.7146900184920817
1369265,2.7458005002887234
1369266,4.6407216224410295
1369267,8.212265222089478
1369268,13.372754639821045
1369269,19.83171137180516
1369270,23.37032157062825
1369271,23.437927554008283
1369272,23.576453354750495
1369273,24.058868789679828
1369274,24.414229650368785
1369275,22.849152688227292
1369392,2.0702178710847896
1369393,3.801591005485735
1369394,8.092771424368104
1369395,15.261907017057409
1369396,23.722688591242925
1369397,31.79453796916544
1369398,35.43036783278982
1369399,34.90790453170622
1369400,33.059286508417514
1369401,30.5753853105894
1369520,2.1697530625205483
1369521,4.548855933671542
1369522,11.061443766757067
1369523,22.381879860228747
1369524,32.559130211813795
1369525,38.37410431023693
1369526,40.95405882144026
1369527,41.07814997423723
1369648,1.8612945094746156
1369649,4.510103880592012
1369650,11.725798514578043
1369651,24.202312736067377
1369652,34.73246703893711
1369653,39.26353894176098
1369776,1.40687377315416
1369777,4.090332340953685
1369778,11.437952345291642
1369904,1.2274103542196
1383088,10.783008174409568
1383089,24.784019815698976
1383216,11.954971480764977
1383217,24.553221104948967
1383218,36.99184480794106
1383219,42.68435966970201
1383344,10.057194225582311
1383345,17.022526770644156
1383346,23.52145874203105
1383347,26.714526556978008
1383348,26.360894455691415
1383349,24.975521312216962
1383472,7.690762578247716
1383473,9.753958154271823
1383474,11.883536428909993
1383475,12.512129827416915
1383476,11.618100499291517
1383477,10.18432767066498
1383478,10.271261331221273
1383479,13.40631612806822
1383600,7.095914464447766
1383601,7.907575768161844
1383602,8.519543562600651
1383603,8.460756108166699
1383604,7.25356482499715
1383605,5.882161013535878
1383606,5.127746937279013
1383607,5.702030802699234
1383608,7.417459138030899
1383728,6.7048007915357175
1383729,7.17379617458047
1383730,7.224926203091375
1383731,6.842295381187383
1383732,6.031297011379397
1383733,4.983561199608954
1383734,3.9405871662954595
1383735,3.5987228838654834
1383736,3.8939659961440625
1383737,4.327432260255813
1383738,4.391432813425734
1383856,6.35155201313832
1383857,6.707048596645548
1383858,6.688833029687292
1383859,6.278777339682867
1383860,5.4460547902901455
1383861,4.54084737889096
1383862,3.7514418972592103
1383863,3.3493009571348993
1383864,3.2472750752349024
1383865,3.451992424145027
1383866,3.2866088389031485
1383867,3.0821900458109535
1383984,5.8033580417983135
1383985,6.190173373322364
1383986,6.263222178444572
1383987,5.978499006659479
1383988,5.295663314267595
1383989,4.50603024605876
1383990,3.69353359410318
1383991,3.2352770169385514
1383992,3.077958615189661
1383993,3.157245604178624
1383994,2.9644579089954846
1383995,2.809674449895291
1383996,3.3301367636916175
1383997,4.1878620154544235
1384112,4.762107957077089
1384113,5.285718348540768
1384114,5.7057117529805135
1384115,5.75114416969587
1384116,5.21736753970866
1384117,4.441012214699916
1384118,3.5929712070131363
1384119,3.1046499563707144
1384120,2.995845398664497
1384121,3.1145899752962585
1384122,2.832240722594628
1384123,2.691268155183867
1384124,3.1087056048637103
1384125,3.9351636071010083
1384126,4.5687706650372615
1384240,2.5932305971915484
1384241,3.1211427927420106
1384242,4.164051495419218
1384243,4.647916642372632
1384244,4.378566648742699
1384245,3.722766293679119
1384246,3.0947254660190753
1384247,2.8860034489883177
1384248,3.113956242307122
1384249,3.3936735277889563
1384250,3.064819684678632
1384251,2.676169982033874
1384252,2.966969844528759
1384253,3.5144820160030004
1384254,3.921213478630187
1384255,5.17747303087901
1384272,5.425856640793188
1384368,0.977072643755525
1384369,1.384620516361386
1384370,1.9155762272629453
1384371,2.410307930512747
1384372,2.409242121826045
1384373,2.243729772355633
1384374,2.1451120500740717
1384375,2.286878456628937
1384376,2.829202222862941
1384377,3.11317215034828
1384378,2.7273579023553034
1384379,2.429626356452704
1384380,2.8793538031676036
1384381,3.3762394020388404
1384382,3.79973322223693
1384383,5.162994844447152
1384384,7.143955310490036
1384398,6.1720131843523705
1384399,5.235263052612582
1384400,4.663092417913346
1384496,0.28849851446499153
1384497,0.4612799471014528
1384498,0.5928561651086725
1384499,0.7321445549802649
1384500,0.8933191208831365
1384501,0.9701547288711275
1384502,1.174035964206112
1384503,1.5070958492665987
1384504,2.117528823118853
1384505,2.469858248848371
1384506,2.183980097604709
1384507,2.10402968987559
1384508,2.7636968185108652
1384509,3.3571039845589654
1384510,3.795930582370105
1384511,5.06089130687752
1384512,7.034539457261036
1384513,7.702677103851089
1384525,6.1704365743702105
1384526,5.467590688892051
1384527,4.371175584680572
1384528,3.70126153185698
1384624,0.15586171886117123
1384625,0.27147025505011063
1384626,0.2816448796841031
1384627,0.28268698543358917
1384628,0.26948158716809656
1384629,0.3612357287052977
1384630,0.4380715176230413
1384631,0.8446998156241826
1384632,1.534593203460332
1384633,2.1185529776474152
1384634,1.991771992764214
1384635,2.034548603216829
1384636,2.769724418237463
1384637,3.3576281580434824
1384638,3.6118917793328933
1384639,4.737708592471828
1384655,3.8512689110712746
1384656,2.9798223381067577
1384752,0.10681056987624891
1384753,0.15815651922268856
1384754,0.20631276360017015
1384755,0.18821088678950665
1384756,0.19143421326674892
1384757,0.19877920817328573
1384758,0.23815833839765332
1384759,0.6309049687130919
1384760,1.380857651838697
1384761,2.1125816527903214
1384762,2.1809733248672782
1384763,2.3768866428666193
1384764,3.0430975174918644
1384765,3.5023865871870035
1384766,3.494953495813454
1384767,3.89356438170135
1384783,3.9684704094689045
1384784,2.817267576588593
1384880,0.07024391882392263
1384881,0.13268594120337868
1384882,0.14510689278374364
1384883,0.22249991566814842
1384884,0.284511033359458
1384885,0.3648776492084149
1384886,0.464802850660044
1384887,0.8195094952154582
1384888,1.633551006677909
1384889,2.5651557602021358
1384890,2.9663234922921573
1384891,3.36348627527324
1384892,3.843657802733059
1384893,3.864387287807859
1384894,3.480327499205869
1384895,3.453871651478377
1384912,2.9563929122838815
1385008,0.0522169498507615
1385009,0.10826946300514721
1385010,0.15758594339123522
1385011,0.4100732276924807
1385012,0.6828082557570819
1385013,0.9729573007774854
1385014,1.2367902575006802
1385015,1.6065927649981009
1385016,2.4712592620116975
1385017,3.444009350309037
1385018,4.0552288388671
1385019,4.610295205508378
1385020,4.806026871539966
1385021,4.388393318493853
1385022,3.9100714485655295
1385136,0.08055024689443605
1385137,0.15625685800207026
1385138,0.2627240023378977
1385139,0.7236969046556867
1385140,1.3817077881056667
1385141,2.1127592925263206
1385142,2.64430294876116
1385143,3.2516399838238184
1385144,3.9259607377122787
1385145,4.726869376766052
1385146,5.1210133390402115
1385147,5.403072126103766
1385148,5.413513331799617
1385149,5.001851486658207
1385264,0.10381089288358103
1385265,0.272688770481872
1385266,0.5406896733464017
1385267,1.2166823837190677
1385268,2.303769354809019
1385269,3.4879369982926125
1385270,4.385556739498908
1385271,5.162405614698131
1385272,5.871071933235519
1385273,6.473809977351159
1385274,6.473594357625405
1385275,6.288832521619952
1385276,5.994193970348744
1385392,0.3328388846075262
1385393,0.5503721917409955
1385394,1.0562649614919974
1385395,2.0666515564296843
1385396,3.461757851063822
1385397,5.122407057011536
1385398,6.310927756292813
1385399,7.426498308330175
1385400,8.408258177816512
1385401,9.141026792403824
1385402,9.163339889392704
1385403,8.596186979564699
1385404,7.633490114525592
1385520,0.6991914996141081
1385521,1.2009608373625467
1385522,2.107716064335519
1385523,3.5708104195474473
1385524,5.411419116554409
1385525,7.311175545881365
1385526,9.05076206233046
1385527,10.57495696265647
1385528,12.586096870790174
1385529,14.915709004427015
1385530,15.945815373664216
1385648,1.3013103393594614
1385649,2.100648281133371
1385650,3.714248594032027
1385651,6.136319990113265
1385652,9.952897977699328
1385653,14.750575589751248
1385654,17.95030846898666
1385655,18.69309669745042
1385656,19.990704555404115
1385657,21.944805701718657
1385776,1.8221793085752576
1385777,3.1741199222189764
1385778,6.369370509354173
1385779,11.887297118758825
1385780,19.396942498612866
1385781,27.926763048660238
1385782,32.235565590378734
1385783,31.595650105152313
1385904,2.003880538032107
1385905,4.3046024283608055
1385906,9.96949843839136
1385907,20.31396371067031
1385908,30.538699249206047
1385909,36.98181298095585
1386032,2.1021011414328257
1386033,4.661053848659478
1386034,11.261544038358034
1386035,23.47577684916797
1386160,1.6076087039570504
1386161,4.099288977405989
1399600,10.46743958123175
1399601,21.683170616697154
1399728,8.59537957813249
1399729,13.207049403060704
1399730,18.068562007639034
1399731,19.923784719054918
1399856,6.962030666847088
1399857,8.206260822242804
1399858,9.379950925794276
1399859,9.638833395908
1399860,8.52228193499688
1399861,7.403115711207704
1399984,6.644506997999185
1399985,7.058476042938866
1399986,7.206734080145092
1399987,7.010131120266112
1399988,5.968266162446629
1399989,5.057966668545832
1399990,4.151017798971204
1400112,6.528012826009554
1400113,6.620391491850252
1400114,6.592279821747806
1400115,6.188502920879374
1400116,5.292966268695599
1400117,4.509407692235353
1400118,3.637903766073146
1400119,3.298952641083448
1400120,3.4484027948138456
1400240,6.187336306415554
1400241,6.400492901578436
1400242,6.270935659535334
1400243,5.797882011451213
1400244,5.089047711956632
1400245,4.324361015627576
1400246,3.519865517064727
1400247,3.1332098135465136
1400248,3.1695461858372793
1400249,3.3111320369201347
1400368,5.760472751308556
1400369,6.056824339498684
1400370,6.083978580356938
1400371,5.732973888522141
1400372,4.996067400625619
1400373,4.25974364042912
1400374,3.5347106287913967
1400375,3.0668688989940565
1400376,3.019332543301822
1400377,3.1045721767675407
1400378,2.845054895515195
1400496,4.662828991824884
1400497,5.00440580899713
1400498,5.466086080761154
1400499,5.450649575587465
1400500,4.961012923593111
1400501,4.191992675008114
1400502,3.4018034888699042
1400503,2.9180010148401085
1400504,2.845036187564018
1400505,2.9133644879543312
1400506,2.7356586036742283
1400507,2.542160985189985
1400624,2.5599947651120125
1400625,3.032085884618242
1400626,4.0207204530077565
1400627,4.427677154745453
1400628,4.203783363311813
1400629,3.5333244290985055
1400630,2.9825434226788903
1400631,2.6578466897850173
1400632,2.8188872195844725
1400633,2.9812415122913984
1400634,2.726081338436499
1400635,2.414570691738262
1400636,2.6708578704045216
1400752,0.9739843671765089
1400753,1.3423402828635695
1400754,1.8865400061908357
1400755,2.3183350974798898
1400756,2.414567468253454
1400757,2.1710603407445084
1400758,2.02414669852926
1400759,2.1950739437735423
1400760,2.562137173732657
1400761,2.8850738948293517
1400762,2.5467865586472413
1400763,2.334187228885193
1400764,2.7163592492624495
1400880,0.28289792981783785
1400881,0.4249740075674395
1400882,0.5946362860305248
1400883,0.7206340763619021
1400884,0.8464540549853226
1400885,0.9688844666877453
1400886,1.1074917302192375
1400887,1.4413937255447498
1400888,2.000046576461502
1400889,2.4276549627264243
1400890,2.191213087849704
1400891,2.093557036608308
1400892,2.7584697928210677
1400893,3.3711617860917236
1401008,0.1729297203518521
1401009,0.2547014606104942
1401010,0.3135269695289089
1401011,0.2822809045118113
1401012,0.28880095717396054
1401013,0.31438450029805576
1401014,0.4312302627422904
1401015,0.7911706008789564
1401016,1.5319063292642305
1401017,2.1207283272100006
1401018,2.061243651982642
1401019,2.0293769126645937
1401020,2.769366294134592
1401136,0.12408259084352563
1401137,0.2147636160213481
1401138,0.2516837027923079
1401139,0.2221793967335313
1401140,0.1653163863878766
1401141,0.14648415622725566
1401142,0.22152827759773774
1401143,0.6127509238567321
1401144,1.3507746469441162
1401145,2.124716848986218
1401146,2.251782713327497
1401147,2.3612631181164874
1401148,3.0666012794196806
1401264,0.07244092726258546
1401265,0.11936068859331687
1401266,0.17965055051245649
1401267,0.20923858213554838
1401268,0.258590906761385
1401269,0.3481763780509858
1401270,0.4241020421875186
1401271,0.7896897024632931
1401272,1.6235217511034572
1401273,2.526103556601053
1401274,3.0133360900678765
1401275,3.434384376344162
1401276,4.038685323721485
1401392,0.046581695470078656
1401393,0.10211393609491978
1401394,0.17384572202483184
1401395,0.3674046683985578
1401396,0.5792944487053416
1401397,0.8016980020994116
1401398,1.026675063520407
1401399,1.4571534694833286
1401400,2.3366099138659076
1401401,3.2701392328826997
1401402,4.044206577905345
1401403,4.581679592056894
1401520,0.0531600886453173
1401521,0.100424053836331
1401522,0.2947658605147448
1401523,0.5760490059948181
1401524,1.0981638144367147
1401525,1.6391662461574648
1401526,2.191462828721073
1401527,2.6057280539859287
1401528,3.4841146860839753
1401529,4.357975374125978
1401530,4.906072202975824
1401531,5.2303811370026585
1401648,0.06731594343793539
1401649,0.16693050734274964
1401650,0.41395213517545043
1401651,0.8965606062618203
1401652,1.688939800430786
1401653,2.548792093298545
1401654,3.390879132734525
1401655,4.122254015325327
1401656,4.8582955498904195
1401657,5.499279687120511
1401658,5.768034324586252
1401776,0.13761192018162907
1401777,0.30972637976943457
1401778,0.5743418513043538
1401779,1.3659216253291275
1401780,2.523246280799859
1401781,3.8187027466004526
1401782,4.962851015764369
1401783,5.8363380722812295
1401784,6.7319761235110755
1401785,7.376547347650682
1401904,0.342044307617356
1401905,0.671064882252781
1401906,1.298932464150151
1401907,2.387538768559617
1401908,3.9981212089327127
1401909,5.74305950962309
1401910,7.129682007789054
1401911,8.457072075207947
1401912,10.206942766953782
1402032,0.8164463624244404
1402033,1.4131132363947025
1402034,2.5490594623113423
1402035,4.439584042624119
1402036,7.299397345771279
1402037,10.904310664630025
1402038,13.395848348375452
1402039,14.852736371667147
1402160,1.3761810678612134
1402161,2.4743705892094945
1402162,4.776418492084467
1402163,8.766424941878837
1402164,15.126862685969643
1402165,23.297329919501333
1402288,1.869440507623076
1402289,3.745344694426754
1402290,8.295098132907235
1402291,17.21723951065476
1402416,2.147374216547865
1402417,4.413245121814034
1416112,7.0769159418588075
1416113,10.113897789638449
1416240,6.409935657539468
1416241,6.991468177599819
1416242,7.6076808286466
1416243,7.4216372169853235
1416368,6.285693563474236
1416369,6.460392577403803
1416370,6.397432371704088
1416371,5.987759218258063
1416372,5.258267006586858
1416496,6.122483307871238
1416497,6.35164477294102
1416498,6.156712690992248
1416499,5.658178349660915
1416500,4.974860879490481
1416501,4.17772800528973
1416502,3.397199737324034
1416624,5.962803711830455
1416625,6.092954478119412
1416626,5.974070427912866
1416627,5.484522200350247
1416628,4.87612016982342
1416629,4.020185214496682
1416630,3.413278371823636
1416631,3.0956054458537356
1416752,5.586233635681257
1416753,5.844091753189266
1416754,5.86609738103367
1416755,5.498818681025548
1416756,4.875370638025714
1416757,4.19093031584291
1416758,3.3847229520731723
1416759,2.9593847976812513
1416760,2.946960589091105
1416880,4.508798117264097
1416881,4.94155094882254
1416882,5.321348840285799
1416883,5.327605421112892
1416884,4.707621032696259
1416885,4.016012018340101
1416886,3.273370322960659
1416887,2.7634033145134644
1416888,2.742986843390816
1416889,2.8621266209467215
1417008,2.482634758434481
1417009,2.9868128735182955
1417010,3.866046610476424
1417011,4.277736868297907
1417012,3.972596164419599
1417013,3.3670992343098263
1417014,2.7467709873344885
1417015,2.599664036385797
1417016,2.5755171004524504
1417017,2.671692284185584
1417018,2.4704801347352032
1417136,1.0196760193591428
1417137,1.301464665224044
1417138,1.8477499203588859
1417139,2.2635831927889063
1417140,2.2295113677175253
1417141,2.0725709239413725
1417142,1.9254596506690564
1417143,2.0297046670544177
1417144,2.388187687291637
1417145,2.5807305033882613
1417146,2.3548380923400094
1417264,0.2591117028112458
1417265,0.3650810234264688
1417266,0.5326617620753652
1417267,0.6797349076576139
1417268,0.7941363671818931
1417269,0.8931080110822741
1417270,1.0337126073491405
1417271,1.3439476882129449
1417272,1.9702794227959037
1417273,2.354072579703269
1417274,2.1902121243789305
1417392,0.11551269022371813
1417393,0.14956190722666463
1417394,0.21830554644731742
1417395,0.250601704135673
1417396,0.26220496117371167
1417397,0.30049415501440463
1417398,0.41123327596869275
1417399,0.7913660253190226
1417400,1.432700609093508
1417401,2.1109332370024774
1417402,2.0590245683244226
1417520,0.12414075751882087
1417521,0.24301854937069786
1417522,0.297404539277022
1417523,0.2621790930958998
1417524,0.16242251585110593
1417525,0.1552123442309025
1417526,0.2396493956042474
1417527,0.5525510421488959
1417528,1.391257361974251
1417529,2.1505847236967393
1417530,2.2782119906828666
1417648,0.08478745324013072
1417649,0.16054416835151966
1417650,0.19598992495807
1417651,0.23638346838116994
1417652,0.25935097788972605
1417653,0.3013697124221617
1417654,0.3962971886124488
1417655,0.7354332177189203
1417656,1.584101058431615
1417657,2.575735660738305
1417658,3.083544276752617
1417776,0.05394026275666946
1417777,0.12442568532736455
1417778,0.1796465159334536
1417779,0.369523701262866
1417780,0.5563458942283269
1417781,0.8049344291627765
1417782,1.0077334023031228
1417783,1.3474637228622943
1417784,2.236041101222774
1417785,3.343876423233382
1417904,0.04290320860861161
1417905,0.12440774298803624
1417906,0.22078415838824605
1417907,0.5050243274618
1417908,0.9674592251873693
1417909,1.4860703057585
1417910,1.8958718856012875
1417911,2.4475729337567045
1417912,3.2980150038154994
1417913,4.180558427044742
1418032,0.05630276883329774
1418033,0.13581892544125448
1418034,0.27830130624633
1418035,0.6874253765692337
1418036,1.3655731504901973
1418037,2.1612924248436616
1418038,2.7695762768740373
1418039,3.452534387888439
1418040,4.291533554498504
1418160,0.06942344523381512
1418161,0.1832287903696068
1418162,0.4407417522093015
1418163,0.9828552146869964
1418164,1.8591350322878972
1418165,2.8479767666056364
1418166,3.756330223278207
1418167,4.628373628790254
1418168,5.398543838020084
1418288,0.1528546569383954
1418289,0.31542424796123775
1418290,0.7409671627045746
1418291,1.596663325632908
1418292,2.9292634963729847
1418293,4.397401133192249
1418294,5.569766433948067
1418295,6.723411158665948
1418416,0.42613279822012223
1418417,0.8063325928861546
1418418,1.6120710510628384
1418419,2.8862348644467115
1418420,5.255552567200552
1418421,8.048244345105884
1418544,0.936550944005745
1418545,1.728135608125029
1418546,3.292503411259397
1418547,6.241941392659825
1418672,1.5330182792407079
1418673,2.8705007986016637
1432624,5.972379106676638
1432625,6.364004039499556
1432752,5.99603059717878
1432753,6.138624980166566
1432754,5.947392008079244
1432755,5.477471354369886
1432880,5.864811906360484
1432881,6.101794994165541
1432882,5.78990210340936
1432883,5.387497496915298
1432884,4.725970241422584
1433008,5.760985960391976
1433009,5.9820150022990255
1433010,5.708590543253012
1433011,5.1930252191485495
1433012,4.596902440369231
1433013,3.959889809936548
1433136,5.375826810628622
1433137,5.6581589415348
1433138,5.580743949207824
1433139,5.184985932407219
1433140,4.606140608160566
1433141,3.8712555180907504
1433142,3.272507457358552
1433143,2.8094106731992152
1433264,4.364702471133221
1433265,4.712180731213279
1433266,5.051322040155055
1433267,5.017418084141531
1433268,4.581821750836018
1433269,3.805827602776763
1433270,3.18186831912267
1433271,2.7965502140630902
1433392,2.4145575328779127
1433393,2.966943526435597
1433394,3.758109800933905
1433395,4.118184453206906
1433396,3.7915213699718704
1433397,3.154634979610173
1433398,2.6431049284885124
1433399,2.3569888746236116
1433400,2.4253583195080455
1433520,0.9629152097732666
1433521,1.2977072285366293
1433522,1.7841827186948458
1433523,2.1357211516442565
1433524,2.1685061043879936
1433525,1.9901772325639904
1433526,1.8602148057142631
1433527,1.8729301557268783
1433528,2.037656638727031
1433648,0.25909762943177167
1433649,0.35524118709599944
1433650,0.508910289784554
1433651,0.6352766059484943
1433652,0.7697407116317878
1433653,0.8790663417842557
1433654,0.9861805055518502
1433655,1.2938424024130755
1433656,1.7705158743722287
1433657,2.2160103317881767
1433776,0.10627107408951997
1433777,0.1677126884137415
1433778,0.16147782610919909
1433779,0.21309843447137503
1433780,0.25036851314852065
1433781,0.260949333059864
1433782,0.41808546100049576
1433783,0.7354577033510326
1433784,1.491917589683663
1433785,2.127800228563884
1433904,0.10318394428552173
1433905,0.21142845428651552
1433906,0.2736188619529889
1433907,0.21975206771673325
1433908,0.17454497088273505
1433909,0.1672389379339292
1433910,0.23027432143083743
1433911,0.569983940384003
1433912,1.3671291578344322
1434032,0.10800119458461062
1434033,0.1769615194812074
1434034,0.25707033626303116
1434035,0.2633867388018146
1434036,0.2958834808773683
1434037,0.3072681278379243
1434038,0.3928684934437186
1434039,0.7099730187045119
1434040,1.547159945680067
1434160,0.06498031042799875
1434161,0.11655223147803165
1434162,0.22372710770391616
1434163,0.3554892042224205
1434164,0.5370307169366053
1434165,0.7214399430003503
1434166,0.9086312006100093
1434167,1.257179240950601
1434168,2.1377895610957522
1434288,0.04433873686550959
1434289,0.11218724048282085
1434290,0.25110543124329787
1434291,0.5448367531117647
1434292,0.9627836693746463
1434293,1.4645478899179838
1434294,1.8386693240997178
1434295,2.3337725318117877
1434416,0.04127962705736499
1434417,0.12133421122753678
1434418,0.2722671555576314
1434419,0.6564337122302415
1434420,1.2073744787631484
1434421,1.957940983545704
1434422,2.527917983813403
1434423,3.1555710752844073
1434544,0.0595939414046824
1434545,0.11870419433899225
1434546,0.34925241829039166
1434547,0.7964312597716783
1434548,1.5535912948599055
1434549,2.375706527468853
1434550,3.118608478466792
1434672,0.06430837534742455
1434673,0.24711038811147593
1434674,0.5445814195504259
1434675,1.1482937740818389
1434676,2.1020783153224256
1434677,3.156009725525107
1434800,0.23357279996390143
1434801,0.44420483780406556
1434802,0.9114273418857773
1434803,1.989081683048566
1434928,0.5159166260348261
1434929,1.0397283774543369
1449136,5.839220765919257
1449137,5.96243821206617
1449264,5.691946256803822
1449265,5.778996589449756
1449266,5.648266519711113
1449392,5.562740086835404
1449393,5.654914733590709
1449394,5.4181689532804995
1449395,5.038112185622174
1449396,4.416408128767931
1449520,5.141694415378372
1449521,5.384653324969797
1449522,5.339270379678559
1449523,5.022721149865781
1449524,4.374867058217924
1449525,3.833033761351119
1449648,4.205293424444993
1449649,4.613201652221971
1449650,4.888750839183831
1449651,4.738135387386872
1449652,4.313472929897174
1449653,3.6640610179729167
1449654,3.0493097721936784
1449776,2.2843108802495276
1449777,2.8934810427948303
1449778,3.623974262448914
1449779,3.9344435037555407
1449780,3.619508953849269
1449781,3.0653366852853674
1449782,2.5052478050063014
1449904,0.918491086609107
1449905,1.2567362649766218
1449906,1.7959155105904454
1449907,2.1014578389791314
1449908,2.044514946572579
1449909,1.8802343299865658
1449910,1.7758324037207105
1449911,1.7156076087867123
1450032,0.23291918041696477
1450033,0.35393664235308897
1450034,0.46922159606454605
1450035,0.6490279534118556
1450036,0.7433159309408237
1450037,0.8359236428497777
1450038,0.949903043845058
1450039,1.1849363187205164
1450160,0.08225924516132482
1450161,0.12929091528889697
1450162,0.16720824282345384
1450163,0.16999087577598895
1450164,0.23808156506262138
1450165,0.25113267358884045
1450166,0.35435200181542637
1450167,0.6722099646482911
1450288,0.08996285670809956
1450289,0.1582832898537644
1450290,0.2293012326991335
1450291,0.21202698428614436
1450292,0.1321603693848794
1450293,0.1446923768687882
1450294,0.20285805282592098
1450295,0.523266880104888
1450416,0.1139109284164943
1450417,0.2169148143516137
1450418,0.3270002821145021
1450419,0.29668700290927397
1450420,0.3020182815297889
1450421,0.2738504039471696
1450422,0.37627542457382424
1450544,0.08548063633430344
1450545,0.19322748899074194
1450546,0.27020767796704714
1450547,0.38746582840771043
1450548,0.5529369038142871
1450549,0.7083135093960676
1450550,0.8666906439645091
1450672,0.06384835508595836
1450673,0.11625456216686868
1450674,0.2657420069986417
1450675,0.5244482101316128
1450676,0.9896717229938211
1450677,1.3765813105224312
1450678,1.7823407028121114
1450800,0.047395389220566034
1450801,0.11531384422319514
1450802,0.277587561696757
1450803,0.6457226677874431
1450804,1.2081050400027329
1450805,1.8123002119510068
1450928,0.056393326731287774
1450929,0.14448086806690133
1450930,0.29290485245335107
1450931,0.7148829342864262
1450932,1.389216542324079
1451056,0.0728430724653958
1451057,0.1907127337496865
1451058,0.40381309631721385
1451059,0.8623323953002595
1451184,0.12291688373591779
1451185,0.2973783083043396
1465648,5.589932434154144
1465776,5.346588751400887
1465777,5.475272421971094
1465904,5.042283124225483
1465905,5.218733740759434
1465906,5.139840491990464
1465907,4.886350841647799
1466032,4.043288116014022
1466033,4.396146677517233
1466034,4.637709194308357
1466035,4.662761817150027
1466036,4.164778656576811
1466160,2.2118771595324325
1466161,2.7823042799784234
1466162,3.498974150491419
1466163,3.80442506012489
1466164,3.3656677517590827
1466288,0.8705962515366569
1466289,1.2069107533555343
1466290,1.7290498239152803
1466291,2.008472752124698
1466292,1.9978411377615508
1466293,1.8772812282541895
1466416,0.20414458352411738
1466417,0.32743248467753405
1466418,0.47926806579975756
1466419,0.5956741992162723
1466420,0.7145243537381296
1466421,0.837389484620562
1466544,0.03999036452260652
1466545,0.10204921821801813
1466546,0.13787883096781872
1466547,0.16273462969387537
1466548,0.21415339679526266
1466549,0.2592229193527273
1466672,0.06345421657181273
1466673,0.1135093963116539
1466674,0.18069282027353095
1466675,0.1541273179868229
1466676,0.1319128483377764
1466800,0.11628654563290891
1466801,0.21173965606173495
1466802,0.3435633540173261
1466803,0.32327439371086075
1466804,0.30459512329467375
1466928,0.08613441560804987
1466929,0.16810622265412628
1466930,0.32288743291388894
1466931,0.42130253991520505
1466932,0.5837383783437995
1467056,0.052830548011814825
1467057,0.14320650552426517
1467058,0.28807168608880374
1467059,0.5297365205594464
1467184,0.05827972912796905
1467185,0.13634269958483472
1467186,0.30818241829506376
1467187,0.6779802551452334
1467312,0.07177816388083932
1467313,0.14519127718558045
1467314,0.3117599682940797
1467440,0.05501603163069974
1467441,0.1390086586812022
1482288,4.912222428031868
1482416,3.9673709627333147
1482417,4.275583936048649
1482544,2.179342559691584
1482545,2.7323425357252353
1482546,3.436149429928691
1482672,0.8869211572531986
1482673,1.2471093733811272
1482674,1.7261734209506776
1482800,0.2181190558540179
1482801,0.3212984844410434
1482802,0.4733645347825023
1482803,0.6102973279341066
1482928,0.044528693819500226
1482929,0.09611606461271026
1482930,0.12724919517386762
1483056,0.06447977895055118
1483057,0.0857563458390305
1483058,0.13798624538567664
1483184,0.07764667654823523
1483185,0.19833842435088223
1483186,0.29629614415685057
1483312,0.09292807916450224
1483313,0.21544395904132402
1483440,0.07496692833659613
1483441,0.13991652890928025
