,data
679741,42.14775843408592
679868,34.928042124285646
679869,38.59420673056931
679981,0.04498201215739853
679982,0.11252110612216858
679983,0.08033670345681171
679984,0.24424701870653603
679985,0.8377428893497118
679986,3.8575089152050834
679991,42.31069042693435
679996,35.681545711844294
679997,36.50726300618917
680109,0.02928568220290853
680110,0.04455839842008408
680111,0.10783146143703361
680112,0.2334736663902299
680113,1.1001109449335071
680114,4.400234050954578
680119,42.51800299755044
680124,38.08264002758617
680125,36.76796087936826
680247,41.97252230221591
695862,37.18649596680018
695863,44.803960328659144
695864,48.64684810598839
695865,50.563809579501715
695868,49.03656000256674
695869,51.58501129571665
695973,3.6563430093804636e-06
695981,0.03001442976182558
695982,0.0788357739424388
695983,0.07498487916680602
695984,0.2900946167109881
695985,0.7562728353567543
695986,2.744433778312954
695990,42.87658820787467
695991,48.1780267104235
695992,50.512620560943844
695993,51.494883881249926
695994,51.23309887517636
695995,49.41821282315051
695996,49.64154909762901
695997,52.892898919537394
695998,55.03533862914175
696101,2.3538866411568782e-05
696109,0.03324552050465976
696110,0.07626723584421165
696111,0.11124132758980437
696112,0.26637443476642014
696113,0.9981787617459523
696114,4.59184460776824
696117,37.80421446427281
696118,45.11227477574226
696119,49.10523955444192
696120,51.35539715778559
696121,51.71410778485313
696122,49.56024927033229
696123,46.81212674586239
696124,46.51867588402838
696125,49.72740028419884
696126,53.46107207297177
696127,53.88229466776023
696128,50.56931113825337
696129,46.319710661844375
696237,0.051795500163575585
696238,0.08468298493586685
696239,0.1040946069412625
696240,0.2264030454743903
696241,1.149904503664696
696242,5.056624105587767
696245,37.300380265582
696246,44.48184050598767
696247,48.69776576327116
696248,50.885389011589965
696249,51.032556543932714
696250,48.49935329133332
696251,44.24795416076882
696252,42.89838199117128
696253,44.97802208608834
696254,48.93087770025033
696255,49.6712215179416
696256,46.647918044430604
696257,44.449283982933686
696258,42.341238096361266
696259,42.07786724332915
696260,46.884808972697805
696357,4.554392169579174e-06
696372,24.874698224257855
696373,35.83258994232419
696374,43.27932443446268
696375,47.77529136988239
696376,50.448127403671016
696377,51.12620075686375
696378,49.26044951443403
696379,46.079187291606836
696380,42.993293951830644
696381,42.18823330868561
696382,43.93004814578484
696383,43.410572762126826
696384,41.36790788099487
696385,42.215613982195016
696386,43.413864785109276
696387,44.916706361821745
696388,48.54715381687129
696500,26.218287245719253
696501,36.59257600200753
696502,43.06985303357604
696503,47.484352277850206
696504,50.327602008100435
696505,51.766373811334674
696506,51.92630357418783
696507,49.99352063504008
696508,46.3952385335905
696509,43.270302011439746
696510,42.16734423080769
696511,40.535831527245
696512,39.02294806462362
696513,41.9329659559056
696514,45.16600168425218
696515,47.2276716068069
696516,48.73469834912914
696629,38.18933340854221
696630,43.663727055716805
696631,47.69826858460446
696632,50.00297505318241
696633,51.85361101759612
696634,52.81244332774637
696635,52.073911121306914
696636,48.624078298338574
696637,46.098656856123014
696638,44.7142439618168
696639,42.80010541364679
696640,40.966713070882854
696641,42.072374242476755
696642,44.443363469760634
696643,45.898354519638644
696757,37.82609160588981
696758,43.295396783468476
696759,46.91566914641774
696760,49.45077930672271
696761,50.607531450544585
696762,52.4967153254626
696763,51.85848146829799
696764,49.66831337407463
696765,48.34442886689954
696887,44.12606711121043
712118,33.20982718885091
712119,43.33517011471215
712120,49.30399579271635
712121,51.68715762123884
712122,52.477546390264806
712123,51.461290621476174
712124,51.831552552568056
712125,53.45906275799182
712229,2.4479212204846814e-06
712245,29.479488182995198
712246,40.91312214464651
712247,49.59902187502052
712248,53.92422547175155
712249,55.42617426994892
712250,55.77512034251489
712251,54.53164505075003
712252,54.869081323245446
712253,56.673610859421935
712254,56.682695615654545
712255,54.85883693259963
712256,51.77979119199434
712257,48.067717085409726
712258,45.26731646879121
712259,44.97921928829939
712262,41.820498953937886
712359,8.54143435407428e-05
712360,3.320239092996318e-05
712361,0.00926078013430068
712362,0.004141450625516058
712363,0.021487317081018743
712364,0.02914704457837589
712372,21.535391363590602
712373,37.12708963218923
712374,47.13590682289194
712375,53.24972109565344
712376,56.40603985214105
712377,57.992269693670394
712378,58.03175885604551
712379,56.32127094705827
712380,56.5225000100343
712381,58.544029121020934
712382,58.10770871063488
712383,56.6094560728121
712384,52.996203765489405
712385,49.5158879098466
712386,46.476928232025195
712387,45.83896846178314
712388,50.275371298111985
712390,43.405102155218614
712486,5.604558396600205e-06
712487,0.002643645783708826
712488,0.004641100460072852
712489,0.003072361560476343
712490,0.005530163099283872
712491,0.02118308845658788
712492,0.03214880856900789
712499,14.936624812701242
712500,28.99355146474021
712501,41.94882948991649
712502,49.51665365770106
712503,54.6781916686636
712504,57.969541167611226
712505,60.09540949448072
712506,59.80894855696973
712507,56.91582832793075
712508,55.92341068400836
712509,57.53722787485997
712510,57.762432704824626
712511,56.28270767951426
712512,52.88763273528826
712513,49.52056329344509
712514,46.33717908504385
712515,45.9909103643123
712516,51.70620396949846
712518,42.71309903493843
712615,3.910809877935841e-06
712616,0.007515842217535302
712617,0.0048710873359437456
712618,0.013443244360630083
712619,0.019959793017951994
712620,0.03359768435185077
712627,16.100016326769293
712628,29.534546158213324
712629,41.729180777994884
712630,49.482038252360766
712631,55.247138430955374
712632,59.109827851226555
712633,60.784672919126734
712634,59.723121386212256
712635,56.67473197229042
712636,54.72585322735637
712637,54.31890365205395
712638,54.947298109140235
712639,54.13424086083808
712640,51.521306912654936
712641,49.999166329982
712642,48.62178766943686
712643,49.274522245051436
712644,54.38162229418828
712646,41.66773286892555
712743,4.250018753122473e-05
712744,0.005870934337395833
712745,0.008354460043275008
712746,0.005641966801401191
712747,0.034499303093666035
712748,0.03112234516934053
712754,5.851276014143353
712755,16.0270381566027
712756,28.630390159764804
712757,40.39383850479189
712758,48.62421331192848
712759,55.547668663331145
712760,59.63701217020762
712761,59.976161834450494
712762,58.4763526181975
712763,56.65460515068965
712764,53.96560475135819
712765,51.804432297683945
712766,52.04784632000779
712767,51.457948453060936
712768,49.95500002285265
712769,50.804531820150466
712770,52.04964136721688
712771,54.149157830353545
712772,57.534682171410076
712869,9.3768384317586e-06
712870,3.394287818585825e-06
712871,1.478510002310519e-05
712872,1.275201335142321e-05
712873,0.02282206677266334
712874,0.0033344639883927515
712875,0.023685941965079282
712876,0.03171966582061446
712882,7.147509061518887
712883,18.448553374716628
712884,31.35064555460046
712885,41.409453289812944
712886,48.412887392437085
712887,54.6083462031155
712888,58.38347512629538
712889,58.635848862643435
712890,58.1042481208144
712891,58.018975236500665
712892,55.579157927511794
712893,52.63306784836486
712894,51.308093883457346
712895,49.50561782902326
712896,48.13216138196075
712897,50.165380220934445
712898,52.71158704851862
712899,54.999775688536396
712900,57.47079722366892
712997,5.982494329807944e-06
712999,0.00032308885982425544
713000,0.010099569920864976
713001,0.011625069559302108
713002,0.008497941576073254
713003,0.02445078562077983
713004,0.021584418173052084
713011,21.377001275316697
713012,34.6213040414492
713013,43.508488199651254
713014,49.126336795963454
713015,54.38573480077782
713016,57.80030799553651
713017,58.29572776515822
713018,59.02451487857548
713019,59.166191077285085
713020,57.092142244418156
713021,54.74695165252032
713022,52.048276191273935
713023,48.86678352503981
713024,47.129841652703675
713025,48.47183629726878
713026,51.00591227791224
713027,52.93609982777993
713028,54.1566714915504
713139,21.383092857651
713140,34.548614518378685
713141,43.27886081691947
713142,48.826519096148395
713143,54.13181173843477
713144,57.49852153191159
713145,58.96165775880205
713146,59.990430951873854
713147,59.37833240405923
713148,57.953491628807036
713149,56.05197359758855
713150,52.80916345592357
713151,49.04176850852125
713152,46.81870020497824
713153,47.31845178802624
713154,49.39008002054278
713155,50.663108962118635
713156,50.14615912738768
713268,29.57275176762787
713269,40.29661905780989
713270,47.237244857230195
713271,52.58665349957158
713272,56.17819927495086
713273,57.61888418528521
713274,58.1045014772576
713275,57.457945712212606
713276,56.718721934203984
713277,55.31264997499212
713278,52.235789121216975
713279,48.66853979702639
713280,46.10796328825188
713281,46.773487260143796
713282,48.739890700368925
713283,49.76927614053317
713398,44.534100420729025
713399,49.474062693041596
713400,52.51528777133476
713401,53.00755159175279
713402,52.80394842307728
713410,48.38076574011275
728374,33.969752085101014
728375,42.28309791127779
728376,46.28592905210699
728377,47.67955740489886
728378,49.37410805247636
728379,50.849481773118804
728380,53.21225009322723
728381,54.805828184944865
728485,2.797624251982493e-06
728500,17.532864149444027
728501,29.043337485313188
728502,39.274548133504936
728503,48.643110838718876
728504,53.53721814352687
728505,54.592295711887694
728506,55.68016551413705
728507,55.330158969549196
728508,56.78974971103785
728509,58.552555952776906
728510,57.120549267361504
728511,54.505458011925434
728512,50.88832591857845
728513,47.721866664957595
728514,45.579903983696596
728515,46.22709489594182
728518,45.17007798301386
728615,0.0003615561621713588
728616,0.002521446991815187
728617,0.004027872387770654
728618,0.008535877818883899
728619,0.025739616976371543
728620,0.02430548873504177
728627,8.87074066162216
728628,21.589122098483696
728629,36.598358612555046
728630,47.21826438062182
728631,55.25289099629439
728632,58.60705545006626
728633,59.08227976514944
728634,58.707686562836045
728635,57.3073052298381
728636,58.22632182746655
728637,59.97767557757689
728638,59.29396096095323
728639,57.33536754489626
728640,53.85586396214533
728641,50.643688111758074
728642,48.34674889132599
728643,48.814862485059415
728644,53.93722631957153
728646,49.300349744534444
728743,0.006768787576109976
728744,0.004976707960710167
728745,0.005065354185663003
728746,0.01923138125893555
728747,0.02076085776036921
728748,0.01743618301652212
728754,3.916115999681118
728755,12.024607248161507
728756,27.673476584563993
728757,44.362345422749236
728758,53.49007948844329
728759,59.21623871840783
728760,62.473152440958046
728761,63.0003308009239
728762,63.000079135913246
728763,60.83814128618155
728764,60.727730234501216
728765,61.509260032728584
728766,60.42506451690704
728767,58.62283164431662
728768,56.161334535781826
728769,52.68979187699635
728770,50.09112100657391
728771,50.11679533654452
728772,56.01555334164135
728774,49.65838289570882
728871,1.5703546919825975e-05
728872,0.002278639552462367
728873,0.01870948515049558
728874,0.0040032897129197356
728875,0.01614127935154735
728876,0.026552650256903128
728882,6.088605078695091
728883,18.216890611491504
728884,35.357544703254874
728885,49.625500667747055
728886,57.06325365917695
728887,62.127578206663905
728888,65.44426192656364
728889,66.49629065204118
728890,66.44782483810829
728891,64.25761904821502
728892,63.014194264357776
728893,62.134207727625714
728894,60.524879409273964
728895,58.944326033645794
728896,57.42686348704573
728897,55.09452485227654
728898,52.82231560174095
728899,52.39719235133884
728900,58.00265740836081
728901,59.57267027801496
728902,47.971835755383474
728999,0.0038324565375603054
729000,0.00840297162505382
729001,0.009273623633724382
729002,0.01969482446007276
729003,0.010578444516315455
729004,0.035257868480759284
729010,7.101038408977187
729011,20.206944324701354
729012,37.47950064151883
729013,51.08769416358568
729014,57.877568930158155
729015,63.249950400630695
729016,67.61324568413534
729017,67.99872421101306
729018,67.85092180846597
729019,66.77023251408895
729020,64.33309759967479
729021,62.10666579881091
729022,60.2325207007142
729023,58.8872040336574
729024,57.808818386056345
729025,57.55205169074357
729026,56.942866196685614
729027,57.25746981079916
729028,61.26603873435154
729029,60.45518174430763
729030,46.88637314848686
729126,0.0017429066346926975
729127,1.2804654534140768e-05
729128,0.0015516394500703218
729129,0.00839817735056072
729130,0.03284910908052933
729131,0.021331529661548793
729132,0.033355809871450245
729137,1.9548216700759968
729138,7.9848336645892335
729139,21.4530049212148
729140,38.24086943719481
729141,50.94920847441351
729142,57.899354671977136
729143,63.50572927266359
729144,67.22742404339756
729145,66.58509176732603
729146,66.02604600931342
729147,65.81913818785584
729148,64.27409136936899
729149,61.64547298458184
729150,60.1902330389624
729151,59.59677645114086
729152,58.92906819883586
729153,58.959233786723615
729154,58.79274560539333
729155,59.75584148435586
729156,63.31453588096798
729157,60.813374754355635
729158,46.46903622436833
729254,2.7733946053646284e-05
729255,0.00223245557155935
729256,0.0022873089327971326
729257,0.0053293327958587045
729258,0.018918974903292557
729259,0.04982605407248403
729260,0.019058417919418764
729265,2.626331870366816
729266,9.742516117571292
729267,24.715996319367022
729268,41.24448066688458
729269,52.00746995364547
729270,57.54933512993535
729271,62.969174031710736
729272,65.64894272760282
729273,64.13002303164268
729274,63.19520613526768
729275,63.908990448036164
729276,62.98248654515678
729277,61.40904221315768
729278,60.134227826652264
729279,59.28083704657654
729280,58.47513649260072
729281,58.20691924795428
729282,58.29833209605398
729283,59.884005966743025
729284,62.70699586171248
729285,59.41329405589196
729381,1.5877533846760877e-06
729383,0.00259445063510968
729384,0.008184560902181339
729385,0.008858971293628996
729386,0.022126081161870346
729387,0.013735949105687815
729388,0.04569572889140269
729394,11.078308106288244
729395,26.55824190003687
729396,43.11926545537868
729397,52.584230056999644
729398,56.95817561573829
729399,61.2716191664
729400,63.34900458585904
729401,62.85860263875269
729402,63.00180301176055
729403,63.49287327462747
729404,62.36462146412851
729405,61.032002389076666
729406,58.17233431429341
729407,56.34601891985271
729408,55.32762155718043
729409,55.974379864545504
729410,57.12031688550222
729411,58.879645914577175
729412,60.228094487610015
729509,3.5205075491614713e-06
729510,6.424130434692625e-06
729511,1.996582572924926e-05
729512,2.224704539401434e-05
729513,0.014781820173603955
729514,0.03557929866950533
729515,0.019841848805366553
729516,0.02556127060485097
729522,11.0886173464668
729523,25.807831173007248
729524,41.737458406524425
729525,51.52861765373165
729526,56.306292227245535
729527,60.08209541164325
729528,62.489892447099116
729529,62.76651550516372
729530,63.93435340773301
729531,63.778008383964625
729532,62.64793429223001
729533,60.417884272944484
729534,56.588544749200594
729535,53.80493603531164
729536,52.85860295565045
729537,54.363209060611446
729538,56.526427157771266
729539,57.75961942448998
729540,57.76222859697249
729651,21.609602508268857
729652,36.63113805107106
729653,48.77776670779282
729654,55.0166613536589
729655,59.22808989556563
729656,61.11286108379927
729657,61.27100707556169
729658,62.1541687873192
729659,62.320471356238606
729660,61.863964162525335
729661,60.28876139641831
729662,56.18098773554874
729663,52.94295886664858
729664,52.10974973739063
729665,53.258542991422566
729666,55.417184370672004
729667,56.46149007778273
729668,55.239195413841315
729780,33.140631042367154
729781,46.51327354436708
729782,53.24045936453566
729783,57.06580613699525
729784,58.71738266332368
729785,57.76373076459384
729786,57.78110408679551
729787,58.020556766455215
729788,58.99110572877928
729789,58.9504009257008
729790,55.31014457285127
729791,52.4330222042151
729792,51.572321312725386
729793,52.764994172591656
729794,54.59128552621418
729795,55.50033312563859
729920,50.05394870375521
729921,50.65800203069133
744756,23.135968768572
744757,33.95296251825461
744758,41.13953516696496
744759,47.672041324483494
744760,50.48103268716237
744761,50.740249800698
744762,52.2392214711082
744763,53.95858990605162
744764,55.95687621921431
744765,57.229439024283586
744766,55.77454307507788
744767,53.69337035890487
744768,50.86198867513108
744769,47.26420448280205
744770,45.15138257889224
744771,45.541047169901084
744774,45.71067272078506
744883,12.065402337095476
744884,25.989605391082026
744885,38.40483000757
744886,46.376796126232804
744887,53.30880297456209
744888,56.12307656422049
744889,57.01061386393633
744890,57.75613396717123
744891,57.71530071691686
744892,59.08058300894236
744893,60.772355485766134
744894,59.40567327179278
744895,57.05004195332572
744896,54.277555483702606
744897,50.36977183063359
744898,48.2762064763942
744899,49.39384583614532
744900,56.01422568788265
744901,59.740051758664436
744902,52.32399656698814
745010,4.389500621766415
745011,13.839513934337665
745012,31.03014356962863
745013,46.70909484162067
745014,54.87102416054881
745015,59.6762928817009
745016,61.08635834169384
745017,61.25667810655212
745018,61.44495833723292
745019,59.72649087006259
745020,60.49966239051052
745021,62.001463997680325
745022,61.20206946171331
745023,59.73500955847788
745024,57.16663424204305
745025,53.76679388181973
745026,51.44222393882013
745027,52.42357572745276
745028,58.76256880681361
745029,62.972345244941785
745030,54.91485225021829
745137,1.2325527562730196
745138,5.63637691738584
745139,17.351176182711402
745140,37.35909342833295
745141,54.97097481901284
745142,61.339618182808834
745143,64.65914009874588
745144,66.1436474235266
745145,66.36586929486958
745146,66.13944396941784
745147,63.772914037856935
745148,63.003268820573815
745149,62.99963323337381
745150,61.99669334394192
745151,61.253640435047494
745152,60.01897160289266
745153,57.885835891770725
745154,55.929604713119076
745155,56.43566704696106
745156,61.78924580273227
745157,64.26062883904193
745158,54.84805008999113
745265,1.8499549994063793
745266,8.091773733595375
745267,24.158003309487523
745268,45.85848635597585
745269,60.99083980893316
745270,65.47680497855194
745271,67.6838975249102
745272,70.02870166737229
745273,70.11062165193292
745274,70.15386916205023
745275,68.5980132521461
745276,66.19516629864799
745277,64.20841366438252
745278,62.99918781476299
745279,63.0026907965472
745280,63.01647287014237
745281,62.24892747623851
745282,60.70294838082272
745283,60.670388361379075
745284,64.78151462483052
745285,64.90879712960279
745286,52.88833469817512
745393,2.3346433640183375
745394,9.539760955726672
745395,26.788912961384007
745396,49.28131294745292
745397,63.412819436785746
745398,67.04798504095228
745399,69.62700924061474
745400,71.07869114335597
745401,71.24151631598714
745402,71.21361794059771
745403,70.6733082043528
745404,68.63298857825895
745405,65.87703839273698
745406,64.00613103132723
745407,64.65042766027776
745408,64.95051290068028
745409,64.52408944728735
745410,63.15878462684308
745411,63.004006177682214
745412,66.45437298342124
745413,65.25530637608063
745414,52.63147942790012
745521,2.940490178287033
745522,10.709198700373097
745523,28.66850036100146
745524,50.95956038177388
745525,63.969095731401225
745526,67.09301674732971
745527,69.1904309435634
745528,71.2304871934215
745529,70.22140787602159
745530,70.19909999884037
745531,70.28423919985823
745532,69.50435352884026
745533,67.32520554170337
745534,65.41011655512264
745535,65.52405543357229
745536,66.52928333425633
745537,65.48687961952912
745538,63.813936273162916
745539,63.6169569891855
745540,66.70788095050199
745541,65.00760289414333
745542,52.22282368237789
745649,3.574618736478454
745650,12.634701002091823
745651,31.488553153967672
745652,52.4926975449258
745653,63.57174644099653
745654,66.47472841043114
745655,68.40408243477843
745656,69.4824820266528
745657,68.38429010341278
745658,67.94751927783959
745659,67.87286722753305
745660,67.45080157248651
745661,66.29100972838118
745662,65.08711411923613
745663,65.21904856276183
745664,65.88439536994632
745665,64.60679545234967
745666,63.26681628318796
745667,63.354042800644
745668,65.81884677128652
745669,62.9906275749901
745670,50.50500047363452
745777,3.9169216395401065
745778,13.32717079829204
745779,32.048241146867525
745780,51.727647552259285
745781,62.092281503867646
745782,64.29351731998968
745783,66.6796671871166
745784,67.33267298824792
745785,65.44019543987187
745786,65.201800747594
745787,65.12651186299355
745788,64.71035312620285
745789,64.05978733748539
745790,62.99217020190427
745791,63.07942034301357
745792,63.72802171519111
745793,63.00115645210015
745794,62.64577864278103
745795,63.01137377386108
745796,64.60737424034365
745797,61.15171847034502
745905,3.687706798214566
745906,12.32783509276153
745907,29.587124048025093
745908,48.45205685212001
745909,59.25338113979429
745910,62.36402350881706
745911,63.98576311548162
745912,64.74099504742247
745913,63.767291078640675
745914,63.95380086614741
745915,63.58850259455697
745916,63.16320228537384
745917,62.00791432966495
745918,59.55918858285668
745919,58.470574037190374
745920,59.6165939685358
745921,60.86073787060461
745922,61.94521394648883
745923,63.00144461020979
745924,63.7425108080675
745925,59.21881411265898
746034,9.733585495480895
746035,24.204357737429515
746036,42.70454209662287
746037,55.98652056521158
746038,60.39879164772603
746039,62.407098085946906
746040,63.21983063102175
746041,62.3290767385101
746042,63.29169607793017
746043,63.33292062651783
746044,63.28025942549911
746045,62.00177796789129
746046,57.95900218618359
746047,56.2496357561778
746048,56.99586227715975
746049,59.126867118857376
746050,61.26977738153767
746051,62.61948385590418
746052,62.54145246118102
746054,45.85397473457004
746163,20.031677509811132
746164,38.12442420901141
746165,52.700453911609046
746166,58.34355123257694
746167,60.83549949190041
746168,60.66331493721441
746169,59.37259334261557
746170,59.541338579056195
746171,60.020500097309906
746172,61.35269222081687
746173,61.37539474652649
746174,57.47163059948094
746175,55.05868815620817
746176,55.87499816922215
746177,57.32498763582449
746178,58.984241787719796
746179,60.696419723920144
746180,59.39258317113541
746292,34.114075883446105
746293,49.40122268912023
746294,55.459432796861584
746295,56.7590889612027
746296,56.49950759467964
746297,54.73515113719896
746298,54.567242816248985
746299,54.98475524285626
746300,57.02760345486803
746301,58.689670736207624
746302,56.12927257592218
746303,54.14565172976923
746304,54.23252866321831
746305,54.78500984096639
746306,55.74250258159666
746307,56.34674543250005
746308,53.32131699443146
761014,44.18639342173546
761015,46.700479302977165
761016,47.025867612295386
761017,46.06366718399529
761018,46.73284842292142
761019,47.87790440686793
761020,49.82131152906302
761021,52.6325509091085
761026,43.08569287397249
761139,16.005784113445895
761140,30.334096666140233
761141,40.961598658037175
761142,46.437091819703774
761143,51.417336833840494
761144,53.66945141302958
761145,53.40235036667151
761146,54.0537284078656
761147,55.15512904211782
761148,56.9664503226253
761149,58.20909927503396
761150,57.3372010985171
761151,55.845462438521636
761152,53.97027346073484
761153,49.89001625472734
761154,47.22035419867299
761155,47.84393260069798
761156,54.31318129130827
761157,59.04574463576254
761158,52.558158160312075
761266,6.1193466526154685
761267,17.234286898782855
761268,32.93132647595023
761269,45.08409824150997
761270,51.30991174338375
761271,56.59382488901467
761272,59.09486777922584
761273,59.401054724535186
761274,59.84067694988343
761275,59.418703732606986
761276,60.22983136895303
761277,60.95176308556701
761278,60.208289869173704
761279,58.77285543400559
761280,56.661647919707555
761281,53.02409832520665
761282,50.37440060325069
761283,52.18945026615436
761284,58.64467657891645
761285,63.69977046329212
761286,57.86493077276512
761393,1.7286074807271157
761394,6.831145894017228
761395,19.477841976121024
761396,38.98217078269311
761397,54.072620550895905
761398,60.00686333063297
761399,62.99373018354953
761400,63.86484925230141
761401,63.84606299171872
761402,63.95632193581477
761403,63.147768762102686
761404,63.001194234583394
761405,63.4303666537044
761406,62.34260197643239
761407,61.30765861876835
761408,59.86437773811698
761409,57.69992280553592
761410,56.09211201736343
761411,57.3083296543326
761412,63.00552333282561
761413,66.56111418854815
761414,60.060880317033075
761521,2.1929127562182935
761522,8.569249661763928
761523,24.03313142080949
761524,46.62152038998468
761525,63.00592572657717
761526,66.62130354220865
761527,67.83354484782912
761528,69.0762926201128
761529,68.64385305996578
761530,68.94685064029355
761531,67.8618693717451
761532,66.48649379158483
761533,65.56734530824706
761534,64.23362055324345
761535,64.17808154956708
761536,63.56907132504836
761537,62.32983140956935
761538,61.83065116270432
761539,63.00222727013638
761540,66.78427211825269
761541,68.23201010688146
761542,59.76841192679226
761649,2.986696664718396
761650,11.6399587782372
761651,31.01191188174261
761652,55.00084275436588
761653,68.89216700801556
761654,70.32167898061009
761655,70.73799511853633
761656,71.95372233525576
761657,71.62696613252282
761658,71.48267998848348
761659,70.51737089521706
761660,68.68652703348506
761661,66.88553385203979
761662,65.92120377378768
761663,66.8024848685086
761664,67.5090692987134
761665,66.7340321259547
761666,65.43277849298768
761667,66.11619397083676
761668,68.89172573361262
761669,69.11234148079484
761670,59.285386022328666
761777,3.450203053109335
761778,12.887046135769948
761779,33.22567819849761
761780,57.67836639990659
761781,70.6393068286643
761782,71.60288855561893
761783,71.69341693807698
761784,72.46440965382901
761785,72.43919166133502
761786,72.12012636407421
761787,71.96582411322457
761788,70.66917697594927
761789,68.66725811421043
761790,67.07155920689902
761791,68.28644684001385
761792,69.65869035512569
761793,68.49533867057248
761794,66.96737868147426
761795,66.62183612488406
761796,69.3170322228197
761797,68.7452780553818
761798,59.76801638024544
761904,0.9729534736715973
761905,4.049626821066673
761906,13.962162970911816
761907,34.663130803607984
761908,58.685526486645664
761909,70.62249605107519
761910,71.29771919561468
761911,71.34035422743762
761912,72.25411232167406
761913,72.05067358283654
761914,72.2998034385296
761915,72.22483734304973
761916,71.53610279363821
761917,69.79880116557919
761918,67.54484301698295
761919,67.70660472984233
761920,69.23863748221855
761921,68.7090902966989
761922,67.25392962249123
761923,66.36350528586736
761924,68.59140488541715
761925,67.75539669190539
761926,59.07262122802269
762032,1.0072794212744933
762033,4.238273131441481
762034,14.856163684423962
762035,36.22967052444322
762036,59.090879590040736
762037,70.06479628128392
762038,69.91169031695647
762039,70.79221809168764
762040,71.54007606138573
762041,71.03749317442896
762042,71.16808790005503
762043,70.95566581479413
762044,70.66825013525164
762045,69.30420268128623
762046,67.1415614491054
762047,67.32384831483164
762048,68.78277101341574
762049,67.6304505265491
762050,66.1541210325243
762051,65.8240020948423
762052,67.30327218670307
762053,65.59288912183433
762054,55.66203592931519
762161,3.9324371443466064
762162,14.416400575334604
762163,35.177961114745074
762164,57.075012565729736
762165,67.24266590414749
762166,68.11276531025209
762167,69.20873049779193
762168,69.96992293503072
762169,68.32602183015835
762170,68.21448826557548
762171,67.98156104060563
762172,67.17054093969878
762173,66.89356006097333
762174,65.66332335706748
762175,66.42272394591
762176,67.84081412352855
762177,66.92952313051838
762178,66.12525709635226
762179,65.53384075015822
762180,66.68165183894261
762181,63.721710515071244
762289,3.3642858506013216
762290,12.44821157853009
762291,31.371609253419862
762292,52.36783470088943
762293,62.993954611289546
762294,65.61525028608959
762295,66.91183926112728
762296,67.0065101449981
762297,65.25688779900024
762298,64.89629600315685
762299,64.5228431140366
762300,64.40007090093627
762301,63.97470193912084
762302,63.09581297456702
762303,63.60311970753949
762304,65.07373065770327
762305,65.84167839497444
762306,65.41109085784085
762307,65.7226075545127
762308,66.87602473042467
762309,63.53384154107583
762310,50.53309962308302
762417,2.469986702815206
762418,9.47582806906996
762419,25.41843306123839
762420,45.55900408638377
762421,58.78998410065156
762422,62.902361420932756
762423,64.52452452963796
762424,64.50331630570813
762425,62.93829146567623
762426,63.178836486390566
762427,62.94536175697589
762428,63.401465727026945
762429,62.798355598096165
762430,60.07143492657575
762431,59.52153453998222
762432,61.08568482544658
762433,62.992156203588614
762434,64.74471170879082
762435,66.03443954430792
762436,66.77564605510732
762437,62.99768576060859
762438,50.66258073684294
762546,7.241819171411793
762547,20.67640703038344
762548,40.434101855371075
762549,56.044456452762795
762550,60.70360594339201
762551,62.451483441945186
762552,61.97139921841461
762553,60.101058560372266
762554,59.8504137067833
762555,60.28145960121117
762556,61.699107725242875
762557,61.609694530329236
762558,58.332851774366354
762559,56.60383112535147
762560,58.02981357105082
762561,60.16002804930508
762562,62.35526744461242
762563,64.22723050831289
762564,63.84725976680796
762565,58.56702619907965
762675,17.864825518644917
762676,37.30512169084682
762677,53.35271376803894
762678,58.11434917960203
762679,58.74994800925101
762680,57.740792441039396
762681,55.72954657403284
762682,55.435693868753695
762683,56.21560952809361
762684,58.10250600551713
762685,59.05211115388502
762686,57.08073369597832
762687,55.80803863326023
762688,56.48623889830389
762689,57.18042933845386
762690,58.357190015658496
762691,59.934907134132715
762692,58.202825197040504
762693,51.28017833206263
762805,48.05359823596276
762806,53.50666111995001
762807,53.72790273049238
762808,52.22745376447204
762809,50.82623357266816
762810,51.93477247603837
762811,51.46793300384602
762812,53.07776531919667
762814,54.77278420537505
762815,54.233729384488036
762816,54.74412624093085
762817,54.25488538204066
762818,54.445325017989184
762819,54.90657187353306
762820,51.497614016457916
777397,43.15839851631469
777398,47.88835817896203
777399,51.42206373993933
777400,51.69298486500138
777401,50.01751763003559
777402,49.76240743515252
777403,50.15733346610195
777404,52.05966131402356
777405,54.38264238726701
777406,54.44443139785178
777407,53.906646239026976
777408,52.19024535131878
777409,47.97133475033184
777410,44.57976782102834
777411,45.12399369972722
777412,51.945490469743454
777414,49.944960121501126
777523,19.90400162965804
777524,34.664849890858356
777525,44.90610966059715
777526,49.74395531046834
777527,54.89302461049819
777528,57.3715251157254
777529,57.092861559772594
777530,56.87630604980692
777531,57.16222399716022
777532,57.92269662403781
777533,58.82069749987803
777534,58.48878203496729
777535,57.47237301432185
777536,55.35279635371775
777537,51.58263598077773
777538,49.018868647982856
777539,50.154921838551644
777540,57.11373843800504
777541,62.83047443446431
777542,58.90247107862176
777650,8.641138197803587
777651,21.73019201138957
777652,38.281486034549914
777653,49.900547747887
777654,55.11179542135505
777655,59.94531977055044
777656,62.99641395422884
777657,63.006071116996715
777658,62.94576958448737
777659,62.26645541817961
777660,61.534791931672
777661,61.356982815605924
777662,60.848115013002115
777663,60.14368447058588
777664,58.66231044314963
777665,55.79867910015995
777666,54.225600007331316
777667,55.87520320546737
777668,61.791673355784866
777669,66.48346328433063
777670,62.99030379156899
777671,50.8523057788599
777777,2.712390751605012
777778,9.764822546422328
777779,24.98679827868753
777780,45.334864034852856
777781,58.8665072385369
777782,63.04183387332371
777783,66.23196913913416
777784,68.02753467335673
777785,67.2133118857409
777786,67.58776452269204
777787,67.14362863140647
777788,65.97366910472877
777789,65.10007354781455
777790,64.02596533559587
777791,63.37429876842938
777792,62.314085610020165
777793,61.293544618270374
777794,61.305563006678575
777795,62.99945270408017
777796,66.94529606304808
777797,69.49468779166848
777798,64.97995864021037
777799,52.75631204175916
777905,3.2592625494024334
777906,12.154174564971724
777907,30.112636373623936
777908,53.14481552368982
777909,67.6604042438902
777910,69.13993556246862
777911,70.04672702901563
777912,70.85902862423649
777913,70.2171464896891
777914,70.68458260402423
777915,70.49846069019176
777916,69.50383842465388
777917,68.16974952017227
777918,67.36416933956177
777919,66.94973316288653
777920,66.76488971634694
777921,65.88045145177904
777922,66.19762996178606
777923,67.53260434249287
777924,69.81443945362572
777925,71.25320958367101
777926,66.47019462585867
777927,54.01614236476942
778032,0.8668402265399907
778033,4.378173198466119
778034,15.661175493469388
778035,37.52143298743632
778036,61.179638034174
778037,72.49984750707367
778038,71.98880759971912
778039,71.75823917637422
778040,72.52526241128871
778041,72.12211378561453
778042,72.12085057887825
778043,72.06444477358674
778044,71.38210787425629
778045,70.32700197886186
778046,69.58583840818785
778047,69.82706600658287
778048,70.45020731905828
778049,69.57044749243101
778050,68.4796189313025
778051,68.49840460363446
778052,70.79862631101327
778053,71.81320346607522
778054,67.54315580699365
778055,56.194656158510085
778160,0.9591783186917481
778161,4.861058478597274
778162,16.981222805115966
778163,39.3625033918462
778164,62.97857988811512
778165,73.70519111364618
778166,72.10523775457483
778167,72.08494978689349
778168,73.06195347224644
778169,73.06627999356225
778170,72.68769325309735
778171,72.04838423762818
778172,71.63472322082814
778173,70.87163890468265
778174,69.41904675333485
778175,70.20114764190664
778176,71.06268281030619
778177,70.3594640904384
778178,69.40838638184856
778179,68.87427180217355
778180,70.58362149967074
778181,71.60141574099568
778182,68.38407361230696
778183,58.60442348350698
778288,1.038414806285184
778289,4.922954599001048
778290,16.996892803707535
778291,39.68599484551554
778292,63.09065193123305
778293,73.60182314459654
778294,72.24907173434875
778295,72.05687692087537
778296,73.00503877217164
778297,73.0573202842366
778298,72.92176642630976
778299,72.66042724829822
778300,72.28078020141396
778301,71.01142058563701
778302,68.97849606847807
778303,68.92695167608034
778304,70.29492846631898
778305,69.66470269927952
778306,68.79802564262165
778307,68.18927460069887
778308,69.2405017016825
778309,69.97497407139853
778310,66.14417709551658
778416,1.075118662776719
778417,4.685197546881936
778418,16.806346733800076
778419,39.85934402298513
778420,63.01121696391366
778421,72.48842151196807
778422,71.60256763037945
778423,71.26382727645031
778424,72.3670109696474
778425,72.31101175508091
778426,72.2686254734354
778427,72.16729090501494
778428,71.70489472648914
778429,70.63615569375558
778430,68.00140248351065
778431,67.76321878103859
778432,69.2744746266449
778433,68.93291169586576
778434,67.57844071649107
778435,66.97910661227883
778436,68.04677740687505
778437,67.33702702188629
778438,60.74219893052237
778544,0.8828123068057383
778545,4.311459365762276
778546,15.93057699002872
778547,38.146894388638486
778548,60.44841226635098
778549,69.94867348428829
778550,69.74143976694047
778551,70.3041315996616
778552,71.01919139658138
778553,70.68076184986921
778554,70.31177541812978
778555,70.16988205330858
778556,70.00031951181012
778557,69.4031826498622
778558,67.1826213437452
778559,67.2304094053154
778560,68.88331441749884
778561,68.48814544103173
778562,67.35006858499216
778563,66.57323016093488
778564,67.47575930834013
778565,64.87514523220172
778566,55.57902670218594
778673,3.646701477250793
778674,13.832031216237278
778675,33.761433489705745
778676,55.05607194490985
778677,65.46382675730707
778678,67.32382548826591
778679,69.01388378618435
778680,69.7664012705115
778681,67.88924325428229
778682,67.13408808750685
778683,67.0417764436175
778684,67.07956548146025
778685,67.06526113058217
778686,65.67341209188052
778687,66.61674212847038
778688,68.38004762605678
778689,68.91355088776069
778690,67.81066611848047
778691,67.16081446962
778692,67.99019988249525
778693,64.77251415454108
778694,53.55174135908445
778695,41.75531487826952
778801,2.8775274763439063
778802,10.456160752585543
778803,26.397364805565864
778804,47.304460875739295
778805,60.80908522134029
778806,65.01364134607077
778807,67.3509596096261
778808,67.39506126156395
778809,64.70921554525023
778810,63.87785785291852
778811,63.92942559120507
778812,64.26646974260127
778813,64.40026829493618
778814,63.65049678221573
778815,63.92794102946695
778816,66.2077409989808
778817,67.17811414409286
778818,67.55654546186459
778819,67.93662378477812
778820,68.53073462083454
778821,64.69183516227496
778822,53.73224470191029
778930,8.115808147332608
778931,21.80087046278942
778932,42.48536519050128
778933,58.37777483080958
778934,63.14732396546972
778935,64.7137791652069
778936,64.39105959658976
778937,61.43002833839446
778938,60.325116363728135
778939,60.56336165839425
778940,61.51697201253809
778941,62.01400176405427
778942,60.19931230490556
778943,59.92723388559294
778944,62.185044169894866
778945,64.02523115681664
778946,65.42663121416089
778947,67.35417240389444
778948,66.94000131716474
778949,61.91575251335536
779058,6.953986308486498
779059,19.397490259925032
779060,39.54763741685149
779061,56.597104928652506
779062,60.674441243641816
779063,60.903729390926195
779064,59.65908317378153
779065,57.17504523222835
779066,56.608766419412525
779067,57.18036284621399
779068,58.14740552461155
779069,59.6039536447394
779070,58.012173987088865
779071,57.54266934758061
779072,59.279236166348674
779073,60.51153837988471
779074,62.08105849745126
779075,64.2423658059009
779076,63.02712865013996
779077,56.75839591525693
779188,34.147392766291496
779189,50.10033516221768
779190,55.330555221610794
779191,55.17229044372208
779192,53.39153219001051
779193,52.266454746640434
779194,52.86205729923964
779195,52.71129993341289
779196,53.83234309996427
779197,56.27499951572298
779198,55.592882250390616
779199,55.24678799962593
779200,56.698313482986876
779201,56.6359098258457
779202,57.46203977652275
779203,59.20925498299199
779204,57.38732199803399
779205,50.427430038516356
779318,49.70098402839879
779319,50.382650705478106
779320,47.70313179017294
779324,48.787464955658784
779325,50.66167937947484
779326,51.34503339040353
779327,52.020448896593045
779328,53.42356666327527
779329,52.81888208870105
779330,52.11942365253653
779331,52.17938940982151
779332,49.206483880650644
779456,47.17122922880004
793655,47.2812063639087
793658,44.64848796501733
793659,43.620026340100964
793663,49.073696241224695
793664,46.9632276922786
793665,43.41061587181229
793666,40.91309439854295
793667,41.91399306783077
793670,44.40484034726525
793780,35.21931870378592
793781,45.37732716585404
793782,50.91299563657288
793783,55.22663536268034
793784,56.04999034061134
793785,53.941039211052164
793786,52.537959744935236
793787,52.78023834105205
793788,53.84027763152763
793789,55.65310073006097
793790,56.26678482668395
793791,56.19755246540351
793792,53.88112479861068
793793,49.554462721662844
793794,46.655769469139415
793795,48.2624406376924
793796,55.611563470061434
793797,61.133215056717795
793798,54.9801691718796
793906,8.860769033558991
793907,22.125536816285976
793908,38.245171378537364
793909,48.754985691937556
793910,54.02181194637722
793911,59.51988731624059
793912,62.13945264085512
793913,60.73631564868547
793914,60.09705566193012
793915,60.02278205873424
793916,59.93638008745347
793917,59.756884145358924
793918,59.85499757195296
793919,59.24956675497773
793920,57.47892119848581
793921,54.055234566909064
793922,52.40557186744988
793923,54.337053151522156
793924,60.64650580815248
793925,65.90496527163813
793926,62.649193674499095
794033,2.753032469213661
794034,10.039195671985498
794035,24.764402807880586
794036,43.041706277466744
794037,54.8199404945843
794038,59.323088950128565
794039,64.45537204243878
794040,67.38049370941017
794041,66.75669475104462
794042,66.22569013471961
794043,66.32578180346769
794044,64.52913492866774
794045,63.081929996112684
794046,63.24438651084094
794047,62.61337965679188
794048,61.32891702585085
794049,59.726373459813864
794050,59.76959901810447
794051,61.91517070832388
794052,65.8824631736534
794053,69.59032584429521
794054,66.57276244815414
794055,54.813936301105485
794161,3.2829961611416274
794162,11.640296132858364
794163,28.00046180317592
794164,49.1281548686114
794165,62.54921025658828
794166,66.1600458963387
794167,69.30471889517955
794168,71.21184714882563
794169,70.00102947888156
794170,70.06166388287339
794171,70.00322527837301
794172,68.45719839108962
794173,67.19955973634049
794174,67.02609499907238
794175,66.9075844398184
794176,65.87108692531567
794177,65.33536797091901
794178,65.90543720213634
794179,67.8690769126584
794180,70.21207523752186
794181,72.04314604211305
794182,69.51647421954272
794183,58.080020210391325
794289,4.150442271086313
794290,14.172104536659816
794291,32.89584591098532
794292,55.914551798149645
794293,69.18040376354861
794294,70.74189602553791
794295,71.71574366532641
794296,72.44222043746252
794297,71.76558850881156
794298,71.98285912395094
794299,72.46757813526612
794300,71.55104828707269
794301,70.75620747505903
794302,70.82017653065013
794303,70.41974580899839
794304,70.20721926668861
794305,69.3949746655573
794306,69.35839065133565
794307,70.32631819290381
794308,71.90313767151032
794309,73.41527165304144
794310,71.78484893800902
794311,61.357363685306105
794416,1.1369761565231782
794417,5.016715151147948
794418,17.342607962748787
794419,40.08543392892694
794420,63.0001701783522
794421,72.94114730038717
794422,71.86816823106354
794423,72.40946730700196
794424,73.14329482595016
794425,72.46045179806937
794426,72.59997540999731
794427,72.62506682287331
794428,72.06308893785268
794429,72.17169691772885
794430,71.84097995340116
794431,71.4973067477738
794432,71.70410862200137
794433,70.83574924790139
794434,70.40966169897706
794435,70.16927004617688
794436,71.04842041412623
794437,73.1670836845277
794438,72.81534812731327
794439,62.99847050519807
794440,43.596497525831815
794544,1.1722611633048934
794545,5.168593204714059
794546,18.472635575215232
794547,41.98634701149995
794548,65.55794628636652
794549,74.38215876385122
794550,72.32964396710783
794551,72.64010470106683
794552,73.48470965454534
794553,73.07389299618517
794554,73.04856742911662
794555,72.57203253158676
794556,72.48085610576965
794557,72.54044132806344
794558,71.22785113995167
794559,71.13913473660823
794560,71.68529791093542
794561,71.15868829607776
794562,70.60155899123896
794563,70.04858391883823
794564,70.78183535656319
794565,72.62640003185389
794566,73.10809339140108
794567,64.47299676831733
794568,45.03529740707455
794672,1.068239925297474
794673,5.068380214977593
794674,18.305819263508987
794675,42.1758629890247
794676,65.91000909078937
794677,74.19563613496854
794678,72.30960670388438
794679,72.48092725223424
794680,73.30603669700095
794681,72.98108662490804
794682,72.87886733819438
794683,72.49400789387172
794684,72.65883433141686
794685,72.34041021766198
794686,70.6784041313044
794687,69.99185456511412
794688,70.15508435469837
794689,69.97020450263473
794690,69.58035667153453
794691,69.36573555216661
794692,69.97265794433062
794693,70.9322084831658
794694,70.54709686894311
794695,62.99399411923229
794696,45.12465166461471
794800,1.0506827028159782
794801,5.061053310280567
794802,18.265239129558193
794803,42.30161653917173
794804,65.50424654480453
794805,73.44017752747355
794806,71.43398821893284
794807,72.02941468060385
794808,72.82569476636735
794809,72.63610854175909
794810,72.5592171645082
794811,72.56858126598542
794812,72.7748133119776
794813,71.78981019604157
794814,69.91680656938567
794815,68.818283834434
794816,69.5002368914977
794817,68.97958107761698
794818,68.28833594778132
794819,68.27094630375004
794820,69.13895599834665
794821,68.5344459966603
794822,64.76302996268814
794824,41.25349458185181
794928,1.1075861263990578
794929,4.929097979558498
794930,17.62607650723478
794931,40.908627324731505
794932,63.00573100060308
794933,71.46873842599155
794934,70.2992869235408
794935,71.26135557590203
794936,72.56456499537062
794937,72.03361757704394
794938,72.35709805220313
794939,71.8398685392907
794940,72.2482431408694
794941,72.00853888417036
794942,69.2621204085933
794943,68.66066348522192
794944,69.78330638921881
794945,69.2885065763524
794946,68.38750313003631
794947,68.04819148832655
794948,68.47280743270906
794949,66.26482390038055
794950,58.95726609986028
795056,0.9383569157895179
795057,4.5568683815217215
795058,15.475878186087163
795059,35.704238663184285
795060,56.971808833171686
795061,67.93772956217487
795062,68.91628620839201
795063,70.90367695658135
795064,71.72561243141155
795065,70.56117760950922
795066,70.29308007402047
795067,70.08791236414498
795068,70.13267478684922
795069,70.19497502888917
795070,68.25167660825512
795071,68.47900068721495
795072,70.24615856630321
795073,70.20372272759198
795074,69.39653582380613
795075,68.82984755798418
795076,68.66656301976242
795077,65.1390986990547
795078,56.00282056548785
795079,46.385904067033316
795185,3.775125384073609
795186,12.3559857924077
795187,28.494517371088715
795188,49.437558227006654
795189,63.73099644192
795190,67.82444272933856
795191,70.44108760265196
795192,70.36954308054828
795193,67.5188349753547
795194,66.56960011573177
795195,66.34438058235946
795196,66.38592778516266
795197,67.1822279811182
795198,66.46043439892912
795199,67.61759165315246
795200,70.19867647108771
795201,70.81660776147679
795202,70.32813311291858
795203,70.04684721995204
795204,69.32229944997391
795205,65.13969703270314
795206,56.01335637366068
795207,47.09542743299617
795313,3.269942097322553
795314,10.273516429191769
795315,23.94043782833371
795316,44.79277341992257
795317,61.67790641070999
795318,66.78442921608939
795319,68.55595506682877
795320,67.73746762836828
795321,63.28491799187204
795322,61.932603651893096
795323,61.93937989069821
795324,62.08453450954795
795325,62.84341425817107
795326,63.5336789170231
795327,65.20160181367962
795328,67.94181361478283
795329,68.56162411929147
795330,68.9841083735427
795331,69.68341217326135
795332,68.69924881925823
795333,63.38486879499698
795442,8.811240044346702
795443,21.078622114908317
795444,41.00870285681451
795445,57.81575524118567
795446,63.18396807493454
795447,64.25259555695175
795448,62.58305893134318
795449,58.436596804123745
795450,57.0487049572728
795451,57.17168584658712
795452,58.04976704108961
795453,59.01177276818165
795454,58.81304349851611
795455,60.23120397901375
795456,63.16895881422373
795457,64.88977603042343
795458,66.40432310979675
795459,68.0526677059669
795460,66.69641829188764
795461,60.7798144819052
795571,17.603357379025677
795572,35.219809103801246
795573,51.06885694804758
795574,57.062373901238104
795575,57.26413770699179
795576,55.38426615848347
795577,53.21601710830146
795578,53.43780126887786
795579,53.066150786451445
795580,54.20464819475293
795581,56.26463736088616
795582,55.83674510494738
795583,56.556066933742926
795584,59.18731441583136
795585,60.62008851645805
795586,62.23463961768435
795587,64.13502215324458
795588,63.00015165928263
795589,56.58227508209759
795700,29.773593945971356
795701,44.129507275286564
795702,51.70959771891232
795703,52.292142739636354
795704,48.966691687187335
795705,47.36878850549587
795706,49.18841077643037
795708,50.4794137923259
795709,52.38706800617096
795710,52.577826307169865
795711,53.81314551352527
795712,55.73637215676751
795713,56.222040725482756
795714,56.75445580628906
795715,57.03691093568323
795716,54.66520282980292
795717,47.9824946267134
795833,41.275219755844944
795836,43.56600475339475
795837,44.08239222532958
795838,46.715946285401245
795839,49.23661287657707
795840,50.85553306877665
795841,50.52889581343495
795968,42.958076305152694
795969,42.176631606697235
809911,35.235262458334255
809914,39.3860938124923
809915,39.02732899761772
809922,34.85583206865427
810038,45.86789139833169
810039,49.24507951314195
810040,50.24456791220807
810041,48.59503919719841
810042,47.41529437047751
810043,46.22322797720907
810044,47.252131180773425
810045,50.2683099134247
810046,51.95075217521432
810047,51.432170534752196
810048,49.311120442881624
810049,45.63998195043254
810050,43.67721142271994
810051,45.70821308041112
810052,53.20925450086217
810053,57.30649778352264
810054,48.666044203185194
810164,36.48291605385129
810165,47.63468982175684
810166,53.36343059150554
810167,57.976796171964594
810168,59.22643130059568
810169,56.8756393154438
810170,55.26186887775086
810171,55.06573605200251
810172,55.42473734982417
810173,56.2178796834474
810174,57.22445927555458
810175,57.26882828476034
810176,55.70756465878329
810177,52.508116299964335
810178,50.785901002429625
810179,53.30769476260207
810180,60.40872198090373
810181,65.19704086858981
810182,59.212430998975016
810290,9.172389362581537
810291,22.946153750388856
810292,40.48718009813297
810293,52.1691264672856
810294,57.67349992428283
810295,63.07993525142402
810296,65.47162161998276
810297,63.62995020702569
810298,62.79599102019498
810299,63.13963209606135
810300,61.991901734530174
810301,60.69803582056495
810302,61.050257285210954
810303,60.97801598832234
810304,60.39144552834612
810305,58.35870169539154
810306,58.43724946733439
810307,60.901323066212726
810308,66.185824270041
810309,69.77378317911185
810310,66.14439718922857
810311,53.06618653028103
810417,2.9207904866087246
810418,10.562813741068089
810419,25.55832002781096
810420,45.22133974097203
810421,57.989975722864656
810422,62.919285439153434
810423,67.45103810980248
810424,70.0001138089362
810425,68.591582070713
810426,68.19541749038662
810427,68.54762071799136
810428,66.9018643720901
810429,65.20182013857317
810430,65.17835631040961
810431,65.45101177419959
810432,64.86575752836566
810433,64.48372045894703
810434,65.25968924851824
810435,67.42302001871145
810436,70.00097359544625
810437,72.26319815445419
810438,70.19910063975345
810439,58.837434649359224
810545,3.474853779360099
810546,11.736135564736804
810547,28.352238689220837
810548,50.59735941404513
810549,64.83059382827332
810550,68.21652043542426
810551,70.9824160297518
810552,72.66288762926297
810553,71.30518333580176
810554,71.25536451586103
810555,72.138432687238
810556,70.94910934853307
810557,70.00322644734204
810558,69.84918764323656
810559,70.00069246766998
810560,69.65771003402071
810561,69.33883986347011
810562,70.0506881508432
810563,71.3425067814989
810564,72.38367788684381
810565,73.85227831256437
810566,72.89488517613279
810567,62.8415852051206
810568,43.466148885362266
810672,0.8528923755980037
810673,3.935547102478981
810674,13.757651570903134
810675,32.61155204644874
810676,55.8779597451086
810677,69.44373701942308
810678,70.885758948617
810679,72.31982287345282
810680,73.46271903179672
810681,72.71024101305711
810682,73.01560335037007
810683,73.23276917480514
810684,72.88395714038768
810685,72.22331646672262
810686,71.96525808699417
810687,72.18858035560277
810688,71.88311359135155
810689,71.13736509232513
810690,71.41445878191793
810691,72.022210594012
810692,72.3881064106214
810693,73.84469341956915
810694,74.06800586287365
810695,64.74893562925824
810696,45.61583490331899
810800,0.9931866761432866
810801,4.852909094146081
810802,17.01235564495044
810803,39.68748029332418
810804,63.002466983544004
810805,72.60054285007264
810806,71.66658889105354
810807,71.92632705804887
810808,73.24373904397295
810809,73.03558956474653
810810,73.19689553917317
810811,72.84572757628004
810812,72.39794523222572
810813,72.69187625066363
810814,72.01922923126908
810815,71.89784658740169
810816,71.85403611766573
810817,71.21774107778623
810818,71.23519626289051
810819,71.1474851526206
810820,71.2471361303671
810821,72.52685392124705
810822,73.81314639143254
810823,65.10199902673905
810824,45.737419000461145
810928,1.0192378948135814
810929,5.052927514452007
810930,18.352850716118187
810931,42.61522066964403
810932,66.427419774844
810933,74.21793005371485
810934,72.01320087672822
810935,71.88700127658306
810936,72.49966426687702
810937,72.08817507757132
810938,71.73017617361015
810939,71.58327670408501
810940,72.15010444478769
810941,72.67538302738491
810942,71.84549282636775
810943,71.23442484505564
810944,71.0453368650618
810945,70.9088674218055
810946,71.08889967013825
810947,70.74895540732376
810948,70.9261408358963
810949,71.89018699533759
810950,72.8243901944717
810951,65.30093866949039
810952,46.57864729659386
811056,0.9857572427487765
811057,5.191971017595121
811058,18.615717458529495
811059,42.92093465124119
811060,66.59219516426064
811061,74.20390989940366
811062,71.70887029189059
811063,71.96957336161508
811064,73.34309418994285
811065,72.35662350327863
811066,72.33152797018026
811067,71.89871349420734
811068,72.78993863207396
811069,72.87473807184381
811070,71.48624281285227
811071,70.16849077674946
811072,70.32518372784928
811073,70.11950199339564
811074,70.36772614482345
811075,70.31304934533003
811076,70.6660157612253
811077,70.92455169739529
811078,70.93581625507258
811079,63.95269806530786
811080,47.237260297502814
811184,0.9568651135990238
811185,5.196562604818159
811186,18.608204981020787
811187,42.77366216032966
811188,66.01075162207583
811189,73.30079166717091
811190,71.3575878696401
811191,72.26439139815422
811192,73.44930737554785
811193,72.62544587953582
811194,72.69032850453964
811195,72.6072632216292
811196,73.27861653042767
811197,73.56017450344552
811198,71.37270158753711
811199,70.04708078502979
811200,69.90924999740088
811201,69.47927175337124
811202,69.22209303891813
811203,69.51274448912491
811204,69.83742398474057
811205,68.778624046684
811206,66.2639630213426
811207,58.93429402238771
811208,44.49376334647644
811312,1.0414794999876524
811313,5.165120487810514
811314,17.86998621011637
811315,41.01868920989303
811316,63.73599144820637
811317,72.39449098134514
811318,71.41910361303889
811319,71.95421619029437
811320,73.54377360270789
811321,72.55929837690304
811322,73.17390159608858
811323,73.39443171280746
811324,73.47497600615458
811325,73.48947561708225
811326,71.07622079884571
811327,70.34382189700105
811328,70.92230376671708
811329,70.17719261430412
811330,69.35056564860454
811331,69.25934222900054
811332,69.20220523834661
811333,66.5627328381239
811334,60.677558995664796
811335,52.092787544735494
811440,1.0394803577260254
811441,4.72092341901322
811442,16.127070194960076
811443,36.651614801205625
811444,58.86861772068824
811445,69.9535270429859
811446,71.03295734970067
811447,72.23878692071834
811448,73.5024401922574
811449,72.14929393391833
811450,72.85679466117425
811451,73.00896209966562
811452,72.76730330401953
811453,72.42359766356401
811454,70.81256856351298
811455,70.69724188948024
811456,71.98323478130222
811457,71.52701686746131
811458,70.87879599043104
811459,70.01455465977025
811460,69.27934289699049
811461,65.54849940078772
811462,57.48033589101879
811463,49.38364815345189
811464,39.40223247904809
811569,4.197388904938571
811570,13.013868517427364
811571,29.98103630770261
811572,52.499837062581754
811573,67.55611487953108
811574,70.79550577261499
811575,72.68741737133118
811576,72.44133713565951
811577,70.0006142853478
811578,69.75121246616088
811579,70.00115106703538
811580,70.0021988219679
811581,70.00127823308227
811582,69.2715481666578
811583,70.5491272256337
811584,72.6328246922148
811585,72.76972123199128
811586,72.04244601811169
811587,71.10411427692826
811588,69.78513989164279
811589,64.9738281049038
811590,56.84393448485721
811591,49.28802651476217
811697,3.6766275917443987
811698,10.8463487451063
811699,25.119436829711443
811700,47.124853915220044
811701,64.50422425338985
811702,70.00218217010124
811703,71.71366469123832
811704,70.00004545357054
811705,65.5902880954709
811706,63.83510203257543
811707,64.10218011915799
811708,64.20548989570611
811709,64.806476754042
811710,66.10876557959618
811711,68.40446708278871
811712,71.67283231645926
811713,71.95583002524144
811714,72.03141404880243
811715,71.5888184690471
811716,69.68556985050809
811717,64.09437405331462
811718,54.97949935761649
811826,9.596984860211276
811827,21.66292924097721
811828,41.97111953644986
811829,59.87367717455555
811830,66.26780105996542
811831,67.67130645060746
811832,65.69334372622953
811833,60.330985417179676
811834,58.011363882330826
811835,57.514038816022854
811836,58.297744525770206
811837,60.1460925944844
811838,61.60645710235441
811839,64.39162233285305
811840,68.62443766146401
811841,70.00110748281406
811842,70.89194973683999
811843,70.82807190208561
811844,69.14433561842566
811845,63.02341288542763
811846,52.821297429425044
811954,8.82349862612883
811955,19.137088406812914
811956,36.28817051702584
811957,52.819371325416014
811958,59.501587606796754
811959,60.77940620121437
811960,57.79713061755925
811961,54.298891712716255
811962,53.57481605058202
811963,53.409475426674625
811964,54.338562171309626
811965,56.82156268578877
811966,57.68425644927952
811967,59.53509094764718
811968,63.392670658349
811969,65.98212479321803
811970,67.33503423701816
811971,67.59620602397038
811972,65.78337935537294
811973,59.77636931893886
811974,48.88801637845145
812083,17.189973711380198
812084,31.55488381861186
812085,46.46443663165905
812086,54.17212809352228
812087,54.912796926159295
812088,51.15593511154031
812089,48.488835109555616
812090,49.928244009256325
812091,50.544154277393595
812092,51.00125236559514
812093,53.206771805282585
812094,53.93559878837288
812095,55.815764215912786
812096,58.96888570934765
812097,60.98588570249545
812098,62.03873350952595
812099,61.804685022201845
812100,59.42485151492471
812101,52.961559507605855
812214,52.636469961607105
812215,52.62277715320679
812216,46.89566398418534
812217,43.093136347137005
812220,45.65815151064987
812221,46.703528229958515
812222,49.408651613091244
812223,51.812153646746516
812224,54.203627281215496
812225,55.21939656559949
812226,55.17225062669128
812227,53.110904142627824
812228,48.67494804122619
812348,41.321446757365656
812350,44.31733971154298
812351,46.33197313285335
812352,47.008046151902214
812353,47.272194718278136
826178,30.25769936492927
826294,32.97359338866695
826295,34.701408637959176
826297,39.87781490217706
826298,41.33010719949631
826299,40.6391494888203
826303,43.86581137065688
826304,41.33065758199387
826305,39.21712252435764
826306,38.7841037982415
826307,41.29055316272851
826309,50.18485527013074
826310,40.86922437258228
826421,39.962845742404504
826422,45.50937347034329
826423,50.24862706008744
826424,52.07110583348855
826425,50.99083079718437
826426,49.80115673113889
826427,48.3199219922674
826428,49.09500322435214
826429,51.687302816009776
826430,52.87948110962048
826431,53.28457820875341
826432,51.6491743149193
826433,48.95489098160298
826434,48.53911737324281
826435,51.63288095811024
826436,58.05922129871993
826437,60.80571770854575
826438,51.98187496891128
826548,34.87905292378403
826549,47.30733690729022
826550,53.76016243578392
826551,59.41399706358257
826552,61.16923293603959
826553,58.357006094328874
826554,57.23462781535934
826555,57.89982522493121
826556,57.10451840697872
826557,57.6224426293382
826558,58.354088426524015
826559,58.92636637140742
826560,58.32288620076774
826561,57.29317114863235
826562,57.19995672760203
826563,59.98703613915914
826564,65.2295045302206
826565,68.71154101550346
826566,63.03451474386038
826567,48.31643864287054
826674,8.372021079584606
826675,21.111695424788554
826676,38.964664296161324
826677,52.35507679758673
826678,59.16412189110772
826679,64.80848960443672
826680,66.79387498729491
826681,64.74852900766649
826682,64.35700179566702
826683,65.19481649624939
826684,63.93520507245741
826685,62.437183246479954
826686,62.74075067588218
826687,63.53787637143574
826688,63.30865439216839
826689,63.47284792407547
826690,64.46869870999348
826691,66.88063017444968
826692,70.07283533472099
826693,72.36304303428251
826694,70.00041733350379
826695,57.60044114301663
826801,2.494785425964234
826802,9.041389154169831
826803,23.02717433949773
826804,43.70949286078891
826805,58.70248830213763
826806,65.14526483682924
826807,69.89717317268344
826808,71.13301324669673
826809,69.69520199784085
826810,69.38972901176244
826811,70.00065924006852
826812,69.06866684212069
826813,67.78725984759664
826814,67.67322092352396
826815,68.75957478414573
826816,68.82904612939097
826817,69.18110743566106
826818,70.00139928734747
826819,71.13878427032977
826820,72.58805452207403
826821,73.83020067523861
826822,72.98915401742461
826823,62.35714719716285
826824,42.150631090627215
826929,2.688893970225848
826930,9.73664342432466
826931,25.503569663391037
826932,49.06432420908319
826933,65.61956790088126
826934,70.0004984768485
826935,72.2137203766181
826936,73.27278774758001
826937,72.0756169257014
826938,72.23532527010744
826939,72.97409229416412
826940,71.91787495904458
826941,71.45916766582373
826942,71.4333527758705
826943,71.54821755687044
826944,71.59866756138885
826945,71.80524101834634
826946,72.5091035210613
826947,72.73582171747965
826948,72.52078276767999
826949,73.74768373361175
826950,73.65713721887802
826951,64.34206180287681
826952,44.89271758032842
827056,0.6174677648322188
827057,3.2432023692890213
827058,11.749593557762323
827059,30.176651921187815
827060,55.250758666295056
827061,70.13368375588806
827062,71.62381355040253
827063,72.28533609344676
827064,73.59625188935495
827065,73.34828429498785
827066,73.39840814091374
827067,73.30937466818595
827068,72.95853041628989
827069,72.61767447485921
827070,72.21292859087448
827071,72.28595679699936
827072,72.11062396808684
827073,72.3270641797093
827074,72.53351119249376
827075,72.4610810766733
827076,71.8832790390058
827077,72.48676630544314
827078,73.50896780153003
827079,65.12581540853782
827080,46.67436455604231
827184,0.7299869205991162
827185,4.262277874055664
827186,16.020092306339617
827187,38.899455484506134
827188,62.9918405851848
827189,73.18229595975535
827190,71.55048030014825
827191,71.4630245660109
827192,72.74184580316798
827193,72.48436797882925
827194,72.79169927511141
827195,72.35049574390767
827196,72.09731578943055
827197,72.47647113003559
827198,71.8791877760101
827199,71.47860620773001
827200,71.7490587886058
827201,72.06248960465246
827202,72.09562922796374
827203,70.96203592792952
827204,70.37622851050418
827205,71.20638227356734
827206,72.16976570722464
827207,64.6811428209321
827208,46.896799705384126
827312,0.9887059315151565
827313,5.0130461335173875
827314,17.969078872103136
827315,42.53177252521302
827316,66.24065189047226
827317,74.20652409412214
827318,71.56895046927565
827319,71.30884990223227
827320,72.00148752190505
827321,71.18348037035197
827322,71.35954000573858
827323,71.59260977136924
827324,72.30850391838939
827325,72.6844893971639
827326,71.82595011345708
827327,71.00324200688141
827328,70.85494058922514
827329,71.28446183522591
827330,71.80366429301519
827331,71.26736179430877
827332,70.18591816931205
827333,70.82635578754125
827334,71.48550376310423
827335,64.81554413051884
827336,48.32078820221651
827440,0.973887375864428
827441,5.139733596381787
827442,18.003723840368536
827443,41.99786225597165
827444,65.8190704338315
827445,73.40660418386197
827446,70.99687784158145
827447,71.07628539289712
827448,71.94222100660457
827449,71.49260409069583
827450,71.32380972505169
827451,71.89796804290731
827452,73.02439517941099
827453,73.33431855216622
827454,72.17552504614795
827455,70.76814072029264
827456,70.4016635332296
827457,70.64278369735447
827458,71.07304197364043
827459,70.98043092476482
827460,70.65589992003137
827461,70.31648693491962
827462,69.90783805481041
827463,63.740858072907955
827464,49.53022021199319
827568,0.9511767364432414
827569,5.0578153400315555
827570,17.918312562608477
827571,41.27931970412735
827572,64.64818106525946
827573,72.46804613146256
827574,70.85415793416058
827575,71.31249799354421
827576,72.75103369035811
827577,72.2107873898206
827578,72.48497861494775
827579,72.59308657953693
827580,72.98941972597117
827581,73.75108419169925
827582,72.24987550735887
827583,70.90601423045406
827584,70.78269771499963
827585,70.23187587573443
827586,70.5996195801184
827587,70.8223830090183
827588,70.51769716063447
827589,68.7464247395948
827590,66.05696971793444
827591,59.929337800946016
827592,47.49688528836439
827696,1.0582015570057908
827697,4.984004058912623
827698,17.471813209106344
827699,40.441831360526606
827700,63.81775747498303
827701,72.58780135039477
827702,71.30836340838712
827703,72.02002299163361
827704,73.60648346822543
827705,72.73138563761006
827706,73.35800819095681
827707,73.16935086631675
827708,73.2571443363234
827709,73.48869501846501
827710,72.15010843789112
827711,71.58823049123991
827712,71.76564997506243
827713,71.20817345673163
827714,70.71424095877855
827715,70.67026782373333
827716,69.91567595480716
827717,67.11658886346446
827718,61.67713934004479
827719,54.72556238757998
827720,44.06755749816379
827824,1.0585835719698888
827825,4.803046598452285
827826,16.445121987566342
827827,38.07850349328809
827828,61.96787497617714
827829,72.84693716277319
827830,72.22717793891891
827831,73.0139747236446
827832,73.8731850252271
827833,72.85814043191151
827834,73.57580696509146
827835,74.04408510709398
827836,73.79273178080082
827837,73.51202843862515
827838,72.14156747169326
827839,72.10471928830461
827840,72.77961215626605
827841,72.16995020478635
827842,71.6875614795429
827843,71.10544774760231
827844,70.00894435371696
827845,65.8937516024771
827846,59.458310581524884
827847,52.84179866026993
827848,43.1781838284024
827952,0.9274979827398536
827953,4.1789662775013285
827954,13.6018672723804
827955,31.603189731591407
827956,55.92182931019578
827957,71.06769623788084
827958,72.85270657452762
827959,73.44219092113089
827960,73.33162862106923
827961,71.30299835269528
827962,71.86680154953649
827963,72.85742209563358
827964,72.07341988820725
827965,72.04317381435945
827966,71.10695472208268
827967,71.87637335651328
827968,73.24488210456127
827969,73.41977108051269
827970,72.75520782493722
827971,72.15540333256823
827972,70.15436069145635
827973,65.15265907499958
827974,58.36119056481194
827975,52.46562003340827
827976,45.28007376357546
828081,3.764388044101389
828082,11.30237314234994
828083,26.126354307247784
828084,49.52302461912132
828085,67.85888306306636
828086,72.44403708782804
828087,72.92077888739153
828088,71.64885767469877
828089,68.22013560955989
828090,67.11249179883661
828091,67.6396785294711
828092,67.35979773691629
828093,67.65321526783406
828094,67.9758912412013
828095,70.00151012018738
828096,72.97783382544208
828097,73.38671208184341
828098,73.02307810980314
828099,72.73694266505431
828100,70.60087526899319
828101,64.57240926957206
828102,56.01533552163503
828209,3.5830392891431235
828210,10.071417442564508
828211,22.684888321229256
828212,43.85089118371699
828213,62.36521031750503
828214,68.66664605135296
828215,70.00000238575528
828216,67.48231824333509
828217,62.36407840585546
828218,59.94050577803134
828219,59.638838263553204
828220,60.193842628498814
828221,61.987932236666985
828222,64.38937851827504
828223,67.72037442799676
828224,71.73240268106616
828225,72.64311856903699
828226,72.8623362984034
828227,72.45918832011759
828228,70.0037651432043
828229,63.84732557184344
828230,53.68628477746986
828338,9.469979302191867
828339,20.364150023009046
828340,38.445727201741654
828341,55.32199937223136
828342,62.48186005349381
828343,64.09084425210833
828344,60.917156520218555
828345,56.121599975306
828346,55.032390858116415
828347,54.55813227048972
828348,55.42818499143237
828349,58.27261251065136
828350,60.674187921600755
828351,64.10642329085414
828352,68.28157192784394
828353,70.00086735639111
828354,70.60118788303427
828355,70.26556866867959
828356,68.08266211990963
828357,61.466945439637904
828358,50.37997722308233
828466,8.7592446651699
828467,18.30763010764035
828468,33.04730789594819
828469,48.60248780004309
828470,56.94698471265189
828471,58.066432970758214
828472,53.999299633296694
828473,50.719889492001975
828474,51.04423326421548
828475,51.289395876527635
828476,52.047499049855496
828477,54.56019050694044
828478,56.770217109196516
828479,59.37078460520777
828480,63.00886559533858
828481,65.79389223665719
828482,67.2604998059636
828483,66.21568012356306
828484,63.4649016516931
828485,56.51674245533399
828486,46.21948120894908
828596,31.011981172975563
828597,46.181422608283285
828598,54.58791942476172
828599,54.97383341040319
828600,49.873407480977775
828601,45.30923632218277
828602,45.88405981319186
828603,47.368416413834666
828604,47.08156081358843
828605,48.51175153674544
828606,52.01380991607455
828607,54.96793208057933
828608,57.964173583331686
828609,60.36487737745124
828610,61.07756562120311
828611,59.01612654654294
828612,54.5499567610403
828729,42.40417645717157
828732,43.923257293571616
828733,44.473928046053345
828734,47.69156521215125
828735,49.80413335580784
828736,50.93973715828082
828737,51.741020055480625
828739,48.76014029368811
828862,43.45594442378121
828863,43.653717406199306
828864,42.32269892105969
828865,41.54975108831624
842550,25.69129871857058
842554,35.83479890375953
842555,36.4172465538977
842560,35.129802739040855
842561,33.90497093871118
842562,34.41145712368288
842678,33.1224865443438
842679,35.13343104370209
842680,39.80957424748433
842681,42.984292076888465
842682,44.1480260190927
842683,43.41731516361795
842685,46.271866170307376
842686,46.49089987022812
842687,45.75889379305513
842688,44.2692540038108
842689,43.397119589198326
842690,44.43861645470826
842691,47.861582795341334
842692,53.98511210072841
842693,55.6533704625573
842694,46.07071900221316
842805,38.89908015628056
842806,44.28740544721796
842807,49.96504833845023
842808,53.57268602022057
842809,53.41764771555531
842810,52.23420304538238
842811,51.24017156167388
842812,51.67797236247667
842813,53.4658698528548
842814,54.516956290263145
842815,55.28533606135651
842816,54.83709373122383
842817,54.872890469292656
842818,55.8203487703758
842819,58.797321140864476
842820,63.92471230596885
842821,65.80990490813484
842822,57.403119336196156
842932,32.58289319748374
842933,44.17739383459737
842934,51.88492575385299
842935,58.873676054626515
842936,61.14091261856535
842937,59.63913131903576
842938,59.00616973482682
842939,59.6994664894912
842940,58.68816451659653
842941,58.960331341122306
842942,60.038189674562936
842943,61.066930188567305
842944,61.936535731578445
842945,62.63039266038196
842946,63.80956563637397
842947,65.93926666486355
842948,69.27117396935401
842949,71.07699768007161
842950,67.05116293066521
842951,53.79164285263209
843058,7.4174727593288985
843059,18.724208505137995
843060,36.08566802183906
843061,50.0009587931059
843062,58.055891215669234
843063,64.49309012399848
843064,66.33405376022489
843065,65.19840561339697
843066,64.70491429964892
843067,65.97550787477675
843068,65.1973485294371
843069,64.55990163881113
843070,65.04267976187312
843071,66.26883325531291
843072,67.10291688676944
843073,67.6133342150046
843074,68.75185110301926
843075,69.72744094259575
843076,71.64000062828364
843077,73.67416254448207
843078,72.21337988692453
843079,61.04083829643882
843185,2.091677126966339
843186,7.3412346005054765
843187,20.068843181900366
843188,40.576363105843555
843189,57.56198022742224
843190,65.12796005421151
843191,70.00008904094877
843192,71.54426758317743
843193,69.94247529147502
843194,69.82829169024
843195,70.32640101114755
843196,70.00073647322046
843197,69.17686468570278
843198,69.52460184122204
843199,70.15272172389425
843200,70.70587440307479
843201,71.35040796703673
843202,71.8055826908918
843203,72.28836011222946
843204,72.62858797600668
843205,73.49433352522034
843206,73.44963869448917
843207,63.61007217042514
843208,43.6352491668953
843313,2.2120891642168776
843314,8.04442327060123
843315,22.95191993919742
843316,47.0205234973163
843317,65.19056065402198
843318,71.12162266596377
843319,73.31516175842302
843320,73.73620773052521
843321,73.03478007516296
843322,72.88949386431206
843323,73.20109324361749
843324,72.72784408613552
843325,72.15676233834184
843326,72.07764962380863
843327,72.10209276030808
843328,71.97447483353892
843329,72.60630785263963
843330,73.34529129858723
843331,72.79806321620242
843332,71.83044165646957
843333,72.42767365227014
843334,73.11755182531351
843335,64.51931029117284
843336,44.67368042452743
843440,0.6319904907902198
843441,3.012591338754436
843442,10.962759248057354
843443,28.893401507330736
843444,54.63428162619908
843445,70.3775212614501
843446,72.58665726422494
843447,72.99342669408531
843448,73.5045958402436
843449,73.38414146441299
843450,73.44274417846562
843451,73.5099179166074
843452,73.20829407885113
843453,72.62524192912579
843454,71.98206170068708
843455,71.96335932044924
843456,72.42621459042014
843457,72.69537379144487
843458,72.88893244835543
843459,72.37921326883136
843460,70.85713357663417
843461,71.1305927758654
843462,72.26386167020627
843463,64.41685636009338
843464,46.35241224987381
843568,0.8516453796317439
843569,4.222391308392715
843570,15.8459905766137
843571,38.638608645316744
843572,63.00075646371972
843573,73.54606146485783
843574,72.1584015591246
843575,71.91318371760539
843576,72.65446996124699
843577,72.03950280316096
843578,72.64679367412992
843579,72.27727932177878
843580,72.19601702225967
843581,72.50231861385369
843582,71.64295085290438
843583,71.70359784190373
843584,71.73236645020074
843585,72.12185932238434
843586,72.00757978427514
843587,71.3726622322763
843588,70.20765535484107
843589,70.14641226408287
843590,70.97485086645673
843591,64.38557266150812
843592,47.847695381371224
843696,0.9274567049438497
843697,4.71757766148425
843698,17.280189078078966
843699,41.35689495435221
843700,65.57403913838232
843701,73.85579915115223
843702,71.48376985476645
843703,70.8537754582815
843704,72.11095691703996
843705,70.90639279343742
843706,72.07383868522783
843707,72.23399183963917
843708,72.69961276042517
843709,72.84909501795525
843710,72.01397681762879
843711,71.1424187064795
843712,71.32625582404904
843713,71.79427879845764
843714,71.82581409295577
843715,70.82764122340242
843716,70.31507011957201
843717,70.31290726406701
843718,70.8732034452456
843719,64.8507164118458
843720,51.11789592524563
843824,0.9172955054168543
843825,4.584300166496378
843826,16.640341800722272
843827,39.919018194940314
843828,63.76520036765005
843829,72.39643263730947
843830,70.69846628224002
843831,70.59201817587685
843832,71.66330439359179
843833,71.10315615895075
843834,71.59414716596805
843835,72.30094060139037
843836,73.2386038861538
843837,73.4761228834288
843838,72.4496118889237
843839,71.12197375216198
843840,70.95634914036287
843841,70.83584385019574
843842,71.28248419150991
843843,71.35938926687459
843844,71.05284075906677
843845,69.89941345627568
843846,69.32550080888083
843847,64.86557312159756
843848,53.35743828961857
843952,0.818533053268642
843953,4.480014489444128
843954,16.15040553554329
843955,38.98168594744247
843956,62.99927805699428
843957,71.9744028894023
843958,70.33042462607214
843959,70.73841140769983
843960,71.95620461608259
843961,71.48952139956003
843962,71.89947652434023
843963,71.9460658046712
843964,72.09056694632912
843965,73.22588395437137
843966,72.05664143758379
843967,71.0357451048443
843968,70.86187456808486
843969,70.59928453509528
843970,70.9912755470072
843971,71.39926617789851
843972,70.72709034384926
843973,68.61057280767737
843974,66.16254259250832
843975,61.469887075810036
843976,51.92873537742529
844080,0.9141388016816527
844081,4.699590086444638
844082,16.55504602758774
844083,39.54444317804483
844084,64.03528591052718
844085,73.17403386945617
844086,71.26579567232959
844087,71.4741916509409
844088,72.54668243419734
844089,72.41029974313393
844090,72.971724998802
844091,72.37526113246554
844092,72.4480701009938
844093,72.51732409028875
844094,71.78761192793424
844095,71.45116183736631
844096,71.57936633160729
844097,71.3755100350705
844098,71.13738958469499
844099,71.51277771082523
844100,70.77443054689468
844101,67.46239212413391
844102,62.673015317306685
844103,57.261663431601015
844104,48.78422193921453
844208,1.033373180682326
844209,4.472562635204158
844210,15.643168748138182
844211,37.76956596647325
844212,62.99693996102072
844213,74.01185852011997
844214,72.76931294372662
844215,72.7084099924526
844216,73.48442374145193
844217,73.07528011968195
844218,73.50973267318528
844219,73.56018278582866
844220,72.96021407009806
844221,72.91768195107097
844222,71.9250927023482
844223,71.72274381978922
844224,72.46399741599744
844225,72.25788315647019
844226,71.81690756166984
844227,72.02193776639668
844228,70.93606195378767
844229,66.82384265155059
844230,61.386660719986104
844231,56.000401667485676
844232,48.0646269356562
844336,0.8066408193500302
844337,3.7067936702168804
844338,12.779683288043461
844339,31.54365531693415
844340,57.32715908412709
844341,72.62483152339416
844342,73.91839967577316
844343,73.57876077800242
844344,73.53807673330552
844345,72.66982515971036
844346,73.2694234116518
844347,73.64973894347412
844348,73.00128170338714
844349,72.65781146765124
844350,71.70413944015208
844351,72.08081828826265
844352,73.24419726972512
844353,72.88688620058717
844354,72.6916260081012
844355,71.97625226100381
844356,70.28070084671873
844357,66.1795401209812
844358,60.55886005617149
844359,56.00092020016713
844360,49.3039966828658
844465,3.3564949454339144
844466,10.579473230954312
844467,26.8893851996562
844468,52.055477642773646
844469,70.00010935206122
844470,73.50130143817594
844471,73.40420377555783
844472,72.17278430400204
844473,69.98151397279202
844474,69.99995261594303
844475,70.0022076494443
844476,70.00124474629949
844477,70.2122728100678
844478,70.09819090149175
844479,71.16084449673673
844480,73.41080899063003
844481,73.50380237686332
844482,73.13260099203549
844483,72.73215787761265
844484,70.57365524952118
844485,65.36732620574985
844486,58.56257062255961
844593,3.153422529496532
844594,9.693847837126688
844595,23.710075837057456
844596,47.11811562845674
844597,65.70689778255904
844598,70.8185224063383
844599,70.96506567496597
844600,69.15427187925602
844601,65.7274434988389
844602,64.62855280320576
844603,63.90111206706268
844604,64.5018054228182
844605,66.34358954995774
844606,67.98708936496045
844607,70.22722899773184
844608,73.1243710082099
844609,73.36801156222211
844610,73.35501229063429
844611,73.04700754061686
844612,70.57667328471906
844613,64.55308531573972
844614,55.86679440453207
844721,3.1430292768009704
844722,9.107318187550515
844723,20.972038679915592
844724,40.98780227835459
844725,58.47832499760273
844726,64.97233645493915
844727,66.03808838811669
844728,63.49091558116226
844729,59.42620301580553
844730,58.313469442230485
844731,57.41996251098681
844732,58.35775009263931
844733,61.70404019038606
844734,64.9210286891853
844735,67.98805075646418
844736,70.97465319159431
844737,71.93439834132496
844738,72.25885862505363
844739,71.64616285880652
844740,69.13381063139757
844741,63.00357953032945
844742,53.196312782732164
844850,8.656454699490771
844851,18.763211067437894
844852,34.623914710851885
844853,50.64898217973012
844854,59.50857965331763
844855,61.12383980010418
844856,57.23224796674152
844857,53.85609944087984
844858,53.676949080438916
844859,52.95456753845496
844860,54.01033931232513
844861,57.44524490851364
844862,61.059810064761834
844863,64.30966592268517
844864,67.54558629799708
844865,69.24202282272906
844866,70.24442388043057
844867,69.45759334550311
844868,66.57405027410927
844869,59.76563941043138
844870,49.34662937052832
844979,17.702700496336593
844980,32.11263046460722
844981,47.673228648703855
844982,56.585684311630416
844983,57.87684055692658
844984,53.095445080621225
844985,48.3706831553212
844986,48.40049667548479
844987,49.078746692875185
844988,48.75002631133998
844989,50.65998197599662
844990,54.98786749231016
844991,58.87317849963479
844992,62.460612922263
844993,65.18716895053966
844994,66.1733416673309
844995,64.31116597703577
844996,59.92468211024168
845113,45.959533308435624
845114,45.937840954960905
845115,46.905413228039066
845116,46.19838831691436
845117,46.67367381742835
845118,50.45705858816869
845119,53.19326954952613
845120,55.319790184861745
845121,57.59917134207304
845122,57.57077917851865
845123,54.720828133017484
845241,42.6085042312607
845244,44.06031454255869
845245,44.38027322044712
845246,46.54550011866949
845247,47.07594624255898
845248,46.816566806069524
845249,46.791738852017914
858810,32.1462795117663
858817,30.394215111374542
858818,31.721547829752875
858934,27.00674842537858
858935,27.42117849281966
858937,36.57993868854279
858938,39.12328513834523
858939,39.27989520146753
858942,40.91423652658079
858943,39.075000680038904
858944,37.86898731141531
858945,38.54579774075936
858946,41.08352432824972
858947,45.13051134903186
858948,50.805261987295424
858949,51.216777704469614
858950,40.84476442820969
859062,33.11181164145617
859063,37.1091077286271
859064,42.95885280228321
859065,46.42963487084645
859066,47.62414119846632
859067,46.919826796997356
859068,47.030292333979446
859069,48.115732683802825
859070,48.32521575977171
859071,47.83849576050017
859072,47.45245877434277
859073,48.93857919836484
859074,51.691921745981816
859075,55.8767027298508
859076,61.15847625524294
859077,62.59723669301622
859078,52.51287217457179
859189,37.02723659329135
859190,42.36104273182918
859191,49.174129844342445
859192,54.5745426555721
859193,55.30351137695856
859194,54.61443553895984
859195,53.85562823503891
859196,53.9956299273105
859197,55.603269061196286
859198,56.82824105906487
859199,57.51532786903135
859200,58.249308668477646
859201,59.51841022858595
859202,61.70873349705917
859203,64.66921654401561
859204,68.68419559810715
859205,70.0007237610552
859206,63.00108595451903
859207,48.8177523157798
859316,29.857532602018047
859317,40.59485924158361
859318,49.150109108607914
859319,56.93280775750684
859320,60.7412948969089
859321,60.00678949906802
859322,59.38599420378644
859323,60.50832559819045
859324,60.773412644436505
859325,61.097064039595416
859326,62.360634829246955
859327,63.89292481774473
859328,65.17236836865955
859329,66.2701277896587
859330,67.52235986742197
859331,69.11789409878922
859332,71.18086210318842
859333,73.02712065084896
859334,70.88926309966175
859335,59.501374957327364
859442,6.9724594316195345
859443,17.37198764066509
859444,32.70939502857747
859445,45.84854244940619
859446,55.49541062189092
859447,62.50931859608201
859448,65.70005119291648
859449,65.41419144208291
859450,64.86351772155537
859451,65.73458577309509
859452,65.8334038340979
859453,65.80120212452684
859454,66.61093065031028
859455,68.0002462914478
859456,69.14321459910013
859457,69.76264856915448
859458,71.11701678679354
859459,71.1980748867701
859460,71.54530320649319
859461,72.8172116368763
859462,73.4664202763849
859463,64.18267377416333
859464,44.137311941713634
859570,7.484067779656082
859571,19.608594334102634
859572,38.60874619820624
859573,54.660567410444784
859574,63.120043197294876
859575,68.34055876842305
859576,70.70969641804226
859577,70.32582031776026
859578,70.00117211374729
859579,70.41831217873555
859580,70.07553047233662
859581,70.00132016544997
859582,70.39442393839762
859583,70.69675939600404
859584,71.16390096668674
859585,71.71251473918079
859586,72.16838267730937
859587,72.31310315273063
859588,71.49462588639308
859589,72.07166389490412
859590,73.36664144954756
859591,64.64918047778735
859592,45.3082110543995
859697,2.568634622069645
859698,8.86110963320127
859699,23.49061969084504
859700,45.70653972568328
859701,63.344071160259276
859702,70.00020211879439
859703,72.53119850757133
859704,73.38081485213003
859705,73.13771397104253
859706,73.0310786161796
859707,72.85156117442082
859708,72.45658389403513
859709,72.08142704751496
859710,72.07432832333731
859711,72.30225279454615
859712,72.52574230447384
859713,72.71084851346818
859714,73.5003303661241
859715,72.95402802771324
859716,70.88502276076541
859717,71.04808135914577
859718,72.51357248330505
859719,64.76636510578216
859720,45.904324919428646
859824,0.7243534461137275
859825,3.4607304329273534
859826,12.305365873729382
859827,29.96868770698028
859828,54.33993635857426
859829,70.00012761596386
859830,72.86710816147038
859831,73.37382927823367
859832,73.87249987697983
859833,74.02066160658796
859834,73.71166285859898
859835,73.75526203745132
859836,73.384581288016
859837,73.0193651081011
859838,72.19751259816213
859839,72.18830252114806
859840,72.58781682007167
859841,72.77238064095036
859842,73.26754267721681
859843,72.21152813536179
859844,70.51537963168339
859845,70.5500219392618
859846,71.8067030712698
859847,65.05932156136652
859848,47.884884891608515
859952,1.0036950031480363
859953,4.715313583288638
859954,16.762596666667775
859955,39.541642078059
859956,62.9972140345579
859957,73.50565172922667
859958,72.79736936878764
859959,72.09852837220312
859960,73.19047782760339
859961,72.48693186521895
859962,73.36057199734749
859963,73.51231463350761
859964,73.43834135446379
859965,73.2497355528071
859966,72.84160482208821
859967,72.26739353671977
859968,72.79195424383767
859969,72.44219204356544
859970,71.83088896116998
859971,71.40329423217818
859972,70.06309843664754
859973,70.50418208036292
859974,71.49511823066611
859975,65.79249916938282
859976,51.297767245544286
860080,1.1100102484401915
860081,5.007305939524544
860082,17.818001074948878
860083,41.198683625297065
860084,64.88750157981359
860085,73.77690122919877
860086,71.55533101865403
860087,71.13663365076926
860088,71.92265581605879
860089,71.82180914564438
860090,72.70096236265529
860091,72.92840902431452
860092,72.9810921063631
860093,72.95739110266737
860094,72.4278240847528
860095,71.96818442705975
860096,71.45852785667988
860097,71.4418971028659
860098,71.44141745642524
860099,70.62791416971933
860100,70.23991785239537
860101,70.46906271585463
860102,71.53017468025998
860103,67.73761664584056
860104,56.48410460723776
860208,0.9504880106899707
860209,4.594404046645735
860210,16.413020149164954
860211,38.98362525294005
860212,63.30853334051228
860213,72.34088631711629
860214,70.8614344353509
860215,70.68821417855104
860216,71.75115293212967
860217,71.56022564525593
860218,72.25704252251744
860219,72.25497241347904
860220,72.54694243483705
860221,72.7442656439554
860222,72.0832071500511
860223,71.3696686155691
860224,70.9148690450451
860225,70.6054552894514
860226,71.05892121003751
860227,71.22188175007324
860228,70.68347434410116
860229,70.00215391474926
860230,70.2883145426067
860231,68.07918556946925
860232,60.25901044665843
860336,0.9175237602893316
860337,4.735764081260691
860338,16.34224668563571
860339,39.20376969204919
860340,63.330331088554644
860341,72.77718956993935
860342,70.55915610797717
860343,70.00298322139562
860344,71.19272053336496
860345,71.58367191294231
860346,71.93877007951235
860347,71.33980361502931
860348,71.43845027570323
860349,72.00067962310992
860350,71.66301276523798
860351,71.15834647202637
860352,70.70769347045845
860353,70.18268183955185
860354,70.72635611134983
860355,71.47076927098988
860356,70.6912979994689
860357,68.96000779267084
860358,67.15427936588034
860359,64.7793591024616
860360,58.17213113931398
860464,0.9790209905281092
860465,4.86542591958736
860466,16.7572563967551
860467,39.983595547944475
860468,64.80226917859852
860469,74.35190046664863
860470,71.87615995896478
860471,70.85284089202312
860472,72.21642646295054
860473,72.38964245092662
860474,72.63930273142506
860475,71.69354232212692
860476,71.33665227744899
860477,71.9541781668743
860478,71.38778758062524
860479,70.71038282082307
860480,71.35052887789563
860481,71.04649305322019
860482,71.35385259806645
860483,71.88511060860861
860484,71.01258376512659
860485,68.5782211821401
860486,64.29599387964595
860487,60.615762679449354
860488,53.53073376059872
860592,0.8799252049943285
860593,4.135737113057975
860594,15.370247392464247
860595,37.46386570993436
860596,62.9924724590753
860597,74.08592271702123
860598,72.67021793465213
860599,72.08391295914281
860600,73.21170099255228
860601,73.3259468185992
860602,73.50432468181604
860603,72.43373703004168
860604,71.93130176606543
860605,71.97436344846416
860606,71.25878973256482
860607,71.36538894291662
860608,72.11152839584233
860609,71.72794021641658
860610,71.64206396237815
860611,71.85991681450135
860612,70.92172360789814
860613,67.71376224702443
860614,62.89852621344054
860615,58.38435690653251
860616,51.810383681429606
860720,0.7375638809233312
860721,3.4233136885773456
860722,12.128208609121884
860723,31.22611052661048
860724,57.48049367799223
860725,72.67566700120317
860726,73.7267172755879
860727,72.78898465765103
860728,73.13899027363831
860729,73.53580151889788
860730,73.92382829048677
860731,73.11317994029967
860732,72.58883109810397
860733,72.26941515275016
860734,71.83779510184365
860735,71.97513418391914
860736,73.12975012448227
860737,72.43821828038233
860738,71.99511983279218
860739,71.8130223028231
860740,70.1544535188939
860741,66.40138376854925
860742,61.897128385777975
860743,58.69034788247754
860744,52.805120489358835
860849,2.8817821827958827
860850,9.846612834717801
860851,26.599031208377717
860852,53.05874401461827
860853,70.90123728944506
860854,73.91661238306398
860855,72.96799192376906
860856,72.23033756816932
860857,71.90125287167506
860858,72.05737946542916
860859,71.49323048725309
860860,71.1478887879077
860861,71.51743800843433
860862,72.20553395948161
860863,72.68253492049391
860864,73.53508726449623
860865,73.35141826306543
860866,73.14369054402385
860867,72.57679490982818
860868,70.40061228965233
860869,65.76576479300289
860870,60.842829548617296
860871,57.74569654684974
860977,2.638731726928917
860978,9.110865556787124
860979,24.629895842670003
860980,50.34448949993859
860981,68.64530459871177
860982,72.04580150709285
860983,71.32408673540144
860984,69.99996942064497
860985,68.37959636406364
860986,68.03171297155312
860987,67.58019646662935
860988,68.02157523311914
860989,70.00026015223466
860990,71.10712108413477
860991,72.16269232871927
860992,73.35363884669847
860993,73.29707635178056
860994,73.50920897818473
860995,72.92897054157
860996,70.52449396419289
860997,65.31403888313122
860998,58.64443831480594
860999,54.84811207029282
861105,2.6610672276030254
861106,8.684652051139452
861107,22.70527793115722
861108,45.23414640237687
861109,62.61232484027123
861110,67.67122676364947
861111,68.10423070395386
861112,66.10712240275078
861113,63.62381494865753
861114,62.954234534307
861115,62.6539625088005
861116,64.16496249408979
861117,67.69434091378766
861118,69.71421889285598
861119,70.96971068703569
861120,72.43567968709182
861121,72.77848996189226
861122,73.1654747336541
861123,72.69040793206986
861124,70.00326890752774
861125,64.25328319558619
861126,56.00647163147544
861127,50.99434928456178
861234,8.356237441114656
861235,20.010677911717007
861236,37.7217545447223
861237,54.07622414343738
861238,62.25872387609052
861239,63.68585483901113
861240,60.33890783231595
861241,57.70628775643932
861242,57.283543773501826
861243,57.08346224440451
861244,58.95831466736523
861245,62.6151845047881
861246,65.83906783669526
861247,68.30378484044417
861248,70.4285449542286
861249,71.25527380220039
861250,71.9075590843828
861251,71.45865991200648
861252,68.22451938622133
861253,61.763471927290944
861254,52.34697513325083
861363,19.058989516671556
861364,34.82907869698493
861365,50.097357785359286
861366,59.20041432511263
861367,60.42525407162821
861368,56.12707480824307
861369,51.64214770570444
861370,51.35017022182395
861371,51.7477897806387
861372,51.98154019292207
861373,54.49287147040166
861374,59.03667783505618
861375,62.92011603472342
861376,66.42967087972103
861377,68.39685278173977
861378,69.09558485185747
861379,67.68962206306296
861380,63.60397300498934
861381,56.11924040228797
861493,49.138425965259266
861494,56.88220698921737
861495,57.84441781911922
861496,52.822541563585546
861497,48.52469590062022
861498,48.42999922290656
861499,49.14669738079411
861500,48.04264176940288
861501,49.366066727657824
861502,53.19029772439796
861503,56.75997794210388
861504,59.88999542455199
861505,62.43344266080673
861506,62.86579961888692
861507,59.73422451239763
861625,45.3959621281408
861627,47.46279963636185
861628,46.62929140199478
861629,47.11707980469291
861630,49.579432746324606
861631,50.98570185575962
861632,52.08727489543647
861633,53.12253745764949
861634,52.65453647293867
861635,47.92867528481565
861753,42.286129542991546
861756,44.82949736274484
861758,47.147669837459965
861759,47.06139709838386
875066,30.800109932680634
875191,27.19536965879322
875194,35.63049535977998
875200,34.5217047628585
875201,35.69392126816491
875202,38.59306749845821
875204,48.03612361287968
875318,28.35013726611882
875319,31.21501644703228
875321,40.94278689369626
875322,43.144615536324764
875323,43.19422264027509
875325,44.28177983628243
875326,43.35000029987674
875327,41.998265976167446
875328,41.79280774906469
875329,44.86651962232911
875330,49.11736467646921
875331,53.36215136429137
875332,57.67038906925638
875333,57.02635673521815
875334,45.93280944234184
875446,33.3533042663113
875447,39.93154640627479
875448,46.582595519344416
875449,50.33352485754224
875450,50.756963636098874
875451,50.31634260558221
875452,50.23084018339174
875453,51.49265100644241
875454,51.78980359537913
875455,51.22753702146532
875456,51.76478195121354
875457,54.20191426191342
875458,58.28138250738171
875459,62.65222137330599
875460,67.29585543550847
875461,67.20151374976436
875462,57.52227942859854
875573,33.73063426773684
875574,40.75912682764719
875575,49.51893363824207
875576,56.024686881247646
875577,56.994979975491006
875578,56.253913229344406
875579,55.66910104939386
875580,56.33062558990796
875581,57.85066734716497
875582,59.57907153820373
875583,60.32308708626544
875584,61.48788506295786
875585,63.00445972617063
875586,65.41528839023664
875587,68.16766737612113
875588,71.22347070370995
875589,72.53477743015432
875590,67.70702847879936
875591,56.26333275452189
875700,26.43384989872092
875701,36.97760883792848
875702,46.183771192663656
875703,55.3636727446307
875704,60.43411035555369
875705,61.164115001025635
875706,60.69794771704378
875707,61.377369860576465
875708,61.84687374610019
875709,62.763852588198745
875710,64.38032056367283
875711,65.60731817852913
875712,66.75798661038088
875713,67.64947049861298
875714,69.30682818223903
875715,70.08318712209015
875716,71.25833769312867
875717,73.09723927874141
875718,73.51836509095948
875719,65.27594645022042
875827,16.031718772543403
875828,29.115560993476738
875829,41.464115027287626
875830,52.144168503312386
875831,60.72663508411192
875832,65.72645154815186
875833,66.5138739966178
875834,65.90363399328022
875835,66.28279785173115
875836,66.50066507721112
875837,66.8232704747302
875838,68.44463836934254
875839,69.44462395295847
875840,70.00348201356223
875841,70.511709110363
875842,71.78810148110917
875843,71.24125654439824
875844,70.65039519347727
875845,71.63533754838284
875846,74.46412323470194
875847,67.86220133956967
875848,49.611069100424686
875954,8.07466983531705
875955,18.918971789227758
875956,35.43450608779115
875957,50.075909611547274
875958,59.98004367558772
875959,66.81395079316884
875960,70.00014369008684
875961,70.48359752655934
875962,70.00126727177732
875963,70.00271467296903
875964,70.16682783503634
875965,70.26910736372852
875966,70.65100256390102
875967,71.59064697928176
875968,71.7352892495027
875969,72.10182838032034
875970,72.62099725905895
875971,72.31334916780341
875972,70.57153538571949
875973,70.63473398233448
875974,73.29159906217926
875975,66.99277743537822
875976,49.02569284104882
876081,3.228564518675791
876082,9.982675702953
876083,23.47745670351241
876084,43.71639838405699
876085,59.878791973374106
876086,67.21745716562526
876087,71.27293695394165
876088,72.5627254248742
876089,72.7134889499705
876090,72.47479517422515
876091,72.58445665243694
876092,72.10805408690882
876093,72.05370984803
876094,72.59421564301006
876095,72.83111523811777
876096,73.11387316033384
876097,73.17308885349277
876098,73.42091500421405
876099,72.65019917140917
876100,70.64561243096358
876101,70.41080462576693
876102,72.74245558774112
876103,66.58448822992288
876104,49.680831158189946
876208,0.9959117465967358
876209,4.32755996051406
876210,13.36512077211432
876211,30.649204233750478
876212,52.955060505680976
876213,67.91421594546946
876214,71.6849195380135
876215,73.0582901222667
876216,73.25752755282849
876217,73.28172528898558
876218,73.49876779762558
876219,73.41587424443759
876220,73.40480805509452
876221,73.29329844933177
876222,72.99375566147171
876223,73.23069108760453
876224,73.2977580829496
876225,73.00433914607652
876226,73.08411465590973
876227,72.6178674320997
876228,71.07222956093253
876229,70.97311906101561
876230,72.90751354364944
876231,67.44768275379697
876232,52.60073811571008
876336,1.0312200231696071
876337,5.1946134308483805
876338,17.7740653205376
876339,39.63246976609912
876340,61.92685272931258
876341,72.70991515336011
876342,72.63273760967763
876343,72.47357405830937
876344,73.24498813707226
876345,72.61040622505855
876346,73.51371290963655
876347,73.20936202367558
876348,73.45801176543605
876349,73.321441940864
876350,72.84325592419462
876351,72.86101655743127
876352,72.64930428733985
876353,72.25151295170437
876354,71.85850196816251
876355,71.50816311066306
876356,70.485559852119
876357,71.14461645315163
876358,72.86835858199348
876359,68.73049317779461
876360,57.00108726318844
876464,1.0819763447567827
876465,5.586473134771817
876466,18.41872554901593
876467,41.16457068517062
876468,64.56152367596331
876469,73.78725447351296
876470,72.02603380805375
876471,71.19025828209537
876472,72.33279165885945
876473,72.08388204528276
876474,72.79180344628521
876475,72.45716204794648
876476,72.25964798977807
876477,72.55256133790446
876478,72.33134819794857
876479,71.78507034057226
876480,71.50530726287744
876481,70.98332053573165
876482,70.83357125213584
876483,70.43458408196983
876484,70.03228131402865
876485,70.84500940130225
876486,72.37023732620459
876487,70.7804389088675
876488,62.97352291346255
876489,53.73695558391385
876592,1.0369502537440278
876593,5.388000370967437
876594,17.86542949898911
876595,40.58154342852722
876596,64.2630231102718
876597,73.57963172003824
876598,71.18578192247057
876599,70.70028820622379
876600,71.61785061716988
876601,71.93464235206419
876602,72.26000992536548
876603,71.34326944146194
876604,70.90505492105693
876605,71.24213073878532
876606,71.0035387228112
876607,70.58729828134723
876608,70.4259360261874
876609,70.21712987014989
876610,70.30157424161676
876611,70.12409374794609
876612,70.29368510255956
876613,70.10603184302427
876614,70.90636201484502
876615,70.2782051066181
876616,65.01173224416807
876617,55.87780025566746
876720,1.0827130785316315
876721,5.414157439109054
876722,18.325163957389858
876723,41.40522313649866
876724,65.06036296233887
876725,74.15990312586555
876726,71.38913901697111
876727,70.31476376292059
876728,71.34189068053213
876729,71.69806594864174
876730,71.51463583629835
876731,71.18142320183756
876732,70.36245222195285
876733,70.64142809665037
876734,70.68260316994527
876735,70.44529292349426
876736,70.38604107924486
876737,70.1956024704719
876738,70.34067604255787
876739,70.90902184955459
876740,70.62177483476577
876741,69.26727738545152
876742,67.64457525039998
876743,66.35966138139949
876744,61.798666726442384
876745,52.846965459739614
876848,1.066819741892535
876849,5.453719884497871
876850,18.307638864053118
876851,41.5652391689418
876852,65.62914829460257
876853,74.84320369788068
876854,71.72357518957746
876855,70.86959563925618
876856,71.38719646408516
876857,71.82089874664885
876858,72.0298292088083
876859,71.40852300823553
876860,70.79362050000886
876861,71.04522367108265
876862,70.76996817032794
876863,70.32059584577924
876864,70.62422810095084
876865,70.47999339691374
876866,70.88248820233929
876867,71.29465463165508
876868,70.95964506325771
876869,69.02615336482371
876870,64.89546438819299
876871,61.28401449968348
876872,56.01716015615656
876976,0.9633926041839751
876977,4.906021599105189
876978,16.619527891832657
876979,38.884552493253715
876980,63.01251429698017
876981,74.19904394829553
876982,72.46681151226981
876983,71.35719494561363
876984,72.01121426911153
876985,72.66038590452123
876986,72.83793964518154
876987,71.57691643638704
876988,71.16768824710705
876989,71.97021418126482
876990,71.30138635541898
876991,70.7177641179118
876992,71.35536991204887
876993,71.27134886511895
876994,71.21959364772951
876995,71.46988132481377
876996,70.512561105114
876997,67.1485452685697
876998,62.65860137678636
876999,58.8995493860777
877000,53.1053799941188
877104,0.7273154394711608
877105,3.9221432388120143
877106,13.109056153299775
877107,32.73034613505794
877108,57.91039167755031
877109,72.26189303200489
877110,72.93655035847259
877111,72.31259564476845
877112,72.67555964245234
877113,73.25386322319363
877114,73.4832139558382
877115,72.21024715274602
877116,71.45579117511922
877117,71.89208233709978
877118,71.79331739724867
877119,71.93060921553848
877120,72.45928505522504
877121,71.9481279131407
877122,71.99479556031584
877123,71.75118010168698
877124,70.41256839010799
877125,66.36822768385939
877126,61.6936224849224
877127,58.89819600974815
877233,2.935440527037978
877234,10.619839626718864
877235,28.213453136491243
877236,54.061216280516824
877237,71.07049148440541
877238,73.54547607825332
877239,73.11199030679026
877240,72.72883301490556
877241,72.54796216608746
877242,72.3224239313985
877243,71.56321634060616
877244,71.08087917641265
877245,72.11667924788294
877246,72.61257351804285
877247,72.60092189169886
877248,72.93905659834539
877249,72.92443094460135
877250,72.5622502248077
877251,72.51417127184315
877252,70.3857045653215
877253,65.92568552420109
877254,61.27720814361929
877255,58.408684906070704
877361,2.8775330929463245
877362,9.574856478166744
877363,26.342950907568277
877364,52.11776309791938
877365,69.99902888604561
877366,72.71799898575937
877367,72.4841237602889
877368,71.47751473928149
877369,70.46358863498357
877370,70.25219371779765
877371,70.06344931247204
877372,70.41307256390418
877373,72.22156936557305
877374,72.91113723834515
877375,72.84271917480362
877376,73.1899199747617
877377,72.92149887573359
877378,73.29977844972272
877379,72.86107026660257
877380,70.24232793707736
877381,65.65859115317848
877382,59.8821982889015
877383,56.17994249571419
877489,2.596294956330873
877490,8.749215816708519
877491,24.149852148962356
877492,47.430462480295816
877493,64.71261583657399
877494,68.48730132657653
877495,69.37684293003427
877496,68.26919296596948
877497,66.99170712515371
877498,67.1937925925436
877499,67.3771829600129
877500,69.14338836047776
877501,71.78312712739339
877502,72.58188948336195
877503,72.49628164888583
877504,72.94494384004443
877505,72.7221129952155
877506,73.23906734143725
877507,72.80895188924352
877508,70.35096976379506
877509,64.96567723519136
877510,57.67516714687155
877511,52.962856126924834
877618,7.984070208649331
877619,21.19003122321966
877620,40.637912908728104
877621,56.53665542461868
877622,63.49151454824961
877623,65.19742489851494
877624,63.132044268851914
877625,61.62153111318643
877626,62.418269862395114
877627,63.14192263535179
877628,65.1324386452729
877629,68.37220296457372
877630,70.00024963312764
877631,70.80078788716055
877632,72.12274698723013
877633,72.20980539483281
877634,72.21878222287243
877635,72.24168529864689
877636,69.37194700259117
877637,63.066369050057205
877638,54.55661082431828
877639,48.60923674046341
877747,18.546563621547037
877748,35.959884134602206
877749,52.20140944747015
877750,60.65054402789033
877751,62.0017126661691
877752,58.31889591081384
877753,55.07797837951807
877754,55.77064128361348
877755,57.06023205174187
877756,57.461027898095104
877757,59.899980235271116
877758,64.0398857719523
877759,67.05752410583803
877760,69.54967954664004
877761,70.15449929055683
877762,70.27981023947959
877763,69.33307768834706
877764,65.08437636336393
877765,57.684050859365904
877872,0.6059217713059665
877873,1.985831474276483
877874,6.508163921049699
877876,32.85023801542674
877877,49.036384974895235
877878,58.230299320260904
877879,59.86383691310556
877880,55.33425599924089
877881,51.2132186486801
877882,51.85581196861338
877883,52.954262881469155
877884,52.307134074779654
877885,53.5778459810744
877886,57.72823328872762
877887,61.56259610564261
877888,64.74041736183395
877889,66.34317403600734
877890,66.12293643851899
877891,62.99924784847777
877892,56.752589774636036
878005,45.11170332984501
878006,52.880223477453185
878007,53.99988453130939
878008,50.932182811948174
878009,48.40783093674053
878010,50.09963154969963
878011,51.48772724729693
878012,50.33060435925123
878013,50.67999491109162
878014,53.11217393840228
878015,55.146251805268406
878016,57.42573979331805
878017,58.51471585932362
878018,57.378847596319794
878019,52.45098773556237
878137,45.827855399068326
878138,48.640211014195124
878139,49.766696258147114
878140,48.78652198052695
878141,48.635889432133446
878142,49.660481780698
878143,50.39325841654931
878144,50.303883505659826
878270,46.617465527043805
891450,34.7843523244895
891456,31.291521900853912
891460,44.92737228128571
891574,30.143358375031802
891575,33.046342072721096
891578,40.4464139527379
891582,41.08363642270308
891583,39.019797478874004
891584,38.47907023459281
891585,41.525967988582885
891586,46.43105030643558
891588,54.74565528938341
891702,31.069850850278183
891703,36.82685404349667
891704,42.18511213568774
891705,45.69594419692277
891706,47.401410548949855
891707,48.017018290353604
891708,47.455806250270605
891709,47.58211504354178
891710,47.69627575436824
891711,46.476375136208645
891712,46.92158381797228
891713,50.70914356024427
891714,55.93355613803583
891715,60.66816691968113
891716,64.15156307925538
891717,61.89864344588353
891718,49.94989509342772
891828,21.644677555003405
891829,28.747890889935103
891830,34.92025287464788
891831,43.58816302413419
891832,50.486189702032085
891833,53.69451434982849
891834,53.59915143613583
891835,53.490455925267085
891836,53.999866003613455
891837,55.17872082824937
891838,55.65636714769972
891839,55.75091894386548
891840,56.46126901038834
891841,58.38373747072814
891842,62.244123156003994
891843,67.02959758896573
891844,70.81058481997239
891845,70.0005622473341
891846,61.432855075115384
891956,22.717503331745956
891957,31.504220691303043
891958,41.24146605233325
891959,51.04920132103455
891960,57.92198064353572
891961,59.040038035251264
891962,58.29748908822076
891963,57.65150842151789
891964,58.80359462988685
891965,60.6413579219242
891966,62.62439947018459
891967,63.400913282339616
891968,63.84479727971742
891969,65.30395796598154
891970,67.25052259954943
891971,69.86457533780022
891972,72.45549036685306
891973,73.0205538352377
891974,70.80678145368685
891975,62.01575078577605
892084,23.674715964420972
892085,34.14281029807167
892086,45.364097597069545
892087,55.635300186716194
892088,61.91444055513727
892089,62.89256655714721
892090,62.63850525845799
892091,63.36516207865463
892092,63.94111144709672
892093,65.19086851835868
892094,67.0000494341769
892095,67.77977890624548
892096,68.74315460266588
892097,68.82423761113783
892098,70.00271296322424
892099,70.56401018843637
892100,70.83994534854894
892101,72.23783872113248
892102,74.79337806295096
892103,69.99997288654893
892104,54.39360540430695
892211,15.381914784200005
892212,25.568681195052555
892213,37.56555600038781
892214,49.978823060500645
892215,60.301900516764896
892216,66.27095087439244
892217,67.54979100794547
892218,67.46621438249454
892219,67.54139320109991
892220,67.7473084816468
892221,68.23058863498767
892222,70.00070283721124
892223,70.69114039077661
892224,70.84430894311143
892225,71.26867159991808
892226,71.54421095238902
892227,71.5219730704771
892228,70.1765455509989
892229,70.58309717348313
892230,74.76958435616656
892231,71.49077389158687
892232,56.319667095544276
892338,9.361285434669458
892339,18.2460870446392
892340,30.766481723775932
892341,44.74312682007825
892342,57.74296975633839
892343,66.01103293937368
892344,70.04724363160494
892345,70.86138985845002
892346,71.13843987643469
892347,70.91379249181276
892348,70.51991985834154
892349,70.9083302404802
892350,71.99924760680581
892351,72.69589595459301
892352,72.54596578742532
892353,72.15789865883464
892354,72.68207308926067
892355,72.42148494602093
892356,70.35790576820621
892357,70.00224572349182
892358,73.49356345107518
892359,70.00417662425468
892360,56.010082905097185
892465,3.7904097733181854
892466,11.07620360366916
892467,23.198297189720776
892468,39.9378491723629
892469,55.54298337181346
892470,65.28125582243354
892471,70.23209928601592
892472,71.87528705955994
892473,72.32300602920675
892474,72.9610116213287
892475,72.36443224551725
892476,72.17991285641217
892477,72.08669624083736
892478,72.84381909497347
892479,73.52558974425637
892480,73.23357146728671
892481,73.21043566358387
892482,73.23609029412881
892483,72.84191851455272
892484,71.26184775193497
892485,70.42449017077321
892486,73.1843463869503
892487,70.00095344622859
892488,56.81922796344704
892593,4.5267914065182
892594,14.014637346002871
892595,30.098172765564147
892596,51.14211789292688
892597,65.53503762795317
892598,71.05959809329775
892599,72.29853094120406
892600,72.44729317142352
892601,72.19582100706826
892602,72.60456956105767
892603,72.97529708930422
892604,73.00800226133457
892605,73.48598149412514
892606,73.18597948039766
892607,73.21878603509
892608,73.51021584513813
892609,73.03063447858511
892610,72.89108253894256
892611,72.61628564556466
892612,71.17204336883195
892613,71.34848621648491
892614,73.6542500829561
892615,70.92298646755137
892616,60.50771571307953
892720,1.246208568714363
892721,5.469738688050693
892722,17.74971156821716
892723,38.49673289219135
892724,60.17491141362333
892725,71.2770892082952
892726,72.85613513467575
892727,72.8164498469882
892728,72.07830869789926
892729,71.7454744737288
892730,72.12247729841951
892731,72.15797708933218
892732,72.60580008824282
892733,72.87607987996515
892734,72.75684499216719
892735,72.70319387343186
892736,72.8284210951582
892737,72.25111037230663
892738,71.91092880244271
892739,71.39057867389202
892740,70.94793891575294
892741,71.57913479019986
892742,73.4216444709498
892743,71.81272395906704
892744,63.94784528438309
892745,55.48521619649222
892848,1.0935838073253232
892849,5.688260613614002
892850,18.45363064604931
892851,40.33771481970733
892852,62.999383517252674
892853,73.09800983032606
892854,72.80307244948119
892855,72.17971503817824
892856,71.88429095742264
892857,71.639817969048
892858,71.7178474139641
892859,71.64141777352391
892860,71.35894141851358
892861,71.63348898587194
892862,71.66798004111402
892863,71.65477237632884
892864,71.22617511064823
892865,71.00066175427106
892866,70.5435146977681
892867,70.0601207947541
892868,70.26519669059711
892869,70.98391454883965
892870,72.8827482103615
892871,72.4860792545403
892872,67.10974491191914
892873,58.6122108371582
892976,1.0690057418618462
892977,5.246262641193726
892978,17.94194816411386
892979,39.42890360718659
892980,62.912782374634624
892981,73.12814719761997
892982,72.067677926795
892983,71.45489358592091
892984,71.63204953684848
892985,71.75994531825822
892986,71.69990532321104
892987,71.09746095064611
892988,70.39835274689874
892989,70.20557416754986
892990,70.4322462563241
892991,70.36482669979549
892992,70.38123152299337
892993,70.05400929077751
892994,70.09748864310947
892995,70.02385421707152
892996,70.0090380565613
892997,70.32826122269331
892998,70.87352758811313
892999,70.61873793813085
893000,67.07120074866455
893001,59.314962110596184
893104,0.9979678932260461
893105,5.303949868462289
893106,17.45717331333228
893107,39.35280597090129
893108,62.99491927771855
893109,73.03130357202525
893110,71.63417715162741
893111,71.12905781921944
893112,71.62661538958241
893113,71.86656310112264
893114,72.36670264597106
893115,70.9780595262497
893116,70.16369097238197
893117,70.02375933740775
893118,70.05321486401823
893119,70.03261039751936
893120,70.1921597694702
893121,70.27339306835786
893122,70.1033691789493
893123,70.68163969922172
893124,70.93986512443374
893125,70.03925957267643
893126,67.60693114958283
893127,66.04535446625233
893128,63.00146410950759
893129,56.658806927166204
893232,1.1238359269965374
893233,5.050552941166285
893234,17.167998613909234
893235,39.27258027641871
893236,62.29665861287085
893237,72.90541656409398
893238,71.7809608333713
893239,70.86600348815237
893240,71.58343827298349
893241,72.54557241987727
893242,72.92802990413402
893243,71.95922717781141
893244,70.77951725763128
893245,71.13998800305619
893246,70.52551025242421
893247,70.39619805320709
893248,70.76304698388648
893249,70.7288973070703
893250,70.9841372094481
893251,71.19326204470794
893252,70.82585052142375
893253,68.54719011900245
893254,63.88041474643662
893255,60.608962765044076
893256,56.771786159509375
893257,50.90241932435718
893360,0.9542018212497417
893361,4.314704054052146
893362,15.331127184021879
893363,36.30880086699991
893364,59.80847369544029
893365,72.40400097887812
893366,72.62766396025259
893367,71.48616586758031
893368,71.87433414332153
893369,73.04464715064394
893370,73.6401108524231
893371,72.57618660497496
893372,71.46637402313247
893373,71.5855208560738
893374,71.18901300118507
893375,71.19287682082309
893376,71.16763925662512
893377,70.64937530443741
893378,71.07823072328998
893379,71.44985360136542
893380,70.14652903231904
893381,66.27413694694314
893382,60.79232274929591
893383,57.624471306160004
893384,53.80980808667082
893385,47.15864167880695
893488,0.7989579016159293
893489,3.4988545089296075
893490,11.865430988936584
893491,30.136056260257156
893492,55.637117585028456
893493,71.00501860989273
893494,72.80015601049891
893495,72.59302274308443
893496,71.98865689806298
893497,73.03819890089878
893498,73.49781498320675
893499,72.05165225049696
893500,71.14318437441906
893501,71.67176887017781
893502,71.70615094059521
893503,71.46265180651041
893504,72.01240261512159
893505,71.39871577270875
893506,71.60471682850684
893507,71.82287996701123
893508,70.00985914632152
893509,65.32541439928363
893510,60.349504593824534
893511,57.83565486254731
893512,54.19835307366339
893617,2.7473296397372806
893618,9.299559741523156
893619,25.659635565326507
893620,51.947187230206936
893621,70.00117858871928
893622,73.24841240987409
893623,73.33839531384191
893624,73.51866548246036
893625,73.37607510259228
893626,73.17502721227045
893627,71.98627303388129
893628,71.3378224357717
893629,72.23231826646504
893630,72.52007320395398
893631,72.86067567167807
893632,72.88249196029098
893633,72.601852678677
893634,72.70456008953839
893635,72.73963293652918
893636,70.43743668436898
893637,65.95529814866869
893638,60.84308746442656
893639,58.476665923305774
893640,54.82789777728933
893745,2.296996298950078
893746,8.272837965720734
893747,23.651388170566545
893748,49.676999004669966
893749,68.13917008290771
893750,71.97528410554148
893751,72.79747374127031
893752,72.95523166309998
893753,72.51288460504877
893754,72.00209824933707
893755,71.68173904667705
893756,71.8994122879787
893757,73.24060163127199
893758,73.24664187807129
893759,73.02269345699791
893760,73.22690186798378
893761,72.74696831814748
893762,72.94598506411188
893763,72.95425662715473
893764,70.84126748151205
893765,65.55814888206021
893766,59.7634931362276
893767,56.77518066058181
893768,53.16744921595
893873,2.2283843664456233
893874,7.590155372834138
893875,21.868251574073785
893876,45.9337642532215
893877,63.58526627728501
893878,68.59815274003316
893879,70.00299539207391
893880,70.21099359040852
893881,70.00036630330098
893882,70.56965374573281
893883,70.89877503548502
893884,71.8034616379297
893885,73.57087307616753
893886,73.9392927514281
893887,73.49242921990414
893888,73.61877676036264
893889,73.04521664014374
893890,73.28740157189725
893891,73.29160603251285
893892,70.77231347828955
893893,65.57336940155452
893894,58.379989788950844
893895,54.02074984514307
893896,49.32221394619359
894001,2.1653422540285194
894002,6.9191377290723395
894003,19.18640449626094
894004,39.74640204957561
894005,57.062105075795465
894006,63.73191137227703
894007,66.11730366061914
894008,65.17518898859991
894009,65.19146157806546
894010,67.18165419888408
894011,68.41366339027286
894012,70.00011116845207
894013,72.18512348645515
894014,72.19664298587531
894015,72.5294142753805
894016,73.19628736587049
894017,72.41323101666578
894018,72.44703346004
894019,72.64685940418524
894020,69.92127978514623
894021,63.66757593184435
894022,55.293974571868425
894023,49.379560039567316
894130,6.095270886363558
894131,16.762879723840133
894132,35.79516224582134
894133,53.109352473412095
894134,61.387168796420305
894135,63.28790824901466
894136,60.51720504125484
894137,59.05014684668012
894138,61.106567341521036
894139,63.54237588731084
894140,64.22966757422584
894141,65.32681156413308
894142,67.91675714454523
894143,70.00018246450658
894144,72.07411966198752
894145,71.39510639784295
894146,70.96277009170463
894147,69.82672000508107
894148,65.67399187203114
894149,58.31578454524828
894150,50.33362934943692
894256,0.5000800164605302
894257,1.8225047923427564
894258,5.546923662537211
894259,14.815012987237058
894260,32.336861152895075
894261,49.86243984372491
894262,59.54460806385649
894263,61.37233657279859
894264,57.3087047693411
894265,54.7369830423868
894266,56.45733297849358
894267,58.67057478041468
894268,58.48783573870716
894269,59.315492313202135
894270,63.203499734525664
894271,66.48879517933779
894272,68.76416881084587
894273,68.68452196276317
894274,67.59170641034477
894275,64.18554388611345
894276,58.044256435216745
894277,50.071831582614166
894388,28.696293943823775
894389,45.47729806064078
894390,54.49556786953614
894391,56.50550880203653
894392,53.34248357472252
894393,51.8336105378214
894394,53.84907057214617
894395,55.92529080359753
894396,54.94379381517426
894397,55.20454556590185
894398,58.045790111000336
894399,60.11029985542183
894400,61.84075060983558
894401,62.305991628875205
894402,60.56913618751985
894403,55.511054902278644
894520,49.317166475604395
894521,49.8221956450071
894522,52.327876032741216
894523,53.136172344574256
894524,51.963844086002794
894525,51.67380748830369
894526,52.63732535425417
894527,53.91642196950878
894528,54.47348495883358
894529,53.57802201038831
894650,51.608064806655875
894651,51.962202627585235
894652,50.15946512973212
894653,49.04132639503726
894654,49.30742625444705
907826,7.748683095006956
907827,13.591756011469291
907834,38.529025948707634
907840,34.02533411183632
907841,36.11154097051684
907842,40.87886701857191
907844,50.2681694464547
907954,7.318795284523471
907955,12.703556656963887
907958,32.452981223713394
907960,41.335948498985495
907961,43.458709134264346
907962,44.718667559510884
907963,45.700803516498205
907964,45.59020316167917
907965,45.36167631392995
907966,44.428315049524045
907967,42.884988577087455
907968,42.69045780614209
907969,46.86683451965788
907970,52.92069154959373
907971,58.04609104044482
907972,60.0024820834782
908085,26.66875034352154
908086,34.02889519641821
908087,42.15862705421239
908088,47.625759191974176
908089,50.40495047861475
908090,51.6352130162479
908091,52.42591288254987
908092,52.50540088922413
908093,52.591405022734136
908094,52.164247787690776
908095,51.85458154379475
908096,52.086218551759856
908097,55.378202518947916
908098,60.54453615126421
908099,65.78263493843012
908100,68.12781845163609
908101,64.63777590010777
908102,52.77581035086126
908211,12.639786925437933
908212,20.200145975031123
908213,28.308895731402707
908214,37.47061183825727
908215,47.51274994888849
908216,54.14138104825756
908217,56.93735635358002
908218,56.830689895466165
908219,56.881521738116376
908220,57.52414328935389
908221,59.049624701549995
908222,59.50983540532001
908223,60.02326283989213
908224,60.556616403943565
908225,61.596186283940504
908226,65.53628409355368
908227,70.00415392555828
908228,72.51115284198845
908229,70.52729159132859
908230,63.02024328188284
908231,52.30519987532392
908339,12.733833168238764
908340,21.001745688721485
908341,30.699032202055104
908342,42.98969145120927
908343,54.1315837760209
908344,60.12995131290794
908345,61.686705213535575
908346,61.00779529321553
908347,61.214806014334975
908348,62.36716662021782
908349,63.76803362564543
908350,65.17341005970492
908351,66.23552199309493
908352,66.90999054943174
908353,67.30716052470464
908354,69.21241635658633
908355,71.51182012803662
908356,72.53712311516016
908357,72.55703357561757
908358,71.31126774689714
908359,64.33483850740613
908467,13.372925689128177
908468,21.61428529615177
908469,32.74300783460429
908470,46.286946157318155
908471,57.57551933994428
908472,63.598719186024155
908473,65.17228987196476
908474,65.4915045612807
908475,66.62451396362658
908476,66.62105178612572
908477,67.28381537849769
908478,68.83451317526
908479,70.0036094555184
908480,70.40543651594376
908481,70.19310555400779
908482,70.92892853439334
908483,71.82164274034913
908484,71.31170663892665
908485,71.47306037008505
908486,74.36096934377457
908487,70.72944277673184
908488,56.850339670172644
908595,14.361631295603555
908596,23.256196821169095
908597,35.08161768238864
908598,49.67548035161336
908599,61.05223248062324
908600,67.2605406367327
908601,69.39380193007705
908602,70.00009149873404
908603,70.54059453564564
908604,70.40636760410345
908605,70.00794327379079
908606,71.6538834043805
908607,72.40527324788921
908608,72.12904012428314
908609,71.87117338315127
908610,71.95006637259719
908611,71.95366340885231
908612,70.69204633413413
908613,70.48577120745087
908614,74.54935588075222
908615,72.7550477306028
908616,60.85998889048432
908722,8.611630180330138
908723,16.279980204569377
908724,27.45768435000093
908725,41.47014627798443
908726,56.0301579067219
908727,65.76422201056901
908728,70.02216058402868
908729,72.2177467777471
908730,72.53603272127906
908731,72.96410172938228
908732,72.19807774698876
908733,71.82910612247981
908734,72.47760898915936
908735,73.31839845734942
908736,72.9146544645786
908737,72.46063364724586
908738,72.65297223331405
908739,72.56154010549825
908740,70.82387129080021
908741,70.18933896680039
908742,73.59420761595788
908743,72.71403141384222
908744,63.51943272367749
908850,9.25664840440981
908851,19.849402886210964
908852,35.94132844151119
908853,51.561480234349446
908854,64.23102503035066
908855,69.99997891527553
908856,71.80215915955861
908857,72.57377801812895
908858,73.30893482680901
908859,73.46078487874082
908860,73.2263718927353
908861,72.73236529260694
908862,72.88593325619597
908863,73.33628122839689
908864,73.23949248668472
908865,73.11978048277372
908866,73.38121565819463
908867,73.50527800582437
908868,71.55589616837533
908869,70.7359187026608
908870,73.32252627372178
908871,73.00677355020535
908872,65.71890906335067
908977,3.568575275037706
908978,11.23291834209358
908979,26.301984272793995
908980,47.47224908785823
908981,63.09782222607389
908982,70.64564544665339
908983,72.62947641595379
908984,71.91647658953934
908985,71.73406071802472
908986,72.54817714584742
908987,73.10236682604891
908988,72.88783791751241
908989,72.84048856767699
908990,72.66080792959124
908991,72.88513898323913
908992,73.323605986475
908993,73.07693446551498
908994,73.2266970282166
908995,72.89793380594081
908996,71.39301332828137
908997,71.49252464992473
908998,73.82863428612237
908999,73.46045455367073
909000,68.48274423756452
909105,4.6393032115965545
909106,15.061891219430239
909107,34.25871418523107
909108,56.54525258364732
909109,70.00283315956804
909110,73.6954413363664
909111,73.26415667058359
909112,72.01725335907032
909113,71.17932486862033
909114,71.30312898910307
909115,71.56347949947418
909116,71.96714869495644
909117,71.87398596863997
909118,72.22807603502093
909119,72.37750598369013
909120,72.51417745216966
909121,72.25155956602588
909122,71.71068081407402
909123,70.9511018921536
909124,70.58657870058751
909125,71.33705624952809
909126,73.34217668802309
909127,73.21458867778625
909128,69.13584109777204
909129,63.00545679861693
909233,4.583359356582745
909234,15.413951152795086
909235,35.49939684730511
909236,59.087452121617304
909237,72.03584225164043
909238,74.06966532237077
909239,72.94154298122328
909240,71.3889058862487
909241,70.57593408280555
909242,70.96381058713675
909243,71.12404643497054
909244,70.59667151885682
909245,70.87098262646293
909246,71.26259512167944
909247,71.42810446810063
909248,71.44590839553778
909249,70.88088903010959
909250,70.64480431787696
909251,70.16621094902062
909252,70.40052403873736
909253,71.76309307079836
909254,72.70061941686042
909255,72.95154112212961
909256,70.06245868745583
909257,63.39716197241193
909258,55.454764781999216
909360,0.8365993745969326
909361,4.072890314644899
909362,14.169804926727954
909363,33.88467119429618
909364,57.98415263358579
909365,71.36727659316641
909366,72.93570637245594
909367,71.83649065145956
909368,71.04260417878348
909369,71.31683691175583
909370,71.3806842043964
909371,70.84643225211688
909372,70.15083287274743
909373,70.00243363329976
909374,70.00229441506478
909375,70.30258366631514
909376,70.56455957271076
909377,70.24318539016369
909378,70.046591628258
909379,70.07955986902516
909380,70.85689198311444
909381,71.22296698422835
909382,70.53882086985698
909383,70.57162763317177
909384,68.6849805222003
909385,62.99572771017628
909386,53.93084262144784
909488,0.862647859236617
909489,4.1682855122810425
909490,13.6124845422843
909491,33.34353145542513
909492,57.628152030101866
909493,70.97235030856554
909494,72.31880720396859
909495,71.37740288629624
909496,71.86484396392983
909497,72.01635988946597
909498,72.85882602577566
909499,72.08856069970315
909500,70.70849019063044
909501,70.29329662123533
909502,70.18870080035019
909503,70.48452540660209
909504,70.63570595659365
909505,70.49529568684869
909506,70.44547523553952
909507,70.93799603781372
909508,71.25590106286295
909509,70.31819654665212
909510,66.90364565273273
909511,65.21418079886686
909512,64.74860722464501
909513,59.831843307583284
909514,51.62745081652952
909616,0.8209715395285956
909617,4.0140505798768755
909618,13.644899019825562
909619,32.961234614804205
909620,56.979266002710496
909621,70.24265293260768
909622,72.07795632482076
909623,71.54957575768746
909624,71.88186562863922
909625,72.86735475503295
909626,73.50708546684723
909627,72.50667217445955
909628,71.46340231166728
909629,71.22864839865666
909630,71.21993980078604
909631,70.5895051308671
909632,70.86456344719457
909633,70.48987557686839
909634,70.4655315386776
909635,70.75714822468542
909636,70.7562134977135
909637,67.9214248672259
909638,62.36229881387535
909639,59.56730272640939
909640,58.86493244466662
909641,54.98113045340042
909642,47.15252340712828
909744,0.7413173870130247
909745,3.5070617344507866
909746,12.55918898263562
909747,31.145111207612892
909748,55.524696449429065
909749,70.3301976651663
909750,73.05934308132228
909751,72.58285382382955
909752,72.36192671402023
909753,72.99111199140219
909754,73.60430327400267
909755,73.01717463830437
909756,72.00212815125178
909757,71.98285665190767
909758,71.53883491045795
909759,71.29966146395667
909760,71.14876031252362
909761,70.69530200657053
909762,70.65151844754637
909763,71.16627829625239
909764,70.12813205506745
909765,65.60232312583766
909766,59.821387731123664
909767,57.5599931808033
909768,56.00023165134051
909769,52.048525734180906
909873,2.662606911060656
909874,9.432013887281819
909875,26.216765675319326
909876,52.50068335385287
909877,69.77511143329716
909878,73.28070113188947
909879,72.90760255167223
909880,72.49102103973338
909881,72.99915010389537
909882,73.23965818259734
909883,72.42803547597133
909884,71.81904726447554
909885,71.87368175492115
909886,71.75753122149742
909887,71.71915796939757
909888,71.6927937394801
909889,70.96945906565493
909890,71.42352668933478
909891,71.89309338812404
909892,70.00569343879071
909893,65.71902002497062
909894,60.66209321733315
909895,58.455402929916296
909896,56.725007279431914
909897,52.16232525215197
910001,1.9408572310333976
910002,7.4443858093930295
910003,22.582417620567746
910004,49.53151644227262
910005,68.20173077009575
910006,72.74042047285187
910007,73.3403249406118
910008,72.84035069844757
910009,72.72517474072781
910010,72.97059773246643
910011,71.5214073051154
910012,71.37868300186054
910013,72.07426540997555
910014,72.63819610244592
910015,72.68746086367449
910016,72.4000362850134
910017,71.7769733206632
910018,72.40631635792062
910019,72.64046923817753
910020,70.68776347919926
910021,66.3108603102304
910022,61.36967135538739
910023,59.40724501403652
910024,57.718186384993096
910025,53.43604870034641
910026,44.06944475372293
910129,1.675447820488727
910130,6.641826230379753
910131,21.214997362851875
910132,47.37058648474621
910133,66.39781326876322
910134,71.53992566824512
910135,72.89506118010294
910136,72.99659157968621
910137,72.80306843292807
910138,72.64351467515799
910139,71.57682206558198
910140,71.73328450647747
910141,73.01820687518718
910142,73.59099639520846
910143,73.33056726890342
910144,73.42785008636751
910145,72.4944997614604
910146,72.94165302596925
910147,73.51483995767023
910148,71.62931610823541
910149,67.02293809137488
910150,61.39289108620405
910151,58.79043210995532
910152,55.99983655117924
910153,50.929620549507135
910154,41.11755654873055
910257,1.8462456839812968
910258,6.3553307772277465
910259,19.710010515886264
910260,44.36549609406392
910261,63.050305165400204
910262,68.44988550600917
910263,70.48847707741686
910264,70.39651541015864
910265,70.9450675891183
910266,71.4482171171047
910267,71.16324776510334
910268,72.18064507422581
910269,73.3978648091705
910270,73.7519712807573
910271,73.05109047247588
910272,73.54223355741405
910273,72.74990026214078
910274,72.89007257513745
910275,73.45091661797566
910276,71.56497946429184
910277,66.99030833296047
910278,60.32924427540658
910279,56.001125458904774
910280,50.89361612330108
910385,1.7586914476858915
910386,5.824388564789675
910387,17.74391084285156
910388,38.94813621070211
910389,56.825240935627846
910390,64.43261698060442
910391,66.8999349634609
910392,66.58966826780522
910393,67.54588824704688
910394,69.40381527526318
910395,70.29001393458
910396,71.45424487383428
910397,73.07892636266942
910398,72.66358226502012
910399,72.78105862625503
910400,73.50757377954989
910401,72.48925983783288
910402,72.38521561570586
910403,72.53559635431785
910404,70.00162198532259
910405,64.70232624864747
910406,57.13071910726857
910407,51.29798676692767
910408,45.35122251768702
910514,5.584192659652409
910515,15.997844112800939
910516,35.58722748216448
910517,53.463096347141764
910518,62.14250812005768
910519,64.26700040460913
910520,63.00788581039928
910521,62.59245045606612
910522,64.86131216394858
910523,66.8523927935819
910524,67.65337041972204
910525,68.20628898450394
910526,69.8439854668856
910527,71.43649757684285
910528,73.0873290095079
910529,72.2501595142213
910530,71.57792378830962
910531,70.03549962262801
910532,65.89329587160664
910533,58.848577023916874
910534,51.234024929972335
910535,45.593081264241754
910639,0.14219791302935694
910640,0.5381074139047619
910641,1.808937936394131
910642,5.3343533858015295
910643,14.703290059176181
910644,33.21809592039023
910645,51.57629802828509
910646,60.84498614511516
910647,62.50243097001535
910648,60.13631948029976
910649,58.83353647331153
910650,61.06055051117229
910651,63.6448994959754
910652,63.10455721884125
910653,63.67268107074384
910654,66.42550224531414
910655,69.03088314029077
910656,70.2475075790852
910657,70.0011308508454
910658,68.39574481201828
910659,64.69342147167448
910660,59.360279292032104
910661,52.48059901481084
910662,45.13101928714669
910767,0.1612885014993987
910768,0.5052529957260896
910769,1.690652384653851
910770,4.800920570953432
910771,13.419095627515963
910772,30.42934114430612
910773,47.60151095384037
910774,56.48427941665032
910775,58.69025181060635
910776,56.92081564678766
910777,55.92880502956565
910778,57.84598702420049
910779,60.23553056789772
910780,59.630425237942845
910781,59.96381680269799
910782,62.82315332813467
910783,64.5206777473497
910784,65.33525264598688
910785,64.35218079201907
910786,62.200841207625714
910787,57.874496186714616
910788,52.16866870108044
910901,43.18582696263575
910902,50.926758314530076
910903,53.37759110781883
910904,53.23671919242906
910905,53.487925832291694
910906,55.58796374381715
910907,56.834298612904135
910908,56.03391281301592
910909,56.08344937416835
910910,57.41363781293663
910911,57.79039537199351
910912,57.837994616771404
910913,55.90887086478371
910914,52.62543419488212
911032,53.95639644521252
911033,53.64465323823759
911034,54.709778601990735
911035,54.72032754387339
911036,52.92184625885953
911037,51.51531733292999
911038,51.97699403420161
911039,52.42789906396983
911165,47.52402012708322
924078,0.046923040294310034
924206,0.07474719528765349
924210,6.325079210083769
924211,10.975381324843083
924212,17.160837878987444
924213,23.793761054196978
924218,42.5648074290239
924221,41.807438421647596
924222,39.79113871622547
924223,37.87161763267013
924224,37.46227563242248
924225,40.68622908806341
924226,46.08239746733251
924228,53.47979627300107
924338,5.867855608453268
924339,10.39927046521319
924340,16.96693318418896
924341,24.005931086716114
924342,32.36286795799885
924343,40.675569628545
924344,46.15738618969575
924345,47.974730909221755
924346,49.17808102315142
924347,50.13339628739379
924348,49.73873028503071
924349,48.86042797525772
924350,48.060609065500834
924351,47.327128649240436
924352,47.24709065789394
924353,50.73726292536969
924354,56.325471653820095
924355,61.55609832188881
924356,62.91856281543007
924357,58.038421445469204
924358,45.74582227377363
924467,10.210651527674441
924468,16.894665393780752
924469,24.397841919208172
924470,34.27910785312197
924471,45.09076863742546
924472,52.3620207638825
924473,55.08950470796784
924474,55.60518740061244
924475,56.73265189098137
924476,56.881868167849646
924477,56.97595767085204
924478,56.43590873357578
924479,56.344911947602945
924480,57.03817240670799
924481,58.53777792694737
924482,62.999662705232595
924483,68.67063340807717
924484,70.0352253756658
924485,65.57209130833637
924486,54.138381393957985
924595,9.907551200020295
924596,17.008215650635968
924597,25.862268796639597
924598,37.9134830696751
924599,50.18132023585155
924600,57.992058236928294
924601,60.90444602842045
924602,60.868532474584036
924603,61.15357838685156
924604,61.589650957215525
924605,62.357118355570776
924606,62.86602167883402
924607,63.73067265966068
924608,64.29248329915193
924609,64.56309294445714
924610,67.06798058007672
924611,71.77463248890608
924612,72.78520869665758
924613,70.23780294631905
924614,64.08653427334329
924615,54.4224933781436
924723,9.924554096435134
924724,17.404669923746848
924725,28.33480298604101
924726,43.13132896489
924727,55.99872427523911
924728,62.891285955777064
924729,64.6667899151888
924730,64.64850892708749
924731,65.12253779530356
924732,65.58896823447581
924733,66.4154947290945
924734,67.87002697227044
924735,69.36879445610481
924736,70.0023116052619
924737,69.44605175550569
924738,70.44732545670972
924739,72.93011099849977
924740,72.85069753519711
924741,71.83750575764046
924742,70.4589202538316
924743,64.40732011259041
924851,10.468596876647164
924852,18.358487990131724
924853,30.538269053368833
924854,46.256466646588834
924855,59.040659010058825
924856,65.10399810354114
924857,67.09438506965824
924858,68.19173499925634
924859,70.00045181450741
924860,69.46142446645348
924861,69.28034799232573
924862,70.0117561964745
924863,71.58878475492125
924864,72.42607088200344
924865,71.43267250589926
924866,71.65981160715394
924867,72.72078765366804
924868,71.55035168417595
924869,71.28181700571022
924870,73.29249662558347
924871,70.00441462605733
924872,58.41709554217261
924979,11.379638925973754
924980,19.894110524980483
924981,33.16462081363086
924982,49.13872998298306
924983,61.49065620436202
924984,67.55145464772265
924985,70.19008044214608
924986,71.31723459750648
924987,73.06778694992141
924988,72.42457452704983
924989,71.1053423107922
924990,71.6827243979223
924991,72.83248989712922
924992,72.83458706860526
924993,71.91885279141769
924994,72.26764380561924
924995,72.88252080921104
924996,71.65746202864973
924997,70.71709060869527
924998,73.40890182850144
924999,72.53335810542187
925000,63.9163943675081
925002,44.52972233828767
925106,5.707417793386863
925107,12.805135640390764
925108,24.473160946219775
925109,38.78600381910691
925110,54.38054701569695
925111,64.69575913770971
925112,69.84355177215214
925113,72.4927565814839
925114,73.43630772942356
925115,74.34133612380485
925116,73.56097232329282
925117,72.33500253667651
925118,72.47123945610228
925119,73.07646897401317
925120,73.04759245325734
925121,72.51861192968855
925122,72.82252790591293
925123,73.4776550463008
925124,71.87133115388924
925125,70.9296260140512
925126,73.29548737130585
925127,73.46576382000237
925128,68.33417532772647
925129,62.52247945750068
925130,53.58631603062004
925131,40.04034380922309
925234,5.997413627347357
925235,15.963037716937032
925236,32.22509986447707
925237,48.34504613658186
925238,62.0649630095595
925239,69.15380774443655
925240,71.10796432984523
925241,72.60243083154998
925242,73.65426635294237
925243,74.42604766697372
925244,73.41677441576347
925245,72.87705784957464
925246,72.45802332096157
925247,73.17690092164221
925248,73.48928922536635
925249,73.06911899979268
925250,73.38650487847009
925251,73.451159531593
925252,71.60360914715488
925253,71.0402952999292
925254,72.98041768849262
925255,73.47696895378995
925256,70.69102360818506
925257,66.71478280382362
925258,59.91227171536892
925259,46.61970786854329
925361,2.5740596647454046
925362,8.753989522927158
925363,22.611629105247882
925364,43.258278877489616
925365,59.909936287097
925366,69.99999970682508
925367,72.24306254674318
925368,71.70864004592767
925369,71.52887423767682
925370,72.54032429835105
925371,73.54432927577773
925372,73.06507685315492
925373,72.63471570568835
925374,72.73821380932944
925375,72.92647572328246
925376,73.48546097900717
925377,72.87578446660345
925378,73.17554383281677
925379,73.00753001493409
925380,71.9709114864425
925381,71.42710341177239
925382,73.01742109424029
925383,73.8288906818724
925384,71.68395665049651
925385,68.6970561775543
925386,63.95111978352095
925387,53.84604094410271
925489,3.8648865162527444
925490,13.046674509928618
925491,30.835492492404732
925492,52.92314114713072
925493,67.7202916280849
925494,74.06429549257602
925495,73.63153237676387
925496,71.52161518607953
925497,70.8837453598032
925498,71.2402933657161
925499,71.84862545935289
925500,71.54678451899801
925501,71.4974409232164
925502,71.95991605132312
925503,72.48595571588825
925504,72.40166999909385
925505,71.95578723661575
925506,71.88787297731542
925507,71.6079262774447
925508,71.73465858558113
925509,72.20192173014661
925510,72.9595768215581
925511,72.70007524353147
925512,71.0075164304142
925513,68.27573665058712
925514,64.42810762335236
925515,57.101794248853636
925617,3.939130799647819
925618,13.506207350160034
925619,32.03186263174088
925620,55.26125332686263
925621,70.00017976104917
925622,74.78890497390553
925623,73.42039645823415
925624,70.69279096757629
925625,70.16542029404748
925626,70.39550296836232
925627,70.60351529429161
925628,70.29198184993507
925629,70.1536607674117
925630,70.69368661326736
925631,70.92102084642941
925632,71.39298415888831
925633,71.27954822318175
925634,70.84645851752386
925635,70.92026091730109
925636,71.86657044390401
925637,73.2379108618418
925638,72.70509608413784
925639,72.35082758106037
925640,70.48735369433359
925641,67.05947835174467
925642,61.938715468498835
925643,54.32390028289324
925745,3.383324265262737
925746,12.073688017404558
925747,30.521703819193203
925748,54.66190284700051
925749,70.277875599762
925750,74.82549267715241
925751,72.99897704262315
925752,70.68189311063246
925753,70.11506053165273
925754,70.64083015635462
925755,70.83626192915686
925756,70.20751238105656
925757,70.019770560994
925758,70.14637441609972
925759,70.20256319367064
925760,70.533530909393
925761,70.33648243699561
925762,70.47149717700293
925763,71.00688830632173
925764,72.54445878416506
925765,73.17086071102433
925766,70.91010552995296
925767,69.6788676588084
925768,68.79171431334714
925769,64.6619030133177
925770,57.8832580110743
925771,50.29514048589738
925873,3.321979735101739
925874,11.998085656203338
925875,30.424815252030935
925876,55.032819557536044
925877,70.00184909085189
925878,73.65214669143775
925879,72.42192567318244
925880,71.08297322129599
925881,71.56907532162829
925882,71.78530211477974
925883,71.44301512980911
925884,71.23162933942211
925885,71.13919864159777
925886,70.29105647441308
925887,70.61799514944175
925888,70.51459820796758
925889,70.14975715517984
925890,70.33477785266324
925891,71.27288251837015
925892,72.16367633562191
925893,71.16200024476018
925894,66.69206427928165
925895,64.25368133012881
925896,64.53171189908127
925897,61.088875250136184
925898,54.04295459175862
925899,45.48295281989882
926001,3.528553426001854
926002,12.241891496367044
926003,30.38793059005189
926004,54.506235193346946
926005,70.0771544992073
926006,73.55650140585702
926007,72.8112050295198
926008,71.96132581284917
926009,72.19128031554102
926010,72.6909541593802
926011,72.61054232439764
926012,71.6392003731377
926013,72.08227702365635
926014,71.59258124682742
926015,71.25682349354618
926016,71.14492278789388
926017,70.41034185676027
926018,70.03364459704399
926019,70.9816873578212
926020,70.57704018643487
926021,67.72980008290178
926022,61.65587726058615
926023,59.04839847889693
926024,59.40865606757278
926025,57.23040307363455
926026,50.8305133129211
926027,41.88553247925376
926129,3.195257272043564
926130,10.92998834587956
926131,28.646847614854074
926132,52.984705281712884
926133,69.53059705373535
926134,73.8409128563823
926135,73.25797223118607
926136,72.25171492369505
926137,72.49187714659985
926138,72.77646652366674
926139,71.99861466773216
926140,71.43459736547182
926141,71.77003399900762
926142,71.98121779772113
926143,71.48298018834844
926144,71.48619532479137
926145,70.24652886304985
926146,70.28596863505341
926147,71.08290723089226
926148,69.94019416160312
926149,65.54491597785253
926150,59.695150642504565
926151,57.68780950175275
926152,58.005317967850644
926153,56.00069376739031
926154,49.571949406566006
926257,2.2062745391671914
926258,8.145012491716036
926259,23.931957591089567
926260,49.82092053318764
926261,68.55710699524819
926262,73.56463248403011
926263,73.49648889003267
926264,72.45868757464886
926265,72.26037995376367
926266,72.24630347682114
926267,71.44550690363786
926268,70.4889643119001
926269,71.31481151515091
926270,71.8001383823662
926271,71.96559223262027
926272,71.56865440505172
926273,71.00014566516046
926274,70.88024157270692
926275,71.84513294755723
926276,70.07998378791261
926277,66.24045901803035
926278,61.12185783442109
926279,59.39196620947763
926280,59.435438170254486
926281,57.62038503101658
926282,51.11435099243482
926385,1.4707789847653006
926386,5.851195428481155
926387,20.62703327138228
926388,47.89262982534337
926389,67.86416790990789
926390,73.56643143637477
926391,73.60614307068585
926392,72.75618939000063
926393,72.01155691708277
926394,71.87838932900112
926395,71.31608672100522
926396,70.96372506127352
926397,71.98336822660224
926398,72.5677689466421
926399,72.48159384267349
926400,72.19204384654348
926401,71.48097362449032
926402,72.06025880351355
926403,72.42499539987551
926404,70.87492805023716
926405,66.95207942474734
926406,62.50629379355753
926407,60.7764159996584
926408,60.57464947897719
926409,58.36923383760743
926410,50.680857446490855
926513,1.3088509088169349
926514,5.58151443935208
926515,19.654903791603427
926516,45.76889664042975
926517,66.50293330628104
926518,72.50394810512925
926519,73.52947744438937
926520,72.75616988868033
926521,72.43998754884622
926522,72.37616920980231
926523,70.93868554166734
926524,71.42743937070566
926525,72.08496576071326
926526,72.77192187167648
926527,72.70501815792935
926528,72.535877170185
926529,72.19595747323808
926530,72.50116384252452
926531,73.5204867208198
926532,71.96929136500434
926533,67.66727217026347
926534,62.796914013180384
926535,60.550256060036546
926536,59.06979877963454
926537,55.7036597914502
926538,46.91297169309877
926641,1.2912526571525764
926642,5.10153429010475
926643,18.346706202067924
926644,43.07038065438546
926645,63.0019994378056
926646,70.04866033274124
926647,71.61452509252521
926648,71.51030568625991
926649,72.16734934080434
926650,72.0888278017315
926651,71.21977324840825
926652,71.77986830241669
926653,73.45491802667378
926654,73.10728924487472
926655,73.25553869305082
926656,73.50237695457795
926657,72.83497027183296
926658,72.50643613467663
926659,73.88013094271558
926660,71.9610240156754
926661,67.58077129770975
926662,61.61223374440744
926663,58.15548784528741
926664,54.580217206026255
926665,49.28061408566636
926666,40.91276850807604
926769,1.2247891390244807
926770,4.861179700008649
926771,15.97500105925435
926772,37.63315786612612
926773,56.931128763122516
926774,65.88444982464232
926775,68.6323745188475
926776,68.86622256881083
926777,69.92834866190502
926778,71.09873108289915
926779,71.05473191041247
926780,71.90519044634277
926781,73.27648275028179
926782,72.97304926888022
926783,72.78704212128375
926784,73.66408217840497
926785,72.87357533746665
926786,72.8782146196157
926787,72.72055368599372
926788,70.37479804134038
926789,65.11631026228191
926790,58.44164348779639
926791,53.46508759053579
926792,48.555261820623315
926793,43.22933916554384
926898,4.440128930654292
926899,14.82669504827948
926900,34.316539943737304
926901,53.20955310861219
926902,62.99719322095705
926903,65.97793633489388
926904,65.34443191876893
926905,65.86789539486233
926906,67.59035390255193
926907,68.68549704342388
926908,68.59207043473772
926909,69.24400144547515
926910,70.4703892428837
926911,72.02742368720634
926912,72.70197435056038
926913,72.55002263177248
926914,71.49386630524307
926915,70.00890965915734
926916,66.31338243623627
926917,60.56033702745018
926918,53.795718880115516
926919,48.29594460449953
927022,0.06096504298201691
927023,0.22873492027451028
927024,0.3608248321364026
927025,1.2378340485568047
927026,4.459728035881929
927027,14.072790551062724
927028,32.86702981067831
927029,51.478294148691425
927030,61.75244730775502
927031,64.4270603730187
927032,63.1407810125209
927033,63.006523018149586
927034,65.0438358486929
927035,66.18857533514976
927036,65.54330297694982
927037,65.61469662968061
927038,67.63557234303967
927039,69.51682651393568
927040,71.13045339473338
927041,70.3750485530927
927042,68.8686947621308
927043,65.60398800850265
927044,61.16584576990696
927045,54.95464108941959
927046,47.95960664554033
927148,0.042231852619841345
927149,0.055258542115692796
927150,0.06622082323995472
927151,0.16114447698161127
927152,0.4212475338148787
927153,1.2380503347339349
927154,4.267128584827633
927155,12.817552740388471
927156,30.63086459214773
927157,49.31872790197731
927158,58.773557242922706
927159,61.50135129609954
927160,60.44271154828456
927161,60.16477339863152
927162,62.44488406896056
927163,64.01539588231708
927164,63.00579675068005
927165,63.35591167671485
927166,65.59313878620516
927167,66.98621110251261
927168,67.05936791319724
927169,65.60108797872536
927170,63.09205817255791
927171,59.32392622722902
927172,54.26464529501767
927283,11.913525518634833
927284,27.95023257724055
927285,45.13018789003208
927286,54.256202996562735
927287,58.08870899354082
927288,58.16443873878227
927289,57.77633861850221
927290,59.48829837859218
927291,60.70384538021501
927292,60.0541353741477
927293,60.282221148765856
927294,61.86163011587872
927295,62.2744430835942
927296,61.14476674552368
927297,58.4360690940977
927298,55.04141763087983
927299,50.652038111794305
927413,40.94740648504095
927414,50.76866597946269
927415,55.97006551810603
927416,57.20696577310329
927417,56.26629225817936
927418,57.44959741482773
927419,58.0467764270607
927420,57.07389664471983
927421,56.29713699238968
927422,56.895275641770844
927423,56.72527028099129
927424,55.33935121126713
927545,52.700133824839114
927546,53.31642320217418
927547,53.74075603269209
927548,52.637412887982855
927549,51.16631411364655
927550,50.328812096460716
940082,6.163393998006159
940083,11.406145234546004
940462,0.0834833226615372
940594,3.538154475484901
940595,7.924305119021485
940596,14.700855632998284
940597,21.616301580504977
940598,30.17146113731698
940600,44.51617353914594
940601,46.535391982312206
940602,46.56767429891291
940603,47.22435369770231
940604,46.56252986826591
940605,44.95135616121248
940606,43.305562030234086
940607,41.833918413679086
940608,41.64432123037358
940609,45.190206182063605
940610,49.791362543095005
940612,54.04534399512497
940723,7.611998838307555
940724,14.1756249882141
940725,21.68063791101153
940726,31.950121032427408
940727,43.22954016965349
940728,51.1509930935381
940729,53.22308646175024
940730,53.41536064748216
940731,54.746171965813645
940732,54.31871033867969
940733,53.45093356931074
940734,52.90438544478311
940735,52.153379056821244
940736,52.35892101676213
940737,54.26275092978622
940738,58.32121217822537
940739,62.65613368991963
940740,63.408551286966386
940741,58.59789195550646
940742,47.12886244233392
940851,7.338965119266472
940852,13.722906466002117
940853,21.920303266043653
940854,33.9930751612502
940855,48.09868249501892
940856,57.49072094075311
940857,60.29016477851301
940858,60.09059660541231
940859,61.17974033919631
940860,60.818642830863354
940861,60.49285316825138
940862,60.61348487380973
940863,60.78142135081849
940864,60.93779955376811
940865,60.71577517162067
940866,63.89353706201207
940867,69.25363402211624
940868,70.14076794689045
940869,65.59592016568297
940870,55.614623921837776
940979,7.570345281075759
940980,14.104426168447217
940981,23.78980212274807
940982,37.83273454161258
940983,52.30989669322754
940984,61.77006404373981
940985,64.44362076735182
940986,63.75493794602974
940987,64.1150873932923
940988,64.40021810470385
940989,64.53520324870242
940990,65.52813373887773
940991,66.37484053218267
940992,66.65426761484228
940993,65.90366013211624
940994,67.6971468200035
940995,72.13347699339876
940996,72.65499060808527
940997,70.00104762066903
940998,64.85989123147255
940999,57.11981323092751
941107,8.189832804987068
941108,15.22135034999983
941109,27.079491313075366
941110,43.51827659266401
941111,57.458830736567585
941112,65.27923485088311
941113,66.64979115516128
941114,66.23904080610356
941115,67.12127122459611
941116,67.63442862106787
941117,68.20518423448337
941118,69.29719509762997
941119,70.56363762000004
941120,71.0996238540629
941121,70.00174511882273
941122,70.9392240084349
941123,72.77401714309494
941124,72.44919801577076
941125,71.3948337106176
941126,70.46731961021302
941127,65.38094258271649
941128,54.943657026904056
941235,8.876276146000059
941236,16.31876688518156
941237,29.194650915789552
941238,46.332565463720684
941239,60.09737822261021
941240,66.79204932584732
941241,67.79671599585498
941242,69.31818778825706
941243,71.58980311686268
941244,70.89029556602696
941245,70.00853750980512
941246,70.90511325169656
941247,72.15463090536444
941248,73.0922938111673
941249,71.84750570551253
941250,71.89556533701047
941251,72.8083063772439
941252,71.86525904899645
941253,71.40675436710788
941254,72.67903824481421
941255,70.00088649259995
941256,60.6360466358933
941363,9.467387584670266
941364,17.91411217855602
941365,31.47280091179835
941366,48.48242186751972
941367,62.107038818566984
941368,68.57207509001164
941369,70.79392645313567
941370,72.0135489424421
941371,73.92065744742396
941372,72.80090735567333
941373,71.2333277685346
941374,71.49766981144717
941375,72.41489546541378
941376,72.95289843412945
941377,71.96245232161311
941378,72.12892356422111
941379,72.92530480717258
941380,71.93491850088115
941381,71.51241303814936
941382,73.38280986358296
941383,72.40862331999335
941384,66.184801743787
941385,59.9063112336606
941386,52.04681812715981
941387,39.93233119400222
941491,10.656396209443862
941492,22.53357572759366
941493,37.144508943136785
941494,53.27648256127893
941495,64.57231612736632
941496,69.9207608925746
941497,71.99191960163795
941498,72.95809778458178
941499,74.28904721592495
941500,73.25755742481398
941501,71.85772032008327
941502,71.93424381263782
941503,72.60858286066737
941504,73.01170775295242
941505,72.499496895408
941506,72.52196388434521
941507,72.9641824917813
941508,72.10759567713777
941509,71.55444846678128
941510,73.46379807878208
941511,73.60960029779153
941512,69.71607720980778
941513,66.08706886143597
941514,59.027038697387276
941515,44.821960468159546
941618,5.023263333371211
941619,14.479458598239091
941620,30.797441964657086
941621,46.394431783009615
941622,59.56991613403249
941623,67.28941501383585
941624,70.17763212969697
941625,71.433787248016
941626,72.72962213059368
941627,74.07180190803317
941628,73.19984558220739
941629,72.58005412955596
941630,72.6491748861569
941631,72.65092047570121
941632,73.48552390757571
941633,73.11878120287575
941634,73.31408042015828
941635,73.48477715836461
941636,72.21281026013312
941637,71.83119941916966
941638,73.38368749870611
941639,73.79752940777176
941640,71.77026089910143
941641,69.50689093657745
941642,64.52496970322177
941643,52.377622765368685
941745,2.3628111067890494
941746,8.073869710045935
941747,21.46967036347346
941748,40.6178612671577
941749,56.09873062073014
941750,65.73804822236946
941751,70.15904469638798
941752,70.86048714629331
941753,71.07065871743922
941754,71.68595239767019
941755,73.047583381492
941756,72.98646187713344
941757,72.78007597288101
941758,72.87284351783447
941759,73.07845993037915
941760,73.2787291430934
941761,73.16927616963812
941762,73.20279485701714
941763,73.47425470895335
941764,72.37415343153101
941765,72.40708971600772
941766,73.04596409877107
941767,73.05775976395002
941768,71.49517373324687
941769,70.45267167161226
941770,68.47875383219431
941771,61.573072367480094
941873,3.6473942607283187
941874,12.380724554216883
941875,28.36489188337073
941876,48.12733251491403
941877,62.877236254550056
941878,70.7736262195198
941879,72.54953742608825
941880,71.58197510744772
941881,70.6234871126278
941882,70.85508770584899
941883,71.91018196178969
941884,71.1293279970921
941885,71.2051621969734
941886,72.04655321127176
941887,72.34550636700132
941888,72.4929751064606
941889,72.10042735128815
941890,72.28652364527878
941891,72.38896749766789
941892,72.63253935188027
941893,72.67494221995288
941894,72.6276866361293
941895,71.653862947037
941896,70.22716065022237
941897,69.07271181948623
941898,68.03042976806532
941899,62.99300078971522
941900,47.528663895305606
942001,3.7131798165690975
942002,12.4066459001884
942003,29.31622911430537
942004,51.358355511719665
942005,66.67560615887592
942006,73.47421790130865
942007,73.32881652908878
942008,71.3182030917207
942009,70.10166842384409
942010,70.20707903694651
942011,70.81412697184325
942012,70.01475593621258
942013,70.30412066396705
942014,70.52158221768981
942015,70.63150783628396
942016,70.94695443882783
942017,70.94325140480703
942018,71.6507880314211
942019,72.08021612219021
942020,73.13101202003821
942021,73.99892234218704
942022,71.994812631528
942023,70.19193593938668
942024,68.5144799790777
942025,66.5222268316683
942026,63.00153648636291
942027,57.71933944724415
942028,43.871844028811395
942029,21.26839446347686
942129,3.3953636372335807
942130,11.487460756780697
942131,28.625201844026154
942132,52.67638726642827
942133,68.45975228364094
942134,74.41102156906766
942135,73.89210327532427
942136,71.43947706626525
942137,70.09796759210333
942138,70.00199703178015
942139,70.55936100378106
942140,70.3061793672665
942141,70.17293561690065
942142,70.15490072101673
942143,70.1515270346958
942144,70.089666280788
942145,70.39837521224307
942146,70.63801758439645
942147,71.80303030139979
942148,73.27950547597875
942149,73.49003436235381
942150,70.00034387737651
942151,67.35385785566116
942152,66.15603443294125
942153,63.00238888731184
942154,57.730931405724796
942155,51.78503601905585
942156,39.75445818575499
942157,19.48119018855497
942257,3.396642848539801
942258,11.6405080496234
942259,29.361415900128083
942260,53.46500812035002
942261,70.00001439561684
942262,74.74190816319962
942263,73.34272159728988
942264,71.02672755223315
942265,70.10230212506154
942266,70.93576710991891
942267,70.97300175194715
942268,71.0299762448991
942269,71.32067069564508
942270,70.6038658327886
942271,70.41139932654583
942272,70.41959712942433
942273,70.11092414453175
942274,70.31572483151315
942275,71.06099079584604
942276,72.23131096630095
942277,70.35993106510922
942278,65.21037881134235
942279,61.95179729535364
942280,61.67431674072402
942281,59.07339128914602
942282,54.216254933115415
942283,48.23584033466623
942284,36.98403740761708
942285,18.28792099983465
942385,3.559915178561463
942386,11.938743213368584
942387,29.47117384879894
942388,53.642354235574714
942389,70.00094662952975
942390,74.55181589380506
942391,72.98014566425361
942392,71.15129106073735
942393,70.437629821552
942394,70.62403343136333
942395,70.83650077908953
942396,70.8688242171914
942397,71.65754470924746
942398,71.71812701595022
942399,71.21482378094485
942400,70.85833225595248
942401,70.06495284135322
942402,69.74886923440489
942403,70.42826301021093
942404,70.04310300458901
942405,66.47778323507156
942406,60.26240044105324
942407,57.00890191424674
942408,57.160397700112355
942409,56.452967963805946
942410,53.11413011816096
942411,47.21175317396871
942412,36.134274897264966
942413,17.87610155020957
942513,3.170725336360333
942514,10.75840510684434
942515,27.592510043595738
942516,51.800982912367985
942517,68.47064420595534
942518,73.96822266237149
942519,72.75318333473749
942520,71.19191158286056
942521,71.09606351298144
942522,70.69380754324962
942523,70.30941558775524
942524,70.08248903242236
942525,70.95755486860328
942526,71.73840206692489
942527,71.87563338314826
942528,71.56188318532755
942529,70.53663866521005
942530,70.32997728844644
942531,70.93470361249739
942532,69.34673563157747
942533,64.88652345984366
942534,58.99326754801496
942535,56.40894370024103
942536,57.230304625755025
942537,57.45064018288004
942538,55.10361473119689
942539,48.217854710016184
942540,36.2072061168077
942641,2.1387552518040915
942642,7.842379285073804
942643,23.1489015491657
942644,48.66043242780939
942645,67.4520218779916
942646,73.47206507534773
942647,73.40980307322792
942648,72.01978051322382
942649,71.01208966535958
942650,70.99528464557237
942651,70.36624067988251
942652,69.80995015487213
942653,70.985076233378
942654,71.60067866548239
942655,71.79704143850209
942656,71.98015461606762
942657,71.17919977177958
942658,71.15688695413706
942659,71.42536098259075
942660,70.1202612966695
942661,65.94995947937655
942662,60.4844368146574
942663,58.76442289626371
942664,59.93694950816771
942665,61.04667944553789
942666,58.67314087931912
942667,50.50588011211551
942769,1.4234135009155024
942770,5.531747046025402
942771,20.213449254244097
942772,46.169569766035735
942773,67.0439028551955
942774,74.3182590589736
942775,73.9164892684423
942776,72.74939816515702
942777,71.6602734682425
942778,71.64909467777086
942779,71.05998223811686
942780,70.16905927944077
942781,71.25611123982293
942782,71.57819559775716
942783,71.42327070542196
942784,71.56399466152702
942785,71.20296832940302
942786,71.52572657065203
942787,71.99215061704285
942788,70.63349054334826
942789,66.74068474619358
942790,62.113837181961465
942791,60.37398316114679
942792,61.73979359366949
942793,62.913540036222365
942794,59.891972729515146
942795,49.10307905542953
942897,1.1259324076004498
942898,4.838325743672166
942899,18.967199877300168
942900,44.6024538152414
942901,66.13176739957521
942902,74.11215449134127
942903,74.17172455024343
942904,73.49337231694595
942905,72.73307173734004
942906,72.15543420912135
942907,71.33088331699261
942908,71.25044877620964
942909,72.15495890077378
942910,71.90904055008615
942911,71.75992414473514
942912,72.25859827841899
942913,71.73262706552882
942914,72.25736799992067
942915,73.12208864877707
942916,71.48580370403351
942917,67.38270418864539
942918,62.5111513237413
942919,60.35743015852227
942920,60.35638465926548
942921,60.64393722433848
942922,56.00039427716616
942923,43.91127782557342
943025,0.8878110981437161
943026,4.418166949897941
943027,17.115112112800947
943028,41.369415945478
943029,62.77211535145491
943030,71.75790832638982
943031,73.46697792864661
943032,73.33848207020135
943033,73.7236459022548
943034,73.27910297001677
943035,71.62393160855042
943036,71.55437062041418
943037,72.30764595798064
943038,72.26771481347875
943039,72.48360116783594
943040,73.02320315569175
943041,72.32747525441319
943042,72.64362982120981
943043,73.49613405373933
943044,71.29115167257301
943045,66.75865513584334
943046,62.122377561092414
943047,59.063861765673344
943048,56.772868332948505
943049,54.37450217101003
943050,48.9184565731037
943051,38.83528288012057
943154,4.0018307168890415
943155,14.930635728596318
943156,35.961321239938
943157,56.769029046019554
943158,68.07649622620318
943159,70.78426125769826
943160,71.25849677022138
943161,72.59435169702094
943162,72.78547834682989
943163,71.57554800077406
943164,71.78905799306655
943165,72.49829536280122
943166,72.24620970624412
943167,72.42899040722344
943168,73.38584707561893
943169,72.6266501346653
943170,72.51424045418214
943171,72.65117653146915
943172,70.001007349281
943173,65.49053886339773
943174,59.985414536450605
943175,56.000916682225665
943176,52.13634418965008
943177,48.28786214666185
943178,43.076806165078494
943282,3.705829368781704
943283,13.43198783418362
943284,33.09966274031791
943285,52.55283492617996
943286,64.72306456951394
943287,68.12934375423926
943288,67.74040041574459
943289,68.24893001254306
943290,69.48815934198005
943291,69.75249069675041
943292,69.09805507068047
943293,69.03123413451759
943294,70.01740469558712
943295,71.30048898985828
943296,72.83469472201806
943297,72.18685965078683
943298,71.24748640846606
943299,70.24164085586716
943300,67.0545318088421
943301,61.97120964470753
943302,56.01026473239336
943303,50.76600495953897
943304,46.6070199619806
943409,0.903079624364416
943410,3.5417680160686675
943411,12.69053296545118
943412,31.608755519079182
943413,51.358777945237904
943414,62.99656710301199
943415,66.33620819301863
943416,65.50516495958036
943417,65.34386822361913
943418,67.19606641608937
943419,68.08164879671645
943420,66.60091787927882
943421,66.4162926720008
943422,67.72419662416239
943423,69.51794913957139
943424,70.92574149902708
943425,70.00140355564716
943426,68.42223669318243
943427,66.29524697215912
943428,62.487117994290465
943429,56.54211442935989
943430,49.998225629414605
943532,0.04218782742321409
943533,0.04652559558777934
943534,0.06542965718376473
943535,0.13397764756465524
943536,0.2852330239925639
943537,0.8509280084909083
943538,3.2210805776149676
943539,12.093681729178885
943540,29.939237133770046
943541,49.221082965927266
943542,60.99664284062116
943543,64.67656341976456
943544,63.99893384096468
943545,63.79166017713687
943546,65.51923686765195
943547,66.68112936897565
943548,65.43827425605882
943549,65.18467166536948
943550,66.4807630276557
943551,67.46023942996582
943552,67.82543962603503
943553,66.23533990486374
943554,63.83708755672927
943555,60.669661223709426
943556,56.26477509282485
943667,10.856779920124493
943668,27.206123943782025
943669,45.100191781594596
943670,56.140592147784986
943671,61.13415517853975
943672,61.831105586163524
943673,61.55722113179294
943674,63.018557959047406
943675,64.67978092572022
943676,63.60540265711657
943677,63.4809895222105
943678,64.37312351659784
943679,64.30439230460186
943680,63.21681471354152
943681,60.45024846008908
943682,56.98661888209183
943683,52.33164787187469
943684,47.876834417436655
943796,23.609136997811234
943797,39.61115194662159
943798,49.866901255930756
943799,55.114160044870225
943800,56.717615017286946
943801,57.43224127989062
943802,59.30020773476081
943803,61.122953488544454
943804,60.83113439206015
943805,60.41134542265137
943806,60.60918332417556
943807,59.72558040342796
943808,57.89314675302084
943926,40.553294178312186
943927,46.177127546984984
943928,48.32882854087499
943929,49.37464880883137
943930,52.698148704625545
943931,55.67896168485239
943932,56.37160695427481
943933,55.73418244324449
943934,55.32875009380325
944059,46.36990418645888
944178,2.4261945095083464
944306,2.5788161856257683
956466,3.521071918321475
956467,8.059092599282087
956468,13.845722018525445
956846,0.0875369428206086
956858,42.828330100339635
956860,41.51763581942495
956861,39.50352806919602
956862,37.12237676118377
956863,35.417282543947934
956864,35.8088926294559
956978,2.4358415415737973
956979,6.369748676632413
956980,12.284817593180202
956981,18.83544690285429
956982,27.682832878385383
956983,37.244712254736655
956984,45.06366026223143
956985,48.45233252435331
956986,49.67961550630065
956987,51.43276185667856
956988,50.5612449216911
956989,48.393018698414494
956990,47.69720291679659
956991,46.601023218880606
956992,46.09725974043861
956993,49.05025010599722
956994,52.589220407435384
956995,54.51300215533514
956996,53.94804168093294
957107,6.211750085814835
957108,11.820111630895283
957109,19.32480532177618
957110,30.516843926568615
957111,44.00570227799038
957112,54.11543296161236
957113,57.27497201342014
957114,57.667441562824074
957115,59.328483704572896
957116,58.8684805409161
957117,57.423897331958706
957118,57.588351946551875
957119,57.0827765764177
957120,56.834334900666185
957121,57.04036913500249
957122,59.80332363368575
957123,63.082193259037425
957124,63.20197373582702
957125,58.57778697114737
957126,48.32094345784106
957236,12.238800366372601
957237,20.36658655151486
957238,33.317223318605876
957239,49.49821666007256
957240,61.023427437204695
957241,64.02583512903861
957242,63.24094907451903
957243,63.63389708074268
957244,63.60780525068672
957245,63.25210123974349
957246,63.35123004262343
957247,63.837749978665734
957248,63.00168754388513
957249,61.943575304284856
957250,64.00960857645725
957251,68.97729474368843
957252,69.63574843615784
957253,65.76329882583397
957254,57.93269618253458
957363,7.211722204884991
957364,13.493371645881922
957365,23.306556591944503
957366,38.61310998366368
957367,54.224105512603
957368,64.77039398460853
957369,66.90184261804035
957370,65.75604246844797
957371,66.09566578298337
957372,66.13674856525482
957373,66.46012861132692
957374,66.97432413683937
957375,67.74353099383096
957376,67.55611857332514
957377,66.36330208816838
957378,67.7857584517219
957379,71.55637623792465
957380,71.88184989993255
957381,70.16837940188543
957382,66.71233627167382
957383,60.2393632253367
957384,50.848701720977495
957491,7.828028544571872
957492,15.020863208530224
957493,27.068385262578108
957494,44.77286037436769
957495,59.94855653423892
957496,67.61620877362384
957497,68.37303138137123
957498,67.48564875362129
957499,68.33107784898955
957500,68.61429606952709
957501,69.22542476039186
957502,70.01050539955995
957503,71.22398560501284
957504,71.58619087286108
957505,70.51533713360486
957506,70.66078485776109
957507,72.52471118637894
957508,72.15847770754492
957509,71.2025970561577
957510,70.99459839286342
957511,67.39113556603401
957512,57.89664133904473
957619,8.19598154603163
957620,15.790427345567482
957621,28.948892578074886
957622,47.07040996331414
957623,61.53265362524262
957624,68.59777614901618
957625,69.4434419005755
957626,69.55289211229055
957627,71.66090998646011
957628,71.73133697037493
957629,70.7013855639098
957630,71.29961929457578
957631,72.26704843621995
957632,72.73948724014039
957633,71.89580512130412
957634,71.91552026479896
957635,72.50904379053732
957636,71.49791670831975
957637,71.41286727618714
957638,73.08852186741201
957639,70.94910143689096
957640,63.80312427331035
957641,56.971837780047274
957642,50.58841522340756
957643,41.392522409539254
957747,8.273685562390336
957748,16.719858835294424
957749,30.859030172385552
957750,48.982522416060455
957751,62.73622479961227
957752,69.57272251515612
957753,71.09468859061701
957754,71.46920891659968
957755,73.45804908561566
957756,72.85829035278438
957757,71.18234079858222
957758,71.06247413332095
957759,71.96256263480515
957760,72.42557427587965
957761,71.9201294099215
957762,71.78789012121014
957763,72.1935932218609
957764,71.55727543893818
957765,71.69679179740034
957766,73.11979253011312
957767,72.15821126728848
957768,67.2810081764069
957769,63.00033951653868
957770,57.168244742916805
957771,46.01117254919417
957875,10.284825626036193
957876,21.709877094233356
957877,36.453450665176916
957878,53.18553533947272
957879,65.17998052696639
957880,71.08024486851073
957881,71.90116751263656
957882,72.32076030782058
957883,73.8172676339805
957884,73.05916776194195
957885,71.57313340170728
957886,71.32282386571937
957887,72.01373918022261
957888,72.70355060368233
957889,72.45340311917955
957890,72.59177910665535
957891,72.77074376251382
957892,71.71774225742041
957893,71.6454234061866
957894,73.28374618099109
957895,72.9253215563548
957896,70.06561910200692
957897,67.58212239802569
957898,63.0002379956098
957899,51.36952667030922
958003,14.947491050926217
958004,30.87210028600679
958005,45.582690897619266
958006,58.57809924421917
958007,67.40101470102036
958008,70.96032165730992
958009,71.44941755116444
958010,72.00407089125223
958011,73.77766527468835
958012,73.33529332730868
958013,72.47334903243959
958014,72.38162528488522
958015,72.89361435921204
958016,72.98516055780783
958017,72.53507305706984
958018,73.40471900780683
958019,73.50037012947331
958020,72.58846312203146
958021,72.4213456058575
958022,73.49050490840712
958023,73.64984408971814
958024,71.19993722782738
958025,69.70681016003518
958026,67.3208906076489
958027,58.77722476418105
958130,8.00322235415595
958131,20.686254447637655
958132,39.13829601473147
958133,53.345018749401376
958134,63.042997512893486
958135,69.05427661115252
958136,71.60398856099604
958137,71.1526649248639
958138,71.37707453647145
958139,72.92244205055665
958140,72.80889028815497
958141,72.790485158222
958142,73.03067307163927
958143,72.75745010275864
958144,72.8480572634053
958145,72.6020078847653
958146,72.9727859756569
958147,73.34405504691621
958148,72.6577144869831
958149,72.42649354265197
958150,72.93468254105639
958151,72.57669087822835
958152,70.75935573987252
958153,69.96754771330411
958154,69.40524755819047
958155,65.12734310603142
958156,49.83649891248894
958257,3.695934344629126
958258,11.906696328580548
958259,26.17535527774162
958260,44.04834561602592
958261,57.58748207181641
958262,67.25143399754326
958263,71.70481062867617
958264,72.19115770066387
958265,71.28017295808445
958266,70.83722051961888
958267,71.68965603081804
958268,71.27933202467226
958269,71.40945420500692
958270,71.94803484703309
958271,72.3270601084821
958272,72.39507222602958
958273,72.37956926110742
958274,72.25281243250156
958275,72.9848709471265
958276,72.5097458251897
958277,72.71172314746734
958278,71.4677489301376
958279,70.11268548971515
958280,68.16618507118721
958281,67.32762248561114
958282,67.12503144137156
958283,64.40220969913038
958284,50.09929283755938
958285,23.935946425056954
958385,3.7195464003933236
958386,11.924909225130465
958387,26.909303158804182
958388,46.22062509101416
958389,60.84485211947088
958390,70.0001108380841
958391,72.74769841916063
958392,72.26124064807222
958393,70.79129613536105
958394,70.35763522302952
958395,70.6405156741806
958396,70.02965926563255
958397,70.27059675179109
958398,70.93500949826587
958399,70.99573206157667
958400,71.16881132407272
958401,71.21644531709778
958402,71.70694345175598
958403,72.52655626188941
958404,72.78117879004134
958405,72.7497731905356
958406,70.22057281814749
958407,67.71885398888938
958408,65.56628284850153
958409,63.63994566099571
958410,61.41859387845333
958411,57.543484823371095
958412,45.02153373540166
958413,21.774944591293263
958414,6.384202598615178
958513,3.243734614847776
958514,11.269653924424123
958515,27.192794148055437
958516,48.80266597386682
958517,64.34574602359014
958518,71.60476906007476
958519,73.041542845881
958520,71.44943535545524
958521,70.2018948272949
958522,70.32739395196194
958523,70.34973121891665
958524,70.36328314769179
958525,70.4230637105563
958526,70.60983461807595
958527,70.30011847021422
958528,70.45980887184156
958529,70.32152545318525
958530,70.91144199854753
958531,72.03611617994684
958532,72.72865350592036
958533,71.94187648891305
958534,67.60943904135448
958535,64.22870733842481
958536,62.99987606522182
958537,60.08018081810133
958538,55.98753909590795
958539,51.53404736121441
958540,39.97163015624765
958541,19.790818351593362
958542,5.899218043841202
958543,1.2013216979921897
958641,3.4848090973163184
958642,11.47827608939508
958643,28.018825426396706
958644,51.27180211304744
958645,67.39361083853234
958646,73.49911279679043
958647,73.09582160751879
958648,71.35126519148696
958649,70.1601402200905
958650,70.14290720438495
958651,69.97613160300112
958652,70.5571399730123
958653,70.98638883084033
958654,70.80698929887961
958655,70.57096456873474
958656,70.00431314412228
958657,69.25227121893116
958658,69.6291350543063
958659,70.40927830338468
958660,70.59800945309303
958661,68.48827822536735
958662,62.807207937858315
958663,59.14040847861073
958664,58.21339228429522
958665,56.440189412594556
958666,53.406238949369296
958667,49.31498743117204
958668,38.699171550676574
958669,19.037832550631265
958769,3.502682529610181
958770,11.802301968111662
958771,28.811041992087237
958772,51.68848259668962
958773,67.91026027686827
958774,73.90744236583195
958775,73.05565415614635
958776,71.27212688826641
958777,70.00340705107719
958778,69.77611597691022
958779,69.73037624556682
958780,70.1547994961936
958781,71.11560913051204
958782,71.76679163662624
958783,71.27240806972172
958784,70.91438205918944
958785,69.21988330560697
958786,69.34249138846252
958787,69.75224529207235
958788,68.75809655731717
958789,64.81418485298403
958790,58.0748177336216
958791,54.554462551966594
958792,54.29910502774139
958793,54.39874443538604
958794,52.97747563610181
958795,49.41698036171113
958796,38.741972108795245
958797,19.15843742359705
958798,5.6827580192624
958897,3.230942116940134
958898,10.829333899583014
958899,26.779028658149464
958900,49.641701684157916
958901,66.771758049556
958902,73.20846949118202
958903,72.50789795861509
958904,71.08891480532125
958905,70.55548116491977
958906,69.53430709714968
958907,68.68191165148527
958908,69.13357572386654
958909,70.66706197965212
958910,71.28165432315545
958911,71.47334006545688
958912,71.23411447210147
958913,70.08197794132218
958914,69.89324418446549
958915,70.08605909921604
958916,68.61830228469213
958917,63.96067833850562
958918,57.410817226662424
958919,54.26363863049531
958920,54.931134708091015
958921,56.401038214495664
958922,56.03747781282287
958923,51.959160942042104
958924,39.918381341171525
958925,19.27771193205631
958926,5.737778144792449
959025,2.014971288211761
959026,7.6719155619964505
959027,22.44923467045865
959028,46.82012274614537
959029,65.39370497315069
959030,72.21882295004012
959031,72.41395244099101
959032,71.09345268530842
959033,70.78372584077769
959034,70.29457513182179
959035,68.75366833966298
959036,68.85230435253112
959037,69.87123430029737
959038,70.59648359129241
959039,71.06581345213105
959040,71.51256126272305
959041,70.53639233942393
959042,70.50693102431968
959043,70.72916615652696
959044,69.06196993030326
959045,65.13345080381572
959046,59.54982604303592
959047,57.50111851025664
959048,58.48616728612809
959049,61.19621339655412
959050,61.76376983443499
959051,56.00000111606036
959052,41.57310869062262
959053,19.772095008671204
959153,1.3132259590755078
959154,5.466187130839618
959155,19.329689556240947
959156,44.665003993770895
959157,64.43292091810969
959158,72.91060830454693
959159,73.19854039318234
959160,72.25673162578224
959161,71.87485721075132
959162,71.58109382805033
959163,70.09617096605554
959164,69.9907729961476
959165,70.41150533466812
959166,70.55246823755422
959167,70.6627643545199
959168,71.05866867720619
959169,70.75244210863315
959170,70.94873368168628
959171,71.50711567059388
959172,70.11629640364598
959173,66.23450069636185
959174,61.422171879653945
959175,59.52886170534713
959176,60.67040309593728
959177,64.25521854313624
959178,64.67546617293874
959179,56.300769452967515
959281,1.015267947466058
959282,4.871832278851115
959283,17.567310583747297
959284,42.072038357126445
959285,62.99786486422818
959286,73.36738886858925
959287,74.33637958576023
959288,73.39742666352197
959289,73.62206742363567
959290,72.9971135564175
959291,71.17903137776207
959292,70.81061674470425
959293,71.11630503860746
959294,71.13405795207427
959295,70.85966376155643
959296,72.00870215810755
959297,71.60704762075773
959298,71.66727771225082
959299,72.34136089614489
959300,70.53259504862703
959301,66.05028352332813
959302,61.909666172135665
959303,59.720453039738686
959304,60.122018761842035
959305,62.581957189759734
959306,62.344979033939985
959307,52.183032401440606
959409,0.8982133922624272
959410,3.9861516139375013
959411,15.547131569946382
959412,38.103974576344186
959413,59.81872039639153
959414,71.4625417096129
959415,74.04339272572575
959416,73.8694915926809
959417,74.32398490914645
959418,74.12841096102827
959419,72.12311254037927
959420,71.96749215847099
959421,71.98861663742711
959422,71.40296271920613
959423,71.61110531818032
959424,72.24362333561999
959425,72.1042361592837
959426,72.49714315804965
959427,72.48115051183483
959428,70.31829301060469
959429,65.96103223486473
959430,61.69344565415483
959431,59.05648132007415
959432,57.874043280088905
959433,58.43894453602927
959434,56.47373889377419
959435,46.922711393994184
959538,3.6532439650303323
959539,13.397385374961924
959540,33.561425339558376
959541,54.89831663690132
959542,68.51036220004347
959543,72.18112391260784
959544,72.06545504768944
959545,73.61719284052418
959546,74.08778463833744
959547,72.79165045879986
959548,71.9871399917548
959549,71.83649074045351
959550,71.13419516742385
959551,71.33588260925295
959552,72.5197879518909
959553,71.98940437550763
959554,71.80019692419269
959555,71.72164831731531
959556,69.63602395529811
959557,65.6849910646792
959558,60.974855879910194
959559,56.917663145046845
959560,54.3118133042639
959561,53.00032490503181
959562,50.6013562192165
959563,42.81763328232319
959666,3.2441517137008353
959667,12.352322970032533
959668,31.47808213847234
959669,52.337884862409936
959670,66.34400854425706
959671,70.02969635606571
959672,69.52368672062462
959673,69.7303475040025
959674,70.71291966177746
959675,71.04666656506409
959676,69.62714079223508
959677,69.0376513395724
959678,69.6467907188561
959679,70.47923885910838
959680,72.02818174757897
959681,71.00107999020354
959682,70.41409131811736
959683,69.7813680882039
959684,67.31580223425864
959685,63.0902204000146
959686,57.806235975111086
959687,53.43408596933566
959688,49.693064117500185
959689,47.837683816359586
959690,45.67503353356346
959794,3.2271452904622953
959795,12.14764245894548
959796,30.79676540761145
959797,51.75164442820775
959798,65.96382806386467
959799,69.43597045718131
959800,67.66520378991873
959801,66.96775419712625
959802,68.6213731199481
959803,69.34540685678482
959804,67.68238785851187
959805,66.97555511640145
959806,67.56149681122622
959807,69.36591534176699
959808,70.42439301199272
959809,69.03623002530001
959810,67.5857413616908
959811,66.20893109333224
959812,63.001779971358694
959813,58.12479196791709
959814,52.60892945523782
959815,48.13007860011455
959919,0.1367899724599177
959920,0.15946666422572162
959921,0.6923877096035559
959922,3.035035397461052
959923,11.635073892618777
959924,29.691577437479904
959925,50.307783748507454
959926,64.3300540312057
959927,68.09140645738567
959928,66.6830640034341
959929,65.92365538842587
959930,67.36095444418683
959931,68.87468864764593
959932,67.61527334230746
959933,66.64221694410216
959934,67.28067524661694
959935,67.84841468559233
959936,67.76677398144405
959937,66.02496414009923
959938,64.06831432447628
959939,61.008008045444456
959940,57.166758530751665
959941,51.88557114140709
959942,46.60420667162849
960047,0.09176686016948432
960048,0.2473434371291871
960049,0.6454376784575762
960050,2.8447399823462396
960051,10.568389100311304
960052,26.945792919755924
960053,44.9667776898967
960054,56.237366062343916
960055,60.71494228476488
960056,62.20324076080552
960057,62.81788520763552
960058,64.77480642788582
960059,67.06470831991373
960060,66.38936578568625
960061,66.01259273010248
960062,65.94334476765239
960063,65.27764465924076
960064,63.703857505581
960065,61.1221704922271
960066,57.955343609056264
960067,54.64241315635893
960068,50.02765809580485
960179,8.794629444003228
960180,22.062123502794414
960181,37.12367776374143
960182,46.661311055356386
960183,51.211458580811275
960184,53.49409988093838
960185,55.89957614851788
960186,59.5296827007605
960187,62.99661600530596
960188,63.44539396448699
960189,63.24363999012026
960190,62.79810489599898
960191,61.22425838911732
960192,58.70551726065206
960309,27.210448828934325
960310,35.259930907984455
960311,39.681216541940564
960312,42.15318157462585
960313,44.37680643568527
960314,49.50180751923981
960315,55.33232285400329
960316,57.15998454372435
960317,57.80949703251601
960318,58.12111196963986
960442,38.714536528923816
960443,44.35897593799057
960444,46.65397946845124
960561,0.5000800656038444
960562,1.6457099538127355
960563,4.316919086840884
960690,1.6335295825713712
972850,2.4537118183805045
972851,6.260228561754068
972852,11.75844505738131
973236,10.730801730500154
973241,41.34330639611703
973242,43.4035896207693
973243,44.15056749798099
973244,43.43136914432639
973245,41.38807660124008
973246,39.589438285147004
973247,38.92249291549841
973248,39.75129832673504
973362,2.188799005182958
973363,5.518241243263295
973364,10.417440660968774
973365,15.532506433550871
973366,22.512199138085673
973367,31.866367453065173
973368,41.845488814197
973369,48.098869193806394
973370,51.085020617090564
973371,53.30464008215765
973372,52.67719439942939
973373,51.19371504763218
973374,50.67420640196886
973375,50.45478019336393
973376,50.40991769040928
973377,52.824477937888176
973378,55.57943753514733
973379,55.66996919215998
973380,53.723075686666675
973492,10.650953410829022
973493,16.946767430832036
973494,26.67079310484799
973495,40.38086890943705
973496,52.976564755872495
973497,58.51269612332827
973498,59.09666383015685
973499,60.43176092436032
973500,60.23763920765853
973501,59.66653172003767
973502,60.451476388927794
973503,60.063048713343505
973504,59.52241676477328
973505,59.72453409363441
973506,61.382907202325335
973507,63.859828960082645
973508,62.99960177393734
973509,58.56454975417265
973510,49.97088381239178
973620,11.401481942891145
973621,18.699829533999164
973622,30.777406998214765
973623,46.854108336342726
973624,59.73563069225553
973625,64.24223491968435
973626,63.57207395103336
973627,63.854144947777705
973628,64.17032060968107
973629,64.16289997641697
973630,64.21860592468559
973631,64.79632476802674
973632,64.34564529037239
973633,63.042981103888096
973634,64.42925781770813
973635,67.81956943241583
973636,68.09405331620712
973637,64.91917551575425
973638,59.42636718923863
973639,52.48930548116051
973747,7.172110078725008
973748,12.695240445167421
973749,22.271914602713405
973750,37.24734713494412
973751,53.306600850934586
973752,64.38126343698654
973753,67.15433764834998
973754,65.41054789732063
973755,65.57995676890914
973756,66.44297185608022
973757,67.05570095504454
973758,67.33210509604255
973759,68.06101269255315
973760,67.56461982244646
973761,66.32437392438311
973762,67.35477637428222
973763,69.88190742114608
973764,70.0916991148739
973765,68.62008318442243
973766,67.09269472073558
973767,62.26655841288753
973768,54.13023681980216
973875,7.3749902999635335
973876,13.925616610545822
973877,26.302884238187527
973878,44.26392500046432
973879,59.405150323837674
973880,67.33754176398178
973881,68.28626678682794
973882,66.84103274826474
973883,67.97814388918606
973884,69.48277529607594
973885,70.00132391816173
973886,70.77356265577367
973887,71.08800849536917
973888,71.41361520425355
973889,70.59386559692808
973890,70.66527536895806
973891,71.61011181462675
973892,70.64636837759974
973893,70.2808628486543
973894,70.84429796623257
973895,67.88821353159325
973896,59.619046295414044
973897,53.29072841809529
973898,48.552866570699216
974003,7.116546262653219
974004,14.311479905273229
974005,28.049899855088515
974006,47.02316005459279
974007,61.33258070467463
974008,68.53107939595012
974009,69.11147352116754
974010,68.89114622967034
974011,71.38796344617083
974012,71.98643997206568
974013,71.5662667899055
974014,71.96118593390688
974015,72.04368341537719
974016,72.5129332763626
974017,72.0956486497002
974018,71.92030046197776
974019,72.04324766355921
974020,70.54024505304805
974021,70.51538378157841
974022,72.23439465784524
974023,71.17719000197135
974024,65.17576453678284
974025,60.931735355094276
974026,56.63454054659148
974027,48.12219880954363
974131,7.208527949617109
974132,15.695882982628873
974133,29.91150554918902
974134,48.20040745377279
974135,62.872673673939964
974136,69.83510416182084
974137,70.73414639581627
974138,70.87693607248183
974139,72.68181352867607
974140,72.61360031464658
974141,71.54713150953124
974142,71.39321327372512
974143,71.53197208320675
974144,72.37494583925137
974145,71.93371590562109
974146,72.38354158617884
974147,72.60858641278476
974148,70.73328508535043
974149,70.52268557391172
974150,72.49974855325652
974151,72.09467526290614
974152,68.65065678955838
974153,66.08560001783047
974154,63.00693261370819
974155,54.28254897634718
974259,10.555106755782974
974260,22.261162201729892
974261,36.58358230777159
974262,52.634554060081165
974263,65.35456495892288
974264,71.21719038959165
974265,71.74289583317513
974266,71.86288208750491
974267,73.35296566588116
974268,73.22627705285468
974269,71.73250010744344
974270,71.71991418909131
974271,71.73070631159142
974272,72.574890757518
974273,72.30350356212152
974274,72.57448881149672
974275,73.1294501910895
974276,71.76489022876123
974277,71.3118636963119
974278,72.71407933896374
974279,72.58331936361174
974280,69.7056725946794
974281,68.51843493576845
974282,66.39836026606676
974283,58.80017482979012
974387,15.027703610728471
974388,30.788686150741402
974389,45.02110790403872
974390,57.631077523622544
974391,67.24025966243309
974392,72.13828851843014
974393,71.0094713257118
974394,71.24019198257652
974395,73.45210913104107
974396,73.89941197258281
974397,73.34571712123183
974398,72.71165132691638
974399,72.15010609695777
974400,72.20380340981818
974401,72.4006473518568
974402,73.2119795176444
974403,73.47468153362101
974404,72.46808784622803
974405,72.1518545208586
974406,73.42000545714616
974407,72.77107802660277
974408,70.52205640234808
974409,68.91414024787078
974410,68.20905356265288
974411,63.18371045282908
974412,47.68152759556647
974515,19.55768196032828
974516,36.70947170334001
974517,50.36613021079525
974518,60.3197974487458
974519,68.51076091672674
974520,72.2858520007643
974521,71.57472995309423
974522,71.38230580091154
974523,72.84408241742071
974524,73.47989422014383
974525,73.08120888827105
974526,72.54995826544602
974527,72.36049007052452
974528,72.4407537014703
974529,72.172636836818
974530,72.45382724919487
974531,72.82274176940989
974532,72.245363962348
974533,72.14137858862159
974534,72.15537610662054
974535,71.73471065108077
974536,69.63083938400028
974537,68.52159919680416
974538,68.53187030089649
974539,66.01371710281549
974540,51.73279541449268
974541,24.75189992816704
974642,11.519794770913249
974643,24.53982392698809
974644,40.43770814509355
974645,52.93426765025745
974646,62.77175671739327
974647,70.00003713501229
974648,72.52341540425186
974649,71.55618704382984
974650,70.9154822874383
974651,71.54497760750438
974652,71.60420251273588
974653,71.7011444597335
974654,71.75748130229276
974655,72.24439656381169
974656,71.94787499642511
974657,71.7555612949592
974658,71.70094720055306
974659,72.22924384487847
974660,71.69231802179755
974661,71.16351234158192
974662,70.15479043781306
974663,68.45275712745426
974664,66.77646085985212
974665,65.31013422482476
974666,65.06195765161196
974667,63.00151303160258
974668,49.692804779509146
974669,23.750881973591557
974670,6.973113576606499
974671,1.3336181917998555
974770,11.511259048679594
974771,24.998819524318545
974772,41.80400243927018
974773,55.345506182094496
974774,65.77820893278891
974775,71.55490118278048
974776,72.57529911884602
974777,71.33700264316217
974778,70.02385580714679
974779,70.77717962104634
974780,70.38631458965536
974781,70.81754809602423
974782,71.47953424268323
974783,71.45522224835173
974784,71.42821944185806
974785,71.12202820053092
974786,71.6480371740419
974787,71.81816928677883
974788,71.78281680890974
974789,70.23829391667401
974790,67.64292856367271
974791,65.39542241686021
974792,63.92511352770978
974793,61.481925789438705
974794,59.65920928679027
974795,55.753016871105054
974796,43.63994476812149
974797,21.10061895151821
974798,6.256850687823023
974799,1.3302669632956738
974800,0.21010034884436768
974897,3.3799012049358326
974898,10.968273327634071
974899,25.24431347918684
974900,44.69220757350221
974901,59.60779343740955
974902,68.35317068478437
974903,72.79931313465205
974904,72.64777048481555
974905,71.06357689553273
974906,70.01234146124078
974907,70.46797351032485
974908,70.06372156602542
974909,70.67837853264079
974910,70.95365358961853
974911,70.67668226577098
974912,70.52570957938583
974913,70.01320610235022
974914,70.26353699904678
974915,71.349698068854
974916,71.20164333019332
974917,69.20750881601317
974918,64.93708988818608
974919,61.90589894740836
974920,60.861093203379774
974921,58.436906210392905
974922,55.269802939316776
974923,51.20121423021267
974924,39.86896613895911
974925,19.382589971261165
974926,5.647003872115005
974927,1.2512997344359507
975025,3.577263780117712
975026,11.320846602712452
975027,26.75990202207262
975028,48.306052629551935
975029,63.50610205199798
975030,71.25998426998503
975031,73.52711567189449
975032,72.2439826086463
975033,71.00494269197746
975034,70.28834601163562
975035,70.42955499682701
975036,70.8740178920872
975037,71.46202812697706
975038,71.01441840985598
975039,70.6149940082694
975040,70.13782866334063
975041,68.33688174030415
975042,68.40368755180721
975043,69.36918629626881
975044,68.69573217024364
975045,65.73127234492884
975046,60.105385126942856
975047,56.87942044766232
975048,56.33468689907479
975049,55.15238099333441
975050,53.196007523194886
975051,49.86593660454678
975052,38.89450012432547
975053,18.924739110630345
975054,5.525329322776762
975055,1.1573061691233133
975153,3.7240559665566773
975154,11.823260800661384
975155,27.45638857055001
975156,48.95841035063655
975157,65.19394944955674
975158,72.56958134630983
975159,73.41979026790332
975160,72.6746449595132
975161,71.22446895170741
975162,70.31892019328488
975163,69.3723747944567
975164,69.94677992495083
975165,71.01460756495268
975166,71.269870796313
975167,70.681065833658
975168,69.9437734241313
975169,68.6634358842264
975170,68.12135161018288
975171,68.3431190437192
975172,67.45079724799976
975173,63.284373666431414
975174,56.64907491246573
975175,52.822315640098196
975176,52.788842241962406
975177,53.13723671232814
975178,52.858856134171255
975179,50.279140703603346
975180,38.985758694154455
975181,18.95313798468297
975182,5.657225813271705
975183,1.1448414714420456
975281,3.194974761647148
975282,10.74737620075444
975283,26.201818185577316
975284,48.03010522495579
975285,64.7217842812731
975286,72.77375687128067
975287,73.58646321220198
975288,72.44349223252999
975289,71.83911114939046
975290,70.63756667817054
975291,68.76084563557608
975292,68.70640443014962
975293,70.02254580940341
975294,70.6830884016527
975295,70.53976920890112
975296,70.53886084238495
975297,69.27650108854424
975298,68.31632512098207
975299,68.5999667662736
975300,67.40342764752201
975301,63.326207570473706
975302,56.9097254567857
975303,53.45325441146182
975304,53.943262959356716
975305,55.09611844069969
975306,55.763566983044285
975307,52.739914015196106
975308,40.35509292810901
975309,19.45991814362421
975310,5.669851921412138
975311,1.1393086487998485
975409,2.168119922493214
975410,7.711490014585552
975411,22.174999390345082
975412,45.71041818537099
975413,64.13290378549569
975414,72.39793114854773
975415,72.91645950725956
975416,72.48992953698229
975417,72.25943240967185
975418,71.05221581147126
975419,69.25622901385172
975420,69.03822121388123
975421,69.85873181227997
975422,70.02951091740728
975423,69.77098894575333
975424,70.51152931785765
975425,69.38926725485159
975426,69.27602106382528
975427,69.01520489685613
975428,67.85106950902718
975429,64.4507343719053
975430,59.57389174233239
975431,56.92790538797053
975432,57.43601039121947
975433,60.06420995261942
975434,61.893042062579546
975435,57.22398939087958
975436,42.73656247084524
975437,20.044153436267464
975438,5.867954526183731
975439,1.1699612626570632
975440,0.13543535641612117
975537,1.357265880893042
975538,5.453196673300297
975539,19.043108015730535
975540,43.227650949988785
975541,63.00200618993273
975542,72.21047592942008
975543,73.31778273964616
975544,72.14296653493632
975545,72.3438990671216
975546,71.50888479319258
975547,69.68552253974161
975548,69.56228456304575
975549,69.78120410093113
975550,69.50180824151984
975551,69.24141418488095
975552,70.0028089714314
975553,70.011864301956
975554,69.8452651965421
975555,70.00298594462777
975556,68.01450082260929
975557,64.56707423532208
975558,60.76668918060952
975559,58.82951872620782
975560,59.34205532253927
975561,62.913971426811294
975562,64.71160557326805
975563,58.804240904479315
975564,42.337313144213944
975565,19.606596762024417
975665,1.1499391303260833
975666,4.5719052671443725
975667,16.828890024966793
975668,39.95995421902578
975669,60.831800570789724
975670,71.79983227750813
975671,73.59346155779002
975672,72.81752667551017
975673,72.88784289607366
975674,72.01341452866902
975675,70.66490398040149
975676,70.51641473996582
975677,70.52529025351168
975678,69.82457823502405
975679,69.54996330124612
975680,70.82848995825745
975681,70.49609026924192
975682,70.42478398331212
975683,70.44289624536584
975684,68.24149310894822
975685,64.61052485098611
975686,60.820943160738686
975687,58.924339190571246
975688,59.32265877468952
975689,62.49929339691175
975690,64.32124966162309
975691,56.428932640461234
975692,39.012104674980534
975794,3.936837760646927
975795,14.6003227827227
975796,35.586816103329454
975797,56.42230931914274
975798,69.54481542072492
975799,72.78695933069946
975800,72.53655041255708
975801,73.91634954368267
975802,73.16447925043559
975803,72.17154376930176
975804,71.82546618140957
975805,71.94560447678177
975806,70.71120354844277
975807,70.29741880833183
975808,71.11753437323668
975809,70.93877089735875
975810,70.65617884383407
975811,70.58890546665933
975812,68.30008151784054
975813,64.8146057447812
975814,60.98077678793773
975815,58.67921154324341
975816,58.17981280479337
975817,60.43061376928
975818,61.468799155130185
975819,53.009872873232155
975922,3.101674967589901
975923,12.156738156226933
975924,30.750353944508877
975925,51.80587869794344
975926,67.32057126597559
975927,71.54605817199639
975928,71.34322762390612
975929,73.28050654577392
975930,74.13447701936212
975931,72.89894019215174
975932,72.58181755890635
975933,72.34252961538408
975934,70.89102869183931
975935,70.26937790046975
975936,71.53384083742453
975937,70.5990800633446
975938,70.00206839429224
975939,70.25699330668003
975940,68.48516291071071
975941,64.89279182713088
975942,60.848708871541255
975943,57.74971322877994
975944,56.01801501866402
975945,56.56166500257071
975946,55.99899550975737
975947,48.21698397333727
976050,2.911302766740507
976051,10.975916683562211
976052,28.447646787056733
976053,50.55701480200416
976054,66.80403288915706
976055,71.11609556745968
976056,70.32799158159054
976057,70.53083661445052
976058,71.30814723274906
976059,71.68105023883486
976060,70.10499293104073
976061,69.426840743826
976062,69.46719774191762
976063,69.89060654581255
976064,71.33736987790452
976065,69.79895478145164
976066,68.58905808550742
976067,68.22628271695122
976068,66.47888656076924
976069,63.015790160481615
976070,58.81955837419799
976071,55.08778832394093
976072,51.95426699693755
976073,50.85210059270506
976074,49.55080536480096
976075,43.02023266720262
976178,2.809220712955764
976179,11.053261749916969
976180,29.059000861119696
976181,51.44886965159779
976182,68.33804215854707
976183,72.79699564282761
976184,70.29175221398307
976185,68.60457308441399
976186,69.30124191861285
976187,69.72846808451804
976188,68.32798439901825
976189,67.45911389003295
976190,68.0589882119238
976191,69.16736593930615
976192,70.28210230102245
976193,68.3089412704449
976194,66.62754011082289
976195,65.35759517688443
976196,63.003001565979325
976197,58.820835569357406
976198,54.20777130264915
976199,49.93889773168104
976200,46.174507284544816
976201,45.70594255871726
976305,0.6277517485342597
976306,2.759828438499051
976307,10.75810402778697
976308,28.143656840568717
976309,49.694522549496355
976310,65.66686301866879
976311,69.39034775061073
976312,67.54192627353392
976313,66.29422901729137
976314,67.5645609267167
976315,69.05408768187924
976316,67.60048643775541
976317,66.55640502648666
976318,67.44151172482526
976319,67.26347435864464
976320,67.144310112135
976321,65.09227474926894
976322,63.4800440631455
976323,61.42748321430933
976324,57.71557356281961
976325,53.035218954688425
976326,48.278211681964045
976430,0.07461264061661084
976431,0.11832744217831602
976432,0.12459623323430374
976433,0.647509550179438
976434,2.475119436923381
976435,9.495853744897168
976436,24.61373806991548
976437,41.70148254305098
976438,53.39730369693088
976439,57.63946021495058
976440,58.89933181712224
976441,60.5219426873815
976442,63.87180466823626
976443,66.70906889147453
976444,66.57920029431345
976445,66.05048383144091
976446,65.93067332049158
976447,64.68764937748881
976448,63.035883494492964
976449,60.39124416341305
976450,58.04971929536714
976451,54.81267685412607
976452,50.7643027591733
976563,7.551253407831992
976564,18.79938937008973
976565,31.280866672468694
976566,40.11587188737789
976567,44.48851262791577
976568,47.191981693293265
976569,50.6953758084454
976570,56.16177312662782
976571,61.45789368949833
976572,62.66409488866707
976573,62.96647968585275
976574,62.94691667552111
976575,61.15058121565735
976576,58.342695094410445
976579,47.33915513764325
976693,23.37062558977545
976694,31.00987961964533
976695,35.02845382037978
976696,37.143911035675984
976697,39.824974916008166
976698,45.091777180146984
976699,51.30764128113826
976700,54.01114849205631
976701,56.13763571357846
976702,57.8671669201618
976826,35.069711758435176
976827,39.30035042482349
976828,41.55652344091563
976945,0.39838533095687734
976946,1.3117148682163056
976947,3.905036588031313
976948,9.650056911349406
976949,17.008104380243886
976950,23.09185247742946
977073,0.3522606778903566
977074,1.2371217081168286
989234,2.049484903205969
989235,5.3254910754379745
989236,10.109316807366989
989237,14.251148350561122
989624,31.666232570288106
989625,39.86321668623352
989626,44.04894826240405
989627,45.70397423118997
989628,44.22719111760805
989629,40.8554221361459
989630,39.82673951268931
989631,39.828650641645645
989632,41.14624079806372
989635,45.89540746113558
989746,2.160518007944488
989747,4.9654337169686436
989748,9.052114884961346
989749,13.58294849251256
989750,19.37861569311982
989751,28.622589498349797
989752,39.76865338421592
989753,48.63779408483122
989754,52.501000764324885
989755,54.46266253137627
989756,53.43168384776447
989757,51.67589590255933
989758,52.42043923077481
989759,52.492547404295365
989760,52.8461032239109
989761,55.46599782507208
989763,56.64265043193954
989764,53.30588601635411
989876,9.5275824477762
989877,14.666650940510413
989878,23.198053275228634
989879,36.58962064899142
989880,50.564670397386074
989881,58.24874754266121
989882,60.0993250490707
989883,60.572166232291764
989884,60.06221639603968
989885,60.4493551628388
989886,60.96991854410741
989887,61.917532741437135
989888,61.62403747524113
989889,61.90527035653397
989890,63.01104182968895
989891,63.95748438764564
989892,62.625675384819296
989893,58.51802875234209
989894,51.108661554918875
990004,10.1001626587784
990005,16.615031378654805
990006,27.376301023799485
990007,43.116728717676054
990008,56.67806690656547
990009,63.00040332147731
990010,63.142766286372776
990011,63.028326508684735
990012,63.33573064284171
990013,64.03003513362681
990014,64.81776939800913
990015,65.36380212107858
990016,65.41490431686313
990017,64.38932763095096
990018,64.90440282840729
990019,66.47347581485586
990020,66.39680904893098
990021,64.78335293657042
990022,60.89285796914091
990023,55.37312032960124
990024,48.992008864630215
990131,6.058719720480854
990132,10.922991024631616
990133,20.100568096078774
990134,34.0371300058909
990135,49.887430976883465
990136,61.52406953829607
990137,65.47244993705935
990138,64.25611929541746
990139,64.35832974944672
990140,65.62522169310806
990141,67.28041722558437
990142,68.14631325511712
990143,68.70075800059743
990144,68.35153977624398
990145,67.32702580638247
990146,67.51408628577093
990147,68.37828020624
990148,68.09377521590206
990149,68.1864612900835
990150,67.73505544323737
990151,63.798752857745335
990152,56.56486281057927
990259,5.930105835247285
990260,11.43299110053197
990261,23.541004394873948
990262,40.697094813093855
990263,55.990223303452
990264,65.24733481806427
990265,67.10672369559106
990266,65.8539459667635
990267,66.62804349249953
990268,68.65505518660831
990269,70.29127286618844
990270,71.50739295886532
990271,72.07340855481233
990272,71.73659611778973
990273,70.47482088840096
990274,70.51071779617362
990275,70.02912175137457
990276,69.31091196464449
990277,69.34834554274684
990278,70.8841189947642
990279,68.86502983933985
990280,63.01193910795907
990281,58.12792404858062
990282,54.83144502263118
990283,49.13071935770619
990387,5.636470479406264
990388,12.173960042801573
990389,25.499454557991257
990390,43.38134795761361
990391,58.368855504006824
990392,66.39800607896964
990393,67.79217526863094
990394,67.68478333776993
990395,69.61368175092274
990396,71.18232054265306
990397,71.69732056995714
990398,72.03171815765556
990399,72.36157564744462
990400,72.45949407279784
990401,71.88573026642185
990402,72.008715847056
990403,71.54802746340792
990404,70.0094462502862
990405,69.6059462006085
990406,71.74260370755879
990407,71.24742956461749
990408,67.35681651065984
990409,64.5543209734215
990410,62.158475505120926
990411,55.42575157300912
990515,6.932728664901655
990516,15.31978027755383
990517,28.593511481535536
990518,45.78591207059996
990519,60.2794810369051
990520,68.18487954975832
990521,69.13536470400747
990522,69.27694286200861
990523,71.16294837703516
990524,72.27985828854281
990525,72.08720121174092
990526,71.37347035664723
990527,71.20796338241854
990528,72.13373794359251
990529,72.15303711240281
990530,72.6491888334597
990531,72.60880250089586
990532,70.60161773684516
990533,70.00302168212839
990534,71.94901975537815
990535,72.09624516901953
990536,68.91846270536323
990537,67.0793325636513
990538,65.95003694917658
990539,60.042600600793094
990643,10.524364825619484
990644,22.163320620589783
990645,35.74545470031847
990646,50.42363286157267
990647,62.821828208488185
990648,69.79732387176666
990649,70.05295791599141
990650,70.18876412094428
990651,72.21961387572352
990652,73.33103312714508
990653,73.30258147095743
990654,71.95674172628597
990655,71.83476809381877
990656,71.98762773743965
990657,72.54870190522443
990658,73.19510331925146
990659,73.44184828047128
990660,71.42458575367203
990661,70.60908925164597
990662,72.06290620449043
990663,72.09160201801974
990664,69.08230935248928
990665,67.81689070288078
990666,67.69461458988627
990667,63.02397472918223
990668,47.64469436023725
990771,14.471783065755673
990772,29.66626421583678
990773,42.98977240328878
990774,54.425119649611716
990775,64.73450748976838
990776,70.42977630248448
990777,70.37532116742263
990778,70.29373663021168
990779,72.40532321609497
990780,73.85238804139489
990781,73.41618801729989
990782,72.4392885273806
990783,71.85663586602706
990784,71.60135565741167
990785,72.148242216346
990786,73.08297380515918
990787,73.22085655654696
990788,72.14019666590764
990789,71.1726040497517
990790,72.10266842056026
990791,71.82286374229481
990792,68.64053960665139
990793,67.79572797989934
990794,68.2286382686605
990795,64.93615494963224
990796,50.28219072934251
990797,24.15486548428672
990798,6.941884419563712
990899,18.532426933554135
990900,35.00058219596037
990901,47.09970183391323
990902,56.22742905980928
990903,64.9804321879078
990904,70.20954413264471
990905,70.11389247173516
990906,70.19177870676072
990907,72.06974741643305
990908,73.0902965715061
990909,73.14148373063458
990910,72.60516531609075
990911,71.95313978471549
990912,71.79385672135425
990913,71.67878602900554
990914,71.8488409567422
990915,72.56554243255852
990916,71.39311853211618
990917,70.77350875539216
990918,70.7835836012955
990919,70.00113492452718
990920,67.65427256762328
990921,66.4023741565971
990922,66.75683724874143
990923,65.18154157715662
990924,51.279956971668625
990925,24.805084123780592
990926,7.119369849899548
990927,1.3663712774240573
990928,0.20114528757271097
991027,23.470419906250843
991028,37.58388670159579
991029,48.707745066566474
991030,57.41022602948173
991031,65.41574428202156
991032,70.14876618113941
991033,70.21655208151157
991034,70.00206447699931
991035,71.09906212706854
991036,71.56854028427496
991037,71.97475865618911
991038,72.08453644485408
991039,71.75598544555523
991040,71.91962237654388
991041,71.27198601456445
991042,71.34884682205507
991043,71.25335514413425
991044,70.0765241864104
991045,69.08092933123444
991046,67.52927106198632
991047,66.63929058648871
991048,65.1778365511601
991049,63.50392778068412
991050,62.59241267333951
991051,60.73590301604813
991052,47.76222950320181
991053,23.038019773764415
991054,6.607343348060424
991055,1.475506304763439
991056,0.2506351143349771
991154,11.511016753837264
991155,23.81539222107153
991156,39.28628728015125
991157,51.4622840124353
991158,60.92317531283191
991159,68.12962295375189
991160,70.98695354165466
991161,70.77202496451648
991162,70.00280942871078
991163,70.64910466512188
991164,71.5917112409222
991165,71.6713677941896
991166,71.73873996144543
991167,71.52738469351424
991168,71.18408557503246
991169,70.75776756172668
991170,70.71181559577194
991171,70.49262459690631
991172,69.68854558468104
991173,67.81118366865877
991174,65.18670662773462
991175,63.251681547945154
991176,62.555889058444194
991177,60.938570724452056
991178,58.43677677755699
991179,54.79859016409665
991180,42.6316843477162
991181,20.678576840557813
991182,6.119037147246498
991183,1.1062254614695106
991282,10.614868974078748
991283,23.75484960242735
991284,40.83155154501099
991285,55.50058531938445
991286,65.19917314371449
991287,71.06993488292936
991288,72.87530713580372
991289,71.71524752724521
991290,70.72324050275677
991291,71.18768188154633
991292,71.34579894616222
991293,71.94636662528409
991294,71.54711006066282
991295,70.4759794297797
991296,70.24050570371509
991297,69.23048141127154
991298,69.26396077783738
991299,69.56234071043731
991300,68.71630745111375
991301,66.22590878388674
991302,61.68851501593107
991303,59.707615668744545
991304,59.66118190131325
991305,58.523361387564165
991306,56.05272559829551
991307,51.73831943264379
991308,39.72837891928608
991309,19.231010220456994
991310,5.702191411718811
991311,1.18440701731419
991312,0.16193396021651763
991313,0.11219321806833908
991314,0.09288939876978404
991409,3.556677077232474
991410,11.005013728306247
991411,24.78825977288878
991412,43.84111899779163
991413,59.07885550322403
991414,68.91441946312958
991415,73.12980119602
991416,73.6362709344322
991417,72.35117402009291
991418,71.48624681365327
991419,71.0643146879262
991420,70.95185588771494
991421,71.36190952221196
991422,70.87644203092945
991423,70.08331431908191
991424,69.43355499080134
991425,67.92274165450208
991426,67.2479501883285
991427,67.58436030149028
991428,66.19212483617288
991429,63.2070468261712
991430,57.86708842445091
991431,55.264572362608845
991432,55.59694014466126
991433,55.727312185878084
991434,54.46085460887117
991435,51.11094771985297
991436,39.18095949934089
991437,18.776675011521675
991438,5.469407569446066
991439,1.115423870396405
991440,0.18025618589128187
991441,0.13176302410701243
991442,0.0991906894976845
991537,3.785687987822196
991538,11.761810300449815
991539,26.300738179945483
991540,46.23630029554636
991541,62.01494078836974
991542,70.69576346963782
991543,73.77531215607033
991544,73.73533091621097
991545,73.05639605798203
991546,71.62607973253728
991547,70.14993021931963
991548,69.80727480977572
991549,69.96872387149254
991550,70.11045175589815
991551,69.66594003810837
991552,69.08315510212341
991553,67.36665889132759
991554,66.34800457800627
991555,66.41348783506992
991556,65.35666678062589
991557,62.21505924990238
991558,55.98893786913857
991559,52.43987679672209
991560,52.66124839169066
991561,53.46628059289154
991562,53.92540304994889
991563,51.272641322815446
991564,39.44693987096911
991565,18.818727863203296
991566,5.4083554421454
991567,1.16476011557241
991568,0.1725505382576906
991569,0.10610050199916463
991570,0.06515009740620202
991665,3.418892839946596
991666,11.040089721916116
991667,25.76949592336979
991668,46.816863893443625
991669,62.997155736949104
991670,71.23495372062426
991671,74.0988102821576
991672,73.8580998031127
991673,73.63613002276539
991674,72.03578263039907
991675,70.02200087960685
991676,69.07717451851617
991677,69.63288654658035
991678,69.59386449001693
991679,68.99317871662987
991680,69.21469497877865
991681,67.86028599102364
991682,66.70680064411293
991683,66.52094789849768
991684,65.46832421634693
991685,62.274552976306715
991686,56.68070846239871
991687,53.150550645025426
991688,53.12702849052732
991689,54.46178866312784
991690,55.210377951611704
991691,52.71171344784748
991692,40.1509283405009
991693,19.06845723189826
991694,5.456257576771937
991695,1.1350231925656198
991793,2.29659474780316
991794,7.978563698822926
991795,22.259692200168388
991796,44.857080087831754
991797,63.21586853012377
991798,72.00381440954233
991799,73.9077937623233
991800,73.52258899995742
991801,73.44720411613693
991802,72.03617484258601
991803,69.93115486423292
991804,69.54808129701031
991805,69.20941184189145
991806,68.68137497720326
991807,68.44986903771566
991808,68.83240020080831
991809,68.16878605864382
991810,67.17421827913908
991811,66.54704556607531
991812,65.09143180892187
991813,62.327548186151326
991814,58.477548224641744
991815,56.00066863403808
991816,56.001160366124864
991817,57.704791041266205
991818,59.14729623422486
991819,56.002134968505715
991820,42.028094810134206
991821,19.808628897072882
991822,5.720883545958883
991823,1.1615675176572646
991824,0.26948533321898493
991921,1.3882200908534583
991922,5.5448241092868695
991923,19.130488836114697
991924,42.4876311865277
991925,62.02912189017539
991926,72.03686975774684
991927,73.89737311871349
991928,72.85860098986407
991929,72.54126832742918
991930,71.48463318618286
991931,70.28133616983493
991932,69.63123613672914
991933,69.42934539785195
991934,68.23505487100029
991935,67.71140663050323
991936,68.73614408442349
991937,68.53624506680912
991938,68.33350828372198
991939,67.25121180705236
991940,64.92087689722364
991941,62.26967026594404
991942,59.413007421432816
991943,58.11886672372122
991944,58.525736663912205
991945,60.87952723406859
991946,62.76387378526719
991947,58.02252515636188
991948,42.0799179639432
991949,19.369938463771465
991950,5.3660736856832125
991951,1.1530352112211328
991952,0.22305002218274717
992049,1.0289999483707764
992050,4.590234874436617
992051,17.01616820616738
992052,39.27245886332665
992053,59.223708263100335
992054,70.30488991309572
992055,72.67100008192385
992056,71.56486563862137
992057,71.84460582716599
992058,71.13384455845024
992059,69.70907177041003
992060,69.62065221349155
992061,69.4522908105962
992062,68.33067377972493
992063,67.87387583626537
992064,69.16708711557617
992065,69.0774859023302
992066,68.42418719409517
992067,67.69313260510407
992068,65.30270332001881
992069,62.56562438675662
992070,59.917180220119505
992071,58.80005247079499
992072,59.1833653194931
992073,62.51123469692231
992074,64.93801930340128
992075,58.101940752000836
992076,40.37132771668491
992077,18.12139417525223
992078,5.163766107440097
992178,3.9832874240657565
992179,14.28370117069573
992180,34.16006456610001
992181,54.52569823436721
992182,67.90220492153934
992183,70.9676443170184
992184,70.85796969207806
992185,71.39717629960981
992186,71.78188182827643
992187,70.37170542706244
992188,70.63444263480494
992189,70.58327667448226
992190,69.39162397762003
992191,68.9148856106148
992192,69.98399477132821
992193,69.26362318460122
992194,68.44638491477382
992195,67.83107754877152
992196,65.8105235832417
992197,62.98884330953773
992198,60.26091354096039
992199,58.6835399542011
992200,58.615380381796975
992201,61.78362123027947
992202,64.17834095655381
992203,56.51494625224725
992306,3.1125247244854153
992307,11.452781670123704
992308,28.68095180548449
992309,49.91580743214752
992310,66.40593837542718
992311,70.16735681026003
992312,69.78198918796609
992313,71.24916009111303
992314,71.69317491337644
992315,70.97846854061332
992316,70.89099313005961
992317,71.02635591984998
992318,69.90720097437516
992319,69.72224643888448
992320,70.20126279575075
992321,68.39560214572923
992322,67.48395850201834
992323,67.40048206560208
992324,65.8573874820533
992325,63.05703493916635
992326,60.410893095604806
992327,58.340039128766456
992328,57.29140656922536
992329,59.40145371315097
992330,60.19307412577743
992331,52.64895895258227
992434,2.7494234587588093
992435,9.984425287105248
992436,26.524935165900047
992437,48.672915500371325
992438,67.11599390521236
992439,72.45971011755921
992440,70.4368845960056
992441,69.98023018665445
992442,69.90695033744657
992443,69.81540494473148
992444,69.15819528919128
992445,68.98876595017992
992446,68.691990708695
992447,69.41738063518429
992448,70.1057234570788
992449,68.12797709509887
992450,66.57932958091668
992451,66.14087958123241
992452,64.39144624436359
992453,61.763443430272076
992454,59.324639552505786
992455,56.85739430134218
992456,54.39543334444433
992457,54.6582057976558
992458,54.15617716607295
992459,46.926109683948845
992562,2.4713587980090836
992563,9.871654053923832
992564,26.512726423288356
992565,49.38829514901662
992566,68.45168215474021
992567,73.86587402142817
992568,71.31137242592112
992569,68.130583340994
992570,67.42126794529776
992571,67.96045800269
992572,66.60193306695349
992573,66.20823332333235
992574,67.07773568666815
992575,67.9380540556644
992576,68.55945730676409
992577,66.58720509009487
992578,64.86200800747702
992579,63.66609229047606
992580,61.75960337993684
992581,58.794059330796756
992582,56.001823894916186
992583,53.13587134907567
992584,49.48423886243116
992585,48.56706129109342
992586,47.81226765645998
992587,42.40005675639593
992690,2.3185552833475205
992691,9.27034525829393
992692,24.97253880272902
992693,45.691726811175755
992694,62.79478486885598
992695,67.3629430485761
992696,65.07031831771587
992697,63.58798780661019
992698,64.59217167381249
992699,66.52866018648479
992700,65.72165514895624
992701,65.21349539281945
992702,65.8498596251059
992703,65.7364124780093
992704,64.84400811851404
992705,63.23289592374909
992706,61.83832037791911
992707,60.4939918122173
992708,58.001781630064556
992709,54.35688810342556
992710,51.095632838424486
992711,47.71602968697919
992814,0.0640841032593329
992815,0.12921691137316627
992816,0.17080148348286966
992817,0.5296908839295039
992818,2.1544706342730158
992819,7.742922061275402
992820,20.043552863677867
992821,35.1369897946614
992822,46.922809228702235
992823,51.68426653250922
992824,52.109605173966074
992825,54.20958786073028
992826,58.70021682667423
992827,63.00629789740961
992828,63.714694911732465
992829,63.463646995173995
992830,64.6902061906403
992831,63.40880903625552
992832,61.45330560335157
992833,59.23560136014793
992834,57.66057598848624
992835,55.60077340236543
992836,52.33273242387913
992837,48.207485469827404
992838,44.557223611813505
992947,6.210400603869132
992948,14.782095650048339
992949,25.386945990871048
992950,33.85267677261674
992951,38.04120650273669
992952,39.68388291544116
992953,43.21567703129238
992954,49.084301703894496
992955,55.50798204247377
992956,57.58235473707601
992957,59.35059717334129
992958,61.47709209102168
992959,60.61460063968781
992960,57.25137523772597
992961,53.82288251095777
992962,51.011343807460044
992963,48.277781009333026
992964,45.13403783386894
993077,20.891235362912834
993078,27.8587893256029
993079,31.338203673056963
993080,32.50381663479222
993081,34.391737561836536
993082,38.89868321212317
993083,43.90837967921498
993084,47.27206207043616
993085,50.93253197794357
993086,55.92889467267037
993087,55.86755919885614
993088,51.013453032818965
993210,31.065550648294806
993211,34.262371164953215
993212,37.01360329045377
993329,0.2506137410957556
993330,0.9323983912488603
993331,3.3669475235119886
993332,8.849806090455306
993333,16.307214537919627
993334,21.819361859088133
993457,0.22045854767632497
993458,0.9107589731180342
1005618,1.6492490748699948
1005619,4.1755077704442725
1005620,8.288344028526383
1005621,12.246985752311062
1006008,31.305044099761442
1006009,40.030451190249565
1006010,44.69776872954456
1006011,46.41822046987672
1006012,44.32269555140372
1006013,40.52656542061245
1006014,38.888386682291504
1006015,39.185528078292364
1006016,41.19700737797097
1006019,46.08347273594376
1006130,2.1868848843459854
1006131,4.246806077037082
1006132,7.8612269160303745
1006133,12.662566456225576
1006134,19.056758618672205
1006135,28.484317521229844
1006136,40.22439207020314
1006137,50.15954666850367
1006138,54.360483032474775
1006139,55.493407719871236
1006140,54.39680571187385
1006141,52.43567983478251
1006142,53.03691621198968
1006143,53.44910039062903
1006144,54.52208638671243
1006145,57.005184617293374
1006146,58.83129510854442
1006147,57.01663579735454
1006148,53.12634138018879
1006259,4.644534016178013
1006260,7.971215108801173
1006261,13.344409217625175
1006262,22.12438373668964
1006263,35.53578017412365
1006264,49.88642306594356
1006265,59.10692479007044
1006266,60.84168388201232
1006267,61.013639916128874
1006268,60.19388196704647
1006269,59.84675955638922
1006270,60.910238526324946
1006271,62.73839765674577
1006272,62.88009164366686
1006273,62.97168181726779
1006274,63.62409789531201
1006275,63.27369689907309
1006276,61.65571725997263
1006277,58.8561667603644
1006278,52.56340604557779
1006389,14.680423252862003
1006390,25.38001874477004
1006391,40.9817745358317
1006392,54.89091057461982
1006393,62.77260830999888
1006394,63.41432410655513
1006395,63.02207853525466
1006396,63.00575471068561
1006397,63.65235731993962
1006398,65.10910348592178
1006399,65.94059798344159
1006400,65.4218766791609
1006401,64.9928513712031
1006402,64.83820036636911
1006403,65.39313751206446
1006404,65.20966719891125
1006405,65.05572086063877
1006406,62.67778438376165
1006407,57.87686562093052
1006408,52.105274400152304
1006516,8.91416114301873
1006517,18.237293638096443
1006518,32.198468352481385
1006519,47.91969468732913
1006520,59.924279767327924
1006521,64.97190540349332
1006522,64.29683496551884
1006523,64.30827234532337
1006524,65.57784478068614
1006525,67.09948108813909
1006526,68.8363825084917
1006527,69.60014107715403
1006528,69.03375385527676
1006529,67.7672167510656
1006530,67.52894825495893
1006531,67.28421053607916
1006532,66.73992940482587
1006533,68.09691905884083
1006534,69.13450957046808
1006535,66.90140713373373
1006536,61.1309042580506
1006537,56.61510280424241
1006538,54.53505846064285
1006643,4.541729769928647
1006644,10.214508090686559
1006645,22.285644957022328
1006646,38.80336213960961
1006647,54.192088984132496
1006648,64.24676946946248
1006649,66.59419331288765
1006650,65.67792113019844
1006651,66.04752246073443
1006652,68.19389393655031
1006653,70.01081922301725
1006654,71.57451487494878
1006655,71.9300204074602
1006656,71.56235362060896
1006657,70.00614898695258
1006658,69.5846884218318
1006659,69.23613791229884
1006660,68.03490399071886
1006661,68.93015681544516
1006662,70.64335696398074
1006663,69.98797710488388
1006664,66.17616036820354
1006665,63.041676283913
1006666,60.92943369278238
1006667,55.65929357060338
1006771,5.2865634344126695
1006772,11.657456646770536
1006773,24.449892744584858
1006774,41.513604033188386
1006775,56.44748642929041
1006776,65.72966965336059
1006777,67.29696586203575
1006778,67.06141632903864
1006779,68.71923566970884
1006780,70.50626926595501
1006781,71.27683295125985
1006782,71.82158829785934
1006783,72.091028679178
1006784,71.9118155082126
1006785,71.3252124529317
1006786,71.16392788214799
1006787,70.7250186675146
1006788,68.86796040240635
1006789,68.9658635710622
1006790,71.37805661191116
1006791,71.32488455971891
1006792,68.1346414745357
1006793,66.0726053608416
1006794,64.89654072902354
1006795,60.08288312978058
1006899,7.247500555046485
1006900,15.678674071556742
1006901,28.07094534543289
1006902,43.91484191443928
1006903,58.27921900349384
1006904,66.71065111902927
1006905,68.24881469326769
1006906,68.34688978122304
1006907,70.00135582913337
1006908,71.78469459217746
1006909,72.4321368471307
1006910,71.72139065673215
1006911,71.46934023355372
1006912,71.91439501211254
1006913,72.20942597902113
1006914,72.58330396714004
1006915,72.40233584525477
1006916,70.0930821329282
1006917,69.53885357502769
1006918,71.40069403610761
1006919,71.61552234990953
1006920,68.5056454073651
1006921,67.19606840669483
1006922,67.05446113426889
1006923,63.00042611139674
1006924,47.52971247896415
1007027,10.535251161278376
1007028,22.50972369324371
1007029,34.91240345158324
1007030,46.9750151820104
1007031,59.43870984855714
1007032,67.04558048287745
1007033,68.5012592791523
1007034,68.84637333788451
1007035,71.19859467835165
1007036,73.11959355583397
1007037,73.41562597120513
1007038,72.2930481619186
1007039,71.8121152322468
1007040,72.17109004472877
1007041,72.65365144657798
1007042,73.38542311736116
1007043,73.46519140443145
1007044,71.18744345612322
1007045,70.02118573921672
1007046,71.45965040639973
1007047,71.13762592291907
1007048,68.26361883971009
1007049,67.02770554467428
1007050,67.72025298081914
1007051,64.26482345558158
1007052,48.98243086169845
1007053,23.40393851026664
1007054,6.7969990663798185
1007155,13.873176135434791
1007156,28.616111506689595
1007157,40.60380041199436
1007158,49.76134100677778
1007159,59.62002353558772
1007160,66.621586983425
1007161,68.55831412757169
1007162,69.20120232706019
1007163,71.35317247783962
1007164,73.37072519854699
1007165,73.39341016812699
1007166,73.09851087078563
1007167,72.14999042820914
1007168,72.32102343978224
1007169,72.55306046045087
1007170,73.13318624963371
1007171,72.89275117819099
1007172,71.01051082916146
1007173,70.07980638188381
1007174,70.31398937288259
1007175,69.92605959165496
1007176,66.90487487479426
1007177,66.43294452318219
1007178,67.26113778566192
1007179,64.87599126859837
1007180,50.17490927475576
1007181,24.06130928516199
1007182,6.8756192338290285
1007183,1.3822583446825816
1007184,0.2032018910808886
1007283,18.00404062809678
1007284,33.0498414861452
1007285,43.80577865012421
1007286,50.862158106207886
1007287,59.56769319059073
1007288,66.1201670478241
1007289,68.34715655423443
1007290,69.07174983322462
1007291,70.70301861688672
1007292,72.55779740091351
1007293,73.13172761625268
1007294,72.61686980893212
1007295,72.03875231740236
1007296,72.29824074969612
1007297,71.53440785683273
1007298,71.80929080415153
1007299,71.77600296803918
1007300,70.00184676721241
1007301,68.43551288631305
1007302,67.82079424924888
1007303,67.07260418819504
1007304,65.20704990432162
1007305,64.54796046050745
1007306,64.73002533161738
1007307,63.646897849674325
1007308,49.736503037602475
1007309,24.007123000577486
1007310,6.769158335076929
1007311,1.4069525402250802
1007312,0.21252866336471016
1007411,22.867465770143937
1007412,35.85437160810822
1007413,45.215529738668906
1007414,52.002950797827594
1007415,60.06517412232406
1007416,66.705069839195
1007417,68.701217887455
1007418,69.34078883909551
1007419,69.999355303734
1007420,71.00763159352104
1007421,72.02727708770367
1007422,71.87496757602126
1007423,71.74513559741467
1007424,71.8680146239444
1007425,70.71449081779086
1007426,70.71960054074484
1007427,70.20768046157367
1007428,68.56702784503348
1007429,66.8771826255082
1007430,64.64351930513646
1007431,63.898024355892
1007432,63.03232784624476
1007433,61.75743297326632
1007434,61.238347299778816
1007435,59.56357519702256
1007436,46.71982030361376
1007437,22.607846800649526
1007438,6.468866739400155
1007439,1.2368882748507697
1007440,0.2642283245568361
1007539,23.141990039387778
1007540,37.12744722750764
1007541,47.527880929379606
1007542,55.13096512929599
1007543,63.02231348016919
1007544,68.34428495589297
1007545,70.00443377453546
1007546,69.80027409566341
1007547,70.07551547948442
1007548,71.03401947353069
1007549,71.70362438177497
1007550,71.29844895677907
1007551,70.90699455798632
1007552,70.88548062636033
1007553,70.00301833710999
1007554,70.01194582358768
1007555,69.00617698650588
1007556,67.73155045145404
1007557,65.62101853956204
1007558,62.45261559092822
1007559,61.68043302417106
1007560,61.86257102575677
1007561,61.0277609035022
1007562,58.68689382943646
1007563,54.96081177095116
1007564,42.231079691454404
1007565,20.305735048899603
1007566,5.870354146249293
1007567,1.1921585683062927
1007568,0.15802373598624636
1007569,0.11800187170638998
1007570,0.09573462710269226
1007571,0.06745869744741181
1007666,10.390333025092856
1007667,21.966384091866075
1007668,37.302831985832505
1007669,49.83796976947139
1007670,59.32092495881879
1007671,66.76037522616417
1007672,70.57380781968982
1007673,71.5426961511233
1007674,70.99159611067621
1007675,70.37869158763627
1007676,70.70967124000589
1007677,70.96985924039183
1007678,70.66030836673721
1007679,70.00477108453438
1007680,69.60012489911918
1007681,68.48112422007208
1007682,67.87053105814219
1007683,67.77326999981784
1007684,65.80204416993634
1007685,62.7671612676409
1007686,59.54737416031335
1007687,58.47747845694455
1007688,59.83975446487989
1007689,59.718814847100234
1007690,57.52980177044099
1007691,52.96668081101531
1007692,40.062940681523855
1007693,18.889911261013058
1007694,5.6573564264436325
1007695,1.075070276475459
1007696,0.22926780346606843
1007697,0.12206734202714646
1007698,0.08921861719141198
1007699,0.03140229770058449
1007700,0.04605801979476853
1007701,0.021986651042093654
1007794,10.581217331778046
1007795,22.794711138148315
1007796,39.342978169531555
1007797,53.64310432893821
1007798,63.73710984850328
1007799,69.7049275104776
1007800,72.81546970956336
1007801,73.3774922659924
1007802,72.04863124508603
1007803,70.48559131927537
1007804,69.78689147586074
1007805,70.2783301846963
1007806,69.70004085949121
1007807,69.02150940117608
1007808,68.61341612843168
1007809,66.86279634607335
1007810,66.07207533062218
1007811,65.41083103489501
1007812,63.7184451630523
1007813,60.57541395855336
1007814,56.251829157807805
1007815,54.626889277631314
1007816,56.20576140393508
1007817,57.00708954622404
1007818,56.56887520903455
1007819,52.99203084200262
1007820,39.84323875004256
1007821,18.761843543494454
1007822,5.442732582409475
1007823,1.280428043899499
1007824,0.20124883395918122
1007825,0.08798034386048884
1007826,0.1314140933896258
1007827,0.07962493074884856
1007828,0.056364117874091714
1007829,0.00667466900488049
1007921,3.9835273362492787
1007922,11.500685771248875
1007923,24.677759167553628
1007924,42.7615371495384
1007925,57.35547242473136
1007926,66.49699123162233
1007927,71.01397243551368
1007928,73.37892579460036
1007929,73.76865390041684
1007930,72.02985933916126
1007931,69.46452339190267
1007932,68.15544433477851
1007933,68.51376865007585
1007934,68.07935968323538
1007935,67.95463452458418
1007936,68.04633477527054
1007937,66.29056160399381
1007938,64.82327425237061
1007939,63.99394714199133
1007940,62.80517335261558
1007941,59.507824136210935
1007942,55.00065844089217
1007943,52.23690009921222
1007944,51.97690036968823
1007945,53.658892119744394
1007946,54.685769402030054
1007947,52.2505703214754
1007948,39.76224794383247
1007949,18.798747459553272
1007950,5.371300432309673
1007951,1.095371657592673
1007952,0.22115812800811713
1007953,0.154143696580082
1007954,0.09479347321039185
1007955,0.06847470647850622
1007956,0.03073925866292805
1007957,0.028875999031260813
1008049,3.5641078155040815
1008050,10.748315740991476
1008051,24.915209324996
1008052,44.616599270464654
1008053,59.65105556611691
1008054,68.54727653945899
1008055,71.77356604974206
1008056,72.9636628465711
1008057,73.3226494282152
1008058,71.82415027854736
1008059,69.95091376868137
1008060,68.50851917680086
1008061,68.08361508083314
1008062,67.54878947033316
1008063,67.53248713495965
1008064,68.00318932713334
1008065,66.85493787032071
1008066,65.09302435964413
1008067,63.34423829060495
1008068,61.73714624625207
1008069,59.41169417980684
1008070,54.99127961886692
1008071,52.6201501458139
1008072,51.929832808918476
1008073,52.47080221989286
1008074,53.47752223777704
1008075,51.75497106040903
1008076,39.7721610075867
1008077,18.8522550861757
1008078,5.425661143567565
1008079,1.1335326593040604
1008080,0.1953107986902714
1008081,0.13511398406050462
1008082,0.08621138641316721
1008083,0.04597327362352119
1008177,2.2747476990912094
1008178,7.995159602311411
1008179,21.892632841374287
1008180,43.32226698141197
1008181,60.537171322319175
1008182,69.43669626771094
1008183,71.79799508853853
1008184,72.27751797106873
1008185,72.89112809188933
1008186,72.00341815717229
1008187,69.99260537584459
1008188,69.22893575093475
1008189,68.68904534176447
1008190,67.43399352435587
1008191,66.96425425122538
1008192,67.95393877339403
1008193,67.5146232971453
1008194,65.74621716946739
1008195,63.56020239308318
1008196,61.29839515381575
1008197,59.09650242474601
1008198,56.49372477461232
1008199,54.87340639281217
1008200,54.56751333751682
1008201,54.54537872130524
1008202,55.668829947912705
1008203,54.15974009031349
1008204,41.429304248210855
1008205,19.43994856372185
1008206,5.523569211952212
1008207,1.24404639755096
1008208,0.1413110689845419
1008306,5.9584202361445895
1008307,19.286928898064772
1008308,41.69196583278023
1008309,59.693864986948064
1008310,69.20175494115146
1008311,71.12538989705727
1008312,70.4656040122982
1008313,71.43309041213152
1008314,70.50056271642711
1008315,69.2538055806483
1008316,68.97564781785933
1008317,68.7087989456657
1008318,66.88778300675034
1008319,66.66885706044496
1008320,67.4235925244101
1008321,67.36509027568931
1008322,66.18249235584105
1008323,63.84599963769586
1008324,61.56858770218011
1008325,59.654210942372224
1008326,58.081043880841
1008327,57.1817153095221
1008328,57.363898480802455
1008329,58.55265967408482
1008330,60.173315130398095
1008331,56.58840212487308
1008332,41.70607599600101
1008333,19.203079275004995
1008334,5.334728224151809
1008335,1.1290298978372373
1008336,0.2133190141685017
1008434,4.915918283225069
1008435,17.747190977527623
1008436,39.453220499213074
1008437,58.13434004068182
1008438,68.45439315002885
1008439,69.9126383445796
1008440,69.34482341633596
1008441,69.59440922176387
1008442,69.5235723354266
1008443,68.49342725251984
1008444,68.33910145762724
1008445,68.40660870192754
1008446,67.18962789402086
1008447,66.62620687170094
1008448,67.487227482328
1008449,67.16931941388212
1008450,66.17143256701324
1008451,64.48931504964577
1008452,62.33335802727193
1008453,60.24497544163798
1008454,59.07016423582497
1008455,58.373225437092245
1008456,58.92763972888546
1008457,61.71399466941309
1008458,64.20984738637006
1008459,57.86377148934411
1008460,40.21348845307134
1008461,17.815836866716182
1008462,5.030382823535599
1008463,1.131542458746348
1008464,0.16531878506525208
1008562,4.177906258185285
1008563,15.044698739018786
1008564,34.598798152423385
1008565,54.145307883168456
1008566,67.02338926734812
1008567,69.48520998830699
1008568,68.5996293822759
1008569,69.5222651411693
1008570,69.2896719986985
1008571,67.91008228027843
1008572,68.47050655800484
1008573,69.11616187663304
1008574,67.65676802204425
1008575,67.23769413929192
1008576,67.67570836755404
1008577,66.61224919233047
1008578,65.55960085870655
1008579,64.31518923550233
1008580,62.89476938536363
1008581,60.985811149520394
1008582,59.4472729418923
1008583,58.900582355366524
1008584,59.25849736508488
1008585,62.219041879535375
1008586,64.77679129595722
1008587,57.78283667804672
1008588,39.27810173594411
1008589,17.220398908389193
1008590,4.756842262021612
1008591,1.0194852202879001
1008690,3.408643253305073
1008691,11.477689694203885
1008692,28.638639116406246
1008693,49.814790032458795
1008694,66.52167343684121
1008695,70.09650757854102
1008696,68.33532650562033
1008697,68.97734779802428
1008698,68.69388249624325
1008699,68.1224875885686
1008700,68.17176026155933
1008701,69.09442901010884
1008702,68.35756018746275
1008703,68.05158714427921
1008704,68.01892042980383
1008705,66.48723571597928
1008706,64.91857337139375
1008707,64.09956667004789
1008708,62.87220070086291
1008709,61.3666725652183
1008710,59.80534023774113
1008711,58.781713503836826
1008712,58.639766771013164
1008713,60.949170065475464
1008714,62.96495643200819
1008715,56.00180487057925
1008818,2.567964009694456
1008819,9.816562142077652
1008820,25.621444039284995
1008821,47.98802353829461
1008822,67.08909702721496
1008823,71.48713062667754
1008824,68.43331122075935
1008825,66.56831852541173
1008826,66.02074938988173
1008827,65.68429284253081
1008828,66.1985983775848
1008829,66.54661535799113
1008830,66.89554790535381
1008831,67.05053734467761
1008832,67.10296819874144
1008833,65.55393573166535
1008834,63.84914995381599
1008835,63.23029349728477
1008836,62.18928266395219
1008837,60.81453497515889
1008838,59.39487626081197
1008839,58.283398165848354
1008840,56.67469449137648
1008841,57.34346220628389
1008842,57.878935168473255
1008843,51.71926521675319
1008946,2.2709626891146453
1008947,8.868560638814401
1008948,24.33810334575548
1008949,46.00028925164481
1008950,64.36858452647567
1008951,69.01394460967563
1008952,65.26045385433676
1008953,61.68555548589301
1008954,61.70745340140817
1008955,63.097504620688305
1008956,62.85628736664488
1008957,63.55997383881739
1008958,64.8119412115037
1008959,64.71627792719323
1008960,64.47166831372357
1008961,63.02516052267553
1008962,62.0613534906554
1008963,61.52798796091114
1008964,60.34039854030255
1008965,59.02147385499714
1008966,57.92668684026315
1008967,56.00063441733903
1008968,53.04515222538609
1008969,52.571084845988
1008970,52.36868931289702
1008971,46.83869947871039
1009074,2.0571823963586917
1009075,7.726070325448983
1009076,20.295488788986173
1009077,37.93338560520758
1009078,53.375654486394275
1009079,57.85637326964581
1009080,55.858978002510156
1009081,54.50910071569655
1009082,57.182300995697155
1009083,60.615720503665294
1009084,60.84540031107111
1009085,61.739123997030106
1009086,63.21305691799423
1009087,62.43760844355269
1009088,61.189023484078504
1009089,59.96436660271115
1009090,59.651107816979874
1009091,59.131346076696765
1009092,57.9118611013013
1009093,56.00223916910736
1009094,53.70986078250256
1009095,51.00362786992233
1009096,47.70184407309558
1009097,46.64467274621782
1009098,46.81019906916577
1009198,0.045113101652462725
1009199,0.0819164322559036
1009200,0.16649503106244465
1009201,0.37910249442164085
1009202,1.6602604212169512
1009203,6.0348264649262
1009204,14.52065593646261
1009205,26.0550398948824
1009206,36.24098901473009
1009207,40.67801713930926
1009208,41.03506000506929
1009209,43.18935267743437
1009210,48.477031895331244
1009211,54.46156345610615
1009212,56.46515303897181
1009213,58.43890258481932
1009214,61.736381253129586
1009215,61.11048773925348
1009216,58.651170538898654
1009217,56.97713935677772
1009218,56.79895730730965
1009219,56.0033532421161
1009220,54.18692722529351
1009221,51.11995610571893
1009222,48.41006052105528
1009328,0.10206918171272256
1009329,0.45476913607078784
1009330,1.6188840140522371
1009331,5.044911421412383
1009332,11.853336357140558
1009333,20.186271417630387
1009334,27.01335820191019
1009335,30.132979268401545
1009336,30.731660839146947
1009337,32.95839456849126
1009338,38.124938825454734
1009339,43.786701365905195
1009340,47.67955171761933
1009341,52.601905577178954
1009342,59.078982661900866
1009343,59.946711967889435
1009344,56.79848690547794
1009345,53.8084413336134
1009346,52.189794587252166
1009347,50.19526426780302
1009348,47.5663372998306
1009461,18.333091985923964
1009462,23.357940059620347
1009463,25.334178927980734
1009464,25.37596876212095
1009465,26.5375130963443
1009466,30.624567604744282
1009467,34.939445162817925
1009468,38.87525846379085
1009469,45.720269467784554
1009470,54.17159237454482
1009471,55.510367863125026
1009472,51.01185162701342
1009475,42.48289155957046
1009581,0.03603640355207715
1009582,0.013626537621805351
1009583,0.07789756418447166
1009584,0.10606514885425905
1009585,0.2953256125885206
1009589,17.000103943014285
1009590,20.838668691858366
1009591,21.8413220031067
1009592,21.637284008839273
1009594,25.331700363872322
1009595,29.173138801129546
1009596,32.82655468620311
1009708,0.016769100282706607
1009709,0.03480913870718523
1009710,0.04078542455438489
1009711,0.061785434923806754
1009712,0.029866183595480614
1009713,0.22502064153247808
1009714,0.8864846612436249
1009715,3.2778413562593562
1009716,8.69945060615114
1009717,15.190626637836017
1009718,18.258947297972014
1009719,18.545827245645675
1009840,0.057773574804553564
1009841,0.15370226389190747
1009842,0.6597882448331209
1022002,1.2288952372587394
1022003,3.24653313677503
1022004,6.847131482790071
1022005,11.281397661045798
1022006,14.12056764748718
1022007,16.95350870722756
1022130,1.2405589210706038
1022131,3.173440303095275
1022132,6.886815147628188
1022133,11.446797949240443
1022134,14.81850834203388
1022135,18.530902249892204
1022137,26.121529573325585
1022138,26.63935325367093
1022139,25.65947461975583
1022140,22.29582885566333
1022141,19.182256926391357
1022266,34.577803970139165
1022267,35.01056613115759
1022268,32.58538270310038
1022269,28.77153784269267
1022270,27.55510426191673
1022271,28.933942525722696
1022391,23.412221742037556
1022392,31.904133585767784
1022393,40.46298097289191
1022394,44.9735251131669
1022395,47.43749762057086
1022396,45.63449861220361
1022397,41.86515446310843
1022398,39.671024613549186
1022399,39.628351557092124
1022400,42.06358407524207
1022402,51.5123495793254
1022403,46.938391900323104
1022514,2.3494361169467712
1022515,3.9309284821482287
1022516,6.690193339725184
1022517,11.635076339699742
1022518,18.91835636510269
1022519,29.498233377975854
1022520,41.91281289223421
1022521,51.8475235394713
1022522,56.07725613733788
1022523,57.04574711103219
1022524,56.32512765439941
1022525,54.61797156757864
1022526,54.11613988399827
1022527,54.589926535205684
1022528,55.440481990301876
1022529,58.21388660193471
1022530,59.89623592863659
1022531,57.803643284458644
1022532,54.33142152689849
1022533,51.31613866061975
1022534,45.74998857972018
1022645,11.908676571585577
1022646,21.221775819885668
1022647,34.94344571961343
1022648,49.66890351941446
1022649,59.08408925868678
1022650,61.49218705797328
1022651,61.29147604341319
1022652,61.301143167349956
1022653,61.19439638369194
1022654,62.30165927986509
1022655,62.971286091377266
1022656,62.99413041832227
1022657,63.01371978789156
1022658,63.693343038455026
1022659,63.03068235855317
1022660,61.32178375732329
1022661,59.13408362213815
1022662,54.726703902351325
1022663,49.19605786279975
1022664,44.520663581734425
1022773,13.435657385751707
1022774,24.78261810514853
1022775,39.965159567962495
1022776,54.59604122552918
1022777,62.46771935610353
1022778,63.45641609778534
1022779,62.87427660124318
1022780,64.03738774189684
1022781,64.64737839951553
1022782,65.74811510450319
1022783,66.16498264662667
1022784,65.61476323657898
1022785,64.98207985960603
1022786,64.99070481714763
1022787,64.77963057318753
1022788,64.54148256429232
1022789,65.11202004316554
1022790,64.45951344202014
1022791,61.69904840108321
1022792,55.55408299143996
1022900,8.092628403967671
1022901,17.44114241059292
1022902,31.804960542555662
1022903,47.55877165215365
1022904,59.91276955694016
1022905,65.0082950851522
1022906,64.50476699814793
1022907,64.07867192919046
1022908,66.12914582970184
1022909,68.21497227601593
1022910,69.03293852475201
1022911,69.1264343371796
1022912,68.40309356628205
1022913,67.31952079363872
1022914,66.5247709022248
1022915,66.00955754310235
1022916,65.32584030588976
1022917,67.42579200485604
1022918,69.49566813858294
1022919,68.20162486583534
1022920,63.66620038292794
1022921,60.29151406496396
1022922,58.86198539502285
1022923,55.87903289225648
1023027,4.5892937676019265
1023028,10.034340794665303
1023029,21.618719382352772
1023030,38.36281766839949
1023031,53.44481950633729
1023032,64.31451627267367
1023033,66.89967510898622
1023034,65.75872761158647
1023035,66.33640491278622
1023036,68.37774095424062
1023037,70.27715506529323
1023038,71.71493890018174
1023039,71.3269912018409
1023040,71.1227556717045
1023041,69.65305194413781
1023042,68.44113035906578
1023043,67.1166293791466
1023044,66.38337391990899
1023045,67.76826890281772
1023046,70.36593198298763
1023047,70.42536326482869
1023048,67.96323087059089
1023049,65.26593682115319
1023050,64.11739497212244
1023051,60.27755718664845
1023155,5.590179709388929
1023156,12.497408362997495
1023157,24.220614454370423
1023158,40.58153338464481
1023159,55.993117374109104
1023160,65.36160844250801
1023161,67.53255099250865
1023162,67.22790200015571
1023163,68.47511403416999
1023164,69.87153714489531
1023165,70.6002063528062
1023166,71.31931486593477
1023167,71.36690195691595
1023168,71.7534220968352
1023169,70.50760034138905
1023170,70.00786603451272
1023171,69.22071776568103
1023172,67.42400118662479
1023173,67.8323806427352
1023174,70.02174769098195
1023175,70.55423195441244
1023176,67.88284743169378
1023177,66.4651433917335
1023178,66.7624719288475
1023179,63.14190525012466
1023180,47.44802887958331
1023283,7.498682717115769
1023284,16.126749821313002
1023285,28.001674456192116
1023286,42.6152140141109
1023287,56.79385390662016
1023288,66.3096703177112
1023289,67.79081117780646
1023290,67.83186031348181
1023291,69.81335261103912
1023292,70.82529492855252
1023293,71.23876387837977
1023294,71.31748526869649
1023295,70.870454002257
1023296,71.85708051336277
1023297,71.09027290891267
1023298,71.03611145324737
1023299,70.90560084635823
1023300,69.19326017518215
1023301,68.32582414316471
1023302,69.98904276547808
1023303,70.30295193743191
1023304,67.30556433649764
1023305,66.75680052497721
1023306,67.39156952932392
1023307,64.30196450209006
1023308,48.36475468098549
1023309,22.79513388102439
1023310,6.541120776319874
1023311,1.3164702143586224
1023411,10.36329728688036
1023412,22.557012403222114
1023413,34.67459163279242
1023414,46.14358113358392
1023415,57.85492927643992
1023416,66.13050582599242
1023417,68.19343567894556
1023418,68.4850464348084
1023419,70.75793195293483
1023420,72.15766977459396
1023421,72.49284450107753
1023422,71.88191906482794
1023423,71.93460102900247
1023424,72.04682741266785
1023425,72.07039154817964
1023426,72.54084700908227
1023427,72.03491855483767
1023428,70.12757025441773
1023429,68.68970757605311
1023430,69.51215167293044
1023431,69.29626593978487
1023432,66.92479965853582
1023433,66.1053069644169
1023434,67.07871110893463
1023435,64.08320642298106
1023436,48.59856663229518
1023437,22.743974288860098
1023438,6.43155797106351
1023439,1.320459483256228
1023440,0.25488819808152885
1023539,13.390737268976732
1023540,28.049640543612004
1023541,39.2604957551905
1023542,47.937916295157976
1023543,57.212404883526794
1023544,65.22448116595424
1023545,67.94898028381927
1023546,68.9848204005473
1023547,70.8781394237972
1023548,71.89074269744084
1023549,72.55612075592481
1023550,72.55964524826716
1023551,72.30730124400553
1023552,72.73111751670524
1023553,71.95802552856489
1023554,72.15638016803646
1023555,72.24308357473332
1023556,69.9803752600573
1023557,68.03203700844276
1023558,67.82569247993311
1023559,67.03162318485525
1023560,65.39836949535471
1023561,65.03687886686845
1023562,66.09206743928009
1023563,63.19848721473103
1023564,48.75880782182362
1023565,23.113316307810365
1023566,6.45027097436474
1023567,1.329334547944012
1023568,0.2363479365731041
1023667,17.784778348977625
1023668,32.24218717431025
1023669,41.71568658258403
1023670,48.294158692316415
1023671,56.35421352291918
1023672,64.04418055304198
1023673,68.14634221891244
1023674,69.1065918640068
1023675,70.02056855918286
1023676,71.33777279779237
1023677,71.76479143486289
1023678,71.76788028290132
1023679,71.79916141027596
1023680,72.11179995560396
1023681,71.44491695266531
1023682,71.1833231323747
1023683,70.76185245669579
1023684,68.76504121152782
1023685,66.41578206120487
1023686,65.09032393807608
1023687,64.36786707485582
1023688,63.41251310244525
1023689,63.04002438097023
1023690,63.76650972218636
1023691,62.99267755895115
1023692,49.13076271752058
1023693,23.51723772620101
1023694,6.797037475352873
1023695,1.415353529197501
1023696,0.22127685441033806
1023795,22.730963427160933
1023796,34.88284208225875
1023797,42.94071491100008
1023798,48.70438704406832
1023799,56.58102526047618
1023800,64.48896443388958
1023801,68.89082530129303
1023802,69.52945682917714
1023803,69.35684342816387
1023804,69.95654892299197
1023805,70.69987062100157
1023806,70.87342391105128
1023807,71.13081553472797
1023808,71.48247983396377
1023809,70.34599884739144
1023810,70.19922576727015
1023811,69.0947418592704
1023812,67.25894880965696
1023813,65.1905121899438
1023814,62.879134399223126
1023815,61.571172601815576
1023816,61.68889779332392
1023817,61.29934643418949
1023818,61.76525775473929
1023819,59.89018531044547
1023820,46.92270394662623
1023821,22.46530109954066
1023822,6.353681871271705
1023823,1.2784464562351985
1023824,0.22876672217339475
1023923,22.56237188431116
1023924,35.18215062688355
1023925,43.96603305119751
1023926,50.5557386684813
1023927,58.8280152429095
1023928,66.19427742773128
1023929,70.01995342216415
1023930,70.40426860975587
1023931,69.82353643022302
1023932,69.46143207914952
1023933,69.99012064082548
1023934,70.07730063242465
1023935,70.16779752491392
1023936,70.18220752742339
1023937,69.29074219399152
1023938,68.54190399283564
1023939,67.47432762511647
1023940,65.79059071651751
1023941,63.61206245070012
1023942,60.81317680199226
1023943,60.18581151358934
1023944,61.28365381255601
1023945,60.77067004043365
1023946,59.73003222670329
1023947,56.06933351238114
1023948,42.71864840947591
1023949,20.231688427126798
1023950,5.788835310574972
1023951,1.1826293098253473
1023952,0.1960716480388104
1023953,0.14209173568539712
1023954,0.09537892262042512
1023955,0.12162431782722645
1023956,0.06287202237163032
1023957,0.01938880889138581
1023958,0.013995956147968315
1024051,21.164151007312153
1024052,34.80134503711343
1024053,45.26770484064353
1024054,54.08632090411569
1024055,62.041994823403364
1024056,68.23988129323912
1024057,71.46905680225646
1024058,71.25651018231088
1024059,69.53973141475763
1024060,69.04378963432555
1024061,69.21689702176373
1024062,68.95970041933803
1024063,68.87572671102876
1024064,68.68952016831201
1024065,67.58092328139134
1024066,66.46322490082207
1024067,64.94275090439014
1024068,62.99180874796306
1024069,60.38649629416203
1024070,57.98278868653198
1024071,58.33450551988493
1024072,60.50987163459616
1024073,60.76842531515723
1024074,58.93835251968891
1024075,54.25472975081541
1024076,40.73573812782414
1024077,19.170113155818694
1024078,5.54837121087697
1024079,1.2238251579849588
1024080,0.23250022271421833
1024081,0.10312167611798172
1024082,0.11327419653834343
1024083,0.06914658808781711
1024084,0.04383355515145983
1024085,0.03171545435944524
1024086,0.017954781758503673
1024087,0.011148517958174528
1024088,0.007183730264712014
1024179,21.679015995969458
1024180,35.79224573849507
1024181,47.79470286381807
1024182,57.45939292939078
1024183,64.14356572331246
1024184,69.16084917443374
1024185,71.88965036068133
1024186,71.00796716018752
1024187,68.67295081982792
1024188,67.42257178042243
1024189,67.08517913108808
1024190,67.04008035811688
1024191,67.13552730013144
1024192,67.43067031000317
1024193,65.7183228400754
1024194,64.22643094204089
1024195,62.65279633495596
1024196,60.37433711193582
1024197,58.23248421498761
1024198,55.53514229121131
1024199,54.77947691743301
1024200,56.90323789278538
1024201,57.720463585615576
1024202,57.20175564992063
1024203,53.47197381256566
1024204,40.1925114454261
1024205,18.766092766565517
1024206,5.486670975433224
1024207,1.1841961597809334
1024208,0.1789021021404142
1024209,0.10829411886181822
1024210,0.11082336637048981
1024211,0.014784047999674461
1024212,0.05747309383820763
1024213,0.015242870815440141
1024214,0.012521003345935776
1024215,0.004709398612635982
1024216,0.004539599261588353
1024306,11.275366807259806
1024307,23.121426283207636
1024308,38.78843261457636
1024309,51.24021837840172
1024310,60.51804824146628
1024311,65.72623993380606
1024312,69.2751859235214
1024313,71.74064850955426
1024314,70.34800210161042
1024315,67.94251376806584
1024316,66.31818337323766
1024317,65.8680727808908
1024318,65.70589058033518
1024319,66.21071103971722
1024320,66.84741839207493
1024321,65.70078504292736
1024322,63.02571773564069
1024323,60.61871330008604
1024324,59.024814528337174
1024325,56.78512727642658
1024326,53.74138539030204
1024327,52.136895402511904
1024328,52.284737014457846
1024329,53.09048413679109
1024330,54.02535130851576
1024331,52.11736606063478
1024332,39.84987150197591
1024333,18.718162079581315
1024334,5.282861430524751
1024335,1.0167533357753673
1024336,0.15841487521893344
1024337,0.1293475401022338
1024338,0.1132802114591584
1024339,0.06669953179128485
1024340,0.04103622395635997
1024341,0.029662505661084488
1024342,0.022056854059883113
1024343,0.012559439224381087
1024344,0.00426280341594606
1024434,10.708812721994837
1024435,23.643798916021108
1024436,41.15350426493205
1024437,54.363547597266965
1024438,62.346052796528454
1024439,65.79243707209359
1024440,68.63047262512062
1024441,70.62616150680765
1024442,70.1113309561718
1024443,67.67931658534144
1024444,66.35635517227657
1024445,66.24112922727085
1024446,65.40896094845755
1024447,65.87556451408491
1024448,66.74739906398369
1024449,65.59157621257349
1024450,62.99578563761983
1024451,59.73809987550081
1024452,57.550954525033006
1024453,55.854770767719074
1024454,53.4044227016985
1024455,51.5947317934086
1024456,50.85933566532145
1024457,50.37135900112712
1024458,51.15617264577898
1024459,50.93419065301846
1024460,39.80801739058183
1024461,18.67216286275835
1024462,5.348225529387583
1024463,1.1644607629516224
1024464,0.1715218699192801
1024465,0.11634781014454183
1024466,0.09670452288543625
1024467,0.046444895620841815
1024468,0.05550051283530439
1024469,0.03069199281141382
1024562,8.182473163564193
1024563,21.43832820296198
1024564,41.27489771757567
1024565,55.79970883805875
1024566,63.24884027358509
1024567,65.01541980294533
1024568,66.63728099806161
1024569,69.15230689217526
1024570,69.01181119700807
1024571,67.68496962528278
1024572,67.1225948285193
1024573,66.89352322705196
1024574,66.10783771040019
1024575,66.35109407763424
1024576,67.07053955820649
1024577,66.20504724029728
1024578,63.85467041348331
1024579,60.31773450682647
1024580,57.702787461061924
1024581,56.29896148161681
1024582,54.996744271645596
1024583,53.98175449708536
1024584,53.39543571015409
1024585,52.71030015473761
1024586,53.6163549408018
1024587,53.11532565782761
1024588,41.19586836302277
1024589,19.258607712481233
1024590,5.355670316966031
1024591,1.1796517695701982
1024592,0.24367607875570083
1024593,0.16240638519986628
1024594,0.06336657799660449
1024595,0.030718733606278713
1024690,6.052013803068315
1024691,19.35362715896917
1024692,40.58509145024374
1024693,55.87540784801375
1024694,63.53481915766873
1024695,64.21108321247982
1024696,64.80318068744617
1024697,67.07300685404536
1024698,67.51596971431822
1024699,66.59373868914604
1024700,66.5816161910361
1024701,66.95849353764274
1024702,66.17658264081972
1024703,65.66731111555892
1024704,66.37883827240641
1024705,65.99158302816927
1024706,63.91375437952462
1024707,60.96387133902893
1024708,58.90913161972006
1024709,57.90427651271086
1024710,57.13958073854059
1024711,56.84103751901085
1024712,56.54349186962424
1024713,57.30058391071021
1024714,58.745407961944984
1024715,56.00030994410728
1024716,41.49295051868255
1024717,18.887811208264033
1024718,5.311060541908946
1024719,1.052168650871145
1024720,0.14966914589231475
1024818,5.244350344660872
1024819,18.017177478331842
1024820,39.22376444601407
1024821,55.22761604443233
1024822,62.994011186200666
1024823,63.73470416021565
1024824,63.248474301142416
1024825,65.18370738859875
1024826,65.41938182182326
1024827,64.94456879914443
1024828,65.51634607737951
1024829,66.71522132429308
1024830,65.58877160931536
1024831,65.3264550591548
1024832,65.59040343922791
1024833,64.82911709694606
1024834,63.279058699905754
1024835,61.68596992903168
1024836,59.99366329066206
1024837,59.003965279638685
1024838,58.0159646873996
1024839,58.153156809401985
1024840,58.546362830038746
1024841,60.291853796048734
1024842,62.383869855771664
1024843,56.920770067939536
1024844,39.85815968323388
1024845,17.5690850763487
1024846,4.752619844030386
1024847,0.9457555174782275
1024848,0.2555222546219516
1024946,4.640268909261428
1024947,15.829271749417805
1024948,35.15791623491621
1024949,52.67085302527255
1024950,63.305550453174504
1024951,64.55060839289462
1024952,63.534597704152084
1024953,64.62520726615912
1024954,64.32175503593159
1024955,63.47496560187708
1024956,64.91679638688301
1024957,66.54458553192384
1024958,66.18599365692647
1024959,65.51813839849703
1024960,65.40002286874962
1024961,64.01527131709292
1024962,62.62314410332956
1024963,61.74889112695367
1024964,60.600481420508295
1024965,59.891076592929984
1024966,58.94697131077165
1024967,58.93801353194432
1024968,59.5623530137877
1024969,62.10920379073998
1024970,64.14564530388857
1024971,57.64328429937702
1024972,39.35568887961429
1024973,16.877877875574445
1024974,4.607027229590709
1024975,0.8957342756488013
1024976,0.22078308861393195
1025074,3.476477483213354
1025075,12.26303933051116
1025076,28.78507659143009
1025077,48.08830891286882
1025078,62.984662083611056
1025079,65.30845515676285
1025080,63.00833298140765
1025081,62.808093496430914
1025082,63.013053407930656
1025083,62.99008887687911
1025084,64.56433829159775
1025085,66.41425493154875
1025086,66.02187932990677
1025087,64.83398300246279
1025088,64.55210815987134
1025089,63.0068754897569
1025090,61.81917812339684
1025091,61.27363310760247
1025092,60.81685358064866
1025093,60.20355566640603
1025094,59.448875451440415
1025095,59.45223149412757
1025096,59.658913473089726
1025097,61.799707800766754
1025098,63.972424958060806
1025099,57.30735704381697
1025100,38.60546899496726
1025101,16.63326126649974
1025202,2.637533063671054
1025203,9.667056032347107
1025204,24.40947302686416
1025205,44.3226362910866
1025206,60.64262167140403
1025207,63.55808002128418
1025208,59.79446305834586
1025209,58.320136901859314
1025210,58.912865797814206
1025211,60.088026536206605
1025212,61.19893125714097
1025213,63.02167329094976
1025214,63.96589142108782
1025215,62.99757570660674
1025216,62.43986444726174
1025217,61.18969168179963
1025218,61.22389850661329
1025219,60.99834673358435
1025220,60.67012694490576
1025221,59.93294474677977
1025222,59.631880809864725
1025223,59.340520478920226
1025224,58.772885588081046
1025225,60.09722576946001
1025226,61.97826169048119
1025227,56.0081348136846
1025330,2.30107125145942
1025331,8.061020346340886
1025332,20.659337399472427
1025333,38.336452030856044
1025334,53.06272210408613
1025335,55.43337777792224
1025336,51.95086986357364
1025337,49.89062407224477
1025338,51.44565651046837
1025339,54.64961456162792
1025340,56.64055205205321
1025341,59.124651648656815
1025342,61.43767500789235
1025343,60.69907533725169
1025344,59.534048841733004
1025345,59.01277150541602
1025346,59.356624851185416
1025347,60.07757402944237
1025348,59.33654518305505
1025349,58.70071769458448
1025350,58.424161925876014
1025351,57.704341719613076
1025352,56.31099930726281
1025353,56.00006325331386
1025354,56.93925382429013
1025355,51.82808398503522
1025453,0.05172178331063897
1025454,0.08198521321338141
1025458,1.7923669705420366
1025459,6.112434167554811
1025460,14.65559383502277
1025461,27.41162223014283
1025462,38.58608215089092
1025463,41.04373648588662
1025464,38.9991508895653
1025465,39.48072677178926
1025466,43.48257874364558
1025467,48.5700394622384
1025468,51.33117111790509
1025469,55.65078956551267
1025470,59.61874349679038
1025471,59.584645186220655
1025472,57.34236067483107
1025473,57.23696712547092
1025474,58.506760662675
1025475,58.80183139808584
1025476,58.18299092364403
1025477,57.22590936628354
1025478,56.000722790298056
1025479,54.16124882672186
1025480,51.04156504536762
1025481,49.93088812262008
1025482,50.398175555040694
1025483,46.56925249190549
1025581,0.03690275184686093
1025582,0.10358740989465569
1025583,0.04783848437478501
1025584,0.13715380889826312
1025585,0.4398963754604991
1025587,4.634691667121953
1025588,10.463837310142734
1025589,18.266817750855033
1025590,25.396513207310466
1025591,27.644626966990124
1025592,27.178962078631763
1025593,29.27824141289759
1025594,33.96029156018216
1025595,39.141419128355764
1025596,43.64488366484997
1025597,50.356892280391826
1025598,57.904556548599125
1025599,59.28709959384103
1025600,56.60757155072823
1025601,56.058934212064614
1025602,57.26351110865774
1025603,57.37478194911312
1025604,56.00049368296095
1025605,54.03735776951058
1025606,51.49422720656945
1025607,48.137887212791846
1025610,43.22972765432677
1025712,0.1465918892458796
1025713,0.43680810212655846
1025715,4.355751465692401
1025716,9.146733215488263
1025717,14.664908628641744
1025718,19.591445615496628
1025719,21.27029580319578
1025720,21.27997904350811
1025721,22.570613446562646
1025722,26.131925842630416
1025723,30.75273576300592
1025724,35.41906414697736
1025725,45.03694602633663
1025726,56.488223271008486
1025727,59.415368553852325
1025728,55.99869643965143
1025729,54.43844380878839
1025730,54.39448628345738
1025731,53.179007291010436
1025732,50.944485522566005
1025733,47.43810200921866
1025734,44.0974488567766
1025840,0.12418927817291381
1025841,0.36440451155306025
1025842,1.441491920608028
1025843,4.318596991553626
1025844,9.23734184708116
1025845,14.626038931586324
1025846,18.64108254370802
1025847,19.687760953733537
1025848,19.151156959142455
1025849,20.299945119794703
1025850,22.904899012610777
1025851,26.26807355273196
1025852,30.736185858467866
1025853,40.61240427440857
1025854,52.76934932584188
1025855,55.594535986262606
1025856,51.36435590149658
1025857,48.2468296388513
1025858,46.9848182694324
1025859,45.21723783253071
1025964,0.027357213992709312
1025965,0.021381080522531577
1025966,0.04280191038979367
1025967,0.04084001232456665
1025968,0.061756203332497504
1025969,0.3096659505265686
1025970,1.3114366362973493
1025971,4.235068930785467
1025972,9.341155493891097
1025973,15.226317543612355
1025974,18.334016137314016
1025975,18.643593464326468
1025976,17.764079220872887
1025979,23.58474285832515
1025980,27.304931947783135
1025983,49.15931030790693
1025984,43.73108669056483
1026092,0.017917373236366736
1026093,0.02357445475845868
1026094,0.0383606183601204
1026095,0.07206945598238532
1026096,0.08236802228416884
1026097,0.2543109091931
1026098,1.1633599915990056
1026099,3.7097317881768728
1026100,8.950809848577869
1026101,14.849182376617899
1026102,17.376057724295702
1026103,16.942920200339856
1026223,0.012727060068986327
1026224,0.045564225766342295
1026225,0.1509162823510526
1026226,0.7908839178462471
1038259,2.658109813560375
1038260,6.225845035009137
1038261,10.563285479169055
1038262,13.659708136193576
1038386,1.0184804246122983
1038387,2.6689256684735163
1038388,6.272137498704574
1038389,10.951206509667267
1038390,14.440060870996957
1038391,17.59706718267857
1038392,20.49858012232098
1038393,21.570072627101442
1038394,21.92372274616954
1038395,22.409407104851223
1038514,1.0662910712698006
1038515,2.7417130926022506
1038516,6.166922084294471
1038517,10.915631232758752
1038518,15.031453459722565
1038519,19.026949394426207
1038520,23.4143536970149
1038521,26.85856254063268
1038522,27.30410714169899
1038523,27.037352400116603
1038524,23.818460595086556
1038525,20.73881182333899
1038526,22.38324348312776
1038642,1.544247343250327
1038643,2.927643862180974
1038644,5.872613625424858
1038645,10.593549491952688
1038646,15.373276132583557
1038647,20.39537268723256
1038648,27.038051743492545
1038649,32.63143207245057
1038650,35.46396173316542
1038651,36.86268573304882
1038652,34.709040211804854
1038653,30.595694184682785
1038654,30.229158759284218
1038655,31.626029966051718
1038767,0.13562819439382776
1038768,0.4382947436355511
1038769,1.0973437970359743
1038770,2.09552294081759
1038771,3.081620366543103
1038772,5.673051000331986
1038775,24.33344741506952
1038776,33.935493003359255
1038777,42.15090608976651
1038778,46.51175037334473
1038779,49.337702104867155
1038780,47.987446649050284
1038781,44.47878755633807
1038782,43.04684329181622
1038783,42.92027211711853
1038784,45.21360836898976
1038785,52.13702158788754
1038786,54.81788041689697
1038787,50.14422528868748
1038895,0.14302708925433733
1038896,0.5080173103803945
1038897,1.3626975260111236
1038898,2.4290310904043073
1038899,3.3046013786742345
1038900,5.245813417537188
1038901,10.247364153463709
1038902,18.268070301652536
1038903,30.380950220365097
1038904,44.24589591680026
1038905,54.233956101433414
1038906,57.8294807325171
1038907,58.42812337404142
1038908,58.60246202628458
1038909,57.363869615854895
1038910,56.39269706488781
1038911,56.128925217527915
1038912,56.715574526464735
1038913,60.087889943718835
1038914,61.95268180450636
1038915,59.70962708611427
1038916,56.88769410476307
1038917,53.5751648637225
1038918,48.48795861733124
1039029,10.761121639893583
1039030,20.606233898783856
1039031,35.16254799016608
1039032,50.613597750592916
1039033,59.96010266277534
1039034,61.66414501541007
1039035,61.92023987318928
1039036,62.999571684368505
1039037,63.60098478615161
1039038,63.312719437473525
1039039,63.27111708599476
1039040,63.02167463878594
1039041,63.60163068793779
1039042,64.16929675147843
1039043,63.5451209716814
1039044,61.83607574432225
1039045,60.6977920186067
1039046,58.56386683852468
1039047,54.035945552880506
1039048,48.230687425544204
1039157,12.799585876212936
1039158,24.251151307215743
1039159,39.814320679205075
1039160,54.87613930568723
1039161,62.48113529723611
1039162,63.00581464853529
1039163,62.99852722816895
1039164,65.20414628853906
1039165,66.81737719915087
1039166,67.0026094389494
1039167,66.76755210290821
1039168,65.57117603765155
1039169,65.14343779264178
1039170,64.82218787379756
1039171,64.14180207608713
1039172,63.02505472838228
1039173,64.60165569987572
1039174,66.54140954671139
1039175,64.60733187025164
1039176,59.97990430693794
1039177,55.43046852606155
1039179,53.13835547899746
1039285,16.901893847976705
1039286,30.835361201530443
1039287,46.34745801718717
1039288,59.41689323225314
1039289,64.62421996194097
1039290,63.92057841672108
1039291,64.00221777393045
1039292,66.40974660532468
1039293,69.03715226045898
1039294,69.66793140597764
1039295,69.40994930053192
1039296,68.41179310170837
1039297,66.9270025489321
1039298,65.89485469418005
1039299,64.50717039739192
1039300,64.11026436048753
1039301,66.56238908126781
1039302,69.48563765420504
1039303,69.67492672123944
1039304,65.70404705372592
1039305,62.22042659253209
1039306,61.73895540539363
1039307,59.89541989259024
1039412,10.292289048127042
1039413,21.028380566586367
1039414,36.427204462869696
1039415,51.899023634354975
1039416,62.921324498953055
1039417,66.11499480503363
1039418,64.9459438787029
1039419,65.44141830971886
1039420,67.93785983865976
1039421,70.4660718085845
1039422,71.1308542229576
1039423,71.10533705450015
1039424,70.48289345200334
1039425,68.92565337589633
1039426,67.31935810998463
1039427,65.3405404844304
1039428,64.43023627205295
1039429,66.6848675021034
1039430,69.45497625021206
1039431,70.38546798494095
1039432,67.68362571112786
1039433,65.58836130947147
1039434,66.15732824128378
1039435,63.931278479560724
1039436,48.0644759856101
1039539,5.809990864590518
1039540,12.523814744950085
1039541,23.995979231870812
1039542,39.278472348320236
1039543,53.937033722946126
1039544,64.61012992686892
1039545,66.92078565943777
1039546,66.535500401525
1039547,67.32306868606554
1039548,69.27684090870025
1039549,70.23174696369642
1039550,70.05323145492375
1039551,70.31257556201109
1039552,70.8198967436379
1039553,69.47861288517248
1039554,67.85175301856731
1039555,66.57719028722215
1039556,65.0687019783805
1039557,65.95202771975912
1039558,68.73453906820687
1039559,69.4560869302767
1039560,66.93989079143117
1039561,66.14886631180266
1039562,67.32113350548293
1039563,65.15107659123777
1039564,48.92207106819119
1039565,23.038991489102976
1039566,6.610491400347554
1039567,1.4774445291930418
1039568,0.29622384187355066
1039667,7.416810777438912
1039668,16.991204255648164
1039669,28.63801537520748
1039670,41.884661871012646
1039671,56.00177080701121
1039672,66.04937715047149
1039673,68.19504085642883
1039674,67.87425901829073
1039675,69.10602116649947
1039676,70.5174866349031
1039677,71.01350762572673
1039678,70.49868773335626
1039679,70.737906565306
1039680,71.01242382998954
1039681,70.00772151585335
1039682,69.23940359756523
1039683,68.42765810725115
1039684,67.00045937743658
1039685,66.74296951353746
1039686,68.29536035595112
1039687,68.62410250040678
1039688,66.1072079729928
1039689,66.24256062174634
1039690,67.702087436459
1039691,64.53660004266061
1039692,48.19070486720523
1039693,22.51851470830463
1039694,6.536722705981527
1039695,1.3026528266030606
1039696,0.24112902015055926
1039795,10.420336677279213
1039796,22.773678695343477
1039797,34.786712514489146
1039798,45.57062205766277
1039799,57.238971100224866
1039800,66.3435260523968
1039801,69.18163974688015
1039802,69.03362356418168
1039803,70.291474437093
1039804,71.55491905179173
1039805,71.87210271382489
1039806,71.33028994343864
1039807,71.24768126274869
1039808,71.49055927782474
1039809,70.5750469026187
1039810,70.37620360017992
1039811,70.31646190606126
1039812,68.6518822217281
1039813,67.31348851863979
1039814,67.33269395955
1039815,67.33679740937865
1039816,65.78495393066207
1039817,65.96590742082017
1039818,66.98495466003331
1039819,63.13955700836725
1039820,46.898395492229135
1039821,21.82352900057097
1039822,6.1501136597114066
1039823,1.3373974948911769
1039824,0.2679796559767582
1039923,13.654858029762236
1039924,27.93019725469479
1039925,38.97626003746868
1039926,47.50633669792243
1039927,56.56807206134524
1039928,64.90922172316932
1039929,69.28196277687215
1039930,70.25046041648947
1039931,70.79804662819919
1039932,71.18423466286987
1039933,71.54119073661
1039934,71.80232642265757
1039935,71.59631967394618
1039936,71.53591977070327
1039937,70.85908695656036
1039938,70.84605849811167
1039939,69.96258717525913
1039940,68.55190101576008
1039941,66.82685299879672
1039942,65.96159612509405
1039943,65.32630520154078
1039944,64.79458941391157
1039945,64.98177946838435
1039946,66.31754935329253
1039947,63.101666661654846
1039948,47.45527161648802
1039949,22.220693157957992
1039950,6.447707000450631
1039951,1.3221430726336276
1039952,0.2848512331997692
1040051,17.8885874497386
1040052,32.0617439219965
1040053,41.108421990750585
1040054,47.125016418753994
1040055,54.89873242425462
1040056,64.00735530730574
1040057,68.77309692397478
1040058,69.87672286686536
1040059,69.74032502938854
1040060,69.77631796530999
1040061,70.30414186564984
1040062,70.36762903116968
1040063,71.09545098519742
1040064,71.19997586370825
1040065,70.43810661422178
1040066,69.77913814121484
1040067,69.12609745421551
1040068,67.59944625732234
1040069,65.85977155391721
1040070,63.906168841695546
1040071,62.99844384503809
1040072,63.14390568160299
1040073,63.34006961427656
1040074,64.81897112971883
1040075,63.550227743190895
1040076,49.555498247635235
1040077,23.43203112072262
1040078,6.600752717539521
1040079,1.3344506614074343
1040080,0.222835923838989
1040179,22.805859311477104
1040180,34.6189284214377
1040181,41.59170816745276
1040182,46.537673291690155
1040183,54.466104930750895
1040184,63.20708765638937
1040185,68.73793140068359
1040186,69.87323858771069
1040187,69.27618439669475
1040188,68.62492004086442
1040189,68.83595953651098
1040190,69.19705011892712
1040191,69.50699319544519
1040192,70.40307798427078
1040193,69.66547591333992
1040194,68.65891437217384
1040195,67.66065984469115
1040196,66.22087851335611
1040197,64.45643572317543
1040198,62.19036013307527
1040199,60.958127061980086
1040200,61.435827966216365
1040201,61.75547395355383
1040202,62.459498827031986
1040203,61.58660880064545
1040204,47.84422013491896
1040205,22.705220171514924
1040206,6.554379770899919
1040207,1.2961561452517656
1040307,22.424119752638774
1040308,34.55421054523528
1040309,41.77411463632432
1040310,47.6505844560139
1040311,55.10751954258806
1040312,64.00480048460341
1040313,69.11766145901889
1040314,69.89863460057657
1040315,68.88525267522598
1040316,68.21709227194259
1040317,67.68733998349322
1040318,67.63746447471169
1040319,68.114516057641
1040320,69.17013829875933
1040321,68.00490870955836
1040322,66.79944362639495
1040323,65.18155374839668
1040324,63.63493059313649
1040325,62.2763090153398
1040326,60.35144334814817
1040327,59.90827712379452
1040328,60.94829370127931
1040329,61.105981608250644
1040330,60.28320817144108
1040331,57.32466500282216
1040332,43.6795303178407
1040333,20.733521976896498
1040334,6.014178513006279
1040335,1.2031732212105184
1040336,0.25611574608530085
1040337,0.1537576622508897
1040338,0.09008227457185684
1040339,0.03273550607625544
1040340,0.04590792728349192
1040341,0.02795964225411196
1040342,0.0187819100904286
1040343,0.0050521929490866015
1040344,0.011491531454437993
1040345,3.3884986568154e-05
1040435,20.872875421705043
1040436,33.224834649895584
1040437,42.04921253857783
1040438,49.41248499867857
1040439,57.13546788232294
1040440,63.985499887132825
1040441,69.24152012372672
1040442,69.7000337163467
1040443,68.18147782102054
1040444,66.5950756755421
1040445,66.02528763491466
1040446,65.66378343256022
1040447,66.38975298690296
1040448,67.30915393732202
1040449,66.22543993700558
1040450,64.0638379557831
1040451,62.17493348529512
1040452,59.91635792918238
1040453,58.3168354465479
1040454,57.57511841432002
1040455,58.37909133106639
1040456,60.56338244681573
1040457,60.53988565187056
1040458,58.84628927956779
1040459,54.62462988406881
1040460,40.94269572642641
1040461,19.146952648414622
1040462,5.406553350591964
1040463,1.224649346703386
1040464,0.215563179759798
1040465,0.1456515926693479
1040466,0.06653761060096851
1040467,0.0327772011791932
1040468,0.03148587079134363
1040469,0.035160990256977984
1040470,0.022932602666011187
1040471,0.03156843243686853
1040472,0.009067086412256783
1040473,1.5168465075654474e-05
1040474,6.788175593516659e-06
1040563,21.267843448022525
1040564,33.58837751970969
1040565,43.450272104646885
1040566,51.101827213354824
1040567,57.44431001156226
1040568,64.0035414777057
1040569,68.50947922553556
1040570,68.4146759348827
1040571,66.06173183632178
1040572,64.5509071836756
1040573,64.04137626681485
1040574,64.24837247958655
1040575,65.07783445342268
1040576,66.12650576754491
1040577,64.74962972387272
1040578,62.0988382807479
1040579,59.40333283130617
1040580,57.354572029042764
1040581,56.3975945338811
1040582,55.17384833909123
1040583,56.024384215574436
1040584,57.538792814784564
1040585,58.037119439967476
1040586,56.67111662383918
1040587,53.20546715032324
1040588,39.906960150233616
1040589,18.682532426305293
1040590,5.214507648469867
1040591,1.1024747576881435
1040592,0.20003722842722585
1040593,0.10631847645424726
1040594,0.08501415508457683
1040595,0.06774658086068659
1040596,0.036917981651566865
1040597,0.028325849082023194
1040598,0.010603242696037319
1040599,0.022065612340830706
1040600,0.0020624055019131354
1040601,2.6880808009605432e-05
1040602,6.312095829663328e-05
1040691,22.139314801941463
1040692,35.397944893647846
1040693,45.90105724881283
1040694,53.173108466191756
1040695,57.40119101460927
1040696,62.441049629685814
1040697,66.7417967792008
1040698,67.27601453348313
1040699,64.67853617521592
1040700,63.16473999931763
1040701,63.026064815052784
1040702,63.141355371424076
1040703,64.31205074362697
1040704,65.40057487479993
1040705,63.91124981150452
1040706,60.773179179182115
1040707,57.3315125384171
1040708,54.982623960455996
1040709,54.312168897825345
1040710,52.83101395918228
1040711,52.35848494002557
1040712,52.55940603718284
1040713,52.35180409679262
1040714,52.5105236239191
1040715,51.319260957638456
1040716,39.31682869538814
1040717,18.45033031951821
1040718,5.125285975328841
1040719,1.1614552123765574
1040720,0.2376570199774061
1040721,0.08982643477094138
1040722,0.05613095473182708
1040723,0.10297787132163956
1040724,0.04075039826815513
1040725,0.014405441247202583
1040726,0.03706583930171433
1040727,0.008518513226913245
1040728,0.014645381448722131
1040729,0.00012071297530177809
1040730,8.036320760340776e-06
1040819,22.08423320636557
1040820,37.2424447333498
1040821,48.670559854285095
1040822,55.029683975340376
1040823,57.26624329340453
1040824,60.29919561771174
1040825,64.77740350156839
1040826,65.90447882377123
1040827,64.30150518756513
1040828,63.005493529136196
1040829,63.26571780934032
1040830,63.74334806410982
1040831,64.3540605947256
1040832,64.96808006360337
1040833,63.91348427280719
1040834,60.987175808275
1040835,56.34974643044997
1040836,54.07909519958375
1040837,53.75629348520162
1040838,52.64285683849508
1040839,51.60831346827148
1040840,50.82804114121458
1040841,49.73872995531037
1040842,50.25979685377165
1040843,50.47043640747412
1040844,39.480220116804944
1040845,18.509505007431724
1040846,5.205709409490347
1040847,1.1913428544251714
1040848,0.2028111781198761
1040849,0.11906616769607771
1040850,0.12624243554225317
1040851,0.03164268822690565
1040852,0.038475409050633715
1040853,0.035764276679425805
1040854,0.006727582561179443
1040855,0.010768401646960192
1040856,0.011144489110544664
1040947,20.448067453305427
1040948,38.26989714443736
1040949,50.87895983895295
1040950,55.89902948696973
1040951,56.81756422144608
1040952,58.777881737241884
1040953,62.952236777413994
1040954,64.17510258355112
1040955,63.30786493832246
1040956,62.87006368607105
1040957,63.45986007421902
1040958,64.02152277257156
1040959,64.31186702709736
1040960,65.00494868118253
1040961,64.3339247031868
1040962,61.44283495473789
1040963,57.305005873942534
1040964,55.10537970770531
1040965,54.877336588155714
1040966,54.30429427021283
1040967,54.015137733903885
1040968,53.138903375632516
1040969,52.08700613866751
1040970,52.941968232008506
1040971,52.944466806542714
1040972,41.150322477106556
1040973,19.141399977883093
1040974,5.376667131144651
1040975,1.1379862949461035
1040976,0.1523078571272696
1040977,0.12153607650093878
1040978,0.12316294723604554
1040979,0.05717416704741913
1041075,19.097140029483327
1041076,38.782627954876716
1041077,52.61029288063873
1041078,56.95689722073149
1041079,56.437556376282615
1041080,57.14600809534574
1041081,60.219281251909024
1041082,61.42565795065429
1041083,61.0339229695424
1041084,61.81257499963475
1041085,63.30665297473437
1041086,63.87841591253756
1041087,63.943375399015444
1041088,64.23240168212023
1041089,63.38847828819312
1041090,61.430641876196134
1041091,58.80768235362798
1041092,57.28246143500923
1041093,56.67424567397767
1041094,56.512479593768155
1041095,56.51451917154661
1041096,56.17870706924699
1041097,56.197703800775614
1041098,57.58970930386108
1041099,55.4749162695213
1041100,41.12501246998713
1041101,18.52376001176668
1041102,5.256789286927046
1041103,1.1301212172344064
1041104,0.2105991056469235
1041202,5.407805929863269
1041203,18.354879274848617
1041204,38.27220385203042
1041205,52.74529056584668
1041206,57.805222734970776
1041207,56.7062428157555
1041208,56.52031082430621
1041209,58.36788274773079
1041210,58.85402834294628
1041211,58.6780248701386
1041212,60.219979252634154
1041213,62.77759005991806
1041214,63.38675754069452
1041215,63.00556309795765
1041216,63.001640003334785
1041217,61.95252210130267
1041218,60.92966567315766
1041219,59.95090663539935
1041220,58.797231475921286
1041221,58.27344578547532
1041222,57.888373477459496
1041223,58.13402353854613
1041224,58.052891518907344
1041225,59.119399845858275
1041226,61.269638509451184
1041227,56.2177775260941
1041228,39.18889793259729
1041229,17.19127237885985
1041230,4.644985820906785
1041231,0.9962004553874065
1041232,0.28018036573037425
1041330,4.6079577963744995
1041331,16.58834596700045
1041332,35.13692623733133
1041333,50.52155085918665
1041334,57.88250022340962
1041335,57.701657776849636
1041336,56.496857885870604
1041337,56.628657934942765
1041338,56.90025379559
1041339,56.79649914844912
1041340,59.185278363449456
1041341,62.3699016689787
1041342,63.00059398010423
1041343,62.44299036492036
1041344,61.83079334170713
1041345,60.98587290359357
1041346,60.0812079152082
1041347,59.792370036018696
1041348,59.45008709351782
1041349,58.740717513522405
1041350,58.85031232662898
1041351,59.0483959632899
1041352,59.27556616669425
1041353,60.64359885745221
1041354,62.679453533148305
1041355,57.07682624448184
1041356,38.935416647808985
1041357,16.629328958589472
1041358,4.501589120830983
1041359,0.9906035645316691
1041360,0.1754979039811533
1041458,3.7107176462998317
1041459,12.793981793830966
1041460,28.104869710016388
1041461,44.399401718670106
1041462,54.8475508027608
1041463,56.25933014938956
1041464,54.8582829924819
1041465,54.797780859778435
1041466,55.07010709368511
1041467,55.123346620752315
1041468,57.78065794392108
1041469,61.37703337339747
1041470,62.56862720892885
1041471,61.8602295791363
1041472,60.179000451653756
1041473,59.625938492704
1041474,59.688456064361745
1041475,59.860588812058865
1041476,59.60811843661697
1041477,59.32237198465748
1041478,59.16833079507671
1041479,59.51337546193568
1041480,59.85692430562402
1041481,61.699614355237856
1041482,64.06422506508966
1041483,58.4797513252689
1041484,39.35670440133658
1041485,16.67754247033987
1041486,4.492070134791694
1041487,0.8805744621480918
1041488,0.17516491469131656
1041585,0.6475947933447859
1041586,2.808832182921853
1041587,9.325530759446991
1041588,21.87958758985636
1041589,37.23928623109455
1041590,49.63647305812546
1041591,51.44383706538233
1041592,49.00382001597989
1041593,49.13705661549884
1041594,50.18042821865157
1041595,51.04259410814711
1041596,53.48973258577861
1041597,57.55726239208858
1041598,60.841549289119406
1041599,59.96250799909077
1041600,58.10987945232436
1041601,57.982862889231875
1041602,58.86191386257796
1041603,59.62054970172224
1041604,59.8585586335326
1041605,59.18800510811298
1041606,59.13413373222809
1041607,59.30670982178126
1041608,59.67665919213964
1041609,61.16258309660154
1041610,63.519943027127994
1041611,58.25053018722506
1041612,39.28980382604142
1041613,16.58857906246521
1041614,4.541455686762597
1041713,0.6326146872324924
1041714,2.1007595532156875
1041715,6.67095530738966
1041716,15.43712622163655
1041717,27.87138465629156
1041718,38.89567254710138
1041719,40.6792116095816
1041720,38.35081905851202
1041721,38.567348216086025
1041722,40.961001051132115
1041723,43.59871190912557
1041724,46.672534921170836
1041725,52.27206461297199
1041726,58.030154169071565
1041727,58.64299602157159
1041728,56.70589972791088
1041729,56.94916499038727
1041730,58.816918216972155
1041731,59.6437952367355
1041732,59.34882581009333
1041733,58.20583965872133
1041734,58.28340274046368
1041735,58.08080595298757
1041736,57.71533087017588
1041737,58.61319898437353
1041738,60.89465068894877
1041739,56.00022891540999
1041836,0.021842920964921197
1041837,0.04300823428243113
1041838,0.03700494148911743
1041841,0.5108788787853334
1041842,1.688717333860534
1041843,4.689171217687424
1041844,10.428236635395269
1041845,18.84162234578965
1041846,26.504941488396618
1041847,28.28726946865391
1041848,26.932951314537682
1041849,27.862382761126394
1041850,30.688814321165736
1041851,33.80291612966741
1041852,38.52546775289666
1041853,47.3319576025618
1041854,57.00592733611388
1041855,58.19767205736241
1041856,55.99947573537575
1041857,56.435412258356976
1041858,58.612948134955374
1041859,59.29183609004719
1041860,58.738734806480146
1041861,57.65697313941538
1041862,56.88136450955503
1041863,56.00114064499182
1041864,53.91984601794335
1041865,53.363874290204755
1041866,54.55949170753897
1041867,50.29329778978052
1041964,0.04797038341398423
1041965,0.04695246715525235
1041966,0.08097962641400347
1041967,0.09691036204380357
1041969,0.4172671369139166
1041970,1.4591354456746257
1041971,3.851498615594488
1041972,7.711952474799931
1041973,12.850839817418818
1041974,17.74113485671223
1041975,18.954974613383516
1041976,18.112296577031305
1041977,19.001721645914074
1041978,21.056678740070037
1041979,23.414533864780154
1041980,29.482153906120054
1041981,41.95567655422533
1041982,55.98275331664648
1041983,59.35392115993555
1041984,56.00423380093546
1041985,56.237039009142876
1041986,58.191224786159935
1041987,58.27153414487552
1041988,57.427643631723484
1041989,55.3909531186852
1041990,53.731494759976414
1041991,51.582334143100915
1041992,47.97066917930668
1041993,46.0820157338497
1041994,46.893022420799774
1042097,0.42823535202127816
1042098,1.4003643823201941
1042099,3.768810505004082
1042100,6.9639708995021055
1042101,10.706416654142371
1042102,14.453609526422902
1042103,15.673886822639421
1042104,15.106248075764153
1042105,15.960543638214011
1042106,17.128125150992805
1042107,18.679003604191113
1042108,25.119782459744638
1042109,39.019969250842394
1042110,55.317982243147554
1042111,59.94282671254053
1042112,56.5826614035273
1042113,56.00603453344312
1042114,56.83933109682891
1042115,56.001483784536624
1042116,53.733833168060045
1042117,50.55088276290287
1042118,47.30920853919255
1042119,44.170247366418
1042221,0.019962831801271484
1042222,0.04707949381945095
1042223,0.03958458534491431
1042224,0.08629307993484904
1042225,0.4174645018026808
1042226,1.3699667739807526
1042227,3.783118670775641
1042228,7.1559684092780085
1042229,11.016715693130237
1042230,14.520325919267314
1042231,16.099168246745926
1042232,15.5172653236634
1042233,16.396277678710476
1042234,17.556223219684927
1042235,18.826157356887485
1042236,24.079972888335238
1042237,37.15954232337137
1042238,53.53591861873115
1042239,57.93800103880843
1042240,53.24689109319524
1042241,50.88344913702312
1042242,50.02467083927679
1042243,48.313685404418074
1042244,45.838937643720456
1042347,0.014400540063650788
1042348,0.012955739282163536
1042349,0.01626882246046522
1042350,0.038180519884530424
1042351,0.03612810750445496
1042352,0.10913948646174187
1042353,0.3384190060755499
1042354,1.39947200025262
1042355,3.824613997750993
1042356,7.748160753651573
1042357,11.974262823535085
1042358,15.432776733866113
1042359,16.751420950145842
1042360,16.11699572539412
1042363,19.361106000620612
1042364,23.445374574819876
1042367,51.45698086522126
1042368,45.794154400015444
1042475,0.005053309273476936
1042476,0.003163091947324249
1042477,0.03393066716447633
1042478,0.016697612342792816
1042479,0.04411885543950176
1042480,0.07873278882339906
1042481,0.30120518889178216
1042482,1.3058303652678094
1042483,3.79520735351808
1042484,8.072823166719047
1042485,13.180620027069022
1042486,16.0817369170501
1042487,16.54245224171537
1042603,0.010893529196021509
1042604,0.022035285823943755
1042605,0.01041260925424076
1042606,0.037910940534190966
1042607,0.040973101040558076
1042608,0.061683557078787435
1042609,0.2415659177967124
1054642,0.6772788737928813
1054643,2.0994411446796715
1054644,5.653114385712464
1054645,10.488375393869982
1054646,14.229276710814181
1054647,17.34566746271584
1054770,0.904716247508944
1054771,2.239457171769889
1054772,5.411325469725902
1054773,10.303532468390253
1054774,14.603124144220148
1054775,18.27472102803316
1054776,21.797220371354914
1054777,24.03939350271175
1054778,25.269234308098305
1054779,25.28424539591398
1054780,22.26874771402367
1054781,19.057860568620164
1054898,1.2235421817238608
1054899,2.248652585254063
1054900,5.057231849842566
1054901,9.611993569389087
1054902,14.438790768242356
1054903,19.354920810229018
1054904,24.672206263576197
1054905,28.97319599837148
1054906,29.789400951340493
1054907,29.64308649480457
1054908,26.43029527835312
1054909,23.725919342238775
1054910,25.858118504770825
1054911,28.66442066945474
1055022,0.039609587110797116
1055023,0.1365786556724035
1055024,0.4342448330001267
1055026,1.7757668754598157
1055027,2.4763792794454043
1055028,4.665882549271551
1055029,9.127716354413566
1055030,14.82900407532913
1055031,21.39396404148719
1055032,28.89390267700151
1055033,34.98185877578056
1055034,38.19716247734442
1055035,40.487944864258324
1055036,38.23782466252307
1055037,34.648210182428585
1055038,34.70297853954195
1055039,35.90842602334484
1055040,39.20146402075402
1055149,0.025830808642080996
1055150,0.06692722955165512
1055151,0.1402036730421528
1055152,0.4725045176489372
1055153,1.2709835958918132
1055154,2.087646062662855
1055155,2.6604529159697234
1055156,4.485289638087982
1055158,16.0574398407789
1055159,25.91075367752271
1055160,37.80021808010085
1055161,45.99484626237699
1055162,49.62213084527551
1055163,52.25036671013563
1055164,52.05315072130741
1055165,49.06354259522291
1055166,47.86402056529108
1055167,47.83780848249541
1055168,49.91632681562121
1055169,57.22732152309538
1055170,59.97792481150191
1055171,54.097194015566636
1055278,0.08804060983579046
1055279,0.15303951248839678
1055280,0.4851768313621985
1055281,1.3432204423651264
1055282,2.105010275198314
1055283,2.6934309772790437
1055284,4.255896370066875
1055285,9.275969026317878
1055286,17.994681587631323
1055287,31.50932974300834
1055288,47.426159857786395
1055289,57.13606750653042
1055290,59.210664981964634
1055291,60.53730575011009
1055292,61.25888217150369
1055293,60.74084743344343
1055294,59.29568489135963
1055295,58.47907951647458
1055296,58.69301630978594
1055297,63.0024981373008
1055298,65.5477055690651
1055299,63.00110322610322
1055300,59.5321086047974
1055301,57.10095511316235
1055302,52.618181757579606
1055303,46.44495272971928
1055304,41.45307481714009
1055413,10.08428699716876
1055414,19.76995837168284
1055415,35.242374041162485
1055416,51.82105042949745
1055417,60.67066439509498
1055418,62.174810165292804
1055419,62.436696478025716
1055420,64.16253141628468
1055421,64.8534064695492
1055422,64.00116827796428
1055423,63.36911481857873
1055424,63.00093136660399
1055425,64.75864087927386
1055426,66.13053618840135
1055427,65.05870077167116
1055428,63.11804125007412
1055429,63.39458165955268
1055430,62.99331793149876
1055431,59.53397396887614
1055432,54.01563135996818
1055538,1.5817149396345447
1055539,2.9782385104916216
1055541,12.242960905378611
1055542,23.164036172425636
1055543,39.00422603634087
1055544,54.178087852379775
1055545,61.79028173052214
1055546,62.53592978301343
1055547,62.80583559186352
1055548,65.77197072795161
1055549,67.5571862977537
1055550,67.96824301385662
1055551,66.96755146467227
1055552,65.89708175626372
1055553,66.15562103163597
1055554,65.88771767579325
1055555,64.51344289548472
1055556,63.008926717959355
1055557,65.14804704161378
1055558,68.27598965074347
1055559,67.49681084925064
1055560,63.00258607817588
1055561,58.21958683295411
1055562,57.40986041472707
1055563,56.7120879564448
1055667,4.1166450676257185
1055669,16.475977109841004
1055670,28.835263207047387
1055671,43.79406373100945
1055672,57.396733682942745
1055673,63.05062979325402
1055674,63.35102054697084
1055675,63.706532979720244
1055676,66.95335081102608
1055677,69.42979594319077
1055678,70.7738912579465
1055679,70.24524330420674
1055680,68.98688444873723
1055681,67.94077388752305
1055682,66.35463884395061
1055683,64.29699999291985
1055684,63.07559070552626
1055685,65.49188195077409
1055686,69.13199476305581
1055687,69.29574345312477
1055688,65.88342464683505
1055689,63.013346082001995
1055690,63.45378856966958
1055691,62.997946051771805
1055796,10.245356929993093
1055797,20.022970763308514
1055798,33.693664450423405
1055799,48.45516967511658
1055800,60.5250350429212
1055801,64.87708863146094
1055802,64.15903977268337
1055803,64.68069693748534
1055804,67.8304048381959
1055805,69.96769361231226
1055806,70.75742953063623
1055807,70.62395172796319
1055808,70.10820328193486
1055809,68.9875497493278
1055810,66.66915657818252
1055811,64.30261409820622
1055812,63.15552976544499
1055813,65.70778580372324
1055814,68.54057545505097
1055815,68.78963286254535
1055816,66.73637764814447
1055817,65.2541036279521
1055818,66.3807629741077
1055819,65.61103919269388
1055820,49.863534478351504
1055821,23.15784418537309
1055822,6.4815005256466085
1055823,1.3100570402062888
1055824,0.27059023484754996
1055924,12.848717132934283
1055925,23.220159812196986
1055926,36.66743662970708
1055927,51.05631372845439
1055928,62.62075738924384
1055929,66.19852046624277
1055930,66.18245707465123
1055931,67.34767245453838
1055932,69.07774531428339
1055933,70.10549931033798
1055934,69.31670833110235
1055935,69.30443860672186
1055936,70.09485717957718
1055937,68.60567673787416
1055938,67.06785325224364
1055939,64.83559151610895
1055940,63.75009654452856
1055941,65.53474500878167
1055942,68.21477232088662
1055943,68.30783644901747
1055944,66.51204547764041
1055945,65.85792710485651
1055946,67.64091358306355
1055947,65.4671708161806
1055948,49.3337574364861
1055949,22.978028709683368
1055950,6.518020556432039
1055951,1.4190557845601066
1055952,0.2252684468290958
1056052,17.34340412541696
1056053,28.395775369359864
1056054,40.26228123077096
1056055,53.46208019353099
1056056,64.35248235971247
1056057,68.26668715912315
1056058,68.14784322910988
1056059,68.76968762447893
1056060,70.21680785890393
1056061,70.74566540965876
1056062,69.36557635698831
1056063,69.10704725811446
1056064,69.48201879841456
1056065,68.54710926040167
1056066,67.4296462422922
1056067,66.07038655029763
1056068,65.0876173638459
1056069,66.08335461020762
1056070,67.30485148727671
1056071,67.21750690995813
1056072,66.06042331672121
1056073,66.38885313500995
1056074,67.74987599910621
1056075,64.15542805519782
1056076,47.130275132386394
1056077,21.63389857428828
1056078,6.064550356744448
1056079,1.3037730857981105
1056080,0.267357325327651
1056179,10.597611152335256
1056180,22.811797622418204
1056181,33.76719824212653
1056182,43.09152619626616
1056183,54.4675283083028
1056184,64.78309286482109
1056185,69.55791901858072
1056186,69.84285636705255
1056187,69.87555857234096
1056188,70.51626722471941
1056189,70.61471559270834
1056190,70.00361287835759
1056191,69.70183748515589
1056192,69.68769127618194
1056193,68.7469749756906
1056194,68.23733812359225
1056195,67.64647272040483
1056196,66.9174188661474
1056197,66.89765135203255
1056198,67.10504226082553
1056199,66.34628219660632
1056200,65.46756604110958
1056201,66.4551763375409
1056202,67.83316270881603
1056203,63.00400746083369
1056204,45.794413054102606
1056205,20.839968063836032
1056206,5.946034163260243
1056207,1.2138146059974841
1056208,0.2296989706486244
1056307,13.801986544675094
1056308,27.86732938852937
1056309,37.37052394876474
1056310,44.63148760061464
1056311,53.78108916569337
1056312,63.59394015684252
1056313,69.21280073681675
1056314,70.24915472893747
1056315,69.74444945833953
1056316,69.95021314552011
1056317,69.87903305798942
1056318,69.72763738453281
1056319,69.77551150304065
1056320,69.99702848128699
1056321,68.89359082884496
1056322,68.53068466526531
1056323,68.19617668159552
1056324,67.43311064889042
1056325,66.45771056772816
1056326,65.97884067007931
1056327,64.94470449250774
1056328,64.22434162532052
1056329,65.84544819241887
1056330,67.42906265245394
1056331,63.62377891102147
1056332,47.28605061296157
1056333,21.823724186516895
1056334,6.124708111624837
1056335,1.2391599745243378
1056336,0.22760082611020632
1056435,18.09621299723498
1056436,31.466440629248243
1056437,39.06049000171776
1056438,43.86333250955053
1056439,51.810751070593795
1056440,61.049996570217864
1056441,68.15848562920579
1056442,69.56320049388293
1056443,68.93962537477488
1056444,68.53654147684121
1056445,68.79562028573837
1056446,68.57883308919303
1056447,68.91835280648256
1056448,69.55048392129208
1056449,69.17608742659614
1056450,68.29306349611839
1056451,68.09285960926051
1056452,66.52101715381565
1056453,65.45456144984706
1056454,63.761496921327236
1056455,63.05992146100317
1056456,63.147691236862485
1056457,64.43834504928816
1056458,65.90283250149392
1056459,64.44956150451318
1056460,49.793208057351535
1056461,23.66114203819505
1056462,6.645416460205138
1056463,1.3847944298851504
1056464,0.21315073899077674
1056563,22.601459410119826
1056564,33.68341282761613
1056565,39.406775668247874
1056566,42.804118387574185
1056567,49.79669688831795
1056568,58.99652596002892
1056569,66.19568299647536
1056570,67.93535501233667
1056571,67.05316660824617
1056572,66.89854814886009
1056573,66.72528259559137
1056574,66.9081421344062
1056575,67.60163025166206
1056576,68.75551804078812
1056577,68.44993974221542
1056578,67.37932000575842
1056579,65.97199704060084
1056580,64.6768895457106
1056581,63.743526755686474
1056582,62.01576846526227
1056583,61.20918318185763
1056584,61.6399129280231
1056585,62.59146342722258
1056586,63.68309110754368
1056587,62.68865811578352
1056588,49.046066447422525
1056589,23.140324490750828
1056590,6.630748138184162
1056591,1.3416587793174046
1056593,0.12078056239686437
1056594,0.08196260896955837
1056595,0.0734596003845744
1056691,22.438846933799347
1056692,33.32581149487609
1056693,38.96785002354635
1056694,42.74175179652842
1056695,49.1008830177212
1056696,57.70439498373515
1056697,64.78048362775397
1056698,66.49880273406788
1056699,65.57879481804929
1056700,65.3978091020824
1056701,65.4948858094493
1056702,65.31447118295256
1056703,65.89721649198513
1056704,67.09127908701726
1056705,66.0370510104092
1056706,64.7644135230356
1056707,63.00004874847348
1056708,61.238722442024255
1056709,60.24937793242253
1056710,59.4533519015741
1056711,60.02781667249656
1056712,61.201231579471
1056713,61.2302318810563
1056714,61.005477649153136
1056715,58.63400469164038
1056716,44.87971929966605
1056717,21.06934740305113
1056718,6.251758133151141
1056719,1.1797488567701506
1056720,0.1442904388967189
1056721,0.13433836952901207
1056722,0.07775949388429199
1056723,0.0628164370393616
1056724,0.05676867150850586
1056725,0.061602944963462615
1056726,0.02683670518223035
1056727,0.008285881528812215
1056728,0.00807391520016994
1056729,0.0028278205812049123
1056730,1.144756571966476e-06
1056819,20.8854263128276
1056820,32.121382337184876
1056821,38.70056891897951
1056822,44.04751208509613
1056823,49.3986524876509
1056824,56.855104321899816
1056825,62.972534882378284
1056826,64.73142969136686
1056827,63.43069083160062
1056828,62.89967684355488
1056829,63.002807346826714
1056830,63.3474628263757
1056831,64.08642810921532
1056832,65.22635674206107
1056833,63.82244313982745
1056834,62.09334178446676
1056835,59.61465628355445
1056836,57.34992985142215
1056837,56.75913084525712
1056838,57.07045209639142
1056839,58.64556133518233
1056840,60.37390968418646
1056841,59.99092006869748
1056842,58.38878105505117
1056843,54.864546529551866
1056844,41.05764666180871
1056845,18.946976761956915
1056846,5.491187801451015
1056847,1.0912083274469233
1056848,0.18438139173570864
1056849,0.09294508289292501
1056850,0.130984574705049
1056851,0.0674925841201323
1056852,0.051443425198930956
1056853,0.043377707821615624
1056854,0.009034092025227184
1056855,0.012924881902997391
1056856,0.011880581362637914
1056857,2.0515410805963634e-05
1056947,20.761088559862593
1056948,31.819281681060815
1056949,39.57193047027068
1056950,44.92293586252421
1056951,49.94861244324693
1056952,55.96678290555242
1056953,62.35558530504155
1056954,63.01636562384872
1056955,61.26791405071372
1056956,60.20864278546195
1056957,60.70570098316452
1056958,62.095101628369235
1056959,63.10425898596634
1056960,64.22721474363719
1056961,63.00093645804709
1056962,59.959803480764265
1056963,56.75971231963003
1056964,54.56444014384806
1056965,54.21956888061379
1056966,54.69384310117345
1056967,55.86799298815968
1056968,57.40635553716539
1056969,56.52228936350426
1056970,54.86442728824585
1056971,52.156290783685286
1056972,39.49361884857767
1056973,18.388296290674305
1056974,5.154647829525686
1056975,1.0655347069360295
1056976,0.15683966321729778
1056977,0.1679220223905326
1056978,0.07715345169243469
1056979,0.08531427670648106
1056980,0.05185780945268425
1056981,0.011499947700281699
1056982,0.024427558203893196
1056983,0.005890819637260326
1056984,0.0023980298585882503
1057075,21.483795260552778
1057076,33.120570933883656
1057077,41.478902779947255
1057078,46.78888305644982
1057079,50.16780179904498
1057080,55.09424633903354
1057081,61.24208347532383
1057082,61.681851315186485
1057083,59.431052271553845
1057084,58.56483867927638
1057085,59.525054962743276
1057086,61.23369268703025
1057087,62.348532609460456
1057088,63.016486068217645
1057089,61.93088801082198
1057090,58.471742771527985
1057091,54.26958829205662
1057092,52.34390355688947
1057093,52.78004040015655
1057094,52.68408402446306
1057095,52.87887165670272
1057096,52.92982722512532
1057097,52.265440490745874
1057098,51.63469190891595
1057099,50.588069247468745
1057100,39.12314101512376
1057101,18.39410227109715
1057102,5.170671461439271
1057103,1.1486803968691606
1057104,0.19816043155206775
1057105,0.13197706413344937
1057106,0.13029069397641577
1057107,0.062309422800963625
1057108,0.031836319316480594
1057109,0.03972517267612481
1057110,0.016043268848351774
1057111,0.02339356544113007
1057112,0.008024597173870246
1057203,20.975443924467847
1057204,34.41613202993826
1057205,44.506309648482315
1057206,49.53659947566118
1057207,51.011513004129576
1057208,53.94474612259525
1057209,59.369147574962454
1057210,59.98760401178168
1057211,58.32470515985803
1057212,57.640631557312716
1057213,58.831587167945386
1057214,61.148033523075256
1057215,62.09460297818647
1057216,62.29780712770339
1057217,61.102594323994936
1057218,58.027965772889026
1057219,53.46274995870909
1057220,51.855416859235525
1057221,52.416392610980324
1057222,52.2934854693685
1057223,51.981480355784385
1057224,51.27672568098362
1057225,50.25845060778513
1057226,50.598895003974505
1057227,50.776174439581105
1057228,39.63553667584202
1057229,18.511789320520453
1057230,5.208201644622756
1057231,1.1721582984658188
1057232,0.21779537169390872
1057233,0.11923458123693252
1057234,0.06725100207824822
1057235,0.0712433932954903
1057236,0.03746623207600226
1057237,0.020100315699650626
1057238,0.010645360184591501
1057239,0.013923884089940714
1057240,0.006431104021290143
1057241,0.0029709571404350184
1057331,19.34810277330564
1057332,35.42792531995839
1057333,47.33367150122235
1057334,52.038293155296884
1057335,51.68020139586847
1057336,53.25313670358514
1057337,57.44815258871024
1057338,58.06489630396106
1057339,56.62087961517798
1057340,56.64093549135018
1057341,58.5216358433611
1057342,60.992130306255994
1057343,61.71364860230826
1057344,61.8741618148299
1057345,60.857114777041424
1057346,58.27152308916861
1057347,54.92492395385016
1057348,53.58384966327524
1057349,53.80717303591184
1057350,53.6775044302124
1057351,53.40040405439742
1057352,53.10364163234444
1057353,52.41101969652346
1057354,53.12999056091196
1057355,53.28529001444619
1057356,41.15498282174528
1057357,18.94766744461841
1057358,5.266490862837653
1057359,1.0345650379821838
1057360,0.19181242889904035
1057361,0.13999540828413407
1057362,0.14219507850822447
1057363,0.05738300291695445
1057364,0.027667537059521574
1057365,0.026015640681187814
1057459,18.589336528067662
1057460,37.63343261963011
1057461,50.22701221745152
1057462,54.3620584662736
1057463,52.83326014751893
1057464,52.89547027974393
1057465,55.336194747105196
1057466,55.470382353036605
1057467,54.283913080318435
1057468,55.09151633037281
1057469,57.88492791134187
1057470,60.646218132479575
1057471,61.53297654161358
1057472,61.169512156220954
1057473,60.18574161705782
1057474,58.54229454903169
1057475,56.72054795120623
1057476,56.00083512688328
1057477,56.00290295284413
1057478,56.001800002735884
1057479,56.25465194761642
1057480,56.00231363362934
1057481,56.00123360394859
1057482,57.322855130202655
1057483,55.55408921786786
1057484,41.03389049938605
1057485,18.46524015311099
1057486,5.09975601549583
1057487,0.894243349763603
1057488,0.2098499568579444
1057489,0.09301710719809209
1057587,18.47350385039839
1057588,38.01918297471329
1057589,51.73569024071812
1057590,56.66628018655465
1057591,54.95958646885016
1057592,53.631132642536656
1057593,53.84654691567526
1057594,52.43127704532931
1057595,51.310533391855664
1057596,53.10220417303861
1057597,56.9106442770339
1057598,60.043965304191055
1057599,60.79666395125699
1057600,60.002900417772395
1057601,59.16204932454288
1057602,58.669811030233234
1057603,58.10977520184816
1057604,57.575340115731834
1057605,57.52911630550853
1057606,57.5907515423347
1057607,57.70424585657415
1057608,57.55469594029467
1057609,58.45205649292382
1057610,60.05492865851248
1057611,56.03034755047262
1057612,39.082720996971844
1057613,16.80741088068866
1057614,4.556251179595731
1057615,0.9032620790940725
1057616,0.18017310960950153
1057715,16.798253630623893
1057716,35.0873390854508
1057717,49.01329728613371
1057718,55.35115127035326
1057719,54.57871575441782
1057720,52.933200591405864
1057721,52.16608507467452
1057722,50.56469134759891
1057723,48.813668394298006
1057724,51.02522649129595
1057725,56.17236936685293
1057726,59.87641114723684
1057727,60.189934311423094
1057728,59.19913780479253
1057729,58.22519199652475
1057730,58.23853391117059
1057731,58.59049249456032
1057732,58.526047077852546
1057733,58.39981762304728
1057734,58.28875791452512
1057735,58.6761495922038
1057736,58.44856887524483
1057737,59.78876277080371
1057738,61.67225470541161
1057739,56.90376501199388
1057740,38.889875096670885
1057741,16.518258196774102
1057742,4.5309375851876235
1057743,0.9163734407295558
1057744,0.19117043572473266
1057842,4.096327068257279
1057843,12.764592986156906
1057844,27.212496870171474
1057845,40.79497181530092
1057846,49.07471493887906
1057847,49.86922484221239
1057848,48.88830382862467
1057849,49.27527083422679
1057850,48.11459383843723
1057851,46.7081029757474
1057852,49.07085846896506
1057853,54.87526695530886
1057854,60.13693168097841
1057855,60.222912565986924
1057856,58.290778725882845
1057857,57.52916569917949
1057858,58.30893853069045
1057859,58.86742318850877
1057860,59.154911055304574
1057861,58.80157216698254
1057862,58.40370325570562
1057863,58.95083942432676
1057864,59.2300378110162
1057865,60.91466636200931
1057866,63.28957649062712
1057867,58.47720296505629
1057868,39.570461237953516
1057869,16.508794758460976
1057870,4.459488173735085
1057871,0.836372271516373
1057872,0.26053617298245907
1057967,0.13857489068868256
1057968,0.23172539484710233
1057969,0.7251418446759691
1057970,2.7547168779495785
1057971,8.541133307100502
1057972,18.302459129154464
1057973,29.92994493762892
1057974,39.080117083822046
1057975,41.01874626040405
1057976,40.51773156635122
1057977,42.16452096891468
1057978,42.59617730919991
1057979,42.49943917572409
1057980,44.808794545094806
1057981,51.67971994034477
1057982,58.8790169118282
1057983,59.86320165048817
1057984,57.157238037056544
1057985,57.15392147781819
1057986,58.206676128887025
1057987,59.37734191703441
1057988,59.43815713506868
1057989,58.9397532033564
1057990,58.58591450708822
1057991,59.075462738749195
1057992,59.63690102019048
1057993,61.35910425396128
1057994,64.1347293107819
1057995,59.112945998206804
1057996,39.59787267198521
1057997,16.324670052684308
1057998,4.304696720772787
1057999,0.8778269301323252
1058000,0.2187226453361163
1058094,0.09013515852129508
1058095,0.0783861096320803
1058096,0.27704481523007873
1058097,0.6018639006927439
1058098,1.8913763416761948
1058099,5.488211263800832
1058100,11.880099589767454
1058101,20.408452007042328
1058102,28.046430059833067
1058103,30.096680388785956
1058104,29.81185752855969
1058105,31.771793468984956
1058106,33.33955149206223
1058107,33.89481931826866
1058108,37.036761040014035
1058109,45.853255766193506
1058110,56.946071369800876
1058111,59.476076805053445
1058112,56.653034316975145
1058113,56.999845902321
1058114,59.05677218544631
1058115,59.840518298009
1058116,59.50964393276837
1058117,58.379349831381695
1058118,58.38362900183232
1058119,58.59735938698934
1058120,59.091497338971195
1058121,60.303254674368326
1058122,62.924323149132434
1058123,57.66833940843453
1058124,38.01653155376868
1058125,15.27712575482125
1058220,0.023254514683995992
1058221,0.054509516384833784
1058222,0.08560404036888825
1058223,0.09429085262330503
1058224,0.1814447655994334
1058225,0.5318963844824178
1058226,1.5730872623850827
1058227,4.188426706468556
1058228,8.14818229878473
1058229,14.183247966668034
1058230,19.922540690789763
1058231,21.460256929822727
1058232,21.05731044764318
1058233,21.815917103301103
1058234,22.261228213885524
1058235,22.9975757860296
1058236,28.099607668999127
1058237,40.80653188114971
1058238,55.99522604765807
1058239,59.75421497426674
1058240,56.089157263091714
1058241,56.95812704572338
1058242,59.52361610532612
1058243,59.69937434865142
1058244,59.03453141647169
1058245,57.97735260369136
1058246,57.458396844482664
1058247,57.77076040294121
1058248,57.057666402145664
1058249,57.11385852153703
1058250,58.41397598457735
1058251,53.60461229526152
1058348,0.02336022692106592
1058349,0.013668038431573198
1058351,0.07348015458455402
1058352,0.16132248088746562
1058353,0.4133148091982739
1058354,1.4175151071938956
1058355,3.648224587100663
1058356,6.444917121168962
1058357,9.891861044901228
1058358,13.34706205893883
1058359,14.44534632798082
1058360,13.339039659074333
1058361,14.041481069731645
1058362,14.158116845266019
1058363,14.660886240442942
1058364,21.720669220462376
1058365,37.61227708937994
1058366,55.9917173840614
1058367,60.34636708006193
1058368,56.28097529830642
1058369,56.82894735643265
1058370,59.35242917416047
1058371,59.335971561861896
1058372,58.27079812409164
1058373,57.266309988500055
1058374,56.01089040701241
1058375,55.0075808368003
1058376,53.291744062628034
1058377,51.7651890232076
1058378,52.12663772462792
1058379,47.783557971334496
1058477,0.02139773089800702
1058478,0.054493687336433456
1058479,0.07925760366192677
1058480,0.09932254862633559
1058481,0.3853039926671568
1058482,1.3927517641876317
1058483,3.310225681960826
1058484,5.531374403473172
1058485,7.673458392747725
1058486,10.2437800229588
1058487,11.221641810847348
1058488,10.55842827511948
1058489,11.774408449112222
1058490,11.849691875263554
1058491,12.434940675142919
1058492,19.53297756487896
1058493,36.59812040269248
1058494,56.34570366636839
1058495,61.74143518120575
1058496,57.75792560860256
1058497,57.11129630806669
1058498,58.43054022529298
1058499,57.53947085861557
1058500,56.01138172873998
1058501,53.51462323763865
1058502,50.96383425805492
1058503,49.02888336103993
1058504,45.974252776106724
1058505,43.67162905556192
1058604,0.03486587407946289
1058605,0.02013739782104468
1058606,0.048853863300271486
1058607,0.04677433262790547
1058608,0.12802510292493713
1058609,0.3925810249627921
1058610,1.3925535374471887
1058611,3.35362454815549
1058612,5.453946978246511
1058613,7.465046927079864
1058614,10.231198977531891
1058615,11.554755568053102
1058616,11.380976544768892
1058617,12.327513644088025
1058618,12.737078803509913
1058619,13.066448775112283
1058620,19.64881108642225
1058621,35.75822949896001
1058622,55.275515540758875
1058623,60.818481892984636
1058624,55.98960460390436
1058625,54.40994382425061
1058626,54.28372766196694
1058627,51.81540161470462
1058628,49.3859667859816
1058731,0.00629277689464333
1058732,0.014066599208950585
1058733,0.024639305703376396
1058734,0.05208117011363727
1058735,0.028080589386143148
1058736,0.10475607782866637
1058737,0.3545022892410309
1058738,1.405910137025167
1058739,3.368144439373402
1058740,5.707951113723139
1058741,8.056269168944127
1058742,11.177740187663229
1058743,12.86864677632984
1058744,12.725516567990228
1058745,13.637348917078445
1058746,14.42776099933482
1058747,14.85131582778841
1058748,19.96381109249465
1058749,33.92935844155427
1058750,51.205913766291815
1058751,54.71133629892788
1058752,48.24822000994548
1058753,45.914544496120655
1058754,45.211088542450796
1058755,42.26163049837227
1058858,2.132079847956625e-06
1058859,0.022873987862028673
1058860,0.018693850840310333
1058861,0.011495245657718728
1058862,0.019432453542569245
1058863,0.046552522409807194
1058864,0.08588258268649049
1058865,0.37716940164635593
1058866,1.3309914226563835
1058867,3.3836232143083853
1058868,6.005772854965451
1058869,8.924560869277968
1058870,12.086459997164503
1058871,13.754917605900813
1058987,0.0009770108354420397
1058988,0.01112384249325568
1058989,0.0061870019175321155
1058990,0.03904287136608183
1058991,0.022832969772944422
1058992,0.07054593830981151
1058993,0.31416569423152363
1071026,0.729174926346978
1071027,1.7466596939256094
1071028,4.678244073081378
1071029,9.468346313644613
1071030,13.772355470368801
1071031,17.822056700952736
1071032,21.62763201944827
1071033,25.318608727458884
1071034,28.179346714951937
1071154,1.0062617379220604
1071155,1.7875290934078751
1071156,4.268907867556572
1071157,8.75005637529738
1071158,13.653674166885166
1071159,18.531809323313933
1071160,23.565499272443684
1071161,28.037855938537792
1071162,30.073012442004288
1071163,29.96072035438256
1071164,25.847419348865373
1071165,22.510829901438374
1071282,1.5720652719573556
1071283,2.050572341116925
1071284,4.027563108964456
1071285,8.077417828318813
1071286,13.554852384710285
1071287,19.844489355632746
1071288,26.931656796811218
1071289,32.954724609143724
1071290,35.043555850295796
1071291,34.393129828184826
1071292,30.776590623796352
1071293,27.69021688216178
1071294,29.53642586006979
1071295,31.510699181819145
1071404,0.01753798252126822
1071405,0.022971286048560354
1071406,0.06439735798862638
1071407,0.1306616499902935
1071410,1.8971039036413109
1071411,2.2769994231378647
1071412,3.843122456974096
1071413,7.9943410738376715
1071414,14.127590313312332
1071415,22.257569644144372
1071416,32.53466289930696
1071417,40.25184725034882
1071418,43.970046322081465
1071419,45.65917584245459
1071420,43.661968279879495
1071421,39.84983885314531
1071422,39.52958827749841
1071423,40.148692054976756
1071424,42.790180577059076
1071425,51.94510987942225
1071426,54.60004718588544
1071427,46.01710427956964
1071532,0.025398552603222827
1071533,0.05461752885359791
1071534,0.059993854662399225
1071535,0.16988436685726302
1071536,0.49148356744807487
1071537,1.2612845663744354
1071539,2.2999701877995813
1071540,3.782974374157193
1071541,7.845129017741294
1071542,15.234298416383423
1071543,27.40116180331449
1071544,42.21816427682991
1071545,51.442834230725055
1071546,54.59363478519649
1071547,56.58298833674837
1071548,56.6386865830013
1071549,54.65466417248111
1071550,53.01293911287532
1071551,52.531006744111075
1071552,54.21032031341125
1071553,60.80965119581116
1071554,63.49984895366465
1071555,58.07798292763849
1071557,50.50314124870269
1071558,46.14720893329187
1071660,0.02435911769826955
1071661,0.03019481095308831
1071662,0.042146391281013655
1071663,0.13873760084144363
1071664,0.389677967207039
1071665,0.9499804482325511
1071666,1.6775409298253474
1071669,8.144905949034037
1071670,16.136343358268395
1071671,30.777445907924484
1071672,48.46593649009126
1071673,58.9321259975095
1071674,60.92053044442617
1071675,61.75074817907215
1071676,62.44476579906507
1071677,62.439566133916784
1071678,61.822666950099155
1071679,61.09083951157639
1071680,61.29063394143993
1071681,65.39168319570979
1071682,67.5085976985237
1071683,64.86139081683125
1071684,61.62115618082023
1071685,60.37741573674438
1071686,57.1421816701827
1071687,51.95957971391818
1071688,47.40504109502366
1071788,0.018908813081592597
1071789,0.027365993805065422
1071790,0.06070104373379276
1071791,0.11390680504171047
1071794,1.4959144321138351
1071795,2.4778308610773667
1071797,9.29073529647255
1071798,17.74835431887639
1071799,33.161323816971546
1071800,50.8470796781804
1071801,61.05255594193425
1071802,62.56050254535362
1071803,62.630161285541675
1071804,64.5135372731367
1071805,65.20259079337849
1071806,65.07622032377114
1071807,64.19537982552954
1071808,63.95328749322211
1071809,66.40336694582989
1071810,68.04825949049179
1071811,65.69212112356429
1071812,64.17260354289208
1071813,65.28537659878239
1071814,65.99830888249775
1071815,63.844876449611036
1071816,59.258535559182036
1071817,54.93943098583652
1071818,53.88521527205695
1071819,53.2655533754312
1071922,1.8346800847633178
1071923,3.5117453169185016
1071924,6.14794996257559
1071925,11.293966858072785
1071926,21.02127276942503
1071927,36.0288955292802
1071928,52.334918061663174
1071929,61.359996481504844
1071930,63.01661072790267
1071931,63.071397492371396
1071932,65.77545243863534
1071933,67.757401057844
1071934,67.408936359315
1071935,66.664370134378
1071936,65.87450710110879
1071937,67.10775257936734
1071938,67.6048682820319
1071939,65.34458017953087
1071940,63.736259847797676
1071941,65.80255533493245
1071942,68.53725289543088
1071943,68.26290730540212
1071944,65.0566197474708
1071945,61.094980388945075
1071946,61.05121036531885
1071947,60.669026471132945
1072050,2.126769792462212
1072051,4.4538734552958
1072052,8.255311794522308
1072053,14.711545568732168
1072054,25.80695254001833
1072055,40.03556915083057
1072056,54.71551520970006
1072057,62.23891887518537
1072058,63.43393163541374
1072059,63.370408973303654
1072060,66.50286958564868
1072061,69.4810922551816
1072062,70.16875975773165
1072063,69.67624654841114
1072064,69.18454142503182
1072065,68.55509951621977
1072066,67.4850871289008
1072067,65.32820500564819
1072068,63.60948405503986
1072069,65.95237162522588
1072070,68.07533238154743
1072071,67.90163406159371
1072072,66.09479599373302
1072073,64.33810149145833
1072074,65.2994408992812
1072075,65.18062224665897
1072076,49.15164902548284
1072077,22.638545730174243
1072078,6.458383511823315
1072079,1.293934825203632
1072080,0.29421375071434186
1072178,2.0405638230984207
1072179,4.873435295179288
1072181,18.014055170013005
1072182,29.870231517382724
1072183,43.649900458547116
1072184,56.66762056829072
1072185,63.21505556810379
1072186,63.77284241275225
1072187,64.1685045082853
1072188,67.03894828870365
1072189,69.42028217446843
1072190,69.85897784671138
1072191,70.04527916659974
1072192,70.26503684320022
1072193,69.71870253112027
1072194,68.0409700073673
1072195,65.09212110762675
1072196,64.25333787967854
1072197,66.49153255957715
1072198,67.84548739834953
1072199,67.43706063801265
1072200,66.36490292007481
1072201,65.74930773015585
1072202,67.42572818675276
1072203,66.32225463982574
1072204,49.911925819521834
1072205,23.00643500534761
1072206,6.501759455981466
1072207,1.2686964970705321
1072208,0.3137898639511694
1072308,13.041247126061974
1072309,21.613365296256298
1072310,32.48865443692755
1072311,45.672295411955226
1072312,58.16916457732487
1072313,64.22000629984488
1072314,65.48828269680791
1072315,65.97180773091603
1072316,68.11215404720414
1072317,69.16709749318314
1072318,68.55725040616687
1072319,68.22723370306836
1072320,69.16484120503067
1072321,69.19792980446513
1072322,67.45240589607461
1072323,65.05680265242346
1072324,64.81962658813553
1072325,67.12518752067994
1072326,68.62044500736616
1072327,67.63328402232598
1072328,66.1171672886185
1072329,66.77105765739199
1072330,68.4320937757053
1072331,65.64534812603763
1072332,48.445980745191505
1072333,22.039678202778333
1072334,6.23241209357004
1072335,1.1955326555387737
1072336,0.3260974670280226
1072436,17.590255899446603
1072437,26.795027590285187
1072438,36.05530756961094
1072439,48.05801439054569
1072440,60.497238261416285
1072441,66.19860624067358
1072442,66.97941665164015
1072443,67.5378190992445
1072444,68.56700326577703
1072445,69.43684543746953
1072446,68.04996624500721
1072447,67.76812865347884
1072448,67.9215160132359
1072449,67.91938458956251
1072450,67.06037945019233
1072451,65.72760383540977
1072452,65.47387639174383
1072453,67.57153737669253
1072454,68.16482508509661
1072455,67.54705703167606
1072456,66.43881516329235
1072457,67.49903586504928
1072458,68.47131953242139
1072459,64.0546842583846
1072460,46.16202682732144
1072461,20.906627537173154
1072462,5.824028110760406
1072463,1.1700121168112778
1072464,0.29050911951814035
1072564,22.560405960877812
1072565,31.552373617837937
1072566,38.99766118369372
1072567,49.428332380974986
1072568,60.81905991218543
1072569,66.91068654641387
1072570,67.93533439487219
1072571,67.9425969829693
1072572,68.50869156911111
1072573,68.70569343911305
1072574,67.3785600400212
1072575,66.88725684668026
1072576,67.24992482799297
1072577,66.89966687496967
1072578,66.67078410242308
1072579,65.91062138857534
1072580,66.32580643501962
1072581,67.57588749897471
1072582,67.67076002279113
1072583,66.78548297773767
1072584,65.93418496313234
1072585,67.20163242426503
1072586,68.36379724385725
1072587,63.047218976198174
1072588,45.34949037709362
1072589,20.256803906764745
1072590,5.612163261019776
1072591,1.0647197462799225
1072592,0.2412838277205034
1072692,27.22585186231209
1072693,34.96558623246718
1072694,40.15246021537356
1072695,49.10501890944322
1072696,59.21102350067623
1072697,66.09877801096903
1072698,67.73062027962847
1072699,67.72872059507894
1072700,67.81708038892268
1072701,67.32706846850586
1072702,66.58863228503006
1072703,66.29971326116902
1072704,67.0427525192941
1072705,67.00295072160796
1072706,66.7920370578731
1072707,66.70194482296729
1072708,66.4881584038851
1072709,66.84686360880525
1072710,66.16507178665526
1072711,65.20536405991888
1072712,64.69439370165554
1072713,65.81043646061387
1072714,67.37490969084581
1072715,63.92713609080929
1072716,47.423994597880295
1072717,21.783577252437272
1072718,6.109010506574086
1072719,1.2293438037733946
1072720,0.3078999052224958
1072820,30.578842035508238
1072821,36.830465776421974
1072822,40.063126746342874
1072823,46.88109300143202
1072824,57.10713494771896
1072825,64.76535590444452
1072826,66.47571468401264
1072827,65.94509580206086
1072828,66.23418529451126
1072829,66.40498630372637
1072830,65.6115375816037
1072831,66.1544944374562
1072832,67.04403155312207
1072833,67.44540304679
1072834,66.87933537583339
1072835,66.36846011753329
1072836,65.88253170048753
1072837,65.45750991398428
1072838,64.35706657755641
1072839,63.02520194130886
1072840,63.343462144724114
1072841,64.49351045942554
1072842,66.24712958959641
1072843,64.83236749183942
1072844,50.18512044528773
1072845,23.462807480470513
1072846,6.730143165635873
1072847,1.4094462226390263
1072848,0.24265688927124868
1072947,22.624594381783886
1072948,32.75877827932333
1072949,37.19134953816939
1072950,39.46296428809948
1072951,45.18722824237543
1072952,54.38458520418985
1072953,62.24269539955948
1072954,64.37299220267994
1072955,64.00172284148064
1072956,64.15561867429255
1072957,64.73263936263709
1072958,64.66560475421215
1072959,65.50830433563677
1072960,66.69228710416355
1072961,66.44160745239061
1072962,65.57356822241815
1072963,64.3468401624434
1072964,63.32112157026579
1072965,62.800851619940644
1072966,61.89797852024271
1072967,61.63314139460809
1072968,62.41500675723544
1072969,62.92780335697257
1072970,64.47828281204441
1072971,63.710743899982035
1072972,49.50898889533812
1072973,23.42473705941698
1072974,6.682113889658112
1072975,1.3371539799540473
1072976,0.23812162069340295
1072977,0.17048955085805387
1072978,0.07812238390482759
1072979,0.12181016167211549
1072980,0.037393536835568016
1072981,0.036286456547054445
1072982,0.02919451875910955
1073075,22.227519405102395
1073076,32.29262194820085
1073077,37.260249441465795
1073078,40.03812748634398
1073079,45.07031170512721
1073080,52.9054351327175
1073081,60.70198725245871
1073082,62.43268908794304
1073083,61.32049161602743
1073084,61.076355542770266
1073085,62.4555395118772
1073086,63.14196849238793
1073087,64.36777706999503
1073088,65.31878503650054
1073089,64.3526353045889
1073090,62.51167155660441
1073091,60.79133784832048
1073092,58.98238167018172
1073093,58.57655512764998
1073094,58.76058247403222
1073095,60.407907009748655
1073096,61.8296380687097
1073097,62.12524613903941
1073098,61.9234250531266
1073099,59.96582644436333
1073100,45.83628153672054
1073101,21.50447064392421
1073102,6.011176270347692
1073103,1.2829856051969548
1073104,0.2238876514853929
1073105,0.1895786836800545
1073106,0.06742914657660418
1073107,0.07953160696623479
1073108,0.02733739108083021
1073109,0.016172835702743856
1073110,0.015189793202258122
1073111,0.008625721629782436
1073112,0.006604605865452189
1073113,0.005010308251590349
1073114,1.0652310371441163e-05
1073203,20.649383737226966
1073204,30.932029197007953
1073205,36.53279262610242
1073206,40.74594860753453
1073207,45.138306660562556
1073208,51.99695386684204
1073209,58.97196474959857
1073210,60.213026459016916
1073211,58.14863021896588
1073212,57.99812257418133
1073213,59.07314390278187
1073214,61.27043784136637
1073215,63.00415258637986
1073216,63.80983190596001
1073217,62.294715200584946
1073218,59.910025727160885
1073219,57.00879699326648
1073220,55.07662407459986
1073221,54.956197834907805
1073222,56.200459125306104
1073223,58.4555390283928
1073224,60.13554552177484
1073225,59.44534930622893
1073226,58.061928426749056
1073227,55.35051890667252
1073228,42.23999191215631
1073229,19.397562082879713
1073230,5.564691684996082
1073231,1.2376155601451184
1073232,0.23360294831373404
1073233,0.14762226816878216
1073234,0.09101004148018771
1073235,0.042299320817715806
1073236,0.04199982055249528
1073237,0.03220918422979567
1073238,0.023612830319313192
1073239,0.006353455724275311
1073240,0.0024661733770660636
1073241,0.0010852245591053136
1073242,3.2202488307424566e-05
1073331,20.43094204358186
1073332,30.724072505823315
1073333,37.49480539207528
1073334,42.627039150826164
1073335,46.86120968262785
1073336,52.275003445963314
1073337,58.21300726459082
1073338,58.27688151184537
1073339,55.59957745112392
1073340,55.40717858008903
1073341,56.97501324929101
1073342,59.5899484517872
1073343,61.48327045783211
1073344,62.2852528221866
1073345,60.89294141341349
1073346,57.7974049716908
1073347,54.18016433281382
1073348,52.16080345340122
1073349,52.3514135637616
1073350,53.87465308125352
1073352,56.99726370826428
1073353,56.06774984174537
1073354,53.929412118425084
1073355,52.282883799460286
1073356,39.90993500520578
1073357,18.428165973436403
1073358,5.4077032581751014
1073359,1.0856667432585678
1073360,0.3397726477089764
1073361,0.12359630194807948
1073362,0.06997738229932471
1073363,0.07587367748766188
1073364,0.053705930253292976
1073365,0.035329556911564405
1073366,0.015400459945535749
1073367,0.006260201373950886
1073368,0.003249021834517577
1073369,1.3502345794628282e-05
1073459,20.95426435471215
1073460,31.901943982280745
1073462,44.34335741292226
1073463,47.7021997692306
1073464,52.26625334787827
1073465,57.38588827811499
1073466,56.752826178763854
1073467,53.9297002863213
1073468,53.4203259836237
1073469,55.71442880090288
1073470,59.15202747608608
1073471,60.56754111524015
1073472,60.36987043984439
1073473,59.10003794723818
1073474,56.18863685299947
1073475,51.59355404159943
1073476,50.29738754328363
1073480,53.690064778251454
1073481,52.371844471414654
1073482,51.48952239825842
1073483,51.051311500354046
1073484,39.53238851236076
1073485,18.272659320833466
1073486,5.1511036113372395
1073487,1.0777438381596922
1073488,0.22921182936885515
1073489,0.1529732565944326
1073490,0.08905275430694437
1073491,0.06514737617892083
1073492,0.0407573042138353
1073493,0.0280657388840597
1073494,0.010207129926428306
1073495,0.010802149047353552
1073496,0.0037027659265135016
1073497,0.0009350711309213807
1073587,20.29120546583691
1073588,32.639047814350604
1073590,46.65677482105563
1073591,48.36801187606179
1073592,51.65229588216314
1073593,55.515736194732305
1073594,54.8676508820276
1073595,52.27879325008465
1073596,52.13028441878347
1073597,55.27833774393708
1073598,58.67579981744062
1073599,59.83260971883725
1073600,59.306163412536556
1073601,57.73477080769516
1073602,54.54497093603772
1073603,50.88667382321529
1073604,50.02866019165917
1073605,51.83471015244785
1073606,51.95899773795298
1073607,52.28948900791026
1073608,52.29880985219212
1073609,51.616034294216874
1073610,51.60295078763664
1073611,51.51253399331615
1073612,39.67999240353463
1073613,18.36573501656564
1073614,5.280336268763655
1073615,0.9529455014229562
1073616,0.23473758801688024
1073617,0.156373552389642
1073618,0.16990047481505394
1073619,0.061231379318015144
1073620,0.04839597000719502
1073621,0.021050090107023613
1073622,0.027151438557668862
1073623,0.002477582286232874
1073624,0.0017764998041129485
1073625,2.402318389096399e-05
1073715,18.343350299274693
1073716,33.41219584802011
1073718,50.410348661158565
1073719,50.50090276359339
1073720,51.58294568271637
1073721,53.946828149975985
1073722,52.970505743370474
1073723,50.33051407705875
1073724,50.77267153640766
1073725,54.12354010340199
1073726,58.23803614465882
1073727,59.6468310422277
1073728,58.65464479479477
1073729,57.24608468327754
1073730,55.03184403612858
1073731,52.88533094064246
1073732,52.25041855724998
1073733,53.22076712892121
1073734,53.43792430111568
1073735,53.401599195021696
1073736,53.439586399068816
1073737,53.10574957873418
1073738,54.210122370205546
1073739,53.84864288196138
1073740,41.108481568724855
1073741,18.748209652333966
1073742,5.249325123817586
1073743,1.1157617919741036
1073744,0.23091582104361358
1073745,0.12223514936562051
1073746,0.08351127592745075
1073747,0.07640047293217382
1073748,0.0329681926686523
1073749,0.011426747406154413
1073750,0.0019103553249284748
1073751,0.023404226062697382
1073843,17.606424897964036
1073844,35.31492386724209
1073845,48.19930461755449
1073846,53.987985409708365
1073847,53.24138982572341
1073848,52.18335170902534
1073849,52.52048647146844
1073850,50.567977802783886
1073851,48.05531169851804
1073852,48.90907069939103
1073853,53.12171998735427
1073854,58.267117043582964
1073855,59.96370155172875
1073856,58.72095801636491
1073857,57.79594712452062
1073858,56.44323474138597
1073859,55.084518893641516
1073860,54.914720975550416
1073861,55.29470433450878
1073862,55.34996890669433
1073863,55.72467138090117
1073864,55.83108744515359
1073865,56.144724116180186
1073866,57.66204557108834
1073867,56.001979774426886
1073868,41.001285026131015
1073869,18.200352148932684
1073870,5.003678810107002
1073871,0.8476165076646646
1073872,0.2213122919143674
1073873,0.13435855091259027
1073874,0.10990797967403286
1073972,36.89346332299334
1073973,50.33204240407028
1073974,55.97473024707018
1073975,54.51448556896517
1073976,52.426591695295016
1073977,51.30407691381215
1073978,47.891655206869885
1073979,44.90246819479326
1073980,46.36563133990722
1073981,52.396832303985704
1073982,58.623772639317956
1073983,60.044234610630895
1073984,58.79887990161056
1073985,57.83613122252349
1073986,57.448872489900836
1073987,57.254925713045694
1073988,56.95838409482823
1073989,56.997438418598676
1073990,57.043043953542934
1073991,57.593781694316284
1073992,57.46473043016681
1073993,58.372438620876146
1073994,60.47813593220953
1073995,56.49661636739517
1073996,39.249161001210524
1073997,16.871881197964157
1073998,4.571096295080835
1073999,0.9564659304979758
1074000,0.16897035961944895
1074100,33.97532765154984
1074101,46.809346440754254
1074102,52.65134211027979
1074103,51.698324762466115
1074104,50.05505185437861
1074105,49.00150416853773
1074106,45.43231179928162
1074107,42.232172431836815
1074108,44.76978931890636
1074109,51.4120119878719
1074110,58.566102688734496
1074111,60.11828987594845
1074112,58.33559158832738
1074113,57.924142466298264
1074114,58.06316234167919
1074115,58.21361211383869
1074116,58.23283515640807
1074117,58.43557841827964
1074118,58.01576695107565
1074119,58.12274217901995
1074120,58.39275141683186
1074121,59.75258886164438
1074122,61.58871611671303
1074123,57.04392303400992
1074124,38.91808390033054
1074125,16.30219105238861
1074126,4.184965461206181
1074127,0.7407056021080166
1074128,0.14935584901148968
1074229,36.81608247549479
1074230,43.8354753587101
1074231,44.35548811853435
1074232,44.07768249597733
1074233,44.936841339435475
1074234,42.83350286203925
1074235,40.5001190091108
1074236,43.183966030722246
1074237,50.95479105009844
1074238,59.04929543102524
1074239,60.3768097918211
1074240,57.593020641054316
1074241,57.220100033832125
1074242,58.27828326315784
1074243,58.98988214075604
1074244,59.32514263819721
1074245,59.00172039836283
1074246,58.51247844675829
1074247,58.78280323930767
1074248,59.395571876630484
1074249,60.6472649328159
1074250,62.58028505113568
1074251,57.85509677879259
1074252,38.8689760204597
1074253,15.853058277682031
1074254,3.998853808460629
1074255,0.8020190780757853
1074256,0.1748258951873356
1074350,0.0844567833885951
1074351,0.14812603945089442
1074352,0.221630052128116
1074353,0.7102709171803516
1074357,24.699619206586835
1074358,32.10128215397766
1074359,33.76686887758781
1074360,34.66899442594064
1074361,36.968122755019884
1074362,37.056830680707485
1074363,35.906888469464626
1074364,38.364276551368434
1074365,47.26370229628334
1074366,58.69236987791208
1074367,60.98054301956068
1074368,57.87670166882803
1074369,57.2776453939483
1074370,58.72499693637457
1074371,59.88387503448422
1074372,59.41791425473425
1074373,59.092811425769305
1074374,58.64983008714797
1074375,59.21618386863568
1074376,60.182410225396815
1074377,61.566915153806626
1074378,63.7672315988424
1074379,58.13527045579448
1074380,37.85081805724504
1074381,15.222508733219739
1074382,3.860408574395419
1074383,0.6927754441907606
1074384,0.12336205855926642
1074478,0.07860208344200134
1074479,0.14649561582550588
1074480,0.20361455595726582
1074481,0.5700975043516737
1074482,2.0305315111487956
1074483,5.466752393467726
1074484,10.761705142676043
1074485,16.98791936796361
1074486,22.599421486600242
1074487,24.51910194712865
1074488,25.183581083758813
1074490,27.840075746434056
1074491,26.494449231636736
1074492,29.27791888018806
1074493,41.37022409169936
1074494,57.18550598754484
1074495,61.27433042179852
1074496,57.54169927698711
1074497,57.6343766061478
1074498,59.72845473046731
1074499,60.10378876939176
1074500,59.26022018141512
1074501,58.37184409252066
1074502,58.33389965243527
1074503,59.296963834697756
1074504,59.98687558725297
1074505,61.32170319804704
1074506,63.15904282582728
1074507,57.60784188926619
1074508,37.26662440650747
1074509,14.558318540052218
1074510,3.526932713403976
1074511,0.6208817987130592
1074512,0.12512690275986357
1074604,0.052181762689780906
1074605,0.029551731571278682
1074606,0.04027034891823179
1074607,0.0969933461145062
1074608,0.14349874542371507
1074609,0.5497200521191707
1074610,1.7669129307019484
1074611,4.3349562701535485
1074612,8.015611998166419
1074613,12.53800029405866
1074614,16.65813995305735
1074615,17.773803330305647
1074616,17.99911085973662
1074617,18.715607399256186
1074618,17.656890224199234
1074619,16.917657864054263
1074620,21.817520237841638
1074621,37.05118607898454
1074622,56.6472377670154
1074623,61.561186858457766
1074624,57.15382606094368
1074625,57.578446133560995
1074626,59.96116055426009
1074627,59.738363834683796
1074628,59.05077500746028
1074629,58.23172262885673
1074630,58.12452750021001
1074631,59.09046085653436
1074632,59.46101471355443
1074633,59.964822177794865
1074634,61.7200362382409
1074635,56.00471240452042
1074636,35.742666733384084
1074732,0.011222906173317622
1074733,0.027456229148207147
1074734,0.040043350880729085
1074735,0.0858266506612367
1074736,0.1762801879863939
1074737,0.47956025148509385
1074738,1.529534986265532
1074739,3.6786075649098366
1074740,5.923624717857715
1074741,8.51145862881969
1074742,10.9506551111113
1074743,11.777351878236153
1074744,11.634872570668518
1074745,12.097240181108475
1074746,11.354091455627982
1074747,11.221316011721951
1074748,17.674315816623963
1074749,34.9759473982769
1074750,56.28640213366225
1074751,61.703233486485324
1074752,56.81417599900466
1074753,57.1255066992279
1074754,59.31945267881473
1074755,59.46111474204139
1074756,58.90761975541002
1074757,57.99289277589806
1074758,57.30737910898311
1074759,57.53685515122163
1074760,56.63018782449056
1074761,56.06054951082035
1074762,57.11912473562975
1074763,52.453867758870445
1074861,0.033728039845705354
1074862,0.021843324895817372
1074863,0.04385530668088501
1074864,0.10801567014160375
1074865,0.4604510451807119
1074866,1.3836002345275609
1074867,3.2955964432889635
1074868,4.8477103324150495
1074869,6.15107481324956
1074870,7.942724199503039
1074871,8.517418742535591
1074872,8.353725138411953
1074873,9.322091579530342
1074874,9.260104667829893
1074875,9.46482507056812
1074876,16.21378677328066
1074877,34.25801405824604
1074878,56.79393167210209
1074879,62.96343752613353
1074880,57.742989113271925
1074881,57.26855590342317
1074882,59.185292799365094
1074883,58.77171235571944
1074884,57.78296031474714
1074885,56.05983266313836
1074886,54.32148935539757
1074887,53.027315125426576
1074888,51.17064436536564
1074889,49.204651719485945
1074890,49.47595048206234
1074891,46.08236816837425
1074989,0.024007027878414515
1074990,0.04863365277302244
1074991,0.061544571545654854
1074992,0.11572506385067695
1074993,0.4202731057463546
1074994,1.3211955925326095
1074995,3.163653328072326
1074996,4.561298843943766
1074997,5.611973893296787
1074998,7.581389660772898
1074999,8.489530602336776
1075000,8.194552979303385
1075001,9.389589570957279
1075002,9.326062134058324
1075003,9.530245211789099
1075004,16.012703890142397
1075005,33.81471093804941
1075006,55.9978886830783
1075007,62.384602076173785
1075008,57.123400243449545
1075009,56.00502078701006
1075010,56.711714798596745
1075011,54.99469575726145
1075012,53.000160613113756
1075013,50.23372905502278
1075014,47.02643572720947
1075015,45.11792006672378
1075114,0.005473636239432059
1075115,0.009769797014929577
1075116,0.012928640389362436
1075117,0.02648258178507979
1075118,0.04298653529276207
1075119,0.05113997004550913
1075120,0.09556167407866342
1075121,0.40269826219112426
1075122,1.334073676850951
1075123,3.1194131212520126
1075124,4.585476267338029
1075125,5.825043042122951
1075126,8.142179759847211
1075127,9.432451243741184
1075128,9.372475177619783
1075129,10.168145815459134
1075130,10.198373805528776
1075131,10.316127629652112
1075132,15.878866788059607
1075133,31.829251479266592
1075134,51.65884206624709
1075135,56.387397958756125
1075136,50.39674386777034
1075137,48.574895465145346
1075138,48.60208643384259
1075139,46.058480984545454
1075140,43.64740491034603
1075241,0.0043461415590651436
1075242,0.002071581504206184
1075243,0.003920608887958137
1075244,0.0021485106923777916
1075245,0.015701623777260677
1075247,0.033776614073779875
1075248,0.11227730855739582
1075249,0.40676915924286794
1075250,1.3785551041253907
1075251,3.0703612720875992
1075252,4.629577598102816
1075253,6.061045457368476
1075254,8.797010874947556
1075255,10.43075179909821
1075256,10.145321365819733
1075370,0.002573016480439342
1075371,0.01086096988786715
1075372,0.005089921380587431
1075377,0.4196639247430468
1075378,1.323165305033498
1087283,1.3748118582801752
1087284,3.72384501181669
1087411,1.5354625629456877
1087412,3.44185513639397
1087413,7.188600808641208
1087414,11.93299796022794
1087415,17.126387996784338
1087416,22.50927189999473
1087417,27.811771911272828
1087539,1.7189862978042425
1087540,3.2393512206280293
1087541,6.438230241397742
1087542,11.448887650441238
1087543,17.503783062362135
1087544,25.004464890159404
1087545,31.204254011944922
1087546,34.344917518280745
1087547,34.356787875167456
1087548,31.161332309959022
1087549,27.88983969663973
1087550,28.72453808481488
1087666,1.7797585131066693
1087667,2.0347947833387483
1087668,3.0840309305819393
1087669,6.087414216357524
1087670,11.188072768080003
1087671,18.66023839552725
1087672,28.37030411581039
1087673,36.51711263762151
1087674,39.751108859287
1087675,40.09492445451149
1087676,36.7648469866744
1087677,33.403284196163774
1087678,34.13421025270979
1087679,35.08284502468511
1087680,37.3441690357534
1087788,0.023999636304232547
1087789,0.021661188025210082
1087794,1.939386237260164
1087795,1.9276683044077865
1087796,2.786323327956189
1087797,5.706608061578948
1087798,11.345241042831603
1087799,20.96896929281746
1087800,34.371974845303164
1087801,44.28847207163034
1087802,48.69094745613278
1087803,50.622466121392385
1087804,49.0973429019251
1087805,45.7459087835734
1087806,44.95072944990665
1087807,44.61019094159845
1087808,46.682805466515575
1087809,55.18809112564224
1087810,58.18943470068117
1087811,49.88255245994562
1087916,0.009199701723795634
1087917,0.00919864628115946
1087918,0.043965532345947286
1087922,1.5716661752489378
1087923,1.8934460028072229
1087924,2.8462350062040054
1087925,5.512377427232016
1087926,11.560444503107801
1087927,24.78096534551013
1087928,42.717275949191944
1087929,54.27881511884957
1087930,57.90162118947685
1087931,59.214287453350096
1087932,59.74985931886947
1087933,58.43932990879075
1087934,57.24701574746594
1087935,56.519609141607795
1087936,57.591089812419945
1087937,62.964829826401214
1087938,65.61253855318385
1087939,61.05064182479564
1087940,55.935719596103546
1087941,53.015059176488286
1087942,48.912348142115356
1087943,43.95642273370561
1087944,40.708205312903054
1088044,0.019676955333715062
1088045,0.047325133046934385
1088046,0.05731421771842771
1088047,0.09651867614413388
1088050,1.3880196945045
1088051,2.1963012333038066
1088052,3.3313798291333034
1088053,5.776727544086486
1088054,12.510571653023787
1088055,27.23360792617191
1088056,46.485275348585674
1088057,58.81163819783902
1088058,61.70043496977209
1088059,62.22026641554443
1088060,62.99991462290515
1088061,63.728966765435636
1088062,63.580844235695274
1088063,62.926162710237634
1088064,62.999470139162945
1088065,66.3386389130994
1088066,68.43416087940354
1088067,66.39901667889221
1088068,63.00963031501716
1088069,62.21633231393403
1088070,60.67369816002578
1088071,57.064362911096126
1088072,53.41454752526763
1088073,50.046461074813045
1088172,0.013878203687192779
1088173,0.052624861113795954
1088178,1.814972122955227
1088179,2.925962947289477
1088180,4.6377048421461495
1088181,7.185020357032244
1088182,14.575768989114705
1088183,29.667950293696695
1088184,48.730467591881556
1088185,60.446616656847944
1088186,63.00550364345363
1088187,62.42753582070616
1088188,63.7202279922875
1088189,65.21381249263267
1088190,65.0977119920604
1088191,64.29362512003372
1088192,63.94500247535029
1088193,66.68752553899056
1088194,68.34171872956867
1088195,66.77542442593877
1088196,64.68882587014187
1088197,65.66171323114409
1088198,66.95992004250449
1088199,66.07103403071876
1088200,63.37023417634508
1088201,59.54586887363158
1088202,59.181543978754604
1088203,58.0667453926001
1088300,0.021068863675795284
1088306,2.0430230901614963
1088307,3.835437841034639
1088308,5.913207405784841
1088309,9.375265327013473
1088310,17.78962359626248
1088311,32.84135424778762
1088312,50.19527689735631
1088313,61.81367572797708
1088314,63.91264859876091
1088315,62.935787418281706
1088316,65.13691200355521
1088317,66.81280052646056
1088318,66.34222802191924
1088319,65.42597119820081
1088320,65.2266207627679
1088321,66.87289215615904
1088322,67.93295251903227
1088323,66.31799944200775
1088324,64.87873407648937
1088325,66.57798715890088
1088326,68.05320589000999
1088327,67.78243818463514
1088328,66.446205847959
1088329,64.28335491270464
1088330,64.20939873006591
1088331,63.00621093870651
1088332,46.63578548877955
1088333,21.42529575937173
1088334,6.184484508498419
1088434,1.940672649998766
1088435,4.284172987814043
1088436,7.51597874675315
1088437,12.86779310065136
1088438,22.54266514615479
1088439,36.61511210481247
1088440,52.54198955521692
1088441,63.00518231273139
1088442,64.47933423552978
1088443,63.117283087150156
1088444,65.1255367487984
1088445,67.76474827701762
1088446,67.94315303676345
1088447,67.39388166699891
1088448,67.22240311970361
1088449,68.22736441487021
1088450,68.09581674278012
1088451,66.22982086319884
1088452,65.212460062367
1088453,66.94229331217872
1088454,67.71561115453459
1088455,67.31320009146582
1088456,66.6647921907028
1088457,65.94737900600516
1088458,67.33347376464302
1088459,65.7731382907635
1088460,48.64882433534784
1088461,22.186064526823262
1088462,6.249134219626731
1088463,1.3417678644371809
1088464,0.22712534530083014
1088565,16.1773279422863
1088566,26.47349107872911
1088567,39.40553018859252
1088568,54.12149110107358
1088569,63.55549722624092
1088570,65.09073769858759
1088571,63.80693209901774
1088572,65.46492979309292
1088573,67.70511132380703
1088574,67.94669067018788
1088575,68.11852621077605
1088576,68.53163376892749
1088577,69.2281862092106
1088578,68.40818802135684
1088579,65.98933710883612
1088580,65.37189770854852
1088581,67.25356869581161
1088582,68.0619461282821
1088583,66.88543979156796
1088584,66.43809985611053
1088585,67.06963632035058
1088586,68.956453335108
1088587,66.44231898165374
1088588,48.92738511916285
1088589,22.238367132682985
1088590,6.140259262251973
1088591,1.0842741589546603
1088592,0.28185986784554995
1088693,21.30085853246393
1088694,29.54598997813176
1088695,41.2964743480354
1088696,54.691336358466344
1088697,63.05239126817077
1088698,64.95366353718435
1088699,64.59815461840624
1088700,65.92794247280268
1088701,67.10120194788374
1088702,66.93017484721635
1088703,67.03622758293353
1088704,68.44189768925358
1088705,69.02682854027168
1088706,68.11317014005365
1088707,66.00905659036925
1088708,65.686796595628
1088709,67.91498444549926
1088710,68.48382836867607
1088711,67.29076873381388
1088712,66.57363307529384
1088713,67.77316900576251
1088714,69.30587234871462
1088715,65.65969386381857
1088716,47.494352086140175
1088717,21.069962846743252
1088718,5.630862957816763
1088719,0.9932730044929429
1088720,0.18996215300754182
1088820,18.04631627180053
1088821,25.92163852123736
1088822,32.63536977268846
1088823,43.82811988925383
1088824,56.24668220764984
1088825,64.05179543459322
1088826,65.22206333980658
1088827,65.03304117959847
1088828,66.08823674448604
1088829,66.79964928018053
1088830,66.1465114568587
1088831,65.75025003415854
1088832,66.73480431695687
1088833,67.4649913620741
1088834,67.17432577713058
1088835,65.4104953136912
1088836,65.97092209541655
1088837,68.28884961255221
1088838,68.28368568455119
1088839,67.35455622923942
1088840,67.29867228925357
1088841,68.03659688083165
1088842,68.75238650478867
1088843,63.96452114458389
1088844,45.92261179615536
1088845,20.200357507691166
1088846,5.601997612715542
1088847,1.2341968376871533
1088848,0.2785667471349296
1088948,22.816142395022215
1088949,30.551696079844724
1088950,36.16060450495057
1088951,45.49011271885506
1088952,56.98538752687181
1088953,63.979818524368966
1088954,65.22316660222064
1088955,64.9946516881347
1088956,65.70105243008142
1088957,65.4909253379009
1088958,65.15485124186155
1088959,64.92994091414613
1088960,65.80689899027306
1088961,66.3694156351469
1088962,66.12789405228665
1088963,65.20409751921997
1088964,65.86861952909061
1088965,67.86997482596892
1088966,67.52189614243653
1088967,66.47062409210832
1088968,66.54615148878744
1088969,67.22189105449453
1088970,67.89414724522467
1088971,63.0027390246644
1088972,45.29764137033972
1088973,20.252567509687974
1088974,5.601398340507468
1088975,1.1182211228519807
1088976,0.21773216783284066
1089076,26.630224473595113
1089077,33.67427821351779
1089078,37.86014218138341
1089079,45.61443249835366
1089080,55.95579335536261
1089081,63.20680642034417
1089082,64.57322014214343
1089083,64.20084019519972
1089084,64.37641272240401
1089085,64.76675525100859
1089086,64.31673728906108
1089087,64.42039608216237
1089088,65.40802550730844
1089089,66.01675463915124
1089090,65.93683307295703
1089091,65.26174282851319
1089092,65.67648649620922
1089093,66.85045281422238
1089094,66.0453386913443
1089095,65.28000191797757
1089096,64.9012402492649
1089097,65.27827673981126
1089098,66.19872093422265
1089099,63.58855522564907
1089100,47.52044244517938
1089101,21.677092640372127
1089102,6.100601980451756
1089103,1.1063096255089715
1089104,0.19301997917487593
1089204,30.334890372923308
1089205,35.90788455426015
1089206,38.39403534690017
1089207,44.858551695393714
1089208,54.251270989971836
1089209,62.06535290772084
1089210,63.6069760958029
1089211,62.897850931174005
1089212,62.999722901399856
1089213,63.853401679644016
1089214,63.85092750586736
1089215,64.07894878112286
1089216,65.22858670475762
1089217,65.99274697945127
1089218,65.84559444230455
1089219,64.67971243518615
1089220,64.60583796428278
1089221,65.6944273878192
1089222,64.44076826089827
1089223,63.46454552464606
1089224,63.36152320425419
1089225,64.07069260942392
1089226,65.76890393750035
1089227,65.21539448746313
1089228,50.40911770947764
1089229,23.619666224127258
1089230,6.69138419187458
1089231,1.4858793582711955
1089232,0.2602693161972913
1089332,32.32803496501614
1089333,36.98420165160888
1089334,39.39167156071478
1089335,44.209823310903296
1089336,52.47439151481537
1089337,60.69466333094726
1089338,61.78601367748532
1089339,60.624923385737304
1089340,60.73177060356743
1089341,62.42335605622433
1089342,63.00313743788161
1089343,63.901437998337975
1089344,65.06972942524837
1089345,65.16033740780829
1089346,64.15160719175215
1089347,62.335016652284565
1089348,61.656932629754465
1089349,62.04241079827798
1089350,61.75898133538996
1089351,61.87496986893049
1089352,62.306335878443235
1089353,62.8337868583209
1089354,64.43125982134433
1089355,63.953180914919976
1089356,49.96126222408254
1089357,23.735232518973003
1089358,6.623355754877164
1089359,1.4282312775649293
1089360,0.2830762698423469
1089361,0.1660976587967571
1089365,0.034288317287167504
1089366,0.013412239776503073
1089367,0.015968998629478568
1089368,0.021119428857730386
1089369,3.724785723680787e-05
1089459,22.037592995076004
1089460,31.74572992605348
1089461,36.828540322199345
1089462,40.3394024484808
1089463,44.75203788563787
1089464,51.522274800521096
1089465,58.53114381320011
1089466,59.647128395821404
1089467,57.49173835411876
1089468,57.6912374606177
1089469,59.62782801821197
1089470,61.67711532221785
1089471,63.00900673430185
1089472,63.75697869294397
1089473,63.0000356486529
1089474,61.072905717494876
1089475,58.48896548983196
1089476,56.588040973115376
1089477,56.673100766072416
1089478,58.13004330260565
1089479,59.98240846851363
1089480,61.4737480433335
1089481,61.83359453822153
1089482,61.69877291182635
1089483,60.43797197567394
1089484,46.69660819127834
1089485,21.981906135243253
1089486,6.265752243900516
1089487,1.195718342679398
1089488,0.2135624375415775
1089489,0.16682968959639072
1089490,0.0922259106699124
1089491,0.09160281286440519
1089492,0.04392797717285073
1089493,0.02604117858281296
1089494,0.013855622717354573
1089495,0.01178572445592868
1089496,0.008528288796330172
1089497,1.6808036415389332e-05
1089498,3.4645857933127308e-06
1089587,20.371538922375205
1089588,29.825964414940984
1089589,35.83227372242758
1089591,44.966963463204266
1089592,50.945495358125676
1089593,57.41642877340282
1089594,57.43393424007414
1089595,54.490957357107895
1089596,54.10036446849561
1089597,56.58479008715132
1089598,59.921172775959334
1089599,61.63195237964043
1089600,62.27789472175892
1089601,60.779182768656014
1089602,58.589664721485036
1089603,55.200817766377746
1089604,53.08201571210427
1089605,53.14187300254683
1089606,55.404413716010346
1089607,58.15567957852522
1089608,60.115078374804334
1089609,59.51840899862298
1089610,58.54890547881341
1089611,56.40024819388956
1089612,43.41898838115345
1089613,20.2799463779399
1089614,5.777608043581116
1089615,1.1820166720799636
1089616,0.21552031913443376
1089617,0.19476305542864492
1089618,0.12993536006602863
1089619,0.07209418980360163
1089620,0.0402331626979268
1089621,0.048914267712498724
1089622,0.011622935505865106
1089623,0.02605921278723598
1089624,0.0032215928477366293
1089625,0.0012413937251611394
1089626,2.393876921824397e-05
1089715,20.078120262744687
1089716,29.429581392423554
1089717,36.38457399020359
1089720,50.92513105599653
1089721,56.08452777933477
1089722,55.18021748383273
1089723,52.028974322480245
1089724,51.804632951880606
1089725,54.39504588362556
1089726,58.38702355545751
1089727,59.845423638693894
1089728,59.42256658419245
1089729,58.456522860719744
1089730,55.52719668577397
1089731,51.417291327280864
1089732,49.89567246454297
1089733,51.145550050840335
1089737,56.92738517353264
1089738,55.311678042177995
1089739,53.86093239228331
1089740,41.50654468033695
1089741,19.29045877209672
1089742,5.612743460590645
1089743,1.2577340960743593
1089744,0.21271589298731278
1089745,0.1363274773012355
1089746,0.09195191793785439
1089747,0.03452635610470093
1089748,0.05485100762195625
1089749,0.03526524884362128
1089750,0.0370651977019789
1089751,0.010048324761502107
1089752,0.011808896030696984
1089753,7.964841559229367e-06
1089843,20.515251656831136
1089844,30.25658749088084
1089845,37.559968261902924
1089848,50.46452562187279
1089849,54.309970827935445
1089850,52.814871908856816
1089851,50.064677983147625
1089852,49.824157535610055
1089853,53.14677513970436
1089854,57.73086321983968
1089855,58.657172148009934
1089856,57.47640075795284
1089857,56.07678794915702
1089858,53.323316845180685
1089859,49.57532980708851
1089860,48.95286534580854
1089864,54.10992748685527
1089865,53.49216433471928
1089866,53.30430872229277
1089867,52.58255451210045
1089868,40.16712942293093
1089869,18.604995839422646
1089870,5.3325316797633935
1089871,1.0620601006032848
1089872,0.20212391010943825
1089873,0.10647032737980941
1089874,0.11551844223629694
1089875,0.05973170742884209
1089876,0.05423865487042346
1089877,0.038728499387250266
1089878,0.00970080446550553
1089879,0.017298534783701698
1089880,0.006152876309103575
1089881,0.00012021027283891547
1089971,20.02767115413227
1089972,31.23056164606885
1089973,39.608428303167926
1089976,50.16098925721218
1089977,52.83641953937486
1089978,51.41594508923842
1089979,48.04672893156323
1089980,48.08744143551878
1089981,52.05331762423448
1089982,57.0920186147877
1089983,58.373787615661385
1089984,56.87086848550734
1089985,54.83962206984928
1089986,52.46269336754041
1089987,49.49515319387896
1089988,49.40441536212632
1089989,51.640879486067064
1089990,52.18074721424627
1089991,52.65259372386687
1089992,53.026775072226826
1089993,52.8480175039095
1089994,52.882053038058864
1089995,52.50162753547151
1089996,40.019418493671374
1089997,18.56261252206337
1089998,5.169626487952264
1089999,0.9388712303011634
1090000,0.2898178609420776
1090001,0.17948989734201248
1090002,0.12843727236969824
1090003,0.041428809362663466
1090004,0.041791806371702725
1090005,0.02164367596865514
1090006,0.01163052592509969
1090007,0.021280996975577497
1090008,0.002818342736273714
1090009,0.00015101420038178721
1090010,1.0478993115043928e-06
1090100,32.11160785566328
1090101,42.81661876282516
1090104,50.7992341211906
1090105,52.30732579333241
1090106,49.28071361021084
1090107,45.929796536290034
1090108,46.11568894949701
1090109,50.825214741996554
1090110,57.011524791706975
1090111,58.82048824454237
1090112,57.25338004238287
1090113,55.17268151563272
1090114,53.41011098073571
1090115,51.25028425493193
1090116,51.550128779210986
1090117,53.09089151397084
1090118,53.40447633721742
1090119,53.76997830718352
1090120,54.337608864623725
1090121,54.10491112768786
1090122,55.235726453519554
1090123,54.65937087215348
1090124,41.348015517509815
1090125,18.93381743616371
1090126,5.115065005884804
1090127,0.9866599886469383
1090128,0.25427951902408186
1090129,0.15229607253156616
1090130,0.0982433925624998
1090131,0.05276510849761807
1090132,0.02682555191221174
1090133,0.04039789147476102
1090134,0.031823802332471895
1090135,0.005620944275422708
1090136,0.0020447677615836584
1090137,1.1959527207214395e-05
1090228,33.268190140492514
1090229,46.05794047783601
1090230,52.789435644276146
1090231,52.767809925619815
1090234,47.41409469733527
1090235,43.38194928943033
1090236,43.93528760479528
1090237,49.76780721991105
1090238,57.337365257813914
1090239,59.510820297927296
1090240,57.76621585535673
1090241,56.81585751606678
1090242,55.82526016346703
1090243,54.369334093026076
1090244,54.31120509651963
1090245,55.07498630936252
1090246,55.08094497607075
1090247,55.40061994261227
1090248,56.00042076868605
1090249,56.5116472709277
1090250,58.2750576755402
1090251,56.61999863294859
1090252,41.199533499511936
1090253,18.37377800608906
1090254,5.012725713110271
1090255,0.9679925096169404
1090256,0.19014508280887882
1090257,0.10777795303653696
1090258,0.09509733384988822
1090259,0.0697915563855752
1090356,33.536452371700236
1090357,46.983533982261356
1090358,52.96124711083298
1090359,52.34583523227253
1090362,44.838547492897845
1090363,40.67723831922001
1090364,42.01640493090317
1090365,48.95686495081642
1090366,57.535875347403625
1090367,59.719082426947985
1090368,58.14770847041928
1090369,57.492690496738454
1090370,57.48862719560138
1090371,56.80191878192629
1090372,56.793623441722644
1090373,56.901376334967175
1090374,56.76676610041681
1090375,57.0998673304859
1090376,57.593227150612385
1090377,58.20812422294891
1090378,60.34191359670416
1090379,56.928074232291245
1090380,39.503478650221425
1090381,16.769047895692136
1090382,4.4490950630558395
1090383,0.8500910328519389
1090384,0.15251508331997957
1090485,42.34210422101597
1090486,48.02122799196505
1090487,47.24550700144218
1090490,41.77636407141398
1090491,38.36817331504948
1090492,40.31391461934169
1090493,48.58473102712932
1090494,57.95170931877763
1090495,59.92815126745035
1090496,57.58785767545946
1090497,57.423017175387706
1090498,58.176236464738366
1090499,58.50912087045251
1090500,58.65796065031497
1090501,58.64743667430923
1090502,58.20469212131047
1090503,58.26760328148511
1090504,58.58926134814456
1090505,59.357041864858076
1090506,60.944693339790014
1090507,56.80470176918986
1090508,38.41058477239961
1090509,15.830502997673651
1090510,4.180991869089778
1090511,0.977500575592403
1090512,0.18375120899117878
1090613,32.14439575163841
1090614,38.322556696763215
1090615,38.407996723517876
1090618,37.609736657944175
1090619,35.54480804211375
1090620,38.05889807638775
1090621,47.382964928203236
1090622,58.293565994665485
1090623,60.31970768748967
1090624,57.305974244743496
1090625,56.73869273093093
1090626,58.13090272238258
1090627,58.95857745553476
1090628,59.52975202150358
1090629,59.200702077035594
1090630,58.65101995573685
1090631,58.808388565567505
1090632,59.07212114352341
1090633,59.666870580222486
1090634,61.3393766660133
1090635,56.633712190793425
1090636,37.56576020345199
1090637,15.18511266053558
1090638,3.8166700803860443
1090639,0.7270449961207316
1090640,0.15497452699966807
1090741,22.199637411409643
1090742,28.132930231421994
1090743,28.862214090427464
1090744,30.055181203116057
1090746,31.373126911213188
1090747,29.206151529256697
1090748,32.258904302261996
1090749,43.36320180947223
1090750,58.280326667560686
1090751,61.82629860858116
1090752,57.72154691886617
1090753,57.243581987845666
1090754,58.857749577865135
1090755,59.66957502748037
1090756,59.48924039945759
1090757,58.90232098040064
1090758,58.495101717945204
1090759,58.964459868452664
1090760,59.287058408687024
1090761,60.19428430247891
1090762,61.83084589417035
1090763,56.9941006300757
1090764,37.10052065274385
1090765,14.56286162089836
1090766,3.5776049402227246
1090767,0.7103700382811033
1090768,0.20826083015911126
1090862,0.06646780902165443
1090863,0.09180000851661668
1090865,0.6713468569872947
1090866,2.196077408455439
1090867,5.812022059545993
1090869,16.357779589698886
1090871,21.900797191660928
1090872,22.426139772810348
1090874,22.80714830309442
1090875,20.64115257146141
1090876,23.69259806096225
1090877,37.690550453726964
1090878,56.64057418649374
1090879,62.35779277050188
1090880,58.249979715986576
1090881,57.76704172612241
1090882,59.47511788288974
1090883,59.4982408661743
1090884,58.77303351635178
1090885,58.08461717571574
1090886,57.915268977977995
1090887,58.69384003552368
1090888,59.20543959759453
1090889,59.815233237151126
1090890,61.97470532305706
1090891,57.40666005386953
1090892,37.040071212728336
1090893,14.206713617601402
1090894,3.515074388589381
1090895,0.5704493410433328
1090896,0.17009530181751445
1090990,0.028824734272954965
1090991,0.06464072882187855
1090992,0.1667647861832445
1090993,0.5728808593524497
1090994,1.9232889288901354
1090995,4.868306466339165
1090996,8.624726208529866
1090997,12.535118934041051
1090998,15.928587606906067
1090999,16.33411364724357
1091000,16.510547983765598
1091001,16.638641808786666
1091002,14.77532240683683
1091003,13.525167440011964
1091004,18.316604257958797
1091005,34.6803783585392
1091006,56.163804070061516
1091007,62.23338762072304
1091008,57.41581105537139
1091009,57.17681131609509
1091010,59.26659157516132
1091011,59.148486194117226
1091012,58.23159745951221
1091013,57.870540291333256
1091014,57.86494739449386
1091015,58.76608541383021
1091016,59.113415167829544
1091017,59.57640420049773
1091018,61.9526260881975
1091019,57.35176071876355
1091020,36.77222908179325
1091021,13.976736877998256
1091022,3.335969799552456
1091023,0.610594405662923
1091119,0.03449679867502891
1091120,0.15225321913762088
1091121,0.5379847198107189
1091122,1.7515141272569374
1091123,4.045082097394043
1091124,6.306096223388645
1091125,8.067742243754575
1091126,9.64305106506213
1091127,10.393557483169479
1091128,10.8245706021419
1091129,10.689849617354287
1091130,9.20803949323532
1091131,8.784197566284604
1091132,15.177884047568764
1091133,33.39345381376043
1091134,56.00053072214071
1091135,62.383739796964434
1091136,56.84277574826463
1091137,56.87530920854702
1091138,59.23629793823095
1091139,59.256865315749174
1091140,58.77803407805992
1091141,58.13382381276734
1091142,57.82851507287905
1091143,58.34857172795664
1091144,58.21015190508594
1091145,57.98700163638666
1091146,60.220688541566595
1091147,56.0000755835746
1091248,0.169889307377543
1091249,0.48732384945026624
1091250,1.4539173209200553
1091251,3.3129255204601535
1091252,4.719099807409567
1091253,5.260789978947519
1091254,6.050913293629999
1091255,6.369319977500478
1091256,6.875648355898807
1091257,7.5037290816503335
1091258,6.763478024849045
1091259,7.249470752462278
1091260,14.229239978646481
1091261,32.76210967781618
1091262,56.30276985726914
1091263,62.97341458309907
1091264,57.25631942625706
1091265,56.8436676157662
1091266,59.09794953897558
1091267,59.0094120621366
1091268,58.676741359917536
1091269,57.803816426226376
1091270,56.4187848275114
1091271,55.95598088903565
1091272,54.68559729232658
1091273,53.381679901913614
1091274,54.50925019588488
1091275,51.01630787259535
1091375,0.04846780667231909
1091376,0.1223548736961547
1091377,0.4187215390107732
1091378,1.381304182812707
1091379,3.184184067333762
1091380,4.326997655556256
1091381,4.750588245212085
1091382,5.68989807095812
1091383,6.153782779548666
1091384,6.043454756979394
1091385,6.494618724166971
1091386,6.143765654747085
1091387,6.854519240102476
1091388,13.972614553422272
1091389,32.37060660995932
1091390,56.00675330756231
1091391,62.614256722529404
1091392,56.88426070135703
1091393,56.50351357263863
1091394,58.2788815342663
1091395,57.351706352090666
1091396,56.0003216463785
1091397,53.72935737420512
1091398,50.957303255395445
1091399,49.37280317318694
1091400,47.12049085601702
1091401,44.8125044976788
1091402,45.373204991747755
1091403,43.07314547004528
1091497,1.608134511063256e-05
1091498,0.005395170169481352
1091499,0.007595434412288138
1091504,0.09304774095611461
1091505,0.4305163624504814
1091506,1.4367776805396968
1091507,3.0282508013208376
1091508,4.163415187113042
1091509,4.8083538828171815
1091510,6.304700220349261
1091511,7.272078077354863
1091512,6.698083732106065
1091513,6.721601014113325
1091514,6.238341619133635
1091515,6.956706129222696
1091516,13.461170057998897
1091517,30.588630074785005
1091518,52.66923709682952
1091519,58.092442607602926
1091520,51.64825564373229
1091521,51.347791233320876
1091522,52.29334437659184
1091523,50.25811971450056
1091524,48.073702226590505
1091625,0.0010403011337913309
1091626,0.00012627397180807657
1091627,0.013184221961812029
1091633,0.40315534464315367
1091634,1.381900993089067
1091635,3.0146756741481724
1091636,4.047951299668257
1091637,4.950154618095468
1091639,8.221399411512898
1091640,7.502352753268984
1091651,39.07253297396928
1091753,0.0032118175875273935
1091762,1.3294793058015262
1103801,29.03938941926303
1103802,32.83686592039621
1103803,34.02544347530285
1103924,2.0236035586808803
1103925,3.9119847012758515
1103926,8.042252840934854
1103927,14.80160978182076
1103928,24.382527315819807
1103929,32.27553100449974
1103930,35.98305012880155
1103931,37.3958257468362
1103932,35.674076745371195
1103933,34.064597912777955
1103934,34.260907310000434
1104051,1.6525360500161461
1104052,1.8700875998022177
1104053,3.3738698782814494
1104054,7.266618340114684
1104055,15.508415256505836
1104056,27.848589683729053
1104057,37.935736005273824
1104058,42.680085954900065
1104059,44.62840877340157
1104060,42.8401884881423
1104061,40.015460348882435
1104062,40.8048050051107
1104063,40.332316225640255
1104064,40.593914648369655
1104178,1.48465245517885
1104179,1.5589825549525334
1104180,1.8571676813017168
1104181,3.269592404999241
1104182,7.7575256350697135
1104183,18.52484836835234
1104184,34.820204072250704
1104185,47.3140171049688
1104186,52.35054740781773
1104187,54.62425073193295
1104188,54.329824281238956
1104189,52.602254510345134
1104190,51.98997414619682
1104191,51.099817739982456
1104192,50.90843803950186
1104193,57.72254591829516
1104194,60.56755454802995
1104195,53.50474357389399
1104306,1.2979236332343211
1104307,1.7153245352418864
1104308,2.2667113489600172
1104309,3.58107890560093
1104310,8.51445498773621
1104311,22.198777415861738
1104312,42.0855103410477
1104313,56.40770919178164
1104314,60.151636939796376
1104315,60.82153226116673
1104316,62.50962062699365
1104317,62.757492286343485
1104318,62.55037499605394
1104319,60.82077701049094
1104320,60.640790684226836
1104321,64.39825988008772
1104322,67.05250175394679
1104323,63.448195141368515
1104324,59.18091289881412
1104325,56.421750333371136
1104326,52.430218940699994
1104327,48.20502596251505
1104328,45.57645602012616
1104329,43.70743676060076
1104428,0.010024222577142914
1104434,1.6037715645423793
1104435,2.595052833063807
1104436,3.403967551749132
1104437,4.4973279757655495
1104438,10.155292866363142
1104439,24.71724185629509
1104440,45.34704285608763
1104441,58.98932112056593
1104442,62.455027822366986
1104443,61.913273451462096
1104444,63.88254820733071
1104445,65.40425502118804
1104446,65.86247485024911
1104447,64.69305687006207
1104448,64.06868168203665
1104449,66.97684914118801
1104450,69.1416944034598
1104451,67.177932086178
1104452,64.29815776170466
1104453,63.22175570666223
1104454,62.96023905786347
1104455,60.97518756700402
1104456,59.013085044412065
1104457,55.90600024936235
1104458,55.59284252401105
1104459,53.83071640083378
1104556,0.013351666899271263
1104562,2.002520176555534
1104563,3.439220071772737
1104564,4.551584242587139
1104565,6.312695491033387
1104566,13.384308461947159
1104567,28.135321864204688
1104568,47.743199144374266
1104569,60.978668447342415
1104570,63.7811271782186
1104571,62.46005354716247
1104572,63.519057173099284
1104573,65.79562921187956
1104574,65.76026743351544
1104575,64.79879464579304
1104576,64.32901426759389
1104577,66.55773979294199
1104578,68.44297916057025
1104579,67.28327248749818
1104580,65.35685195152314
1104581,65.86299517853772
1104582,66.83441012061822
1104583,66.57984092835073
1104584,65.44486958754733
1104585,63.511789195472346
1104586,63.67232268574423
1104587,61.837479560721015
1104691,3.7727627922008797
1104692,5.691939308288148
1104693,8.698101938453718
1104694,16.762187252816158
1104695,31.5424333309825
1104696,50.06191853777884
1104697,63.498471804674956
1104698,65.44696840831661
1104699,63.01355079584137
1104700,63.70078219168578
1104701,65.28628273965818
1104702,65.18871943246218
1104703,64.15674917502923
1104704,63.84444346588436
1104705,66.1601984057813
1104706,67.76022798622171
1104707,66.80528574089305
1104708,65.71362745282516
1104709,66.71124975869925
1104710,67.24700227916426
1104711,67.30197179356175
1104712,67.13747227007335
1104713,66.9192128122532
1104714,67.49339787596239
1104715,64.36811730931598
1104716,46.424070331715185
1104717,21.119658173986213
1104718,6.1948609806759265
1104719,1.2551255643098693
1104720,0.3239652891292816
1104820,7.252733338321917
1104821,12.26496802598972
1104822,21.194948809139127
1104823,35.53130043037917
1104824,52.364824456993006
1104825,64.52152251562552
1104826,66.26376873448231
1104827,63.00959821059571
1104828,63.597908996722026
1104829,65.05237705741841
1104830,64.94596625769304
1104831,64.63705342467752
1104832,65.20218394031895
1104833,67.28458183793839
1104834,68.10510536583472
1104835,66.57151187638762
1104836,66.01713520495547
1104837,67.19816753170402
1104838,66.6918337091142
1104839,66.1979384384174
1104840,66.90347822064595
1104841,67.7864581393386
1104842,69.21785925411142
1104843,65.2231849699133
1104844,46.50325471455097
1104845,20.944227960435043
1104846,5.749589820566748
1104847,1.2438490549756653
1104848,0.3328846015989413
1104949,16.770548435956577
1104950,25.713511079212463
1104951,37.81494439837566
1104952,53.20996646476238
1104953,64.36609502025662
1104954,65.53550206487674
1104955,63.28363395467741
1104956,63.47392870738253
1104957,64.85828828218777
1104958,64.7910737878267
1104959,64.82325824935457
1104960,66.7198639602393
1104961,68.26749302473168
1104962,68.47537109787164
1104963,66.3659845060467
1104964,65.70486540218133
1104965,66.99586527972633
1104966,66.72708124440588
1104967,65.84291447030886
1104968,66.37359865983056
1104969,67.6643533182396
1104970,69.1463830110904
1104971,65.17861202281591
1104972,46.47511734911339
1104973,20.426433769417986
1104974,5.685091526773347
1104975,1.289653221496872
1104976,0.3098674911883509
1105077,22.1965958009856
1105078,28.799763958259497
1105079,39.32008117578549
1105080,53.167262282876194
1105081,62.9919944241956
1105082,65.04881686449949
1105083,63.785384133553414
1105084,64.31619375639788
1105085,65.26201311680805
1105086,64.95638222490976
1105087,65.23018057242001
1105088,66.65170546945913
1105089,68.44759831339255
1105090,67.7764717281708
1105091,65.91444690580376
1105092,65.34215490777589
1105093,67.15042233165507
1105094,67.64217099904369
1105095,66.74036768621133
1105096,66.65381588379049
1105097,68.09276688509705
1105098,69.40043292215395
1105099,65.22497376510705
1105100,46.21170258354222
1105101,20.342912140983106
1105102,5.4025391301345564
1105103,1.1971774786822904
1105104,0.2611788233728853
1105204,18.70875691650734
1105205,25.81799092989755
1105206,31.421947315556633
1105207,41.28481856403736
1105208,53.95232709086343
1105209,62.99864979619786
1105210,64.58889527026093
1105211,63.66313207144293
1105212,63.79796456207688
1105213,64.72425625907647
1105214,64.4187183639012
1105215,64.82148910507023
1105216,65.57659649978314
1105217,66.58226020201514
1105218,66.59304558161311
1105219,65.21892492350685
1105220,65.46176433509504
1105221,67.50471846297549
1105222,67.34573102692464
1105223,66.86136251051434
1105224,67.33988203606513
1105225,68.40253094987956
1105226,69.01528970164767
1105227,64.50940331457059
1105228,46.05732896935831
1105229,19.853324644787453
1105230,5.407551633763107
1105231,1.063829677717429
1105232,0.24085361161549065
1105332,22.148973674112582
1105333,29.75596696894264
1105334,34.50136263777814
1105335,42.62426486132668
1105336,53.96416534442221
1105337,62.4931094123496
1105338,64.44903523785946
1105339,63.10097241377342
1105340,63.14089861511582
1105341,63.92162079232929
1105342,64.14742879064379
1105343,64.00314933828675
1105344,64.83512089471611
1105345,65.86661982455294
1105346,65.5034321902483
1105347,64.31339199151525
1105348,65.31602432299135
1105349,67.27836485854567
1105350,66.95299837703793
1105351,66.44425509962892
1105352,66.74918181337054
1105353,67.40600760931545
1105354,67.41181244470354
1105355,63.362322670918715
1105356,45.44856114113467
1105357,20.151576720462415
1105358,5.58568621286911
1105359,1.1047992462734637
1105360,0.22330068894576657
1105460,26.516124890713908
1105461,33.24095362528232
1105462,37.3248669994134
1105463,43.77027392432707
1105464,53.94729068136111
1105465,62.34704654900625
1105466,63.9093656091603
1105467,62.497300045176644
1105468,62.153803097173856
1105469,63.00254992486225
1105470,63.75200802368074
1105471,64.18700396115142
1105472,64.83813020547943
1105473,65.64939639550171
1105474,65.49035723571772
1105475,63.94162463218423
1105476,64.6738212924255
1105477,66.73776368265347
1105478,65.80487561041448
1105479,65.27705989050999
1105480,66.18817346825651
1105481,65.7411842567055
1105482,65.94047559627874
1105483,63.379064373135584
1105484,47.25081952431737
1105485,21.842774497363795
1105486,6.213947404489806
1105487,1.3599597065387723
1105488,0.25040382880212353
1105588,30.31841203214529
1105589,35.92068284579449
1105590,39.15206245815317
1105591,44.489721381844426
1105592,53.11807966321082
1105593,60.95547976337471
1105594,62.51262488491939
1105595,61.221427081574376
1105596,61.66158361117032
1105597,62.53787890243276
1105598,63.369525210537596
1105599,63.82862219368755
1105600,64.357439898632
1105601,64.69193221700061
1105602,64.11660856190585
1105603,63.00156682650006
1105604,63.42980286944098
1105605,64.88353312366054
1105606,64.2628479946088
1105607,63.79859309745554
1105608,64.41348283800733
1105609,63.93838689579497
1105610,64.70856705323806
1105611,64.09215356296562
1105612,49.5642002710498
1105613,23.535704076504732
1105614,6.672408401469704
1105615,1.437662421518052
1105616,0.2856491183880007
1105716,31.72559187486425
1105717,36.9306495787708
1105718,40.738834515398196
1105719,45.346781036039125
1105720,52.66267209949884
1105721,59.46357463924805
1105722,60.470950642216685
1105723,58.7445948707418
1105724,58.72573636565267
1105725,60.449327266828625
1105726,61.87113746564763
1105727,62.45753141212461
1105728,63.0120528307792
1105729,62.72438767966153
1105730,61.452236662599866
1105731,59.60557366877244
1105732,58.79454250358614
1105733,59.675818272489934
1105734,60.51420090371181
1105735,61.27761457265989
1105736,62.36628092807092
1105737,62.458595919050595
1105738,63.11414400861633
1105739,63.003600864971894
1105740,49.27595740963495
1105741,23.52412121271273
1105742,6.659967050090413
1105743,1.4124025057420198
1105744,0.2495491139442797
1105752,0.0032226200650139177
1105753,1.558644456341574e-05
1105754,3.7770007537112566e-06
1105844,30.71789695522226
1105845,36.053262417873306
1105846,40.955278523393474
1105847,45.14202312746472
1105848,50.935568035960515
1105849,57.16896964843411
1105850,57.451972098354936
1105851,55.09428518843087
1105852,55.08634051442346
1105853,56.8433259145381
1105854,59.79726205340639
1105855,60.81476903757656
1105856,60.82488046597196
1105857,60.36775693336477
1105858,58.63514841990761
1105859,55.670666999290106
1105860,54.09443956729243
1105861,55.25052296889463
1105862,57.352874414755256
1105863,59.68955761251455
1105864,61.179146599950656
1105865,60.79534555331409
1105866,60.35982142829211
1105867,59.734191452380664
1105868,46.308905218877726
1105869,21.888091386761662
1105870,6.5011649901102615
1105871,1.3302066943653033
1105872,0.3210148340641146
1105877,0.031958684969453456
1105878,0.019951893641686896
1105879,0.010880347943642829
1105880,7.833488265473722e-05
1105881,3.525241242942908e-05
1105882,1.1253482091789482e-05
1105972,28.931657636470117
1105973,34.84778978021057
1105976,49.78759129681021
1105977,55.1248223297657
1105978,54.326632044643745
1105979,51.42457692170872
1105980,50.90208027657306
1105981,53.42086590204556
1105982,57.02454192184831
1105983,58.25321120785596
1105984,58.288852006761964
1105985,57.65646766498961
1105986,55.61314627651716
1105987,52.165381006071854
1105988,50.64827640696336
1105989,52.27682303998241
1105990,54.801442974761784
1105991,57.58407873573442
1105992,59.85683516700003
1105993,59.34175555198792
1105994,58.4945053981125
1105995,57.28750143361804
1105996,44.30350770094837
1105997,20.714692349347068
1105998,5.744831884618693
1105999,1.114072037260809
1106000,0.29691693388931745
1106001,0.18074562202252478
1106005,0.03413164847708992
1106006,0.013737537101329285
1106007,0.016688584154726564
1106008,0.009798326276715456
1106009,0.003236019141105976
1106010,8.107594251154351e-06
1106100,28.610391317612528
1106101,34.7088935465133
1106109,51.23195881832994
1106110,55.989803503981214
1106111,56.84230138658252
1106112,56.01971480681382
1106113,55.13388967325048
1106114,53.09838577781631
1106115,49.36803935087567
1106132,0.07863859798897932
1106133,0.0357620713805381
1106134,0.0392455631507043
1106135,0.017644664498524157
1106136,0.014281718661518315
1106137,1.6344496079768557e-05
1106228,29.27974705142464
1106229,36.32576909520189
1106231,46.432224857001
1106237,49.57863110009343
1106238,55.08335565487779
1106239,56.84510223930657
1106240,55.25002308175262
1106241,54.03115297106444
1106242,51.77523081053511
1106249,53.511692004083905
1106250,54.20307789897492
1106251,54.32142310664428
1106252,41.66347133852841
1106253,19.43396175952119
1106254,5.408695231890361
1106255,1.1689463231673471
1106256,0.23591937787578293
1106257,0.13969103705864255
1106258,0.15381216899848013
1106259,0.06777054683179055
1106260,0.037940901216713695
1106261,0.03661697637475303
1106262,0.006771421999823847
1106263,0.013940174480251255
1106264,0.009783424466280494
1106265,7.349821985092352e-05
1106356,30.233216597410525
1106357,38.0522542325746
1106359,47.67527930913576
1106363,43.96163637007877
1106364,43.8158922305003
1106365,48.12445057158162
1106366,55.176355007599774
1106367,57.12786515978796
1106368,55.54882700093376
1106369,54.2169559338579
1106370,51.86856244399511
1106371,49.19406581624727
1106372,49.84033585009084
1106373,51.9333883947895
1106374,52.02961379283445
1106375,51.770666093375524
1106376,52.39882174577879
1106377,52.34859530301107
1106378,53.37199185161281
1106379,53.363742429934234
1106380,40.85858454441997
1106381,18.720541665790496
1106382,5.251505877344132
1106383,1.071238628056921
1106384,0.23681683580597832
1106385,0.11847321924522172
1106386,0.07044154754921958
1106387,0.056437165506749355
1106388,0.05686780264602399
1106389,0.04527317571388562
1106390,0.024256813561681974
1106391,0.008416802224757406
1106392,0.014154234901049775
1106393,3.6903935807910384e-06
1106484,30.855549514142474
1106485,41.13886799861465
1106486,47.7725051838427
1106487,50.404309874741436
1106490,47.31111309053707
1106491,42.29094779940866
1106492,41.916897488631
1106493,47.37311747374215
1106494,55.44730285246409
1106495,57.58821490942264
1106496,56.01743794023152
1106497,54.788157641999646
1106498,53.27540964003705
1106499,51.1336755395629
1106500,51.51081044533628
1106501,53.74375245341995
1106502,53.66973360406404
1106503,53.418113828253865
1106504,53.788028418528924
1106505,53.686472876058204
1106506,54.994144894491164
1106507,54.72151582184856
1106508,41.57694575816489
1106509,18.90962847744512
1106510,5.287243784251847
1106511,1.133230712786172
1106512,0.24542448269758305
1106513,0.10488270220791905
1106514,0.05305963383840549
1106515,0.047305774809798355
1106516,0.04320191340865474
1106517,0.03471182559628207
1106519,0.01983795149729759
1106520,0.00014283875693713304
1106521,1.5727711713616896e-06
1106522,2.971986109497256e-06
1106612,30.744957545063578
1106613,42.938828783053445
1106614,49.95308124415061
1106615,51.203817578917096
1106618,45.28206887026063
1106619,40.719421557440235
1106620,40.86677611273866
1106621,47.238188866918534
1106622,56.00683343890167
1106623,58.53080440345644
1106624,56.81759087984855
1106625,55.9998802767402
1106626,55.483384096233564
1106627,53.90146537959367
1106628,54.09578688320514
1106629,55.21022401334223
1106630,55.18248377029134
1106631,55.32559560992969
1106632,55.90249746038073
1106633,56.02262554673389
1106634,57.34796437362558
1106635,56.48372216036653
1106636,41.508963647753696
1106637,18.263508846648843
1106638,5.128906622736353
1106639,1.1697663642397151
1106640,0.23024016572348277
1106641,0.14566256152289603
1106741,41.615110943684066
1106742,48.43726299246491
1106743,48.969408821928575
1106746,42.26824895833675
1106747,38.23473034874275
1106748,39.37067460603099
1106749,46.91199336639839
1106750,56.77299457315993
1106751,59.37484924130089
1106752,56.94018793016052
1106753,56.79892518278113
1106754,57.42205657107648
1106755,56.68326444928799
1106756,56.88702565540583
1106757,57.09525040933776
1106758,56.630202688757414
1106759,56.84345083160424
1106760,57.14164426423487
1106761,57.39456599340251
1106762,59.16059228667567
1106763,56.536663209715456
1106764,39.37071828358274
1106765,16.59718720550203
1106766,4.54489622407155
1106767,0.8440681473329666
1106768,0.24397001811225047
1106869,35.85217067865973
1106870,41.896804194165085
1106871,42.30415590484371
1106874,37.87817993697995
1106875,35.12937613907635
1106876,37.153041014276
1106877,45.868866427253884
1106878,56.65202321778251
1106879,59.50524346602003
1106880,56.853232609644465
1106881,56.71957101409303
1106882,57.94858782878821
1106883,58.342637062548235
1106884,58.381534602078936
1106885,58.449746725451995
1106886,57.92094879931206
1106887,57.810268260211565
1106888,57.80132873181564
1106889,58.11457061048302
1106890,59.78938179191016
1106891,56.42924865440778
1106892,38.21539752471755
1106893,15.504269097011923
1106894,3.9707072833170574
1106895,0.8832724034053164
1106896,0.24664917582132187
1106997,28.48644200157413
1106998,33.900786235672676
1106999,34.384312875863024
1107002,32.20592505601713
1107003,29.994960804252745
1107004,33.00364191019331
1107005,43.65411562284805
1107006,57.12281943396129
1107007,60.26056121505674
1107008,56.689117770704264
1107009,56.1978762557767
1107010,57.848915761919336
1107011,58.8614082769679
1107012,59.010680919616014
1107013,58.77721793492975
1107014,58.314370120853695
1107015,58.1208590992142
1107016,57.794108126971906
1107017,57.75049824070818
1107018,59.77499338095096
1107019,56.01635607739998
1107020,37.4373744383819
1107021,14.879438880607612
1107022,3.533565994108777
1107023,0.7363654411961947
1107024,0.16069329871880897
1107125,21.103971789526458
1107126,25.798664979429745
1107127,25.695339522093203
1107128,26.36464641944869
1107130,25.524430284751528
1107131,23.119620662390933
1107132,26.526265918421903
1107133,39.52480541686558
1107134,57.129683409561125
1107135,61.75584359058782
1107136,57.615605578940624
1107137,56.95415851077396
1107138,58.58965490769376
1107139,58.91191485495654
1107140,58.75126324277175
1107141,58.163201962318986
1107142,57.67765854781914
1107143,58.07544566075871
1107144,57.67876357222783
1107145,57.498638269715514
1107146,59.845538723907616
1107147,56.13240879436341
1107148,37.22487364324917
1107149,14.743035458394806
1107150,3.68484964394295
1107151,0.7714897325181725
1107152,0.17596680388147903
1107253,16.617614533672032
1107255,20.315244018403753
1107256,20.30328224772797
1107258,18.17905708418208
1107259,16.518402952465028
1107260,20.432713089188756
1107261,35.629451908140354
1107262,56.329426929179505
1107263,62.589576297107264
1107264,57.93498485797276
1107265,57.61976449645242
1107266,59.04557825875689
1107267,58.80599240060673
1107268,58.015107790229266
1107269,57.31774565979429
1107270,57.394587867534696
1107271,58.11750908115362
1107272,58.06911679075665
1107273,57.94996669154132
1107274,60.11925535497107
1107275,56.76580963159044
1107276,37.16966519300847
1107277,14.493920069902185
1107278,3.472658043482895
1107279,0.6683925059528736
1107280,0.11622862685158271
1107377,0.5945010081489286
1107378,2.2758775292109976
1107379,5.447596735574058
1107380,9.174991438527185
1107381,13.264995290370344
1107385,14.768732400813386
1107386,12.328949495244924
1107387,11.457681704265456
1107388,16.84237655657869
1107389,33.62442914615638
1107390,56.00079265027774
1107391,62.35198492880468
1107392,57.222092713013986
1107393,56.962593351724344
1107394,58.789384125637234
1107395,58.603450094607076
1107396,57.98520724016399
1107397,57.564523134515234
1107398,57.53393517186736
1107399,58.76289966964143
1107400,58.82920066941078
1107401,58.43939402347437
1107402,60.8277475056232
1107403,57.36541768721844
1107404,36.83389405715118
1107405,14.139735762865403
1107406,3.4869610800040447
1107407,0.6314700324191432
1107408,0.14431781764611507
1107506,1.9211638455783704
1107507,4.548192238554192
1107508,6.900723145780163
1107509,8.314425105934426
1107510,9.706272097142863
1107511,10.398255927779005
1107512,10.938380538589046
1107513,9.734121955256835
1107514,7.354999380916027
1107515,7.554096248675175
1107516,14.48660856521494
1107517,32.80287690679257
1107518,56.243932092823606
1107519,62.22112388725642
1107520,56.46001069595286
1107521,56.35952154679834
1107522,58.80653686665197
1107523,58.730019483415916
1107524,58.56274031305994
1107525,58.23828156150656
1107526,57.934646717960575
1107527,58.71685644139317
1107528,58.7193714401411
1107529,58.38067069930897
1107530,60.413863132540165
1107531,56.76121514967671
1107532,36.12894967022556
1107533,13.615452629324228
1107534,3.176083687798763
1107633,0.5370369416307913
1107634,1.6814881221809892
1107635,3.572725152441288
1107636,4.84498242263152
1107637,4.978235585590249
1107638,5.171656727678919
1107639,5.729503540038434
1107640,6.4430423733342685
1107641,6.225009501639526
1107642,4.792083702022597
1107643,5.641226012096571
1107644,13.380103573824146
1107645,32.29922623123434
1107646,56.45157667731705
1107647,62.825376552484734
1107648,56.755295518074725
1107649,56.638214852054034
1107650,59.100474380762186
1107651,59.411700192915276
1107652,59.03134372880133
1107653,58.36099744498342
1107654,57.578444429068036
1107655,57.41635195927867
1107656,56.92449822457962
1107657,56.000021964749166
1107658,57.88154938421061
1107659,54.139481109848745
1107760,0.13842444922074087
1107761,0.5399635805849767
1107762,1.4733196143317062
1107763,3.175414908013775
1107764,4.134631810186163
1107765,4.0047046051555135
1107766,4.106167929493791
1107767,4.201845340287902
1107768,4.650879564292356
1107769,4.780625357131304
1107770,3.9464458953841164
1107771,5.210027197798332
1107772,13.048988240601396
1107773,32.3469923508035
1107774,56.70118943093837
1107775,63.38140153127736
1107776,57.11276931782066
1107777,56.74523040464245
1107778,59.10818421434813
1107779,58.810458871134266
1107780,58.03692602812944
1107781,56.29724744008202
1107782,54.28006669293639
1107783,53.38240616157719
1107784,51.868372488144075
1107785,49.49403069687269
1107786,50.67709000455304
1107787,47.95174456923819
1107889,0.4143679269534208
1107890,1.4809907522125143
1107891,3.0735185631366093
1107892,3.907928802931468
1107893,3.821202549134331
1107894,4.307239019076946
1107895,4.57528903378123
1107896,4.711173525252418
1107897,4.669640176183095
1107898,3.9799028105412946
1107899,5.163994785685364
1107900,12.448104837786087
1107901,31.071938340727144
1107902,54.35824611483879
1107903,60.18274747016762
1107904,53.43660351506016
1107905,53.34444451386128
1107906,55.30705194277225
1107907,53.484219615716206
1107908,51.623078570161795
1107909,49.4222848343307
1107910,46.79526319584395
1107911,45.5020689450499
1107912,43.58616976897836
1107913,40.843244770896575
1107914,41.883878405690936
1107915,40.51130208725657
1108009,0.004413794061802974
1108010,0.005466064135056277
1108018,1.4296702891834692
1108019,3.0310315100662417
1108020,3.890541116717149
1108023,6.285094471148385
1108024,5.727613102408035
1108031,50.64150672602125
1108032,43.983353121665125
1108033,44.01272074945852
1108035,42.13680857969175
1108137,0.003379688076341409
1120184,21.08700224138828
1120185,28.65412873890307
1120186,31.869966875424637
1120311,12.29784896730061
1120312,23.186349269741196
1120313,32.086057738939715
1120314,36.09802787615786
1120315,38.12909877304337
1120316,37.87621136819269
1120317,37.63251257488944
1120436,1.31689952981215
1120437,2.151577430561534
1120438,5.3650196421979315
1120439,13.93311961407916
1120440,28.03742597734602
1120441,39.672606586594675
1120442,44.950573818536625
1120443,47.458668560785604
1120444,46.77179618601912
1120445,45.88868559336522
1120446,47.26826348619185
1120447,45.75640867105366
1120448,44.15327717171239
1120449,50.19290170741553
1120450,51.666059394336266
1120563,1.5841777004876954
1120564,1.7440512117292548
1120565,2.642626309486332
1120566,6.463949063277383
1120567,18.49934665623442
1120568,37.14605853385081
1120569,51.74420284518519
1120570,56.64782060325998
1120571,58.40528779467304
1120572,58.89360565216406
1120573,59.61280993250389
1120574,59.324056357767965
1120575,57.21891773186167
1120576,55.91860073892731
1120577,59.61165292512109
1120578,61.36573482966829
1120579,55.52014551802322
1120580,49.28973222414928
1120581,46.470043084424965
1120583,40.341037330091176
1120584,38.30653435106362
1120690,1.6045300067963024
1120691,2.2724352895525795
1120692,2.6139608117680013
1120693,3.277126192352372
1120694,8.124085363348684
1120695,21.902376667372856
1120696,43.7392128700001
1120697,58.9855206155641
1120698,63.00391720038675
1120699,62.88234705030631
1120700,65.17451263827263
1120701,66.78038766891694
1120702,67.34541516007003
1120703,65.19222612237326
1120704,63.04890601561184
1120705,65.20608656916838
1120706,66.60642749161424
1120707,64.16657064794154
1120708,60.774770252243066
1120709,58.95075364393554
1120710,55.89194998571645
1120711,52.42386198605453
1120712,50.752983337938836
1120713,48.916701539401664
1120714,48.49411781691909
1120819,3.2084205627527065
1120820,3.855400036071538
1120821,4.758786613513585
1120822,10.436419219234255
1120823,24.867109675724706
1120824,46.16692012530089
1120825,61.30473773216509
1120826,64.5177228264613
1120827,63.10141134249144
1120828,64.8210552521587
1120829,67.98411487624702
1120830,68.97469652108038
1120831,67.18676006755986
1120832,65.39128694347485
1120833,66.55581048137137
1120834,68.2904332261825
1120835,67.07214307500695
1120836,65.06063863842023
1120837,64.77026510453409
1120838,64.56324732079925
1120839,63.7937478722797
1120840,63.00437681651014
1120841,61.40564707562332
1120842,61.34728360015742
1120843,58.5541636891815
1120947,3.5190575055016846
1120948,4.7007803905486325
1120949,6.4735335791120105
1120950,13.642857383910082
1120951,28.71568028725804
1120952,48.656297037176145
1120953,62.731985231102904
1120954,65.17257893623172
1120955,63.00010381662671
1120956,64.15687096943886
1120957,66.77390909255362
1120958,67.5942775001026
1120959,66.09411943135333
1120960,64.86678985482973
1120961,66.06921475642434
1120962,67.93454760040326
1120963,67.22115444350742
1120964,65.99407326080583
1120965,66.31477509298533
1120966,66.69064612479553
1120967,66.38245954682797
1120968,66.86530787779843
1120969,66.6582662214949
1120970,67.09144717412283
1120971,63.54521989013639
1120972,44.93459344706044
1120973,20.528410096330862
1120974,6.278836701017136
1120975,1.4186421833078526
1120976,0.31213531503908887
1121075,3.7105242212966467
1121076,5.678836337653855
1121077,8.56809553726254
1121078,16.822762797156724
1121079,31.316018003642874
1121080,50.33603731464686
1121081,64.48156158616406
1121082,66.87100968807883
1121083,63.57088274334324
1121084,64.30609046525139
1121085,65.89852541626226
1121086,65.70832016222822
1121087,64.2902441723575
1121088,63.68804985741791
1121089,65.66245239611723
1121090,66.81566251431234
1121091,66.46001360019778
1121092,65.50421071582726
1121093,66.33448744326509
1121094,66.19332125857717
1121095,66.00407635589555
1121096,67.51895975201269
1121097,68.80574075361098
1121098,69.57231312715113
1121099,64.918797617983
1121100,45.36485316834234
1121101,20.2058399062449
1121102,5.8273431549720165
1121103,1.1996338630399317
1121104,0.23005047805197756
1121205,12.614012059765717
1121206,21.197113015459657
1121207,34.605494510502226
1121208,51.56584331671309
1121209,64.61668519850501
1121210,66.67472808788318
1121211,63.46063498851959
1121212,63.229156118346346
1121213,65.07630367378692
1121214,63.64660568776369
1121215,63.07591048674691
1121216,63.773041956302265
1121217,65.87978855137196
1121218,67.2418924058542
1121219,66.1788990237902
1121220,65.63153402821536
1121221,65.82535974373623
1121222,65.30120962168805
1121223,64.77947377619522
1121224,66.5205452692436
1121225,68.65982441292866
1121226,69.65939526414884
1121227,64.31252536627433
1121228,44.303745352536694
1121229,19.127681792803124
1121230,5.38596980123627
1121231,1.1599107075489465
1121232,0.2692818263103558
1121333,18.055553653623424
1121334,25.458109907862397
1121335,36.528810387084256
1121336,51.12497642404165
1121337,63.08540672395909
1121338,65.33348633766543
1121339,63.19162648083092
1121340,63.52424483122123
1121341,64.57975613017013
1121342,63.31459265782397
1121343,63.246936899098465
1121344,64.87552859123937
1121345,66.81650248405437
1121346,67.58022675540626
1121347,65.95099983461093
1121348,64.98130842182793
1121349,65.77945889995128
1121350,65.2480496803467
1121351,64.59953603570673
1121352,66.01464969090658
1121353,67.97947566088995
1121354,69.27931906266693
1121355,64.2328424871162
1121356,44.03174955602568
1121357,18.89683629800467
1121358,5.17980109570149
1121359,1.048852108253103
1121360,0.2582138470863151
1121460,16.534811509867755
1121461,23.345867000672154
1121462,29.078745288859242
1121463,37.61158490740431
1121464,50.533196186613885
1121465,61.86948036781709
1121466,64.9419363591016
1121467,63.55255092917608
1121468,64.15119177967262
1121469,64.85548285716885
1121470,64.50590390110543
1121471,64.40016198058407
1121472,65.1741504772769
1121473,66.95064031998247
1121474,67.38492396882799
1121475,65.47120839479564
1121476,64.85701385294934
1121477,66.09462872993606
1121478,65.842727027416
1121479,65.82941159933603
1121480,66.6004777115221
1121481,68.48820671268358
1121482,69.66111388304554
1121483,64.595434547534
1121484,45.212436991181804
1121485,19.48718971456008
1121486,5.233730752652658
1121487,1.0186880391164503
1121488,0.276267684496201
1121588,18.77057875898241
1121589,26.050856254718546
1121590,31.3457298601065
1121591,39.057773601305165
1121592,51.07430130038749
1121593,61.75247010377773
1121594,64.69972980617784
1121595,63.59038828065337
1121596,62.9990313628797
1121597,64.10270783352232
1121598,64.74741151394079
1121599,64.9671748665475
1121600,65.45681171623015
1121601,66.20193006375443
1121602,66.32976377841683
1121603,64.93516311746808
1121604,64.85958829375888
1121605,66.2002205157991
1121606,65.973521932548
1121607,65.8924083758508
1121608,67.03793816003848
1121609,68.43112124159003
1121610,69.54300897138384
1121611,64.6602506907899
1121612,45.64570328432448
1121613,19.948643443377513
1121614,5.501137764070087
1121615,1.1084316696921799
1121616,0.18670523066491432
1121716,22.345087034757942
1121717,29.564201504557477
1121718,34.085090724730186
1121719,41.63436311975194
1121720,52.133471303710806
1121721,62.160967758517764
1121722,64.73385238526998
1121723,62.82265950180462
1121724,62.16617726482465
1121725,63.00185694921582
1121726,64.33035932025328
1121727,64.43286532179039
1121728,64.88127487711223
1121729,65.34875430778503
1121730,65.15852051155503
1121731,64.42095629999376
1121732,64.91537050406933
1121733,66.14707725273769
1121734,65.64956492261086
1121735,65.57522212760387
1121736,66.77791282802615
1121737,66.88433913285245
1121738,67.25489110114661
1121739,63.48276147559468
1121740,45.96737038178668
1121741,20.45534362883483
1121742,5.727068294056768
1121743,1.1665880251579408
1121744,0.2728786302738798
1121831,0.004602230309716327
1121832,0.01667533631335307
1121833,0.013275841043515403
1121844,26.51212869246059
1121845,33.54380838952806
1121846,37.42789643080675
1121847,43.61948660179459
1121848,52.6941552628872
1121849,61.36184536770618
1121850,63.29952842872265
1121851,61.84738376727207
1121852,60.88627631817882
1121853,61.80355179069552
1121854,63.015605399779815
1121855,63.734114011080834
1121856,64.13583495242884
1121857,64.58620559423763
1121858,64.2107763538339
1121859,63.371011307123645
1121860,64.1245616319814
1121861,65.86159085748614
1121862,65.30004905975753
1121863,64.9319600548126
1121864,65.7854439216718
1121865,65.43235738628404
1121866,65.34894882352489
1121867,63.574649035434106
1121868,47.74778335575631
1121869,21.948277102884557
1121870,6.361714190623683
1121871,1.393465509785655
1121872,0.28808667247519704
1121958,2.6049073023806073e-06
1121959,2.59345214253582e-06
1121960,0.004529232569552328
1121961,0.024651479510977833
1121962,0.033177682583590905
1121963,0.05772323920781507
1121972,30.041414534411203
1121973,36.18308671988143
1121974,39.873431704592484
1121975,44.82310253028267
1121976,52.624612280680395
1121977,60.13093488701013
1121978,61.388270605643285
1121979,59.97301477226198
1121980,59.152668871271956
1121981,60.51423806726278
1121982,61.42516224133802
1121983,62.077253368261545
1121984,62.30269325003347
1121985,62.08617749737446
1121986,61.573799158574865
1121987,60.421566577825594
1121988,61.36510705371328
1121989,62.99751093453563
1121990,63.000387915889355
1121991,63.20343533294834
1121992,64.05384278965123
1121993,62.99466822394397
1121994,63.11019571261362
1121995,62.999784561555785
1121996,49.01265536620272
1121997,23.416681872321938
1121998,6.8842929709524014
1121999,1.429373067030803
1122000,0.29729834588960047
1122086,1.6685549025503858e-06
1122087,0.00430527703749173
1122088,6.808536381080056e-06
1122089,0.0064819355795916744
1122090,0.01694321739389944
1122091,0.030503061511987107
1122100,30.909848679239346
1122101,36.54487486366914
1122103,45.91861770159645
1122104,51.97348666218275
1122105,57.67415315203394
1122106,58.25166908447247
1122107,56.647913472120806
1122108,55.97731914083559
1122109,57.34195664927852
1122110,59.03075235544014
1122111,59.89206097572284
1122112,59.46199252131497
1122113,58.619123557447814
1122114,57.340384714509376
1122115,56.09817676368499
1122116,55.736436876551124
1122117,56.87048965147819
1122118,58.364776100973316
1122119,60.289708600093185
1122120,61.155382097932524
1122121,60.349056310856085
1122122,60.118499999213725
1122123,60.531767264571826
1122124,47.98383087403765
1122125,23.119679082691203
1122126,6.893270873863921
1122127,1.3517666866768687
1122128,0.29245699933765945
1122216,0.014364140317589716
1122217,4.651250070289114e-06
1122218,0.02080490581034491
1122219,0.038043269413778176
1122228,29.207501070602515
1122229,34.920361892908765
1122231,45.15186660367632
1122232,50.018786391391224
1122233,54.69842078963764
1122234,54.383318941674474
1122235,51.47665512342572
1122236,50.71908444156296
1122237,52.9572226673937
1122238,56.09563805965523
1122239,57.144758520443496
1122240,56.5869354853024
1122241,55.471725281688514
1122242,54.05280052102486
1122243,52.0486728550269
1122244,51.14439071896644
1122245,53.509463365740984
1122246,55.65135499445403
1122247,57.99256619284549
1122248,59.497232511774115
1122249,58.35994588839532
1122250,57.62673283355823
1122251,57.380641304094816
1122252,44.99704186364422
1122253,21.552885088374506
1122254,6.4917504980112
1122255,1.3135965330281512
1122264,0.007570931500155911
1122265,0.0029614255405915955
1122266,1.2586490524673453e-05
1122342,0.0029115441834125923
1122343,0.004584562500311633
1122344,7.344153502219112e-06
1122345,0.0468762385020337
1122346,0.03138338955427018
1122347,0.031260008359137025
1122356,27.63179423291407
1122357,33.58210973793084
1122359,43.19060931963737
1122365,48.82221715975199
1122366,53.44419284891517
1122367,54.372939904549916
1122368,53.70321654114973
1122369,53.58926537755023
1122370,51.531899116687924
1122371,48.880660460985354
1122372,48.578544279120074
1122373,51.28102643471273
1122374,53.51500198740608
1122375,55.798222417851804
1122376,57.74835113981903
1122377,57.283291849714246
1122378,56.42666057092741
1122379,55.84872576619307
1122380,43.42081719643905
1122381,20.572974166901272
1122382,5.854245064479296
1122391,0.02462710551361677
1122392,0.010531291358267076
1122393,0.00011179845954504515
1122394,9.602019921445692e-06
1122470,0.003531544885555355
1122471,3.2819514077840875e-06
1122472,7.066590386613827e-06
1122473,0.005040391974388077
1122474,0.044066839834608046
1122475,0.03835820061035411
1122484,27.74495322709638
1122485,33.48500819664443
1122486,39.36356659937949
1122487,43.458195333621234
1122494,52.0266793214757
1122495,53.493258917035625
1122496,52.391308676466835
1122497,51.62862603903806
1122498,49.47853635672934
1122518,0.025675836323600335
1122519,0.022508978436564585
1122520,0.005784361583135174
1122521,0.0024620123628355094
1122522,3.033574324996873e-06
1122598,0.0037081221298331224
1122599,0.005115089760533088
1122600,0.016614667429197965
1122601,0.02814176169350974
1122602,0.03676424246064959
1122603,0.024848998290601682
1122612,28.911849708410255
1122613,35.36575535958385
1122614,41.91577293254845
1122615,46.25866262348311
1122621,45.44458501183379
1122622,51.8937342461307
1122623,53.958932558578724
1122624,52.460484696635376
1122625,51.75219096349455
1122626,49.56184338806081
1122646,0.037688825043727545
1122647,0.00559510934993582
1122648,0.005458967246598359
1122649,0.0013406258283211628
1122740,29.716767634922693
1122741,37.721006687901806
1122742,44.67425676273725
1122743,48.8431164432002
1122748,40.547583656716654
1122749,44.96256630944716
1122750,52.40488778034096
1122751,54.99615672150199
1122752,53.47530654474742
1122753,52.405591480808106
1122754,50.72709249013764
1122755,48.14655367868687
1122756,49.17734473375144
1122757,51.99410457340226
1122758,51.57915594754193
1122759,50.45418080083807
1122760,50.71841333637494
1122761,50.44876657624296
1122762,51.858453918281995
1122763,52.44930307768491
1122764,40.040058195609966
1122765,18.48206752643978
1122766,5.255493417258791
1122775,0.01332027260269607
1122776,0.0033547122241858406
1122777,4.003136766049305e-06
1122778,1.9498250717842936e-06
1122868,29.563081302970613
1122869,39.392771725675324
1122870,46.658855015127585
1122871,49.92244671805332
1122875,41.110317596834264
1122876,40.16458822703592
1122877,45.64357792648296
1122878,53.817101415890576
1122879,55.95843164890651
1122880,54.1421061884265
1122881,53.500731822620246
1122882,52.60099587260187
1122883,50.44885765679403
1122884,51.290497360153864
1122885,53.68824217639579
1122886,53.36199528456964
1122887,52.59016260376401
1122888,52.82872659715168
1122889,52.94347356376407
1122890,53.88608948846544
1122891,53.51695493152907
1122892,40.70223081079114
1122893,18.599047744403414
1122894,5.314881260341658
1122895,0.9759706621595499
1122906,3.2612780481409175e-06
1122996,28.224611971055424
1122997,38.86851551358006
1122998,45.79473175317958
1122999,48.44830968572997
1123002,44.04550655868181
1123003,39.528952092457374
1123004,39.44004711215133
1123005,45.924963580961624
1123006,54.9640784305766
1123007,57.273898183009536
1123008,55.20332200278566
1123009,54.91502784834514
1123010,55.003783425344665
1123011,53.37268816158429
1123012,53.566705125190445
1123013,55.1824141933201
1123014,54.83191895648253
1123015,55.22233182462145
1123016,55.710685189223106
1123017,55.41927534524912
1123018,56.820493733591796
1123019,55.99968377372102
1123020,41.193721347969486
1123021,18.20388911272124
1123022,4.993079029159612
1123023,1.0515575594726387
1123024,0.18487266139581854
1123125,34.92532196049258
1123126,41.96707341309902
1123127,43.90842855319079
1123130,39.418900865127554
1123131,36.50641029523254
1123132,37.61157285742127
1123133,45.683201077738694
1123134,56.03860291993338
1123135,58.65524165563785
1123136,56.01135300267521
1123137,56.17583687675435
1123138,57.18120121508767
1123139,56.00026473277453
1123140,56.00777129251568
1123141,56.4514758082472
1123142,56.00061247585457
1123143,56.05598443624009
1123144,56.860830032633245
1123145,56.76792463799599
1123146,58.14628433062197
1123147,56.41767445137887
1123148,39.428582510413634
1123149,16.581742154893437
1123150,4.488039650336003
1123151,0.8932662404701444
1123152,0.27713346900949115
1123253,30.544441209702303
1123254,37.090855090188285
1123255,38.09640633492385
1123258,33.60609917759315
1123259,31.016859368136203
1123260,33.653035830940404
1123261,43.53573988270906
1123262,56.41388912089224
1123263,59.45395549554861
1123264,56.35451206947703
1123265,56.13322896346867
1123266,57.886554537659585
1123267,57.795631093434324
1123268,57.6702028704
1123269,57.55866731898698
1123270,57.098287103444115
1123271,57.12772309290259
1123272,56.99845418863389
1123273,56.96108964933057
1123274,58.91195201398185
1123275,56.25718201982952
1123276,38.39920461218104
1123277,15.832243054332936
1123278,4.029594066678413
1123279,0.7244851408025328
1123280,0.2018088712357475
1123381,25.458009192698714
1123382,30.618659079915986
1123383,30.852123341320002
1123386,27.199539111462204
1123387,24.663180904394956
1123388,28.188515009745995
1123389,40.92477717307509
1123390,56.52730672371166
1123391,60.608492706037374
1123392,56.466771353187305
1123393,56.65838265307406
1123394,58.29327446409396
1123395,58.896849678926046
1123396,58.75314428712643
1123397,58.52065839639325
1123398,57.89182203767876
1123399,57.56431702757734
1123400,56.92491694210184
1123401,56.56651032466957
1123402,58.64598932276934
1123403,56.06781505753308
1123404,37.967788867440746
1123405,15.291698706245413
1123406,3.8577264257417934
1123407,0.7210705761713894
1123408,0.16856233833869347
1123509,20.427071118417818
1123510,24.186803199784702
1123511,23.63474443040973
1123512,23.55496999247718
1123514,21.526763116207743
1123515,19.221206744139284
1123516,23.498946822102944
1123517,37.740107372586515
1123518,56.44538126254795
1123519,61.83993161196549
1123520,57.56456347140145
1123521,57.168035036707664
1123522,59.01232486038324
1123523,59.02304666283734
1123524,58.746143545985895
1123525,58.2421041883091
1123526,57.818156198566484
1123527,57.388630880002715
1123528,56.97399778095386
1123529,56.55522224390161
1123530,58.40964313977521
1123531,56.00383203114432
1123532,37.49008062630898
1123533,15.04928846149914
1123534,3.7802787277105145
1123535,0.6631188703479008
1123536,0.23200234559969235
1123637,16.82517928013851
1123639,19.72603374596407
1123640,18.94727153378339
1123642,15.460650982558075
1123643,14.270724273796773
1123644,18.867256237405698
1123645,35.034030999776455
1123646,56.38963195472989
1123647,62.59599541388476
1123648,57.76131294106669
1123649,57.67780892973432
1123650,59.14082039370911
1123651,58.861647842519496
1123652,57.9445637122416
1123653,57.43550325215985
1123654,57.24916363672406
1123655,57.830410297285205
1123656,57.16586381842655
1123657,56.81484012944524
1123658,59.04540494334091
1123659,56.388876450221915
1123660,37.32763498207126
1123661,14.740430125502177
1123662,3.7308912347011987
1123663,0.7833429085084006
1123664,0.20390670596101174
1123765,13.979492073216798
1123769,14.264988649514379
1123770,11.708927848652248
1123771,10.879419520113188
1123772,16.49608615728928
1123773,33.70145734193462
1123774,56.51051689673692
1123775,62.50543888125975
1123776,57.28807757659861
1123777,57.037211750868615
1123778,59.27868744529769
1123779,58.67124826086237
1123780,58.02234654601752
1123781,57.779177324696654
1123782,57.73488096126957
1123783,58.42693355582379
1123784,57.944362783288156
1123785,57.71133034077681
1123786,59.76305027249993
1123787,56.799320047923715
1123788,36.954924848419246
1123789,14.245860721295577
1123790,3.5317548572258546
1123791,0.6888319317330666
1123792,0.1481768886627484
1123897,10.05577375975602
1123898,7.5189069349110795
1123899,7.461726289641588
1123900,14.55544819779016
1123901,32.87843780869414
1123902,56.4395780769026
1123903,62.49217443195875
1123904,56.423436506674456
1123905,56.4261439874718
1123906,58.840161260727605
1123907,58.787172118380106
1123908,58.424099833605844
1123909,58.26345808675103
1123910,58.069126302008236
1123911,58.99434845361897
1123912,58.528161882729776
1123913,58.061024791811924
1123914,60.453210138878234
1123915,56.89082549817769
1123916,36.19374903042655
1123917,13.66313631948684
1123918,3.3223841715484768
1123919,0.5403086499889196
1123920,0.14860928034814708
1124018,1.9035389058011791
1124019,4.118994034270395
1124020,5.3532542573435675
1124021,5.180740772488773
1124025,6.613050500662326
1124026,4.387308544908841
1124027,5.243202275356775
1124028,12.866078571865014
1124029,32.68960826354826
1124030,57.07679952198901
1124031,63.34715828323223
1124032,56.748935855592556
1124033,56.58899553487178
1124034,59.30923271079566
1124035,59.60294091632913
1124036,59.30749579969589
1124037,58.734864230795964
1124038,58.27651440629866
1124039,58.57348897641634
1124040,58.25550025222216
1124041,57.58881204045557
1124042,59.81536450181788
1124043,56.00067768697626
1124044,35.37819532611287
1124045,13.164512771615177
1124046,3.234711061011656
1124149,3.8882948132019086
1124150,3.512783349342379
1124154,3.5370188074304467
1124155,4.776480918549125
1124156,12.61348171800351
1124157,32.5081967311406
1124158,57.60179516280121
1124159,64.2338949156057
1124160,57.88001547135628
1124161,57.611106989868624
1124162,59.92309222840506
1124163,59.90997390513655
1124164,58.97857359310089
1124165,58.18167010156244
1124166,56.53733671150881
1124167,56.00088297652483
1124168,55.39694387556013
1124169,53.829310757417865
1124170,56.1132919065753
1124171,52.97091940830662
1124275,3.10339613946251
1124276,3.7437302423799683
1124277,3.2501079625387854
1124278,2.9768481873994594
1124279,3.1538601397104755
1124282,3.104395392188509
1124283,4.467373225170883
1124284,12.353705283130438
1124285,31.713072238208287
1124286,56.00001613739069
1124287,62.236526272199434
1124288,56.00749203495864
1124289,56.03114545217196
1124290,57.82830793862186
1124291,56.00121936590029
1124292,54.49186529355796
1124293,52.59251928753744
1124294,50.558887412558676
1124295,49.336689936243395
1124296,48.702044910306704
1124297,46.49610672614607
1124298,47.66205661999211
1124299,46.215572791506446
1124415,54.37874508751723
1124416,47.61288863272857
1124417,47.443511050337605
1124418,48.21363887354304
1124419,44.777805057457925
1124420,43.240384030161316
1124421,42.13030391625622
1124422,41.272251481033514
1124426,40.151824941510014
1124543,43.49468583426239
1124544,37.954824706035794
1124545,37.39797141218983
1136568,20.687597958026114
1136569,28.620524474912088
1136570,31.103681397061326
1136694,4.452937240447499
1136695,11.452531431076528
1136696,23.45732997854568
1136697,33.41704136393151
1136698,37.6894450352471
1136699,39.29722905813855
1136700,39.45648462256933
1136701,39.51999469527421
1136702,40.8589446833392
1136705,41.15880694086164
1136822,5.45030000272407
1136823,14.620528011864167
1136824,30.567281613197256
1136825,43.936575489512194
1136826,49.40080122731204
1136827,51.323677359329324
1136828,51.16330478740272
1136829,50.74290575726069
1136830,52.011214983418114
1136831,50.18139910411385
1136832,48.00711353206558
1136833,52.79935385837118
1136834,53.33500695813054
1136835,43.64809687667678
1136836,34.445522782898855
1136949,2.9733524740839754
1136950,6.798986568784048
1136951,19.56570231086606
1136952,40.88627389625043
1136953,57.240127465842036
1136954,62.34457885881621
1136955,62.569286601418554
1136956,63.01986727909352
1136957,63.85098176196402
1136958,64.06618131364988
1136959,61.771030442916135
1136960,59.34895295021316
1136961,61.28435164622754
1136962,61.666884259927585
1136963,55.821544013361034
1136964,50.82749240165953
1136965,49.13740956359931
1136966,46.344390254993854
1136967,43.328751808095845
1136968,41.618771510365704
1136969,39.40895439310857
1137077,3.7482887669016693
1137078,8.289593759131087
1137079,22.585051303293785
1137080,45.43443051440227
1137081,62.24825554421521
1137082,67.35163197813111
1137083,65.64010381723854
1137084,66.64678948021215
1137085,69.0658748001423
1137086,69.73134247180683
1137087,67.27422153753974
1137088,64.7305107068193
1137089,65.10492554868593
1137090,65.66878344111768
1137091,62.99966531983337
1137092,60.51457188229897
1137093,60.879594614651495
1137094,59.69649739866355
1137095,57.334115393973455
1137096,55.54854001059476
1137097,53.24759911919544
1137098,52.59095800411982
1137099,49.45533697659623
1137205,5.176286329285083
1137206,11.09690638642464
1137207,25.582494575540647
1137208,47.08107683843074
1137209,62.994732211530966
1137210,66.59112844902675
1137211,64.55711963319622
1137212,65.9858853533876
1137213,69.04318819538312
1137214,70.13943318331819
1137215,67.89894094727765
1137216,65.47025545280731
1137217,65.92269813948332
1137218,66.83194011348539
1137219,64.98914193743319
1137220,63.69062047976946
1137221,64.54988861764558
1137222,65.21691774510145
1137223,64.44817118818462
1137224,64.17369576357193
1137225,62.98882602830712
1137226,63.1177051617422
1137227,59.6203098988622
1137333,6.771204037927295
1137334,13.815570407200799
1137335,28.48766412876251
1137336,48.357358017661205
1137337,63.01302850898596
1137338,66.33760994343008
1137339,63.869023825227785
1137340,65.14215150285007
1137341,67.8058254857276
1137342,68.01935086974349
1137343,66.22869829123968
1137344,64.63926966682476
1137345,65.05061083548259
1137346,65.99546834862761
1137347,64.59859083726899
1137348,63.58594532468339
1137349,64.5752102227085
1137350,65.42111810147996
1137351,65.43038720840293
1137352,66.13444443387127
1137353,66.25960694206749
1137354,66.980770565991
1137355,63.0074398931239
1137356,43.65002743016867
1137357,19.42449867713822
1137358,5.773040657457688
1137359,1.155877042489302
1137360,0.2953621053067133
1137461,8.869745657955804
1137462,16.376510924061296
1137463,30.45231369996222
1137464,48.81998730446757
1137465,63.002069617351175
1137466,66.56809651740373
1137467,63.98794797327481
1137468,64.67521112309633
1137469,66.74857851878541
1137470,66.023753675668
1137471,64.20372132907595
1137472,63.41893918903905
1137473,64.28985776613878
1137474,64.97470574785687
1137475,64.2936665111539
1137476,63.51869680351831
1137477,63.89973454723758
1137478,63.789727800826675
1137479,64.08843863840245
1137480,66.14256971945085
1137481,67.75487855579887
1137482,68.62819683106095
1137483,63.60063350816272
1137484,43.28778079596235
1137485,18.65922186301108
1137486,5.085322169029395
1137487,1.1227712447716225
1137488,0.2734477980451078
1137589,13.599814196666117
1137590,21.3942137082597
1137591,33.35402771109795
1137592,48.761292826142075
1137593,62.46575893563322
1137594,65.55156690187586
1137595,62.992538807518216
1137596,63.81098868606217
1137597,65.45074113704476
1137598,64.85418958958235
1137599,63.194151118640704
1137600,63.44484381665046
1137601,64.62592925368595
1137602,65.55346782202751
1137603,64.03750963804464
1137604,63.23975681859619
1137605,63.60411030998268
1137606,63.004721285739706
1137607,63.000464751910414
1137608,64.9752922924722
1137609,67.60657061514009
1137610,68.63696217051373
1137611,63.00273619434692
1137612,42.71149235864113
1137613,17.935493095815527
1137614,4.949806036033286
1137615,1.0176240082394257
1137616,0.3068538990539093
1137717,20.29581594329309
1137718,26.36485257066016
1137719,35.58227518864018
1137720,48.971027416988676
1137721,60.701075843713326
1137722,64.41681607168293
1137723,62.88469527749378
1137724,64.45599771975704
1137725,65.75024683361592
1137726,64.56118268367578
1137727,63.372858252641755
1137728,63.414503898362966
1137729,65.10220107314628
1137730,65.73132096368705
1137731,64.30774080055562
1137732,63.00210927955003
1137733,63.39135119727712
1137734,63.46340216825697
1137735,63.49692545072011
1137736,65.27549845014164
1137737,67.53411662784373
1137738,68.54332088151313
1137739,62.99774439276234
1137740,42.77099119193825
1137741,18.193939587198418
1137742,5.009869599486569
1137743,1.0675917151949144
1137744,0.2798728754152859
1137845,24.726658344428383
1137846,29.863848049885465
1137847,37.30535711163027
1137848,48.82221900753191
1137849,60.25024853491786
1137850,63.877279247042516
1137851,63.51730296635656
1137852,64.16780660687166
1137853,65.51994560913728
1137854,64.97571428598496
1137855,63.54802932140674
1137856,63.674822773559576
1137857,64.50813332351767
1137858,65.04517778196293
1137859,63.76227445880292
1137860,63.00247016172431
1137861,63.62570133416667
1137862,63.99876134586762
1137863,64.25131575866708
1137864,65.97784943504281
1137865,67.76285394078604
1137866,68.67913199436938
1137867,63.68251349999719
1137868,43.77561718804207
1137869,18.700805498260348
1137870,5.112204621199533
1137871,1.0448892411535122
1137872,0.1988747089316642
1137972,19.18900338775731
1137973,26.786003428309865
1137974,32.361474265746494
1137975,39.15036255092439
1137976,49.77924627474116
1137977,60.60519723896334
1137978,63.89847221178039
1137979,63.00883897103881
1137980,63.18926069157161
1137981,64.27043959285666
1137982,65.2018275675862
1137983,64.55012711105536
1137984,63.94412979230531
1137985,64.23534094580768
1137986,64.23125390917693
1137987,63.711441427038125
1137988,63.37363448156316
1137989,63.871855942519545
1137990,63.8799306417572
1137991,64.25938565013911
1137992,65.51631725590777
1137993,67.03486704721819
1137994,67.87067816866629
1137995,63.50917286556873
1137996,44.81416751376727
1137997,19.50585812596147
1137998,5.400012650507423
1137999,0.980325013332324
1138000,0.2784765175951781
1138086,1.713583193506385e-06
1138087,7.76150728585387e-07
1138088,0.004804034265083632
1138089,0.002793356367687548
1138090,0.013289164492364674
1138100,22.14015115569865
1138101,29.352246475602097
1138102,34.67533414768099
1138103,41.29043484559715
1138104,50.77694078068893
1138105,60.191714588811706
1138106,63.13551737193425
1138107,62.03904262546906
1138108,61.34128718919663
1138109,62.02436350537123
1138110,63.63470721325866
1138111,63.636095645704714
1138112,62.99272375451445
1138113,63.08568816291935
1138114,63.003620421285184
1138115,63.00235022009744
1138116,63.47269302672947
1138117,64.16024198162405
1138118,63.486730865809456
1138119,63.510383863765924
1138120,64.92624371134018
1138121,65.05781594295023
1138122,65.53956056620333
1138123,62.99625220289387
1138124,45.86130168783966
1138125,20.678845763423265
1138126,5.808307890158989
1138127,1.3429691183312937
1138128,0.18844573323677385
1138213,1.2396133740258955e-06
1138214,7.326728947802356e-06
1138215,0.005017106927262182
1138216,2.2960269013414705e-06
1138217,0.01561575729143422
1138218,0.012106100216132676
1138219,0.035039114396386885
1138220,0.05255675759703269
1138228,26.212034825398714
1138229,33.12734939979686
1138230,37.187238296696144
1138231,42.70229452341477
1138232,51.178552088457586
1138233,59.141649500247816
1138234,61.002334748592936
1138235,60.34167050035259
1138236,59.54411794331685
1138237,60.041205367088516
1138238,61.599638779840284
1138239,61.8566238685305
1138240,61.463954976474994
1138241,61.10331775109989
1138242,61.1564507476565
1138243,61.59038742734219
1138244,62.46109722682734
1138245,63.59232210321048
1138246,63.00174060693121
1138247,63.0133458133692
1138248,63.655816694581205
1138249,63.16831262199214
1138250,63.19111225594085
1138251,62.58625746512177
1138252,47.50175921623817
1138253,22.37582132090885
1138254,6.612408384165997
1138255,1.3486761078434897
1138256,0.41554601791877
1138343,0.002741957414578533
1138344,0.005636766867387226
1138345,0.017224376429837148
1138346,0.03559127208247572
1138347,0.03067468606416582
1138348,0.02415681598109846
1138349,0.05214887749222148
1138350,0.07297337413039132
1138356,29.06185799438256
1138357,34.98260821154968
1138358,39.56992638939423
1138359,44.50056620487881
1138360,50.8184770930679
1138361,57.48054611240382
1138362,58.15869176890089
1138363,57.54860713102042
1138364,56.46956496531217
1138365,57.4194429588221
1138366,59.26895810272194
1138367,59.60500870361618
1138368,58.813919966411895
1138369,58.29849206089648
1138370,57.55024150621515
1138371,57.676350315829296
1138372,58.05088199605338
1138373,59.61148037379607
1138374,60.220756928879894
1138375,61.08613160735845
1138376,61.711510615864256
1138377,60.394015658883596
1138378,60.10320533595667
1138379,61.175519003723245
1138380,48.68449434980507
1138381,23.724018314008376
1138382,7.0746028252868145
1138383,1.4251548349067797
1138384,0.26655242964334064
1138470,1.9032854576909558e-06
1138471,4.531351393042849e-06
1138473,0.01339560944007916
1138474,0.04951136993331261
1138475,0.06102284553116756
1138476,0.04171246202571948
1138477,0.11331036229096957
1138478,0.08321989200773741
1138479,0.3781461473796723
1138480,1.7079579041486381
1138481,5.282438207416269
1138482,12.462526324283724
1138483,21.186079312210516
1138484,29.653060281631998
1138485,35.01152875743225
1138486,40.40310347495992
1138487,45.04778030680398
1138488,50.33411956488481
1138489,54.99152732134521
1138490,54.61495390452917
1138491,52.67232539697535
1138492,51.48169814551552
1138493,52.66269849344517
1138494,55.887845784107384
1138495,57.075007993066
1138496,56.254026382743646
1138497,54.614496022615114
1138498,53.52478798565883
1138499,52.50847054999582
1138500,52.29966918073529
1138501,54.22084636895277
1138502,55.91753962567202
1138503,57.85955836567944
1138504,59.10255390390803
1138505,57.460784983971514
1138506,57.1834630591162
1138507,58.3260330731324
1138508,46.834223961254565
1138509,22.996900008603124
1138510,6.848096156987849
1138511,1.447760732561404
1138599,9.158411184752945e-06
1138600,9.567463827635572e-06
1138601,0.008051666436549166
1138602,0.014738873173687005
1138603,0.01764388048830536
1138604,0.05723341405934317
1138605,0.10906121470793534
1138606,0.1321658133772834
1138607,0.44511854301364817
1138608,1.5970152361942775
1138609,5.473875561452191
1138610,12.125107602506008
1138611,20.474489979472892
1138612,28.058454127381538
1138613,33.023135403544096
1138614,38.85539085442812
1138615,43.712639358790014
1138616,48.436086132549605
1138617,52.50719661947819
1138618,50.948836201043264
1138619,47.152773262183274
1138620,44.96854051614966
1138621,47.44795458066588
1138622,52.58556251858272
1138623,54.26758963357877
1138624,53.39460740401945
1138625,51.96165429569471
1138626,50.388932806686874
1138627,48.85614395263168
1138628,49.09756303954205
1138629,51.34192205813683
1138630,53.76293867245252
1138631,55.757918406047864
1138632,57.05682485625874
1138633,55.67258414818318
1138634,54.6515921606802
1138635,54.825068788916205
1138636,43.45811967150951
1138637,20.85607502272662
1138638,6.252181896729244
1138650,2.859145870273771e-05
1138728,4.03032161164467e-06
1138729,0.0023274305695665043
1138730,0.031557536988659096
1138731,0.017112934544020856
1138732,0.10099147743709151
1138733,0.09515623491986573
1138734,0.091722699826347
1138735,0.3149257666191846
1138736,1.4822981723140298
1138737,4.897808134038793
1138738,11.112640247609795
1138739,19.38459134093173
1138740,27.03279562451863
1138741,32.26577096894358
1138742,37.97040776636232
1138743,42.09582486456744
1138744,46.7430270695764
1138745,50.66764471462735
1138746,48.46005015142297
1138747,43.344011143670784
1138748,41.5313516120615
1138749,44.47817543352013
1138750,50.30345193847344
1138751,52.01819956147113
1138752,50.628273614383005
1138753,49.56455548457507
1138754,48.01667768543281
1138759,53.58289013128042
1138760,54.79730078254432
1138761,53.57200368035356
1138762,52.32800963149768
1138763,52.22639214077682
1138764,40.69582062088863
1138765,19.496486506623505
1138778,7.29193210529074e-05
1138855,0.00515878100064466
1138856,0.006788425238664143
1138857,0.03737473515527142
1138858,0.007525156681931876
1138859,0.030015338918828287
1138860,0.07578493355778299
1138861,0.08007247468042845
1138862,0.09476754370952065
1138863,0.46714418814355196
1138864,1.5686481422567695
1138865,4.863210295869862
1138866,11.240986743036052
1138867,19.32590934823355
1138868,27.634506368555492
1138869,33.31099224851506
1138870,39.08130021411797
1138871,43.403021695215514
1138872,47.353180804925756
1138873,50.78230604504793
1138874,47.39726969319804
1138875,42.09346717348025
1138876,40.276427361195665
1138877,43.75489610871981
1138878,49.45168669212668
1138879,51.356747459270835
1138906,2.5138442659302167e-05
1138982,7.077040430937394e-07
1138983,3.897436072897478e-06
1138984,0.006030919554650527
1138985,0.014949649322578123
1138986,0.011101461893664306
1138987,0.041847832576125676
1138988,0.037384691277291146
1138994,11.306879099467304
1138995,19.811902269798125
1138996,28.35171982468158
1138997,35.4282254113084
1138998,42.67845220480867
1138999,46.867428937809706
1139001,51.75112982304064
1139002,47.31463335726288
1139003,41.18121316930753
1139004,39.62777441894887
1139005,43.21299059653672
1139006,49.69274500455528
1139033,3.878524029687615e-06
1139034,5.4709630981993445e-06
1139110,0.003337324094932079
1139111,5.552305241009028e-07
1139112,3.051680317478853e-05
1139113,0.02520849754829623
1139114,0.0225156747522397
1139115,0.05659636227965768
1139124,29.00291062676883
1139125,37.06005857770968
1139126,45.02188233139773
1139127,49.58658630372871
1139132,39.41142679931781
1139133,43.737087776594294
1139134,50.29235781692831
1139135,51.794813015186946
1139136,50.1059287624561
1139137,49.29477559971958
1139138,48.29770118395253
1139139,45.532166280434616
1139143,48.726038231212634
1139144,48.285660363582615
1139145,48.18452178310088
1139146,49.17731911315065
1139147,50.231905199490114
1139148,38.80450617184912
1139149,18.31500885633278
1139150,5.43981174031411
1139161,0.0011919414920850131
1139241,0.001874841493607064
1139242,0.02767262681606244
1139243,0.01741251348370761
1139252,27.5766657054798
1139253,36.78538571837848
1139254,44.449394581666176
1139255,48.27289285921076
1139259,40.48410995595126
1139260,39.42508168872911
1139261,44.104794103389246
1139262,51.60235944759582
1139263,53.093561057500274
1139264,50.9073076765772
1139265,50.54271870505943
1139266,49.956216674502436
1139267,47.66330914519632
1139268,48.80809893878239
1139269,51.6997320494428
1139270,51.749605086699866
1139271,50.690518898059146
1139272,50.81354587344224
1139273,50.908488582884154
1139274,52.31357947512914
1139275,52.70488710261797
1139276,40.250605811420456
1139277,18.53493913773136
1139278,5.352692467419159
1139279,1.0342687434689026
1139381,33.736672478003015
1139382,40.99648670670088
1139383,44.4659682710264
1139387,38.72711628536908
1139388,38.41008133516546
1139389,44.44887519083645
1139390,53.27634930308735
1139391,55.12290818081529
1139392,52.69187469552247
1139393,52.504803944540384
1139394,52.354445237368836
1139395,50.64853283084215
1139396,51.58305106331837
1139397,53.684716219573815
1139398,53.53847626000897
1139399,53.4023834649429
1139400,53.83822988690149
1139401,54.133478482582404
1139402,55.78613267502246
1139403,55.43843790160824
1139404,41.089719785889656
1139405,18.495245723770964
1139406,5.076862446238119
1139407,1.0598307780862144
1139408,0.2595447294947327
1139509,29.55529451193518
1139510,36.465475002405825
1139511,39.53757720877952
1139514,37.63800332996657
1139515,34.595929014307686
1139516,35.348974917404064
1139517,43.53305793485568
1139518,55.12080787106902
1139519,57.57306488696793
1139520,54.66493602296638
1139521,54.65085927886287
1139522,55.34355684800113
1139523,54.406066524722455
1139524,54.31334585470193
1139525,55.146343181201615
1139526,54.737602330443366
1139527,55.05448714584826
1139528,56.0004140673881
1139529,56.16779747824103
1139530,57.62115489292689
1139531,56.01085277570309
1139532,39.38834654497245
1139533,16.769042091157445
1139534,4.508658803195412
1139535,0.9281188972304261
1139536,0.21959214679264613
1139637,26.632173935373828
1139638,32.97906764611083
1139639,34.96583698021446
1139642,31.12681505542135
1139643,27.400778277864056
1139644,29.957472323140326
1139645,41.41043856931452
1139646,55.999416588893865
1139647,59.55182223020852
1139648,56.003790616805674
1139649,56.124858893489815
1139650,57.30589265806466
1139651,57.10435618187038
1139652,56.6959003405052
1139653,56.61048447904564
1139654,56.19268501487336
1139655,56.095106769660894
1139656,56.67644395106313
1139657,56.553552205899884
1139658,58.22327248044626
1139659,56.16669935557288
1139660,38.54012634976351
1139661,15.835083027196335
1139662,4.352818904240204
1139663,0.8888706707431114
1139664,0.24608881304871427
1139753,1.6253554887803527e-05
1139754,0.014779461888892892
1139755,0.06876459777151825
1139765,22.977342504782573
1139766,27.515774336696364
1139767,27.986683627718133
1139770,25.45731952135707
1139771,21.62705956594985
1139772,25.652761226175837
1139773,39.310103643535015
1139774,56.60496814520408
1139775,60.715224897323694
1139776,56.63218720553889
1139777,56.70390827926446
1139778,58.5807760902875
1139779,58.57955368227432
1139780,58.27635577573084
1139781,58.01983607638956
1139782,57.43993913720046
1139783,56.74168259313927
1139784,56.56329831437762
1139785,56.11153162585343
1139786,58.18258363948647
1139787,56.18546786064213
1139788,38.375490586361025
1139789,15.590936378417425
1139790,3.930975696974977
1139791,0.7395407831267118
1139792,0.1801046718617257
1139881,0.0022023629136983126
1139882,0.005479540199721548
1139893,19.66030904795272
1139894,22.87384932385151
1139895,22.203010861971215
1139896,22.259929645343117
1139898,19.642608637155238
1139899,17.195563693467733
1139900,21.710283638292324
1139901,37.1908523433218
1139902,56.65395698723968
1139903,62.2253302603939
1139904,57.32767131957126
1139905,57.40028936197574
1139906,59.390787625885395
1139907,59.16187538088492
1139908,58.74071672050719
1139909,58.5549003176477
1139910,57.79458101768499
1139911,57.295627713754
1139912,56.78032911234161
1139913,56.04781267077275
1139914,58.170961866241484
1139915,56.57274340987472
1139916,38.21848463569135
1139917,15.32560309278983
1139918,3.7861888435825493
1139919,0.702155044266378
1139920,0.12207016036553593
1140021,16.96110265650167
1140023,19.342661636101735
1140024,18.385951465652482
1140025,17.27181220332304
1140026,14.578040415232854
1140027,12.995271166482489
1140028,17.926942850717833
1140029,34.513687121485994
1140030,56.4035423093871
1140031,62.6072969086247
1140032,57.85836264873335
1140033,57.82500035220929
1140034,59.783220924198844
1140035,59.274678373969316
1140036,58.60459457758781
1140037,58.06778734269596
1140038,57.88026445610169
1140039,57.924276287867556
1140040,57.194562471131434
1140041,56.46029236198316
1140042,58.70807589756135
1140043,56.5029249288356
1140044,37.68386654841742
1140045,14.961802757572473
1140046,3.57471676062556
1140047,0.7469336997352054
1140048,0.1797794352822482
1140153,14.669387379770171
1140154,11.909314611023227
1140155,10.964440825342464
1140156,16.25906530602842
1140157,33.57727713191743
1140158,56.50465907311306
1140159,62.789164830810215
1140160,57.36211246003799
1140161,57.7397255608562
1140162,59.695405266795404
1140163,59.148531987524834
1140164,58.35076076049742
1140165,58.28229500641246
1140166,58.118418454952234
1140167,58.339655635631175
1140168,57.85000952215845
1140169,57.10841150595502
1140170,59.17234351735008
1140171,56.440083505948635
1140172,37.03206527095201
1140173,14.498428159255846
1140174,3.6693732066449054
1140175,0.7053384159971162
1140176,0.2104636780712442
1140281,11.337639597879285
1140282,8.452235452637796
1140283,8.312338060811754
1140284,14.625644128490165
1140285,33.14528753316274
1140286,56.69649250123018
1140287,62.46531669278254
1140288,56.62395468166976
1140289,56.83803410997927
1140290,59.732275575337376
1140291,59.06434500577988
1140292,59.10832236928326
1140293,58.95422571415683
1140294,58.749357315120506
1140295,59.040059180381775
1140296,58.59844215620315
1140297,57.86135950443011
1140298,59.86068933491173
1140299,56.70116027417911
1140300,36.43864825413473
1140301,14.045682437138815
1140302,3.467469563743525
1140303,0.6415591177166633
1140304,0.11607566347379404
1140410,5.132232597769592
1140411,5.479903518197091
1140412,13.372345936842551
1140413,32.860532200076925
1140414,57.4240670637028
1140415,63.597055730643596
1140416,57.25995239809208
1140417,57.51160267221734
1140418,60.19543014554337
1140419,59.975582901718106
1140420,59.7114092169538
1140421,59.639445948220185
1140422,59.05924931845671
1140423,59.384157723182305
1140424,58.990411331238924
1140425,58.279479768941506
1140426,60.707006484002605
1140427,57.24770158591968
1140428,36.34985612405341
1140429,13.622332046226521
1140430,3.382590916069497
1140431,0.57715743741106
1140432,0.14947891652576317
1140538,3.5855211140930616
1140539,4.515978049946438
1140540,12.676484734364776
1140541,32.83061245338133
1140542,58.19703607056196
1140543,65.17232706264073
1140544,59.11150231183857
1140545,59.288949094519445
1140546,61.44837338547342
1140547,60.686041793316825
1140548,60.32222412887562
1140549,59.6001528063876
1140550,58.5460174852333
1140551,58.37968910165838
1140552,58.04205398858286
1140553,57.29512916882939
1140554,59.42066327940227
1140555,56.000525021412344
1140556,35.3193576741531
1140557,13.313857286585415
1140666,3.14462766700911
1140667,4.267531747086816
1140668,12.354443117542658
1140669,32.2801396350518
1140670,57.5299133280064
1140671,64.63076800725723
1140672,58.62060389086589
1140673,59.04566258674411
1140674,60.622453473901516
1140675,58.5100008259552
1140676,57.251509523153125
1140677,56.00054387270529
1140678,54.23363360850987
1140679,53.54328089963857
1140680,52.50332647593981
1140681,51.38053712688622
1140682,53.74739248019344
1140683,51.638995656510424
1140799,56.89812402338046
1140800,51.013181473827636
1140801,51.22688364137684
1140802,51.86717684417296
1140803,48.36883696244608
1140804,46.63090915946803
1140805,46.534070250970615
1140806,45.157919066494465
1140807,44.73346829682254
1140808,44.53881794216846
1140809,43.305004147662316
1140810,45.12027348986888
1140811,43.33111795772602
1140927,46.60351569823344
1140928,41.299956335692954
1140929,40.835468065879006
1152955,30.726485205034066
1153079,11.833953605942305
1153080,24.96316294264188
1153081,36.55303803010958
1153082,41.23712903606019
1153083,41.99920943178169
1153084,41.16463072516446
1153085,40.811685289315704
1153086,42.89651865330648
1153088,40.23671264437249
1153089,44.609242804235045
1153090,44.11402416276866
1153205,2.5898330878706664
1153206,5.7161008042052535
1153207,16.280491185559505
1153208,34.44225295751838
1153209,49.779976748189036
1153210,55.99311095985193
1153211,55.999349285063516
1153212,54.80127444437613
1153213,54.610211672230086
1153214,55.984856527419325
1153215,54.02268330052333
1153216,51.88308116925641
1153217,56.00702248816172
1153218,55.69167521757491
1153219,46.40107013546334
1153220,38.55132544226427
1153221,35.590173733633115
1153222,35.26432691407885
1153333,3.188649757905501
1153334,7.166523960009997
1153335,20.64491198032813
1153336,43.65007971863276
1153337,61.884216692178086
1153338,68.03600984082432
1153339,66.6296168108563
1153340,66.24641554651596
1153341,66.74544879988838
1153342,66.60736257312449
1153343,64.2676401436818
1153344,61.78819959102654
1153345,63.39003894958848
1153346,62.59565205985002
1153347,56.913610280172904
1153348,53.69870004158427
1153349,53.447559406350436
1153350,51.109805107121254
1153351,48.11887682761311
1153352,46.091913475806756
1153353,43.93087461515531
1153354,42.771026686316134
1153355,40.29090972144018
1153461,4.076774880079542
1153462,8.731267008556465
1153463,22.816328923723663
1153464,45.948720371541974
1153465,64.325858729747
1153466,69.7789581295317
1153467,68.54852731977329
1153468,68.41815611408263
1153469,69.8510688020935
1153470,69.85019276577312
1153471,67.43287986040333
1153472,64.92693847365304
1153473,65.6641635456892
1153474,64.83074441540467
1153475,62.054294183654555
1153476,60.747985750965796
1153477,62.662236441028135
1153478,63.49530353695554
1153479,61.33519133122919
1153480,59.31676850447573
1153481,55.78839817515271
1153482,55.20990771393021
1153483,52.613022834835284
1153589,5.462013614608052
1153590,11.587674728382343
1153591,25.761918283689482
1153592,46.54229037087583
1153593,62.92372448548254
1153594,67.79672179441674
1153595,66.22526216748771
1153596,66.86965039189353
1153597,69.29829521201833
1153598,69.35274611098184
1153599,67.24972682013457
1153600,65.24109823224777
1153601,65.36305400483896
1153602,65.07457124940426
1153603,62.83970952319527
1153604,62.08273695215309
1153605,64.13587589271745
1153606,65.46755494248272
1153607,65.22032272839711
1153608,64.21371712779798
1153609,61.91769804574039
1153610,61.81014269436853
1153611,58.90031444203125
1153717,6.727567491620284
1153718,14.1876807049659
1153719,27.637862467311233
1153720,46.20197904899744
1153721,61.35115726346673
1153722,65.58256145670745
1153723,63.860462020331305
1153724,65.38491604685422
1153725,67.64616520183641
1153726,67.62883402842567
1153727,65.73884933588015
1153728,63.81999901932213
1153729,64.16232476613263
1153730,63.63564450785948
1153731,61.77845029190104
1153732,61.099764916061154
1153733,62.525507881348965
1153734,63.01432587124231
1153735,63.48540340598532
1153736,63.8247779341987
1153737,63.65806110267535
1153738,63.97602698065435
1153739,60.13747332947569
1153740,40.73515555851538
1153741,17.49911777564717
1153742,5.0760576031342515
1153743,1.1889958171964046
1153744,0.2915524282431915
1153834,5.5752886673266274e-05
1153836,0.017210548702811117
1153845,9.318188773113746
1153846,16.692442213849105
1153847,29.324198520483936
1153848,45.69289283354617
1153849,59.882129898706616
1153850,64.48167695411313
1153851,62.95359727232829
1153852,64.16816777587796
1153853,65.94799971896416
1153854,65.58778963492124
1153855,63.68497696091524
1153856,62.192954256296545
1153857,62.90707829429096
1153858,62.351426559093234
1153859,60.74126138144574
1153860,60.205846107681765
1153861,60.82871072334673
1153862,61.10552979280796
1153863,61.203137220157586
1153864,63.11203734829258
1153865,64.21414023954371
1153866,64.99407034558122
1153867,60.67995863901568
1153868,41.07459000104997
1153869,17.257138406997765
1153870,4.817792526072686
1153871,1.0858885267451996
1153872,0.20329744885747789
1153962,0.017207265852789182
1153963,0.024667798933043217
1153964,0.038757702262638416
1153973,15.309438255319193
1153974,22.51186631628604
1153975,32.62324582720858
1153976,46.34576967703784
1153977,59.143489177688046
1153978,63.50636720944637
1153979,62.29630672776393
1153980,63.405221802893394
1153981,65.4581837401584
1153982,64.4769190761909
1153983,62.92519488202211
1153984,62.68952431887009
1153985,62.81727206236761
1153986,62.624822362575216
1153987,60.795466775887775
1153988,59.90425933227104
1153989,60.75172466088744
1153990,60.35410235877812
1153991,60.6715512833694
1153992,62.22046122842587
1153993,64.01531794630188
1153994,65.68976486705265
1153995,61.01315334011898
1153996,41.16363928965864
1153997,17.32722645275042
1153998,4.7565144143788185
1153999,1.051313395879797
1154000,0.23830993538928738
1154091,0.038400896687484094
1154101,22.49594016941265
1154102,28.576470590746837
1154103,35.742668049722475
1154104,47.02284957652452
1154105,57.96143313584694
1154106,61.98736391131625
1154107,61.706436407057964
1154108,63.43837253504588
1154109,65.17123830326108
1154110,64.03234912969836
1154111,62.29511161268285
1154112,61.91858285221121
1154113,62.35791727730577
1154114,62.71919349789101
1154115,60.52300431769155
1154116,59.841565099987974
1154117,60.65621286008576
1154118,60.79656538045116
1154119,61.08004362198307
1154120,62.657314815603954
1154121,64.48829703641995
1154122,65.76952560712235
1154123,61.280540532521464
1154124,41.81120299845068
1154125,17.394047293773713
1154126,4.830242378400874
1154127,1.0782090522720453
1154128,0.23147479969765877
1154229,25.726745320489993
1154230,31.535259186487263
1154231,37.63811051147844
1154232,47.435094844603135
1154233,57.26390793815742
1154234,61.46035949736974
1154235,61.9962665902878
1154236,63.14491117986084
1154237,64.36242881571792
1154238,63.24604939953626
1154239,61.51244705715166
1154240,60.78755581234657
1154241,60.76887499303827
1154242,61.24550895296179
1154243,60.460632059471045
1154244,59.59700702932075
1154245,60.59161218504027
1154246,60.91167856668273
1154247,62.1025275645938
1154248,63.429847324843
1154249,64.58012025585563
1154250,65.35363482086385
1154251,61.048977909243085
1154252,42.25093366585731
1154253,18.021272072184328
1154254,4.883577173519143
1154255,0.9523991034211035
1154256,0.26095962205053985
1154356,19.149531260947892
1154357,26.892928836524348
1154358,32.49415180345728
1154359,38.58940377308908
1154360,48.08408676580361
1154361,57.36596266259937
1154362,60.44660666692707
1154363,60.926501733185695
1154364,61.726866043668416
1154365,62.48697229366418
1154366,62.029937495900974
1154367,60.72906232148196
1154368,59.512814403683535
1154369,59.17128627025268
1154370,59.51862483233573
1154371,59.68416334957473
1154372,59.60767976405683
1154373,59.84704971391393
1154374,59.93329904209793
1154375,61.08693934502368
1154376,62.56699119367113
1154377,63.2137898300461
1154378,63.658869965627815
1154379,60.67472064794053
1154380,43.12780653866383
1154381,18.74357671632578
1154382,5.2454863955973305
1154383,1.1944049315849699
1154384,0.2322573898533003
1154470,2.082067213021715e-06
1154471,0.009817881236966756
1154472,7.841914390846787e-06
1154473,0.015534219087483736
1154474,0.030645751695964705
1154475,0.020807370952713712
1154476,0.02431803845060427
1154484,22.189669535023167
1154485,29.44609936164917
1154486,34.34017607991528
1154487,40.039094665399496
1154488,48.364791520211355
1154489,56.18292644438718
1154490,59.19273963307863
1154491,59.39672490100599
1154492,59.78251781937968
1154493,60.41368147547725
1154494,61.46568431581485
1154495,60.33188781807745
1154496,58.93015397029362
1154497,58.12596932459943
1154498,58.442301528320016
1154499,59.25972565730582
1154500,59.36483542622469
1154501,59.50974131602606
1154502,58.93421780171189
1154503,59.907283199046994
1154504,60.907710916551274
1154505,60.1806813387969
1154506,61.00817176264721
1154507,59.867687955792746
1154508,44.236188153114554
1154509,19.942801075166166
1154510,5.677710542468771
1154511,1.2504951245394569
1154512,0.2424464281835866
1154598,1.2563851937112122e-06
1154599,1.9687977116881867e-06
1154600,0.006001841761749635
1154601,0.008071922164856622
1154602,0.026547659499917282
1154603,0.04371748375734337
1154604,0.02543401023525113
1154605,0.05111833772140628
1154606,0.06479917055092725
1154612,25.865234597010268
1154613,32.29408737568249
1154614,36.10008475126603
1154615,40.86674218917494
1154616,48.482046308459694
1154617,54.97517581286708
1154618,57.071430599328316
1154619,56.663849220660396
1154620,56.86252544113751
1154621,58.38504853975746
1154622,60.1146545104968
1154623,59.623282252593484
1154624,57.81721501015022
1154625,56.641718605894866
1154626,56.78507376577235
1154627,57.46795867926735
1154628,57.98795194934564
1154629,58.1755962623784
1154630,57.67489711558853
1154631,58.13637677082163
1154632,59.031381067614795
1154633,57.329986011707454
1154634,58.10867053869644
1154635,58.9063542458175
1154636,46.503883786491706
1154637,22.285195150683695
1154638,6.526443702938338
1154639,1.4307714348769365
1154727,0.008132340221723546
1154728,0.012105334057702352
1154729,0.026713828640217263
1154730,0.019774787996879782
1154731,0.03810768797942362
1154732,0.06681470504693951
1154733,0.10361672866239054
1154734,0.10429988818114924
1154735,0.33807885271968785
1154736,0.9742237195344738
1154737,3.4999411597354966
1154738,8.677717996330061
1154739,18.087973650455567
1154740,27.888570823528326
1154741,33.322619590739336
1154742,37.39701643846763
1154743,42.19934549556469
1154744,48.06709152709508
1154745,53.84560671856087
1154746,54.27470112507512
1154747,52.874586721097145
1154748,52.23263177803528
1154749,54.25237343517014
1154750,57.58283128175152
1154751,58.01763760456914
1154752,56.22061807402028
1154753,54.30610981433927
1154754,53.13014910701226
1154755,53.17117383546177
1154756,53.15585530154182
1154757,53.70379623425395
1154758,54.67825871652172
1154759,56.281366795887045
1154760,57.185147468180396
1154761,55.600875781075175
1154762,55.84512176811616
1154763,58.54034201013738
1154764,47.88591525650468
1154765,23.84112238506509
1154766,7.175994539469073
1154767,1.389190949506381
1154854,0.00482500920530026
1154855,0.004865702924848875
1154856,0.0035968436403437604
1154857,0.004114130331760771
1154858,0.021377986819065595
1154859,0.050930230363017075
1154860,0.06250078319426706
1154861,0.07930995436675048
1154862,0.11767708525279101
1154863,0.4058075204260317
1154864,1.665295366682457
1154865,5.670694646324301
1154866,12.397747252103894
1154867,20.538009735040404
1154868,28.040659102360838
1154869,32.460780555044046
1154870,38.122027762022476
1154871,42.976163835672736
1154872,48.10210551618122
1154873,52.22752101520126
1154874,51.501916658119825
1154875,48.07274928638954
1154876,47.02108552935489
1154877,49.31160963991053
1154878,54.76512705589486
1154879,55.841330772078145
1154880,54.42241785898439
1154881,51.738678548424616
1154882,49.94440759141215
1154883,48.43634242862729
1154884,48.46721617725307
1154885,50.447857410417605
1154886,52.48232050205659
1154887,54.460036363597524
1154888,55.578044132567435
1154889,53.65344704696077
1154890,53.79952781111644
1154891,56.18600994142693
1154892,45.62752058818944
1154893,22.67538628773993
1154894,7.070469485478837
1154981,0.004100147709656288
1154984,8.711285502096355e-06
1154985,0.0106670560758239
1154986,0.013093878194502247
1154987,0.042689534908453
1154988,0.08381453868037318
1154989,0.05264689641998939
1154990,0.16487045559843727
1154991,0.4846812051233753
1154992,1.752071936451159
1154993,5.554028207084012
1154994,11.999551982303613
1154995,20.267320490123172
1154996,27.05809750502264
1154997,31.757958409360945
1154998,37.55859344591332
1154999,42.60779592009138
1155000,47.4871375592924
1155001,51.012388405945785
1155002,48.91736372721408
1155003,44.371096269768344
1155004,42.162881627003195
1155005,45.330816237033495
1155006,51.44512713518208
1155007,53.69987945247374
1155008,51.654576828126906
1155009,48.85599020306267
1155010,47.11429780756741
1155011,45.347545189079526
1155012,45.82708475401775
1155013,48.95006556663574
1155014,51.4394162017121
1155015,53.52242690683278
1155016,54.70490612665494
1155017,52.7454003064063
1155018,51.36903605382808
1155019,51.97590448573508
1155020,41.055537078012954
1155021,20.214216420031278
1155111,0.004538511248012645
1155112,0.0033110037110793506
1155113,0.015594852456738337
1155114,0.01655296646743107
1155115,0.04718039952338159
1155116,0.039809342261212466
1155117,0.11294932940707457
1155118,0.20043810021041236
1155119,0.36110759736296916
1155120,1.5511924968198136
1155121,5.048998667105215
1155122,11.23097652151913
1155123,19.17406533443485
1155124,26.97086225718899
1155125,32.1385772500477
1155126,38.02463664647631
1155127,42.851121166249506
1155128,47.11942206806698
1155129,50.29924329152052
1155130,47.49747865975287
1155131,42.212513232397406
1155132,40.23829363396228
1155133,43.59286153713265
1155134,50.22369705320583
1155135,51.684867983408594
1155136,49.20983053147614
1155137,46.77786047894019
1155138,44.809990877803166
1155139,42.93256925681577
1155140,44.69550210673313
1155141,48.405935539496205
1155142,50.4489431219751
1155143,51.78267364835584
1155239,0.004324511479725777
1155240,0.005730467989060117
1155241,0.006491537293108243
1155242,0.019071845846861803
1155243,0.05090131497949447
1155244,0.07675937602216217
1155245,0.12078821458279161
1155246,0.1530547281623137
1155247,0.37268740396093336
1155248,1.5821216872613284
1155249,5.06180248439372
1155250,11.173066598767067
1155251,19.477557451240806
1155252,27.45758596425775
1155253,33.909619664434445
1155254,40.42343041445236
1155255,44.80798275655505
1155256,48.35538325840534
1155257,50.06904909610051
1155258,46.73166637473012
1155259,41.496713124644565
1155260,39.480045685764715
1155261,43.36304559334692
1155262,49.64157591809749
1155263,50.72658177791573
1155264,47.99932629135558
1155265,45.74862518457532
1155266,43.84678560052507
1155267,41.92170641512217
1155268,43.82040091061737
1155269,47.37752419114755
1155270,48.790134289926996
1155271,49.1362148616883
1155368,0.011074217290513283
1155369,0.0058978998961543875
1155370,0.014369790981226906
1155371,0.020905376273795472
1155372,0.012277100049424247
1155373,0.06987062563665827
1155374,0.12311073223429193
1155375,0.3481108724126247
1155376,1.5871879654275598
1155377,5.227172378866391
1155378,11.42982090012
1155379,19.648167443811396
1155380,28.349383830565085
1155381,35.6594031047999
1155382,42.85512896502668
1155383,47.52751173151487
1155384,50.33895941919454
1155385,51.318205297180555
1155386,46.648673952723726
1155387,41.3012530761463
1155388,39.409973620463795
1155389,43.31219745566958
1155390,49.55003228447456
1155391,50.5423185196849
1155392,47.590389269738246
1155393,46.106924837082815
1155394,44.444775304745356
1155395,42.11791079395557
1155396,43.655839184426824
1155397,46.67176734007246
1155398,47.18362849603769
1155493,0.0028238896187886826
1155494,0.002295072684598451
1155495,5.64940213203908e-07
1155496,0.005140682048192429
1155497,0.02298286373920182
1155498,0.012490867929082286
1155499,0.05570382088779719
1155500,0.02880856705711046
1155505,4.75241609727497
1155506,10.529113413256713
1155507,18.368367651328107
1155508,27.422053500803685
1155509,35.3148622893332
1155510,43.44526468672501
1155511,48.25480971123411
1155512,50.79695224471627
1155513,51.2367444922704
1155514,46.221501555951
1155515,40.70026587261017
1155516,39.22078545553292
1155517,43.42366452359708
1155518,49.64012459591564
1155522,45.515039189852594
1155523,43.391649057674556
1155529,45.47047484796729
1155530,46.54649748974872
1155531,48.02569995685021
1155532,37.59341254742793
1155621,0.003354967641277587
1155622,0.0028238896187886826
1155623,0.013239870561627329
1155624,0.0024506712817669724
1155625,0.013075098370978805
1155626,0.04078521396155434
1155627,0.0349659239321886
1155628,0.07567184497836027
1155634,7.461584591461777
1155635,14.970539791229307
1155636,24.430906679728395
1155637,32.549054565920564
1155638,40.38856277551812
1155639,45.43785576925646
1155644,38.45086714068515
1155645,43.159778897902136
1155646,49.952751898822086
1155647,50.81475885031373
1155648,48.19715145978294
1155649,47.821650069418965
1155650,47.32562001328465
1155651,45.1230857410103
1155652,46.50967813152859
1155653,49.54943507824715
1155654,49.578421012171745
1155655,48.54315778623568
1155656,48.225308051706875
1155657,48.11520643396082
1155658,49.980243631995265
1155659,51.26185328399126
1155660,40.05758160660927
1155661,18.836685523174957
1155662,5.339729590371345
1155753,0.017924477841618804
1155754,0.010104018640721083
1155755,0.02331252572919912
1155765,28.61668997283373
1155766,35.89396366873014
1155767,40.61718362197198
1155772,36.64147948554457
1155773,42.5487029994567
1155774,51.014488677846934
1155775,52.44884205296157
1155776,49.71160695806371
1155777,49.60669393869844
1155778,49.60223067292889
1155779,48.00719053968004
1155780,49.30616432821349
1155781,51.7990023442128
1155782,51.94591552710544
1155783,51.335220917631204
1155784,51.16368857575486
1155785,51.596810581177444
1155786,53.81426238090128
1155787,54.4668931156852
1155788,40.504929962660285
1155789,18.288807132394673
1155790,5.196702953557943
1155791,1.1699889913546682
1155893,26.36493436525839
1155894,32.98753157904849
1155895,36.97391013431086
1155899,31.659173053079908
1155900,32.12259339258162
1155901,40.8941479319529
1155902,53.114454069068316
1155903,55.700366865879865
1155904,52.13643889683153
1155905,52.48429582011062
1155906,53.13644406768353
1155907,51.765328162419465
1155908,52.57343801239705
1155909,53.76804531490919
1155910,53.70084964686874
1155911,53.47745978450532
1155912,54.139669717044036
1155913,54.150912931616666
1155914,56.13137777968149
1155915,55.19240595431305
1155916,38.90738572890339
1155917,16.553369927823514
1155918,4.4844636929965285
1155919,0.994514526702202
1155920,0.2590941781333845
1156021,23.719374550771494
1156022,29.552356080238035
1156023,32.439935676909556
1156026,30.651560954588756
1156027,25.915922093124262
1156028,27.71685753032668
1156029,39.36595681895502
1156030,54.8868878992455
1156031,58.59659183938257
1156032,54.30539244545274
1156033,54.62570956474542
1156034,55.99897627543983
1156035,55.42877466321424
1156036,55.23325440178283
1156037,55.750556517353154
1156038,55.461255827798794
1156039,55.095619828132236
1156040,56.002570847355564
1156041,56.26944974365373
1156042,57.79514321352664
1156043,56.0016134818522
1156044,38.444578496791166
1156045,15.849410697036289
1156046,4.14902179769178
1156047,0.7703601628062385
1156048,0.17372208075948978
1156137,0.010727546774259971
1156138,0.0029136877434024675
1156139,0.04523299851741531
1156149,20.54760245969224
1156150,24.666242442144796
1156151,25.578764715853573
1156152,27.70631246316608
1156154,25.695205904692223
1156155,21.491094432771433
1156156,24.432521655144892
1156157,38.52604434909566
1156158,55.98710914284534
1156159,60.435199246190955
1156160,56.087422950201656
1156161,56.0000803049664
1156162,57.97695447542194
1156163,57.84754225449847
1156164,57.64858322546212
1156165,57.33541722860569
1156166,56.93796802193934
1156167,56.696020240148144
1156168,56.89746954023037
1156169,57.12758087448002
1156170,59.15341399823413
1156171,56.78310588985907
1156172,38.56615436920705
1156173,15.55943208753636
1156174,3.9853761278895634
1156175,0.8994525804691905
1156176,0.1762345674419068
1156265,0.0028072267373134853
1156266,0.018913038292739548
1156267,0.01828011082323476
1156277,18.484400421727944
1156278,21.726429876678885
1156279,21.350902993485196
1156280,21.963325189217315
1156282,19.51240515539938
1156283,16.359020927498623
1156284,20.969882828217955
1156285,36.7968994754781
1156286,56.0008182983408
1156287,61.252332596428204
1156288,56.79802925571798
1156289,57.057644080295596
1156290,58.90237100039448
1156291,59.010018734069774
1156292,58.35101370827741
1156293,58.04942276203449
1156294,57.56019337035264
1156295,57.33152125480553
1156296,56.79708768077039
1156297,56.57415933805091
1156298,59.0770771139121
1156299,57.113507713369934
1156300,38.09022798830273
1156301,15.26656552113329
1156302,3.8387749600447365
1156303,0.7945790304082097
1156304,0.20293740042192823
1156405,16.857010519345398
1156407,19.265429334459768
1156408,18.85025686090666
1156409,18.076301341629705
1156410,14.954764992206352
1156411,12.528131892566401
1156412,17.578376001736967
1156413,34.17465951833386
1156414,56.00484731257935
1156415,62.32576010689952
1156416,57.550526509699495
1156417,57.58768242173304
1156418,59.661014601724325
1156419,59.08064369201742
1156420,58.37715681628609
1156421,57.888804820172574
1156422,57.78376267276795
1156423,57.86258335301777
1156424,57.29798395994682
1156425,56.88762255162891
1156426,58.77424639175566
1156427,56.692480873297995
1156428,37.55245572907158
1156429,14.84161320751707
1156430,3.761290307193387
1156431,0.6916179356754212
1156432,0.21171751490150245
1156536,17.444123191080145
1156537,16.014830012994118
1156538,13.154272754425154
1156539,11.33853717528132
1156540,16.35513263895172
1156541,33.42160510370381
1156542,56.41405332504832
1156543,62.390952019666294
1156544,57.19457268216808
1156545,57.48943149166783
1156546,59.80265541837419
1156547,58.834090525954196
1156548,58.355037021590086
1156549,58.3514247563224
1156550,58.24963648403572
1156551,58.38666252818055
1156552,57.852529383809575
1156553,57.23084276018801
1156554,58.72651827412046
1156555,56.1409371075476
1156556,36.69270775535147
1156557,14.194595960620266
1156558,3.4885563118464984
1156559,0.654334040911299
1156560,0.12739799747997485
1156666,10.313655969287293
1156667,9.379768469196728
1156668,15.345324861876227
1156669,33.45320875862799
1156670,56.905842829065556
1156671,62.622303892291036
1156672,56.7239812211017
1156673,57.18100671545881
1156674,59.95838751486947
1156675,59.6493708438424
1156676,59.23120524551014
1156677,59.26284560107478
1156678,58.90311628044886
1156679,59.11933232347987
1156680,58.42157747051773
1156681,57.606573716203485
1156682,59.126870044424734
1156683,56.46995894133422
1156684,36.53663576797705
1156685,13.99982980898151
1156686,3.431380660249903
1156687,0.6664565297098881
1156688,0.15652135995991806
1156794,6.41525991850089
1156795,6.198705477866856
1156796,13.799876443207
1156797,33.378895798996744
1156798,57.83277273444613
1156799,63.8657657332771
1156800,57.905894660898596
1156801,58.21786722054814
1156802,60.921274911041834
1156803,60.45073473856001
1156804,60.38997358462376
1156805,60.09218558883572
1156806,59.4144368913861
1156807,59.49827379196375
1156808,59.30878680830733
1156809,58.74849559070723
1156810,60.52991238462857
1156811,57.51984908399912
1156812,36.648081935461995
1156813,13.87051671845337
1156814,3.420679005339727
1156815,0.6161191902048803
1156816,0.18643509604754577
1156922,4.185726208120613
1156923,5.037213904070723
1156924,12.90311030485586
1156925,33.08708868565376
1156926,58.7684757428814
1156927,66.01684921427001
1156928,60.58577607550975
1156929,60.39595644536233
1156930,62.53664088086129
1156931,61.68189511753758
1156932,61.23159990595777
1156933,60.78954313576058
1156934,59.788467358465695
1156935,59.563606655995635
1156936,59.79010710918731
1156937,59.112730458245174
1156938,61.44972579846469
1156939,57.95108674936549
1156940,36.38119327767302
1156941,13.65434581800557
1156942,3.3445837632543953
1156943,0.6491765683555774
1156944,0.14925754227531846
1157050,3.5718021543598333
1157051,4.539314412903456
1157052,12.526194771130799
1157053,32.707021483723814
1157054,58.68203325950228
1157055,66.42011081630825
1157056,61.37769019973107
1157057,61.61094104332773
1157058,62.89560612169911
1157059,60.55017945042326
1157060,59.57769082107289
1157061,58.997283970397255
1157062,57.208273690214
1157063,57.06754227352387
1157064,56.91230698906091
1157065,56.00077724145655
1157066,58.44189907771662
1157067,56.00283207118835
1157180,11.427181333932792
1157182,54.338610575281415
1157183,61.17302192947886
1157184,56.02888157341396
1157185,56.000024775469676
1157186,56.33636110199509
1157187,51.85717432697144
1157188,50.756985313349325
1157189,50.84810030454125
1157190,49.31423254877414
1157191,48.87043510961227
1157192,48.85210804175378
1157193,47.4123730228657
1157194,49.734075420575294
1157195,48.19442048372779
1157311,48.92330380959907
1157312,44.089043331539145
1157313,43.376135552647945
1157314,42.41320128222192
1157315,38.89763537886565
1157316,38.1658623237386
1157317,39.32827484846962
1157318,39.54416639101274
1157319,40.253613696107756
1157323,38.95923147536515
1157439,37.515695236272016
1157440,34.60654562553794
1157441,33.341427027039316
1169338,33.01608217422578
1169339,30.566115618802574
1169340,28.75994885351889
1169341,29.453019472608567
1169342,32.24187976776173
1169345,35.8072319578838
1169463,12.479541698030632
1169466,44.117852529918686
1169467,43.8964687505074
1169468,41.12849407448581
1169469,40.045237590357296
1169470,42.86274288665588
1169471,42.897574086144886
1169472,42.229611467231265
1169473,47.19995406498073
1169474,46.66172208181622
1169589,2.7710206096438554
1169590,6.016434254657546
1169591,17.25803307790672
1169592,37.48697554518862
1169593,54.56680157200453
1169594,60.41882003198449
1169595,59.31567864837533
1169596,57.22715147420706
1169597,57.17943355969297
1169598,58.20237781278736
1169599,56.812431847732896
1169600,56.00330416154551
1169601,58.97862172910744
1169602,58.21668992130093
1169603,49.64303983675413
1169604,43.185390907174686
1169605,40.30712984706267
1169606,38.84962854341499
1169607,38.41781180158313
1169608,37.8468720344412
1169609,36.82624508329321
1169717,3.291546789989943
1169718,7.164067917208344
1169719,20.755173849619563
1169720,43.914028438109405
1169721,63.25559141761239
1169722,69.84446380944466
1169723,68.63665339713391
1169724,67.75824751516969
1169725,67.69512612945103
1169726,67.03290806276614
1169727,64.57764526717929
1169728,63.36479870799841
1169729,64.57534909020488
1169730,63.400088269720285
1169731,58.43143892572698
1169732,56.00079247761882
1169733,57.31964265454084
1169734,55.999346644557534
1169735,53.54902838494951
1169736,51.21418269683713
1169737,47.89493723084642
1169738,47.22284889875651
1169739,45.233363158320735
1169845,4.345734840139886
1169846,8.825719118123192
1169847,22.221601284893072
1169848,44.41342584710099
1169849,62.998460465791126
1169850,69.80272495054268
1169851,69.38541975313755
1169852,69.28607663460909
1169853,69.68383517020389
1169854,69.01281955536727
1169855,66.90575143397199
1169856,65.09958438127366
1169857,65.94315599127225
1169858,64.83050484689565
1169859,61.55001617554953
1169860,60.74153534497349
1169861,64.16789068786534
1169862,66.1561200611954
1169863,64.71155342035955
1169864,61.85218872345989
1169865,58.119516086743566
1169866,57.87925899868871
1169867,55.99972590037972
1169973,5.7410849927185605
1169974,12.05026522616663
1169975,25.086916319741768
1169976,44.10434177138528
1169977,60.78078403751318
1169978,67.37462030915509
1169979,66.95547298188505
1169980,67.29403031758646
1169981,69.13103876946899
1169982,69.05708766196575
1169983,67.02276321955455
1169984,65.19645627911099
1169985,65.04562829391753
1169986,64.2174551194491
1169987,61.392819099891774
1169988,61.15163615457544
1169989,64.14234518528812
1169990,66.40412152403468
1169991,65.93232891555326
1169992,64.44418229840389
1169993,61.08244190837145
1169994,60.90455480754434
1169995,58.50688097557106
1169996,39.33784034911975
1169997,17.275381364649995
1169998,5.270199180226654
1169999,1.1275778163660437
1170000,0.23157041872688547
1170101,7.551081743172065
1170102,14.991650738721882
1170103,27.322557519890786
1170104,43.82259805555234
1170105,58.49324658938364
1170106,64.27258283028372
1170107,63.895665024384094
1170108,64.95540531177332
1170109,67.0431759866012
1170110,66.90069854797292
1170111,64.94072879959529
1170112,63.20290081048534
1170113,63.14629581865809
1170114,62.15609717189238
1170115,60.363319317442254
1170116,59.80371127162354
1170117,61.708671243854816
1170118,62.45038780421741
1170119,62.45602473039891
1170120,63.282051848919366
1170121,61.98949093559397
1170122,61.869108756082476
1170123,57.976985502381105
1170124,38.519166794685866
1170125,16.095854089822698
1170126,4.566280398177401
1170127,0.9756975752439286
1170128,0.25709563925428564
1170229,10.586557896061676
1170230,18.29711810213671
1170231,29.53344362703788
1170232,43.75476434121721
1170233,56.75898617860037
1170234,62.076983203232494
1170235,61.43175374313346
1170236,63.13190586976549
1170237,64.85092371061714
1170238,64.46373326564856
1170239,62.343409849511026
1170240,61.708350958039816
1170241,61.537266861646685
1170242,60.80980779894964
1170243,59.200052804550694
1170244,58.64731068497598
1170245,59.88659245869408
1170246,60.019750256765874
1170247,60.12922928957392
1170248,61.56795714450068
1170249,61.728459228790086
1170250,62.178754250561965
1170251,58.472482382836965
1170252,39.038460038999595
1170253,16.115824677412903
1170254,4.370863555325021
1170255,1.0195436070826238
1170256,0.2726787743934281
1170347,0.03017427295982389
1170348,0.026835510977412186
1170358,24.667774980796853
1170359,33.555190310568726
1170360,44.564912030929385
1170361,55.57001382568438
1170362,59.900145202845444
1170363,59.82140629919314
1170364,62.33037727901105
1170365,63.94865145672488
1170366,62.93530815330068
1170367,60.81088854854862
1170368,60.44963605153583
1170369,60.690306581222146
1170370,60.46662860975605
1170371,58.39583528191911
1170372,58.192293101864514
1170373,59.23715321205462
1170374,59.2884636624092
1170375,59.227738299236925
1170376,60.56595399125884
1170377,61.18641191380655
1170378,62.308199386549994
1170379,59.16472855000992
1170380,40.092054720343086
1170381,16.62411376530702
1170382,4.521989082229414
1170383,0.88751972987435
1170384,0.2659440931234665
1170485,24.23070588716076
1170486,29.961161658287455
1170487,36.38894218084369
1170488,45.27465362708727
1170489,54.048267960106955
1170490,57.87832569374779
1170491,59.08828827904568
1170492,61.60540253312356
1170493,63.18101127674827
1170494,61.84491672141509
1170495,59.526022164562306
1170496,58.59088307772887
1170497,59.06198198863072
1170498,58.952256072570954
1170499,57.94727588519387
1170500,57.57951612304347
1170501,58.661406132751175
1170502,59.098143485263314
1170503,59.768856236589926
1170504,60.672343369810456
1170505,61.322908098982886
1170506,62.12016490867446
1170507,58.79024830120567
1170508,40.43991957381966
1170509,16.913704989353377
1170510,4.895990414511458
1170511,1.0111706371002376
1170512,0.23902742184880815
1170613,26.13143795992907
1170614,31.377670950127666
1170615,36.91326226799817
1170616,44.959125114503024
1170617,52.60773222879675
1170618,56.41722705772171
1170619,58.17292262698899
1170620,60.018364330551094
1170621,60.74301560367978
1170622,59.48423709663528
1170623,57.14089662815704
1170624,56.00298336993502
1170625,56.00746336468234
1170626,56.63396214267535
1170627,56.76127975331058
1170628,56.629356602300476
1170629,57.569977690292745
1170630,58.14024314422834
1170631,59.41829838428306
1170632,60.51673168793498
1170633,60.235432926773605
1170634,61.12527900053131
1170635,57.89510943493814
1170636,40.3669923655356
1170637,17.33707891021496
1170638,4.723429902842221
1170639,1.0342159282920584
1170640,0.3178310037752918
1170727,2.003879893341275e-05
1170729,0.0020652260269522476
1170740,18.71122615283486
1170741,26.325499314440716
1170742,31.817371083325312
1170743,37.4402660909145
1170744,45.52312945850049
1170745,52.61601671386619
1170746,55.49591335678315
1170747,56.480741437602966
1170748,57.75267824276922
1170749,58.209070736677305
1170750,57.721339449493215
1170751,55.8325336257979
1170752,54.63838336823327
1170753,54.403128166722084
1170754,55.089114143052726
1170755,56.150624217827364
1170756,55.670842376109285
1170757,56.05273354440982
1170758,56.023411199977595
1170759,57.41825481434338
1170760,58.40794191111014
1170761,57.3514130179092
1170762,57.77860064468013
1170763,56.38355869159552
1170764,40.369693806246886
1170765,17.810014732661582
1170766,4.980649469828478
1170767,1.0987865135732655
1170768,0.3286992475611028
1170853,1.39221062005837e-06
1170854,1.1161792764377702e-05
1170855,7.604032357019869e-06
1170856,0.005851542151471132
1170857,0.01107905274714508
1170858,0.01606242685477805
1170859,0.03530928313321476
1170860,0.05455654523185849
1170868,21.80080916395579
1170869,28.73899513377214
1170870,32.63221820475921
1170871,37.76472835128999
1170872,45.26728898045207
1170873,52.357821150991946
1170874,54.70291842858176
1170875,54.38464653202368
1170876,54.754171791800616
1170877,55.93313113221453
1170878,57.34471959605437
1170879,56.36609289759734
1170880,55.131181408766494
1170881,54.35702371105285
1170882,54.682088945574776
1170883,54.90631084197711
1170884,54.44522415405632
1170885,53.59643901728247
1170886,53.189725878024035
1170887,54.326210531631915
1170888,54.79191154636481
1170889,53.1252780550631
1170890,53.67458617236535
1170891,54.37623317972142
1170892,41.27720302068514
1170893,19.062495106838924
1170894,5.418555305853012
1170895,1.1005485514317528
1170982,7.82627864878888e-06
1170983,1.561992402992318e-06
1170985,0.023749952866039488
1170986,0.017967895423480464
1170987,0.08099496318253821
1170988,0.11245197531503526
1170989,0.12375707773130684
1170990,0.08682529651830173
1170991,0.2011584832902184
1170992,0.5944633904573214
1170996,24.77370218715589
1170997,30.825184961939026
1170998,34.151013875194366
1170999,38.39438921378397
1171000,45.83343562900385
1171001,52.137971023490955
1171002,53.46657245361355
1171003,52.49288762065367
1171004,52.454581044761014
1171005,54.056766324190015
1171006,57.37701230866106
1171007,57.64152960393455
1171008,55.6753628837064
1171009,53.9055320203019
1171010,53.15590629886767
1171011,52.64570924119482
1171012,51.38258042228135
1171013,50.17229140681821
1171014,49.96763201600318
1171015,51.60616992636247
1171016,52.297011703733126
1171017,50.19407791235924
1171018,50.701396902703536
1171019,53.96473058190568
1171020,43.68040025218642
1171021,21.433520646267027
1171022,6.5976276303558095
1171023,1.3175254044803588
1171110,2.9337562909678933e-06
1171111,3.2297780980223163e-06
1171112,0.006134539974917494
1171113,0.01141838529751078
1171114,0.019715294475937572
1171115,0.061658382341633816
1171116,0.019245116865339574
1171117,0.11257916992394205
1171118,0.15974520076372484
1171119,0.25390790060519103
1171120,1.137325851910904
1171121,3.4858790727653006
1171122,8.71972407766348
1171123,17.614787165144985
1171124,26.23314146830279
1171125,31.17381762852429
1171126,35.61140841786821
1171127,40.28376976828177
1171128,46.57307854369734
1171129,51.928443621555495
1171130,51.78976587826333
1171134,56.039270982713695
1171135,57.01609694546155
1171136,54.813640701181605
1171137,51.89454000998105
1171138,49.62602630212817
1171139,47.73258468478417
1171140,46.22857930679525
1171141,46.27586115125651
1171142,47.890966255075874
1171143,50.193674536125215
1171144,51.11791718135538
1171145,49.15848048650293
1171146,49.61582284522196
1171147,54.10210203673235
1171148,45.178854196224684
1171149,23.069563332605455
1171150,7.126236863901274
1171239,0.007724712248284506
1171240,0.008568460967211542
1171241,0.02554591703230538
1171242,0.017761948789940207
1171243,0.020089641375419815
1171244,0.0314711342869201
1171245,0.09832439697779678
1171246,0.24003183007817003
1171247,0.396592174359393
1171248,1.810790697009457
1171249,5.6136408929551305
1171250,12.39724913296294
1171251,20.10371219401549
1171252,26.62764600160821
1171253,30.68249676580731
1171254,35.961900006856986
1171255,41.37409620794889
1171256,47.026741811280765
1171257,51.33452047959121
1171258,49.73888784552135
1171259,45.851243728460375
1171260,43.97065282257777
1171261,46.943389396821914
1171262,53.973838212198984
1171263,55.6170929066813
1171264,52.96585286389257
1171265,49.17577150258611
1171266,45.83570953728869
1171267,43.72826754009627
1171268,43.171426920208724
1171269,45.13348132191564
1171270,47.83480505078824
1171271,50.45799794730826
1171272,51.14147245761912
1171273,49.22972179884248
1171274,48.88835072338325
1171275,51.71638329866815
1171367,2.1701301840480746e-06
1171368,0.012280013558593702
1171369,0.01893321894881719
1171370,0.015388520715141258
1171371,0.05390441528186034
1171372,0.09677575761812283
1171373,0.07705204955883782
1171374,0.15299382550435137
1171375,0.5552016461009687
1171376,1.9015925993993048
1171377,5.722781937816224
1171378,12.39614187463414
1171379,19.97715259996402
1171380,26.583072756116632
1171381,31.099268932831322
1171382,37.223564533371274
1171383,42.60747855510943
1171384,47.4939509303985
1171385,50.79599211132507
1171386,48.57605987243188
1171387,43.31914805108289
1171388,41.44235723651616
1171389,44.820748517481775
1171390,52.1812138608981
1171391,53.713759741283894
1171392,50.226714134188846
1171393,46.29007075905612
1171394,43.197195303272125
1171395,40.64086767401244
1171396,41.216156915146634
1171397,45.00306961117395
1171398,48.17428222657669
1171399,50.41240423659676
1171400,51.61036726290134
1171401,49.40977645233829
1171402,47.71645922584216
1171494,0.005880512745433065
1171495,7.326728947802356e-06
1171496,0.0001370775396934683
1171497,0.022756231069084375
1171498,0.022199198347423735
1171499,0.04735594258095345
1171500,0.05572001880426419
1171501,0.04579680965161512
1171502,0.09486661966256554
1171503,0.47088574779430065
1171504,1.6887219837027414
1171505,5.116280866254116
1171506,11.338831205166947
1171507,19.41033806262563
1171508,26.753895424862474
1171509,32.38168229484957
1171510,39.45347382998971
1171511,44.45343283041254
1171512,48.424277565215796
1171513,50.84288683225133
1171514,47.36690324275493
1171515,42.347416901847936
1171516,40.120634662605475
1171517,43.984397126097605
1171518,50.885623162799895
1171519,52.059300300657135
1171520,48.16503463847519
1171521,44.0192727014447
1171522,41.09385845047545
1171523,38.89094573939154
1171524,40.46913294876963
1171525,44.94632203730239
1171526,47.58248455859216
1171527,49.502743976980874
1171528,50.47463726756873
1171529,48.33448613047356
1171530,46.36546613302851
1171621,0.0017988407527933803
1171624,3.5924062706825825e-06
1171625,0.006871997580602117
1171626,0.03794951916172813
1171627,0.021444457689309606
1171628,0.059560334593396616
1171629,0.10704093406396759
1171630,0.1667006233780948
1171631,0.44294701018901494
1171632,1.522919578982619
1171633,5.201761742397419
1171634,11.520047281155318
1171635,19.518310049280807
1171636,27.515331435676984
1171637,34.506889182455126
1171638,41.51481960387304
1171639,46.52683502822752
1171640,49.740948861605894
1171641,51.24725168700096
1171642,47.27155898427628
1171643,41.72125721055854
1171644,40.025024637090496
1171645,43.68232163156025
1171646,50.55542295105817
1171647,51.408793231291654
1171648,47.18917114815069
1171649,43.52384696101966
1171650,40.75702423877679
1171651,38.850271747338816
1171652,40.611204210677116
1171653,44.64415251449516
1171654,46.50948114451494
1171655,47.19652390314589
1171656,47.56452346549458
1171657,45.978679294148975
1171658,44.82970780745564
1171749,0.003080606856860381
1171750,7.237882258913243e-07
1171751,0.009917004033698695
1171752,4.999825095140285e-06
1171753,0.039440647952255305
1171754,0.023154013409487705
1171755,0.05138290085119722
1171756,0.04143266479299284
1171757,0.10143913259344267
1171758,0.22965285590262674
1171759,0.4190676947753443
1171760,1.6056153202029717
1171761,5.1979016992482805
1171762,11.462659972722738
1171763,19.484736810773192
1171764,27.092659935907612
1171765,34.67902272222811
1171766,42.2172690669907
1171767,47.16479144324517
1171768,50.262566488427865
1171769,50.915755100546974
1171770,46.66686876377588
1171771,41.31893233713692
1171772,39.87025748330573
1171773,43.887521784325756
1171774,50.40595094890518
1171775,50.68305637781024
1171776,46.600213707815506
1171777,44.035647818883525
1171778,41.64804415438499
1171779,39.81856195979211
1171780,41.41952022278514
1171781,44.764253804839825
1171782,45.405178829202555
1171783,44.60725734478831
1171784,44.59148409109933
1171785,43.20925178580556
1171786,43.55811698737751
1171878,0.00688917897032017
1171879,0.00705479599845002
1171880,0.013978908863494812
1171881,0.017989918856060747
1171882,0.029046223763686735
1171883,0.037084646395312545
1171884,0.045847552115358785
1171885,0.0648042309582951
1171886,0.20080389121690115
1171887,0.453950933399319
1171888,1.675961339583755
1171889,4.767480320030969
1171890,10.193156147343887
1171891,17.14437067162622
1171892,24.730687525810723
1171893,32.22489939800971
1171894,40.307603182956434
1171895,45.8261301106957
1171896,48.74250654094169
1171897,49.27100845993275
1171898,45.092456447717915
1171899,40.185846481132856
1171900,39.330061103760855
1171901,43.28677574211936
1171902,49.98882296288808
1171903,50.0623055003742
1171904,46.557769762847414
1171905,44.71119815046782
1171906,43.05422677217969
1171907,41.45439904528714
1171908,42.800930051754236
1171909,45.52103522907763
1171910,45.55043719734727
1172005,0.003090101774860935
1172006,0.003766444416548213
1172007,0.006148720123409973
1172008,0.014247881645824575
1172009,0.020514707397890092
1172010,0.006653632470443486
1172011,0.026001984240108564
1172012,0.06517882139250923
1172018,6.916096197241483
1172019,13.290611369914064
1172020,20.30754939551345
1172021,27.635060230099644
1172022,35.710542119594955
1172023,41.2036323911091
1172039,46.74622134440934
1172040,45.836765688378456
1172041,44.952327568709855
1172042,46.58823852936761
1172043,49.049613817260635
1172044,38.83501114299882
1172045,18.66794135362737
1172136,2.0579936306406923e-06
1172137,7.493982472657871e-06
1172138,0.05506344823254973
1172139,0.029110819318400663
1172149,25.249574080383585
1172150,32.83486330059132
1172151,37.71888459813832
1172157,40.697970505894176
1172158,49.78319429906637
1172159,50.937122613788894
1172160,47.78425888390523
1172161,47.07320002240933
1172162,47.09609480645186
1172163,45.90350249975959
1172164,47.45276614806041
1172165,50.37415095293348
1172166,50.19921839949114
1172167,49.206795046548145
1172168,48.494433822319294
1172169,47.88167237355782
1172170,50.12917484189891
1172171,51.56387105517912
1172172,39.191142139004896
1172173,18.130363244044172
1172174,5.284233022007578
1172277,24.553453943022262
1172278,31.193164619614507
1172279,35.070050754402246
1172284,29.597325431079597
1172285,38.77402573780881
1172286,51.050540182047804
1172287,53.10814892796424
1172288,49.2676623912121
1172289,49.06724325134121
1172290,49.988385579974114
1172291,49.21307458133495
1172292,50.5452458097076
1172293,52.58486333556262
1172294,52.29104669316496
1172295,51.561750860070525
1172296,51.34541365913986
1172297,50.98619582510477
1172298,53.46235073537893
1172299,53.38791838832939
1172300,38.19574778579946
1172301,16.377080421084006
1172302,4.439955834043731
1172303,1.0537706524892922
1172405,21.59512740805435
1172406,26.44004650015218
1172407,29.31502823272929
1172408,32.516395445905786
1172411,25.05033276427829
1172412,26.903001682512794
1172413,38.06824388297166
1172414,53.18324267333564
1172415,55.95935559477794
1172416,51.70365358583854
1172417,52.1570587443566
1172418,53.25821017715469
1172419,52.83380853200388
1172420,53.45949542669155
1172421,54.55342498338802
1172422,54.086203970056566
1172423,53.61806487669071
1172424,54.19285933866821
1172425,54.10579667622271
1172426,56.083272217125234
1172427,54.994999220837876
1172428,37.83258129725851
1172429,15.408983466055732
1172430,4.063105167989642
1172431,0.8906497760734928
1172533,18.451557992212848
1172534,22.07656744904285
1172535,23.269130854768466
1172536,26.29224724529806
1172537,28.94040827240396
1172538,25.506949192887845
1172539,21.15017722056744
1172540,24.48456056654861
1172541,37.96159530765359
1172542,54.94149506125944
1172543,58.42739326224742
1172544,54.10193810221903
1172545,54.29338011159101
1172546,56.06665366867873
1172547,56.00051825130133
1172548,56.30275788322867
1172549,56.533555938735
1172550,56.00058762696692
1172551,56.00547326679377
1172552,56.00876460240234
1172553,56.70331613796665
1172554,58.99781156856902
1172555,56.63288963450926
1172556,38.23160835952464
1172557,15.413414505020356
1172558,3.9541078927953692
1172559,0.7130465825364319
1172560,0.2585532182140611
1172661,17.25817241085722
1172662,20.354256194270572
1172663,20.47729392046902
1172664,21.914202563228233
1172665,23.49629925690306
1172666,20.286054627137766
1172667,16.330271173860815
1172668,20.916186890805037
1172669,36.25577246441484
1172670,55.09029259962535
1172671,60.17378890515093
1172672,55.6346934622255
1172673,55.73511932050634
1172674,57.71642957437891
1172675,57.87140441366913
1172676,57.563084538886066
1172677,57.51212566634492
1172678,57.05073797126433
1172679,56.91869459648199
1172680,56.923876962895946
1172681,57.48545049880104
1172682,59.92781236463402
1172683,57.46279825452517
1172684,38.009262067943766
1172685,14.980561534074809
1172686,3.775462952931899
1172687,0.7436560958760379
1172688,0.21488570374219018
1172791,19.282545554777453
1172792,19.65387811846974
1172793,19.783946896376587
1172794,16.38606147860189
1172795,13.354443821062407
1172796,17.61512593151748
1172797,33.81573818354266
1172798,55.38737594852645
1172799,61.10563113802878
1172800,56.47661436721374
1172801,56.81063157035466
1172802,58.80494154990197
1172803,58.48600950752942
1172804,57.86188155089074
1172805,57.47783379073576
1172806,57.195042590198184
1172807,57.28374979325753
1172808,57.07291862312767
1172809,57.26551577073536
1172810,59.493933692422175
1172811,57.02129023319543
1172812,37.27037630288317
1172813,14.480874310207811
1172814,3.611724428826071
1172815,0.7048993744175857
1172816,0.15520018036800845
1172920,18.515970887615705
1172921,17.987749240965663
1172922,14.887613936814557
1172923,12.332690249234457
1172924,16.600251403448837
1172925,33.475116504301404
1172926,56.230177511647696
1172927,62.05565423771273
1172928,56.88609653441354
1172929,56.90365924621882
1172930,59.21892697519773
1172931,58.69908270264928
1172932,58.000532128402014
1172933,57.88362563865215
1172934,57.77989586032335
1172935,57.971768991893654
1172936,57.681466313437575
1172937,57.18019201361605
1172938,59.08755110367711
1172939,56.23015195507351
1172940,36.55636569131078
1172941,14.15441276036535
1172942,3.478864565264618
1172943,0.6972159147937216
1172944,0.12844409638203277
1173050,12.455186243356406
1173051,10.69004844546946
1173052,15.888479559969475
1173053,33.649212297632694
1173054,56.93083973269837
1173055,62.766020351618096
1173056,56.808534894472636
1173057,57.16769787937201
1173058,59.42628172214092
1173059,59.050725785466454
1173060,58.49476257268287
1173061,59.043798747669676
1173062,58.82548885400823
1173063,58.557861657410115
1173064,57.98700937416411
1173065,57.01508303021647
1173066,58.76173723161913
1173067,56.27126616712404
1173068,36.18901416143931
1173069,13.897679304723447
1173070,3.359980184141803
1173071,0.611505289668179
1173072,0.1451977348438653
1173178,8.227218098578378
1173179,7.478953767749871
1173180,14.51308947150199
1173181,33.58672600729736
1173182,58.158474794596906
1173183,64.26217676614678
1173184,58.401758639338134
1173185,58.57399463673934
1173186,60.938550337246085
1173187,60.25544861462166
1173188,60.313974746316894
1173189,60.529606274422896
1173190,59.91278410762196
1173191,59.56151601268871
1173192,58.97974109340183
1173193,58.16607165448989
1173194,59.95372981368275
1173195,57.25925974181938
1173196,36.3171607035573
1173197,13.76638970757901
1173198,3.525229560449871
1173199,0.679827319050749
1173200,0.21117721500936573
1173306,5.483238499959986
1173307,5.549320432031101
1173308,13.246394046269973
1173309,33.40844838336113
1173310,59.14884488950416
1173311,66.71042724715036
1173312,61.71941815923707
1173313,61.36999520174401
1173314,63.167773728045375
1173315,61.92731683099447
1173316,61.49027800059925
1173317,61.81572215938344
1173318,60.65155953587649
1173319,60.28993744213858
1173320,59.91268864999519
1173321,59.44940917303988
1173322,61.561793327928285
1173323,58.32958943223843
1173324,36.82968341502435
1173325,13.89945898011749
1173326,3.3742847367261994
1173327,0.5938075158558241
1173328,0.14060900417122169
1173434,4.399903055556829
1173435,4.883078398384382
1173436,12.500698733373316
1173437,32.96528373771649
1173438,59.124806074798
1173439,67.68608776702658
1173440,63.15621024371423
1173441,63.119769923712376
1173442,63.88692135197428
1173443,61.36193167009726
1173444,60.71267276103998
1173445,60.87381207872066
1173446,59.42140388150013
1173447,59.00905070033574
1173448,58.99858383902654
1173449,57.988630811044125
1173450,60.45665520561798
1173451,57.94165684123297
1173452,36.654464247719915
1173453,13.823241409436271
1173454,3.4717097818009686
1173455,0.7043175978270232
1173456,0.16430127453763405
1173564,11.715961100700351
1173565,31.005001005505406
1173566,55.999307630900226
1173567,63.88624891034998
1173568,59.07946575990696
1173569,58.48351428374306
1173570,58.107406937300325
1173571,54.03736268376517
1173572,53.2905566189352
1173573,54.267030025968374
1173574,53.44353234114696
1173575,53.12693285099198
1173576,52.67366151688902
1173577,51.045764382409374
1173578,53.31156511049833
1173579,52.22906780213378
1173695,50.4741716837822
1173696,46.1815742929499
1173697,45.23340611578116
1173698,44.30714599907789
1173699,40.949273815459726
1173700,40.668020816036204
1173701,41.99023685298815
1173702,42.31375375710152
1173703,43.24209114463894
1173704,43.16717275181091
1173705,41.61957693702
1173706,42.92868022910067
1173707,42.503907247694
1173823,36.09905035071565
1173824,34.775163567940616
1173825,34.099277128329966
1185722,31.644821622492227
1185723,29.956076946975987
1185724,27.660958829394968
1185725,28.044529865077163
1185726,31.841227185909485
1185729,39.308534532404465
1185730,37.41288026036601
1185845,2.5666958244705826
1185846,4.6043991583171096
1185847,12.698317748108108
1185850,43.25379854550988
1185851,43.069451094563505
1185852,40.633164220494415
1185853,39.322545312500694
1185854,42.66677631238583
1185855,44.831569516955305
1185856,46.468262808831476
1185857,51.47854642578186
1185858,49.31894860045584
1185861,27.190429992797483
1185862,27.09655461779029
1185973,3.0844373005737236
1185974,6.005844206762335
1185975,17.385777013912005
1185976,37.55153637863254
1185978,60.861256245560185
1185979,59.946902720496354
1185980,57.86792631016379
1185981,57.529206625392746
1185982,58.45607738916813
1185983,58.93120529128428
1185984,59.78300446216602
1185985,62.354653540038136
1185986,59.653928344036274
1185987,51.72625877025099
1185988,45.84054146329013
1185989,43.57034392966314
1185990,41.54595995037976
1185991,40.87437535110304
1185992,40.767874330819254
1185993,39.60854541448238
1185994,39.36790931732621
1185995,36.80415109200987
1186101,3.6382870700210748
1186102,7.352427705570702
1186103,19.81411058627462
1186104,41.45706775808803
1186105,60.21857492596643
1186106,67.94963310417602
1186107,67.58636393685143
1186108,67.17352334880532
1186109,66.97191389577932
1186110,66.46592281637952
1186111,65.47151321893284
1186112,65.45874600110906
1186113,66.2483571068162
1186114,64.09693034773818
1186115,58.962309170942696
1186116,57.26041953604373
1186117,59.244570805005694
1186118,59.90473208043782
1186119,58.299821294329206
1186120,56.00123507137792
1186121,52.51270087528965
1186122,51.75554442861537
1186123,50.35796683268034
1186229,4.939593716919789
1186230,9.962235541293541
1186231,22.35861338723358
1186232,41.77817461957691
1186233,59.69248172736987
1186234,68.02614172282249
1186235,68.20339803480556
1186236,68.48819617811272
1186237,69.50698057741984
1186238,68.80948018653797
1186239,67.43966257397618
1186240,66.3026896178539
1186241,66.16371471089604
1186242,64.37997873168094
1186243,60.888014694252796
1186244,60.603454407919315
1186245,64.81605575740129
1186246,67.64761306977452
1186247,67.12146947343201
1186248,64.39273812965193
1186249,60.17585017917626
1186250,59.96912509211871
1186251,58.17467153069877
1186252,39.17766860648815
1186253,17.734943068390123
1186255,1.2943876662623623
1186256,0.3183009317064834
1186357,6.464406740327892
1186358,13.437864048401792
1186359,25.779004788262284
1186360,42.57859545827403
1186361,57.88061569434149
1186362,65.38213337605441
1186363,66.15850643189846
1186364,66.57035893773046
1186365,68.7152482215322
1186366,68.4878191940448
1186367,66.82895350258609
1186368,65.30144500139134
1186369,64.61440452294002
1186370,63.41261684706699
1186371,60.77345882429235
1186372,60.48847397179712
1186373,63.93631478226688
1186374,66.25206418069251
1186375,66.43127005333494
1186376,64.52298727674393
1186377,61.52513986840635
1186378,61.30779991743321
1186379,58.47542466335299
1186380,38.5537665423618
1186381,16.030156622135667
1186382,4.747020453606106
1186383,0.9775289847532826
1186384,0.2499774735853664
1186485,8.2720265763752
1186486,16.144300146683303
1186487,28.470447792420142
1186488,42.78211566360138
1186489,55.805707871869366
1186490,62.1689578281441
1186491,62.6747101385944
1186492,63.96504496516888
1186493,65.77667741657957
1186494,65.58593321751012
1186495,63.74104980615091
1186496,62.29858181062311
1186497,62.21030870419476
1186498,60.971903814544525
1186499,59.197704417294155
1186500,59.11189329624691
1186501,61.452654228094616
1186502,62.36585276898538
1186503,62.798652915164084
1186504,63.44266923343817
1186505,61.344410366866015
1186506,61.77631014108296
1186507,58.20184905987881
1186508,37.93031240378434
1186509,15.213052533670954
1186510,4.336576362756939
1186511,0.9113990239337405
1186512,0.22635463433093597
1186614,19.75899153875852
1186615,30.3584785002411
1186616,42.38146522027761
1186617,53.03260442679237
1186618,57.31517086047251
1186619,58.48484024211454
1186620,61.19187730780563
1186621,63.099860268471986
1186622,61.66144476769765
1186623,59.762310609639556
1186624,59.10383986999999
1186625,59.21105292790693
1186626,58.83409498347923
1186627,57.78121179063631
1186628,58.12745934478544
1186629,59.75250595915073
1186630,59.75870759444876
1186631,59.89484050680557
1186632,60.65445062436945
1186633,60.56803421922645
1186634,61.66358279853182
1186635,58.10667446263571
1186636,38.24361343422962
1186637,15.505006594730174
1186638,4.135781062402704
1186639,0.997899984540311
1186640,0.2031814530789434
1186742,25.89959779544084
1186743,33.52342560439173
1186744,43.074082446396375
1186745,50.744807497969795
1186746,53.728072894678064
1186747,56.0034564358519
1186748,59.57968063960332
1186749,61.789145354998546
1186750,60.162590722223925
1186751,57.30846883224526
1186752,56.37171867379789
1186753,57.09275971636787
1186754,57.551787956112555
1186755,57.11696304592116
1186756,57.567483802681785
1186757,58.647948265267345
1186758,58.64065371397124
1186759,58.35592578671894
1186760,59.48274321325534
1186761,59.80536947705469
1186762,60.91431815943321
1186763,58.40067395549178
1186764,39.19426166043555
1186765,16.066847725362823
1186766,4.439484465652512
1186767,0.7807933319398885
1186768,0.2819081194625088
1186869,24.661866234889377
1186870,29.78494810639302
1186871,35.29414294584247
1186872,42.877485352437624
1186873,49.34360150261159
1186874,52.15501682539363
1186875,54.611508472923326
1186876,57.28563453290775
1186877,59.31241287864674
1186878,58.219166729608474
1186879,56.00093721689285
1186880,54.918138676040485
1186881,54.97691587387487
1186882,56.001005103070014
1186883,56.46150360103162
1186884,56.9431975161353
1186885,57.55231960196672
1186886,58.03500105225027
1186887,58.13006686268356
1186888,59.00757897318309
1186889,58.88597374478438
1186890,59.861393804386225
1186891,57.72876022522963
1186892,39.63595625947645
1186893,16.60822078229846
1186894,4.567839762200627
1186895,1.0370748502309999
1186896,0.2847854977227106
1186997,25.325959325538534
1186998,29.983969534092864
1186999,34.855179556029704
1187000,42.673007533911104
1187001,48.92029026591319
1187002,51.503978042257046
1187003,53.285161102465366
1187004,54.278100462102906
1187005,55.829970132739156
1187006,55.46334550008626
1187007,53.84454556077409
1187008,52.7040928502278
1187009,53.11402770785314
1187010,54.21618909580316
1187011,54.65884972270114
1187012,55.07020511594989
1187013,55.84494502025587
1187014,56.00446052727344
1187015,57.09555137271613
1187016,56.6880745977936
1187017,56.00413863845505
1187018,56.53999537891419
1187019,55.23769739312017
1187020,38.955018431945454
1187021,16.73114011447041
1187022,4.6592146862866
1187023,1.0009007750994239
1187024,0.23342961465616313
1187109,1.4247463301817447e-06
1187110,7.82627864878888e-06
1187111,5.009893175370661e-06
1187112,0.006165903897390564
1187113,0.0099504326978109
1187125,25.73813542906278
1187126,29.876193802124106
1187127,35.04773427948872
1187128,43.11915560234337
1187129,49.74645967801978
1187130,51.71942464029951
1187131,51.44522873051412
1187132,51.78715382734844
1187133,52.83440451079884
1187134,53.922715400935395
1187135,53.069948560287415
1187136,52.31210985026641
1187137,52.45053512092493
1187138,53.30915375447758
1187139,53.81808555546801
1187140,53.41933406798998
1187141,53.15524961384285
1187142,52.47348331394605
1187143,53.47159424301074
1187144,53.76611263787098
1187145,51.17623474615693
1187146,51.27528164622863
1187147,51.68417525560006
1187148,37.553445058538074
1187149,16.74670099109726
1187150,4.763779002766995
1187151,1.1136053928596246
1187238,1.4940796898187388e-06
1187239,0.0033536193155260276
1187240,2.0034250386205814e-06
1187241,0.0067574581923470515
1187242,0.028571264644971704
1187243,0.018833318899226067
1187244,0.02232744233317475
1187252,21.2231447912617
1187253,28.10278669545308
1187254,31.719222379063698
1187255,36.0181568186327
1187256,43.92987665838992
1187257,50.52968810026656
1187258,51.83840337649045
1187259,50.85908971038042
1187260,50.41818104177188
1187261,51.63773379109698
1187262,54.1969455316358
1187263,54.198376076510066
1187264,52.732813096819044
1187265,52.410800113748365
1187266,52.60823541866389
1187267,52.223942051538245
1187268,51.07132188225545
1187269,49.8053007358355
1187270,48.97694412870983
1187271,50.112846745183866
1187272,49.95542501063209
1187273,46.506112414202775
1187274,45.95836299246163
1187275,48.086378907880565
1187276,37.22278551293672
1187277,17.170180971235002
1187278,5.056017022865774
1187367,0.004826150273113728
1187368,0.0045336191029133385
1187369,0.016562799709612375
1187370,0.04149474597415877
1187371,0.02543293256038991
1187372,0.06372248292293095
1187373,0.06188990310144478
1187374,0.15980519434241447
1187375,0.21585127645901375
1187376,0.553804813073839
1187380,23.564064575732925
1187381,29.703539881042808
1187382,33.580014165150544
1187383,37.812445264464095
1187384,44.596544887665374
1187385,51.119716914910335
1187386,51.828898769811445
1187387,49.7594529760286
1187388,49.56137942319895
1187389,51.371871577381754
1187390,55.23077098177942
1187391,55.475919951530486
1187392,53.57815232139976
1187393,51.03789646283449
1187394,49.67472743777722
1187395,48.047049560046844
1187396,45.67061138943093
1187397,44.064407773773276
1187398,44.80650564190099
1187399,46.95659509064802
1187400,47.20663147817124
1187401,43.7020821799257
1187402,43.68703165151292
1187403,47.60275491776764
1187404,39.173922411016406
1187405,19.678372492297147
1187494,1.6011766548828676e-06
1187495,0.005411058452981049
1187496,0.009887589262537548
1187497,7.502092231022566e-07
1187498,0.005214182321361491
1187499,0.0491214234974793
1187500,0.03861139650176318
1187501,0.04911345354273692
1187502,0.08476182651124488
1187503,0.3646298331365268
1187504,1.166395718947438
1187505,3.5728889890697797
1187506,8.932701280014003
1187507,17.486835382548527
1187508,25.331711796179622
1187509,29.9720283638363
1187510,34.83470740606606
1187511,39.71475817109001
1187512,45.88662567639814
1187513,50.91024669124105
1187514,50.616828598568446
1187525,39.87758827829806
1187526,42.53060038177836
1187527,45.61875352010639
1187528,46.5576958702723
1187529,43.43299954011054
1187530,43.68812148787055
1187531,48.355169481483756
1187532,41.8108401010722
1187622,0.003166179269550947
1187623,0.005066484295982052
1187624,1.2189658315383448e-05
1187625,0.009502022871651326
1187626,0.028888740035235103
1187627,0.08220991384641528
1187628,0.07389745926884397
1187629,0.12191208201321543
1187630,0.23247513124549474
1187631,0.4846377909393054
1187632,1.9638080246522343
1187633,5.870142888068958
1187634,12.46954934696555
1187635,19.701846448417193
1187636,25.70241553155385
1187637,29.851420384503214
1187638,35.50696406965301
1187639,41.0829525730298
1187640,46.61853300626798
1187641,50.955672886349454
1187642,48.97119613234808
1187643,44.46044483533928
1187644,42.88474852143447
1187645,45.789890020142046
1187646,52.96546058933034
1187647,55.08857327879838
1187648,51.30581979227129
1187649,46.573731141540804
1187650,42.2954929033332
1187651,38.50374849021482
1187652,37.14542248340701
1187653,39.246396803647265
1187654,42.778688046870066
1187655,46.0323712087569
1187656,47.294827310317224
1187657,44.54880021949527
1187751,0.008813182506927626
1187752,0.015312333017535184
1187753,0.04041566472410415
1187754,0.02439017994833845
1187755,0.0430177748154323
1187756,0.04413870814326566
1187757,0.09731648742421643
1187758,0.1167388102711473
1187759,0.5767130926824429
1187760,1.951210011594873
1187761,5.975033500842356
1187762,12.108940999609368
1187763,19.79832314624075
1187764,26.002633757425397
1187765,30.942818672970663
1187766,37.433007591068424
1187767,43.0772581834464
1187768,47.9773556329281
1187769,51.06108142363867
1187770,48.17632060475776
1187771,43.24786593205378
1187772,41.03028632557247
1187773,44.22125122582661
1187774,51.88371825932175
1187775,53.180980734767495
1187776,48.766888228513594
1187777,43.89876143937188
1187778,39.154290490480044
1187779,34.914874476280666
1187780,34.951017645008285
1187781,39.20684724661271
1187782,43.84289614143813
1187783,46.922942364203415
1187784,48.06522766137014
1187785,45.77203847181564
1187786,44.20318694664703
1187787,46.240761977116726
1187788,37.65443102590594
1187789,19.173295866455664
1187790,6.12036211770266
1187791,1.3864521872576219
1187792,0.3580476461700823
1187878,0.004021903396456609
1187879,0.010112106803677138
1187880,0.009566338753317959
1187881,0.025431248839668182
1187882,0.01914988208956435
1187883,0.06367262751918858
1187884,0.061092117055881
1187885,0.10551908410165764
1187886,0.15424621673237274
1187887,0.4720823886511736
1187888,1.6956520416255496
1187889,5.263669082852314
1187890,11.431768674081503
1187891,19.153142450037024
1187892,26.98145476905517
1187893,32.82076762783107
1187894,40.51324485746531
1187895,45.7972647218975
1187896,49.54781595195271
1187897,51.324516397685095
1187898,47.69841694439839
1187899,42.84836092459122
1187900,40.57425708623415
1187901,43.71503295754212
1187902,50.918902306789796
1187903,51.82496494854893
1187904,47.432903424496075
1187905,42.21136059823
1187906,37.58528755213655
1187907,33.91686662797524
1187908,35.12851098108111
1187909,39.603309538267744
1187910,43.80813820358947
1187911,46.55093882570543
1187912,47.89579301451707
1187913,45.32262758107939
1187914,43.738493508778575
1187915,44.93330645633462
1187916,35.304213294440856
1187917,17.499577547640218
1187918,5.411520316090198
1187919,1.2798652501128314
1187920,0.3342961725516684
1187921,0.09573552542366182
1188008,3.977995801906081e-05
1188009,0.0317791178993058
1188010,0.0412825528346677
1188011,0.04181047652620528
1188012,0.07653444159073634
1188013,0.058743344287454494
1188014,0.2423691996304256
1188015,0.4192643537137945
1188016,1.7457058510153491
1188017,5.292999065809637
1188018,11.222810292913024
1188019,19.16332785936422
1188020,26.846214759314115
1188021,33.54227662346468
1188022,41.247341875525166
1188023,46.755766261336646
1188024,49.959029648636566
1188025,50.931002564640735
1188026,47.05551094303517
1188027,41.478707765742165
1188028,39.82533403805648
1188029,43.65306464586426
1188030,50.52263679864287
1188031,51.08786964778327
1188032,46.06549586577621
1188033,41.69473710796285
1188034,37.86343136849759
1188035,34.83797352014992
1188036,36.463052643759326
1188037,40.53929619987721
1188038,43.34385467394163
1188039,44.41098213364234
1188040,45.450802734951324
1188041,43.56041087160384
1188042,42.53682872999645
1188043,44.43278752955735
1188044,35.204968220554164
1188045,17.3116092983784
1188046,5.353322439530122
1188047,1.166338809012519
1188048,0.3342295589033053
1188049,0.1415493320387832
1188134,0.003679613745694344
1188135,0.00600441760911594
1188136,0.005360628089327984
1188137,0.01296466699944349
1188138,0.018802249229226572
1188139,0.03365209921897807
1188140,0.07357551001136063
1188141,0.060477945294059504
1188142,0.09352921760996241
1188143,0.49647524764771295
1188144,1.8885666480157628
1188145,5.264800607103896
1188146,11.203693501096856
1188147,18.23533498767973
1188148,25.20484923829843
1188149,31.875887299836617
1188150,39.50199694041379
1188151,45.11913321541144
1188152,48.5981283712987
1188153,49.765006888099556
1188154,45.794852723259275
1188155,41.056572122520464
1188156,39.349367163562455
1188157,43.483257465287565
1188158,50.20199239577418
1188159,50.33560664017079
1188160,45.78938247548207
1188161,41.79045566931296
1188162,39.030620976474665
1188163,37.14462999966743
1188164,38.474159860334126
1188165,41.884003496348825
1188166,42.93036563367735
1188167,42.58388122761551
1188168,42.58958847544576
1188169,41.08008033196924
1188170,41.79752557551395
1188171,44.33134068061803
1188172,35.756866707145896
1188173,17.324413584160745
1188174,5.336483015767382
1188175,1.0892450337782011
1188176,0.27886505469949624
1188264,0.012100838903030936
1188265,0.005627895820956064
1188266,0.02358205867537182
1188267,0.03560678181208394
1188268,0.08997174340954564
1188269,0.11130376513449126
1188270,0.1638510011365793
1188271,0.45365058558120613
1188272,1.6566166414112629
1188273,4.753976524143262
1188274,9.66844045925631
1188275,15.307820071064258
1188276,21.03195958091533
1188277,27.920099662952115
1188278,35.89681102635574
1188279,42.14287594726263
1188280,45.35170487639581
1188281,46.43627844776285
1188282,43.0888938187096
1188283,38.96578228721049
1188284,38.3307140688248
1188285,42.68179884617692
1188286,49.84461159332746
1188287,49.9916575072918
1188288,45.495272152
1188289,43.012497608209536
1188290,41.10769761649783
1188291,39.35883585641803
1188292,40.46705511092286
1188293,43.2136397386623
1188294,43.637640850913385
1188295,42.64937851872777
1188296,41.95967378892858
1188297,40.29267543409043
1188298,41.77302872299889
1188299,44.98064427140143
1188300,36.53117008013062
1188301,17.783431857505313
1188302,5.51748345014488
1188303,1.2061413868903779
1188392,1.949864750150058e-06
1188393,0.012140209399416195
1188394,0.018461446204096593
1188395,0.02204199026096491
1188396,0.04888870726692049
1188397,0.08014698097466877
1188402,6.706767590692104
1188403,11.958913697353095
1188404,17.65495004834329
1188405,24.26100562996023
1188406,32.643649637033974
1188407,38.50731935203113
1188520,0.01487537146446424
1188521,0.005984548062048233
1188522,0.03376316018680699
1188523,0.013525146933588233
1188533,23.431643198257888
1188534,31.29285807366127
1188535,36.50273767763509
1188546,45.29725352569514
1188547,43.795169229092444
1188548,45.568866402730166
1188549,48.558800645401185
1188550,48.11536303553983
1188551,46.63205395123481
1188552,45.6318710182097
1188553,44.40030842647618
1188554,46.12933448696079
1188555,48.92243685194675
1188556,38.085590824907634
1188661,23.035839800789223
1188662,29.205689641490924
1188663,32.915253029116485
1188664,35.31785761534839
1188667,26.767321235036512
1188670,50.696584405810604
1188671,51.96656993371413
1188672,47.50437085150558
1188673,46.58223559008359
1188674,46.876274525341316
1188675,46.26560906518632
1188676,48.273002694678254
1188677,50.84407007249733
1188678,50.06262993760752
1188679,48.78721587383806
1188680,47.924986636125084
1188681,46.860494149615214
1188682,49.26905364155076
1188683,50.36652322158727
1188684,36.43616799517995
1188685,15.93010447719083
1188686,4.648612633152177
1188789,20.2189787549206
1188790,23.953158422784668
1188791,26.254616816188005
1188792,29.44840086725936
1188793,31.831400407309403
1188794,28.377512057166268
1188795,24.244991837946607
1188796,26.83045744194278
1188797,38.31844935628144
1188798,52.35704926142052
1188799,54.60098506707534
1188800,49.731738314785616
1188801,49.1332590174091
1188802,50.26127749436483
1188803,49.755245771771214
1188804,51.18399103198113
1188805,52.8360966050544
1188806,52.454808137735064
1188807,51.63423495175273
1188808,50.839633430704154
1188809,50.06527298849438
1188810,52.19457569597008
1188811,52.05478476182981
1188812,36.32330941935752
1188813,15.102071705767253
1188814,4.042295325629358
1188815,0.9162947333737098
1188917,17.019471005304617
1188918,20.174670336967516
1188919,21.454993863085374
1188920,24.453227628077805
1188921,27.13160818866644
1188922,23.99668553222858
1188923,20.326962476502143
1188924,24.516401718934
1188925,37.95247223854424
1188926,53.637545936073906
1188927,56.30673466430775
1188928,51.174444761474525
1188929,51.278654400963894
1188930,53.00801166647748
1188931,52.52283273097316
1188932,53.68979348559274
1188933,54.896286103514434
1188934,54.60821048695731
1188935,53.70008569917596
1188936,53.31002773230858
1188937,53.55885483307226
1188938,55.90905692143268
1188939,54.39527380860654
1188940,36.63341586953881
1188941,14.531873905657559
1188942,3.796307284886691
1188943,0.8604555784861633
1188944,0.2094954367132963
1189046,19.14026565190509
1189047,19.521954732844694
1189048,21.37848925007224
1189049,23.275148506973544
1189050,19.98634285195769
1189051,16.480776455841927
1189052,21.106560465566137
1189053,36.32085236113035
1189054,54.036100197246874
1189055,57.843007240935925
1189056,52.8689953727581
1189057,53.0320130366171
1189058,55.136263953427864
1189059,54.939729443631315
1189060,55.40916881862377
1189061,56.147932788082656
1189062,55.86753648505226
1189063,55.1491136163563
1189064,55.11652231398776
1189065,56.002549359782535
1189066,58.263529699322106
1189067,56.00044315872355
1189068,37.00175946217195
1189069,14.532863270813523
1189070,3.729847511403816
1189071,0.7314158439978133
1189072,0.2387344514461104
1189176,19.757435528039725
1189177,20.746374371413566
1189178,17.648393245103815
1189179,14.081321671983233
1189180,18.00607212290322
1189181,33.86483158397653
1189182,54.358990831757914
1189183,59.58370852617047
1189184,54.3980802036428
1189185,54.6398742808689
1189186,56.6959366803063
1189187,56.41900991187595
1189188,56.00087109154575
1189189,56.32184985833345
1189190,56.00190261012506
1189191,56.23982703385759
1189192,56.01717278026722
1189193,56.393447336586384
1189194,59.11694665968155
1189195,56.42025032410332
1189196,36.8060953445925
1189197,14.149031875524054
1189198,3.674809294596605
1189199,0.7064331503444757
1189200,0.173783109692731
1189304,19.33271821916121
1189306,16.884312920792897
1189307,13.560173459144943
1189308,17.50744169587765
1189309,33.83356948646135
1189310,56.000077087094816
1189311,61.307187476536086
1189312,56.003176878789844
1189313,56.00526579908509
1189314,58.1394022027032
1189315,57.28420760006575
1189316,56.82257385278251
1189317,56.85290305924366
1189318,57.05329407776127
1189319,57.046584589554065
1189320,56.73371060082215
1189321,56.84284472794257
1189322,59.32638561639437
1189323,56.503991206136455
1189324,36.44528015888025
1189325,13.878914651489428
1189326,3.525928782448923
1189327,0.5834582661372302
1189328,0.1731440695790086
1189434,14.898210479030627
1189435,12.684876873909676
1189436,16.953523595596028
1189437,34.27860086660344
1189438,57.21539957740203
1189439,63.05004833843511
1189440,56.74624876435884
1189441,56.842371757049285
1189442,58.926625145996915
1189443,58.453733013269755
1189444,57.91522230806029
1189445,58.42330999258352
1189446,58.2012610430162
1189447,58.44538600799804
1189448,57.77758849871042
1189449,57.044385616365254
1189450,59.225212230075954
1189451,56.48022351934807
1189452,36.24708982051674
1189453,13.656107154319338
1189454,3.3524334487509004
1189455,0.6129775574159931
1189456,0.12527630393652672
1189562,10.76411524188036
1189563,9.575805282668695
1189564,15.558260132344982
1189565,34.345133921997615
1189566,58.41295638267482
1189567,64.86260275972741
1189568,58.98659085990575
1189569,58.81321661080374
1189570,60.86009527128711
1189571,59.98498008786232
1189572,60.156474589113856
1189573,60.57944532304992
1189574,59.970843408447664
1189575,59.56612291853172
1189576,58.97352421800153
1189577,58.14920835093735
1189578,59.993595734779
1189579,57.24473977637916
1189580,36.194290234045596
1189581,13.724247317990585
1189582,3.3480304360575652
1189583,0.6495720785328073
1189584,0.2158061894701455
1189690,7.230941887234939
1189691,6.701310775341888
1189692,14.026230901888821
1189693,34.19092047890467
1189694,59.91998937007853
1189695,67.6241440281912
1189696,62.79027575543416
1189697,62.661845086823384
1189698,63.5931845086144
1189699,62.133317777081274
1189700,62.15964663285627
1189701,62.454211990111084
1189702,61.38205944030361
1189703,60.910725160378206
1189704,60.61523300527865
1189705,59.780991841510364
1189706,61.6179664849525
1189707,58.64776178902259
1189708,36.94990039390287
1189709,13.734430050428946
1189710,3.513249389352643
1189711,0.801835089454851
1189712,0.15348944435086417
1189818,5.4019415966421125
1189819,5.463116986908888
1189820,13.163032350152085
1189821,33.56211871801151
1189822,60.21177381301396
1189823,69.06697741143009
1189824,64.76465300282948
1189825,64.24501579687015
1189826,64.5981179730202
1189827,62.048109463203616
1189828,61.49279543546115
1189829,61.82040573571838
1189830,60.718454542212136
1189831,60.32379109834186
1189832,60.11768958134642
1189833,59.05473186540924
1189834,61.641463053709145
1189835,58.76889909023486
1189836,36.93436081050899
1189837,13.817308097448706
1189838,3.4645272010321353
1189839,0.6472370992116782
1189840,0.12817515356382095
1189947,4.8208810713688806
1189948,12.190179441355033
1189949,31.37152585798406
1189950,56.980835972709976
1189951,65.65039638769723
1189952,61.028837179986574
1189953,60.39434964999637
1189954,59.84128943165537
1189955,56.40133932757718
1189956,56.00120610288345
1189957,56.79114880580635
1189958,56.36412649037317
1189959,56.000501136439944
1189960,55.96463911440269
1189961,54.40942818222501
1189962,57.28479510997383
1189963,56.00206054037294
1190079,51.11569394980027
1190080,47.69642623104025
1190081,47.14435379434638
1190082,46.28377125638216
1190083,43.46967045180545
1190084,43.630469270492505
1190085,44.72933369475119
1190086,44.81247009351345
1190087,45.325313808463704
1190088,45.99496618544531
1190089,44.45716155240187
1190090,46.644374064210865
1190091,46.52743303372439
1190207,33.94343843915168
1190208,33.55557187346674
1190209,33.89184470305018
1190210,34.0741210071531
1190211,33.128219468393574
1190212,33.33280275127782
1190213,33.95427177180064
1190214,34.78565709420815
1190215,36.172250699037434
1190218,34.264243646461445
1190219,34.732763672441315
1202107,29.789039141637584
1202108,29.10093763930892
1202109,28.446095203755213
1202110,31.666195679059
1202111,34.976671938261
1202112,37.82108355002608
1202113,42.48297736435571
1202114,40.12731313337892
1202230,4.841182283142982
1202234,41.11667242769722
1202235,43.20149064286451
1202236,41.95357698270279
1202237,40.61478554479072
1202238,44.512956831792614
1202239,48.433330475417385
1202240,51.481790938915886
1202241,56.000228814239506
1202242,52.869883987324584
1202243,41.30660156105457
1202244,32.919664428282495
1202245,29.267321736296413
1202246,28.037331105128057
1202247,28.969886128290405
1202248,31.142737225260177
1202249,31.767934039133372
1202357,3.1524020687310355
1202358,6.387859779811566
1202359,17.274794818859185
1202362,57.8692662576288
1202363,58.439227632796204
1202364,57.497388579642205
1202365,57.740389531380686
1202366,59.76124349708145
1202367,62.272548909718324
1202368,65.18966445231398
1202369,66.13104942080692
1202370,62.54973492025807
1202371,53.7853845579621
1202372,48.557975048939255
1202373,46.55204835953659
1202374,44.01217467904345
1202375,42.657794186364626
1202376,43.22973913286369
1202377,42.1204525079419
1202378,41.67397852958742
1202379,38.837856503875734
1202485,4.236635921709815
1202486,8.547528080139655
1202487,20.195846077139247
1202488,39.24951348815934
1202489,56.00161505705717
1202490,63.826825817914084
1202491,64.87437041529479
1202492,65.23263639574202
1202493,66.06336665417037
1202494,65.86874548381532
1202495,66.91012009086144
1202496,68.47894446571148
1202497,68.30130505126017
1202498,64.9354747412889
1202499,59.43966141003165
1202500,57.8485553350671
1202501,60.6620936872426
1202502,62.33733276165242
1202503,61.183129871125665
1202504,59.53070061720548
1202505,56.00012117015149
1202506,55.17454703451091
1202507,52.74889853269404
1202512,0.3602588797537924
1202613,5.425145210126552
1202614,11.872202672211182
1202615,24.01446206898358
1202616,40.722365864725916
1202617,56.00364905956386
1202618,63.59006974897458
1202619,64.9767997552721
1202620,66.36991711500801
1202621,67.79006274032636
1202622,67.51008243725941
1202623,67.60975517751208
1202624,68.08991486843061
1202625,67.6490152127455
1202626,64.72569097303516
1202627,61.0379556643624
1202628,60.48857096595617
1202629,64.71720117515147
1202630,67.94022214034287
1202631,67.60940301585447
1202632,65.6381932579747
1202633,61.756097967452234
1202634,60.95688076298947
1202635,58.04696228206094
1202636,37.935796599240604
1202637,15.76595520416501
1202638,4.7923844784732115
1202639,1.0142184003128865
1202640,0.23525084561436618
1202741,7.03874683538803
1202742,14.887606661436786
1202743,27.425220854484422
1202744,41.595220062932434
1202745,54.17623799559233
1202746,60.59886478379939
1202747,62.267872620468076
1202748,63.93647495760087
1202749,65.30108265708755
1202750,65.95452881340678
1202751,65.44188638480155
1202752,65.16702140318532
1202753,64.22002213501
1202754,62.6111155987584
1202755,59.962848688407966
1202756,60.05364677231951
1202757,63.35352999107217
1202758,65.55759110774453
1202759,65.92058260833934
1202760,65.72057448970892
1202761,62.707070214541346
1202762,62.14774822655237
1202763,58.6242010801109
1202764,37.51808635579953
1202765,15.02210384446936
1202766,4.182535808701105
1202767,1.0635211428432538
1202768,0.22744383658379577
1202870,16.920837629986675
1202871,28.593168242061736
1202872,40.71956440127821
1202873,50.96025789462466
1202874,56.00017489972517
1202875,58.164597496689076
1202876,60.35590373376147
1202877,61.459840362967604
1202878,61.308547835812035
1202879,60.633060050213295
1202880,60.314322420792855
1202881,59.547580620585286
1202882,58.60328078960417
1202883,58.26738376185968
1202884,58.68134908823373
1202885,61.10146536636843
1202886,61.87031991718588
1202887,62.38167838402565
1202888,63.18132886479163
1202889,61.98409917110155
1202890,62.09482634668581
1202891,58.23226746085801
1202892,37.378184681937405
1202893,14.840166725767968
1202894,4.086929797995691
1202895,0.8730156919068786
1202896,0.2249708457117185
1202998,20.025361889257606
1202999,29.76167277009156
1203000,40.03523508995993
1203001,47.68483681241186
1203002,51.223006845859615
1203003,53.038496731603125
1203004,56.01686751007458
1203005,57.98330996455138
1203006,57.1397708180431
1203007,56.19720803384344
1203008,56.081588701179484
1203009,56.28963818613894
1203010,56.5522344499272
1203011,56.78997920013065
1203012,57.66824720039852
1203013,59.23126287696913
1203014,59.25804876870509
1203015,59.35134220934854
1203016,60.33810395359534
1203017,60.6804174348308
1203018,61.614034833826445
1203019,57.95686579887223
1203020,37.43783621315341
1203021,15.020905862192086
1203022,3.986894555490125
1203023,0.889995444256498
1203024,0.20806059058047086
1203126,26.13299900111232
1203127,32.06024364568003
1203128,40.24234696651749
1203129,45.83599480901647
1203130,47.32768718240922
1203131,49.5348091616152
1203132,53.26249880622748
1203133,55.99984266843847
1203134,56.00242455649509
1203135,54.62958733595905
1203136,54.41576593545869
1203137,54.85233296608553
1203138,56.001393253188205
1203139,56.21672554209712
1203140,57.2278810730696
1203141,58.13783771518333
1203142,57.732236025742786
1203143,57.314094035394625
1203144,57.901750265795144
1203145,58.71387818509418
1203146,60.283374296126894
1203147,57.46864689566671
1203148,38.084749584676196
1203149,15.465882460641886
1203150,4.2263466715672156
1203151,1.0288780828356552
1203152,0.19873598321878416
1203253,24.4648799982818
1203254,28.57114689004089
1203255,32.91819292491473
1203256,39.659442483608785
1203257,45.27078921522345
1203258,46.955901294810374
1203259,48.1399739731668
1203260,50.83824119971335
1203261,53.03125068980268
1203262,54.13842385554745
1203263,53.58100500722873
1203264,53.08077745192403
1203265,53.484055928687596
1203266,54.788305343005646
1203267,55.44816230856859
1203268,56.0002984927751
1203269,56.57167014079947
1203270,56.017067858565284
1203271,56.04402778743986
1203272,56.60155085463984
1203273,56.29680982629294
1203274,57.81345745992362
1203275,56.000084358182974
1203276,38.35461739533936
1203277,16.075303974675638
1203278,4.496116395190253
1203279,0.889749709579509
1203280,0.2925825830515996
1203381,24.679487010019777
1203382,28.606779775527876
1203383,32.69778637902324
1203384,39.9479534969764
1203385,46.144925279894046
1203386,47.894045243888726
1203387,48.15861872434918
1203388,48.47985368938421
1203389,50.229507824782274
1203390,51.832449236682294
1203391,52.13003347485204
1203392,51.8496892084027
1203393,52.30616152812633
1203394,53.048399792595184
1203395,53.83430837924105
1203396,53.84801737459907
1203397,53.96088848797537
1203398,53.40630356701634
1203399,53.94378202632658
1203400,53.72238288844436
1203401,51.906953765986195
1203402,52.356062681303506
1203403,52.31231014829662
1203404,37.14991888018813
1203405,16.05281680018561
1203406,4.609565134105545
1203407,1.0944823133305346
1203408,0.2755090966030249
1203495,1.9293439887877794e-06
1203497,0.007896916118306173
1203509,25.110009340390736
1203510,29.40347671551662
1203511,33.88619950922971
1203512,41.33741147482944
1203513,47.87763518028605
1203514,49.30494216127701
1203515,48.57923999162656
1203516,48.20882449422014
1203517,49.239157518241306
1203518,51.30155316801663
1203519,51.73925315993675
1203520,51.464621406771265
1203521,51.60408987589713
1203522,52.39672520415365
1203523,52.68475204828149
1203524,51.59434878895521
1203525,50.61087571689774
1203526,50.031361088547605
1203527,50.62527976641195
1203528,49.905163125767984
1203529,46.068791690032505
1203530,45.67149912252192
1203531,46.6230578323442
1203532,34.972807007536
1203533,15.790016298840142
1203534,4.5247687293502645
1203535,1.0963318005683582
1203621,1.39221062005837e-06
1203623,4.578347654840635e-06
1203624,0.007175461729152883
1203625,0.018682583688271526
1203626,0.02088126534979868
1203627,0.02453802495691585
1203628,0.06166430267537277
1203637,27.46623836457785
1203638,31.3633190189559
1203639,35.89400318350691
1203640,43.12830406235937
1203641,49.75333695238871
1203642,50.58818722193749
1203643,49.00555585789075
1203644,48.39940939413227
1203645,49.8545994789038
1203646,52.32617073601866
1203647,52.64522200519858
1203648,51.11419014143293
1203649,50.75926238869153
1203650,50.70501231980944
1203651,49.957415790421024
1203652,48.046025545413514
1203653,46.507479114266495
1203654,46.10689730305355
1203655,47.00960881639962
1203656,46.670951575107736
1203657,42.19526655307903
1203658,40.99217727387121
1203659,43.69467372401919
1203660,34.1262232376167
1203661,16.268630650506804
1203662,4.861741284494662
1203749,0.004461925448743607
1203750,1.602839621454463e-06
1203751,0.00808046103692081
1203752,0.0057153314793228546
1203753,0.02403828490546807
1203754,0.038617619513412915
1203755,0.034424666257696496
1203756,0.029401716411938426
1203757,0.06619782545857547
1203758,0.11577903888588681
1203759,0.18990585696116496
1203760,0.652821923318949
1203765,28.526473921217576
1203766,33.355072148042126
1203767,37.98109750640973
1203768,44.569982343720035
1203769,50.73975482856499
1203773,49.58944794920241
1203774,53.06770637779356
1203775,53.309034954632764
1203781,39.51453722480398
1203782,41.271649448337826
1203783,44.12100596119129
1203784,44.231413116573535
1203785,40.46901598797297
1203786,39.90883068064145
1203787,43.81363897792176
1203788,36.507970125809265
1203878,2.3065836507466314e-06
1203880,0.0031722011087119413
1203881,0.014256306813702614
1203882,0.03021413876182069
1203883,0.05460928262968351
1203884,0.045647586725682275
1203885,0.10568672482454892
1203886,0.1290711674336442
1203887,0.38319617721488775
1203888,1.2072889402145945
1203889,3.7730828282307245
1203890,9.071685430601155
1203891,17.116256531508952
1203892,24.201402101010096
1203893,28.6999640395362
1203894,34.43396769017572
1203895,39.71102357316157
1203896,45.477246478969526
1203897,51.239059033698986
1203911,42.49617844991956
1203912,43.36388106303012
1203913,40.19242986242031
1204008,0.01384733567593006
1204009,0.015632551722891286
1204010,0.034647259450149986
1204011,0.02096195234417696
1204012,0.0674532743711045
1204013,0.11677958625346223
1204014,0.22138133569013146
1204015,0.5093450114897274
1204016,2.0092515692181534
1204017,6.065007900230766
1204018,12.442577537926336
1204019,19.63507268556105
1204020,25.43208817245411
1204021,29.447727891296864
1204022,35.617422082657555
1204023,41.53695667541335
1204024,46.88297814732802
1204025,50.9814486182953
1204026,48.77740654489152
1204027,43.661411143710104
1204029,45.02866005061187
1204030,52.11620678070503
1204031,53.82095814475022
1204032,49.99527003947972
1204033,44.47592510270676
1204034,39.216505172745535
1204035,34.41026506225903
1204036,32.246927461709625
1204037,34.40610110675869
1204038,39.09353092609736
1204039,43.34162024980527
1204040,44.023012751491585
1204041,41.19923358686844
1204134,1.39221062005837e-06
1204135,0.005001767849191147
1204136,0.011068387388424264
1204137,0.02717110235481369
1204138,0.04106804331329244
1204139,0.028679215520390322
1204140,0.07790217536408908
1204141,0.12958279609402473
1204142,0.1865530864418598
1204143,0.5612826123026424
1204144,2.1670894616727305
1204145,5.962023092848091
1204146,12.345776453639811
1204147,19.78516501072933
1204148,25.925369353137384
1204149,31.227946970183964
1204150,38.57642430471583
1204151,44.22018241292385
1204152,48.84922731099572
1204153,51.23770779504294
1204154,48.23641516167401
1204155,42.96062420194349
1204156,40.71578061245441
1204157,44.151283198238964
1204158,51.2812435337517
1204159,52.579202572703245
1204160,48.16728888555367
1204161,42.21958673726314
1204162,36.804954590541904
1204163,31.399830977881766
1204164,30.629045395416515
1204165,35.26329990102582
1204166,40.57554896634126
1204167,44.591308166438914
1204168,45.78299602549345
1204169,42.84718674511914
1204170,41.425266777800935
1204171,44.96287881690872
1204172,37.717840081714456
1204173,19.4009277596228
1204174,6.39944277284146
1204175,1.5162531601865512
1204176,0.3221596364320458
1204177,0.2021604589412685
1204178,0.07183960113542284
1204179,0.10477006803583262
1204180,0.032392698627653205
1204262,0.0034228965076226452
1204263,0.006155406263562036
1204264,0.019126927631701866
1204265,0.021918385240037
1204266,0.030989579403615533
1204267,0.011855904654373292
1204268,0.07862088163022574
1204269,0.11192921900962945
1204270,0.19688866324444357
1204271,0.48484487373613566
1204272,1.8778954239343137
1204273,5.301397253445292
1204274,11.291672417634489
1204275,19.092713904938755
1204276,26.093147245071364
1204277,32.34580480797923
1204278,40.01411530600286
1204279,45.89851272969356
1204280,49.584313080770855
1204281,51.268647048913515
1204282,47.74757863820093
1204283,42.59295603841866
1204284,40.640321725243744
1204285,43.603956292380474
1204286,50.84406312691972
1204287,51.35464880142444
1204288,46.30729023664153
1204289,41.04901364518117
1204290,35.893162721871526
1204291,30.855200807829426
1204292,31.11905287378633
1204293,35.985206186045126
1204294,40.94235024568471
1204295,44.603881993429084
1204296,45.996000974127114
1204297,43.115784230894604
1204298,41.496031030825186
1204299,43.95632541257883
1204300,35.91608342522087
1204301,18.061779329646765
1204302,5.781677590526311
1204303,1.1873736802079091
1204304,0.3641984262048562
1204305,0.1629492412373316
1204306,0.098417825679535
1204307,0.06699445552691564
1204308,0.05404389657754079
1204309,0.04388898169400628
1204310,0.016342735181683284
1204390,0.0027474208610845665
1204392,0.013716623639575995
1204393,0.006653861250205392
1204394,0.04091930360328635
1204395,0.032839292694078294
1204396,0.07681985335861596
1204397,0.08393834961758524
1204398,0.18661830266386198
1204399,0.4244828129011017
1204400,1.88489523920516
1204401,5.249974966040073
1204402,11.016810003490683
1204403,18.139034440592166
1204404,25.071637155511883
1204405,31.33125177838636
1204406,39.03464338949597
1204407,44.827402112914314
1204408,48.70927010916987
1204409,50.38561230216996
1204410,46.41607303075382
1204411,41.50364326673857
1204412,39.52519132531994
1204413,43.46577572153623
1204414,50.119507847733615
1204415,50.17372154777447
1204416,45.16552157667625
1204417,40.36383326138545
1204418,36.04171985314851
1204419,32.270793111589406
1204420,32.9431725375479
1204421,37.23697116419982
1204422,40.745336251446396
1204423,43.03881323971135
1204424,44.17726713014908
1204425,42.090147712716565
1204426,41.06501890261946
1204427,43.76240039801621
1204428,35.756104165812395
1204429,17.783547441970004
1204430,5.577398243308677
1204431,1.3177881018235669
1204432,0.3572906888816818
1204433,0.13490670048580772
1204434,0.10046931497742162
1204435,0.06846208574264208
1204436,0.04017165142887416
1204437,0.023183379742875185
1204438,0.016409994482722685
1204519,0.004947743084404487
1204520,0.004777526280623236
1204521,0.007362452787891717
1204522,0.02926647544224271
1204523,0.03736906160427553
1204524,0.02981769691053586
1204525,0.09628388167593877
1204526,0.15817436971963417
1204527,0.5121521984278636
1204528,1.8751876339399192
1204529,5.3548105550815075
1204530,10.772942406668104
1204531,16.412918418994217
1204532,21.851466638467418
1204533,27.59315525593421
1204534,35.39959748736935
1204535,41.71569799598814
1204536,45.955724993840214
1204537,47.80891241674853
1204538,44.15378428274092
1204539,39.68026138282154
1204540,38.091027688761436
1204541,42.436542413893825
1204542,49.609297998881814
1204543,49.953078915332036
1204544,44.525623595476596
1204545,40.719926487831195
1204546,37.24453833789042
1204547,34.56540970112297
1204548,35.34051882438726
1204549,38.561299369172644
1204550,40.20577007087329
1204551,40.812102653491756
1204552,40.753922768236656
1204553,38.89543505123965
1204554,39.53153666554574
1204555,43.22545167206421
1204556,35.36326499879053
1204557,17.680258116284143
1204558,5.584632691902126
1204559,1.3625357545359689
1204560,0.3094083506921274
1204561,0.13773417431488827
1204562,0.10531377368513002
1204563,0.06359937511250041
1204564,0.035310186891255986
1204565,0.03644381351655814
1204646,0.006361802528192366
1204647,1.746154185807982e-06
1204648,3.5773633334237373e-06
1204649,0.015402880344265268
1204650,0.04257747075175777
1204651,0.04085091681752327
1204652,0.01860461719941686
1204653,0.08099189375497932
1204654,0.11373517417067174
1204655,0.3992882673972721
1204656,1.6944658707018978
1204657,4.784770995892242
1204658,9.135527988903668
1204659,13.614919891862156
1204660,18.082595969777092
1204661,24.16986991405611
1204662,32.488676989442155
1204663,38.68414933907843
1204664,42.56274299482909
1204665,44.08377053399827
1204666,40.88648017207287
1204674,39.34072018826813
1204675,36.85055815643815
1204676,37.721663563760046
1204677,40.16832754926506
1204678,40.83597328471571
1204679,40.26933396347019
1204680,39.632945743370534
1204681,37.72006545458791
1204682,38.66489072698828
1204683,42.82730315271381
1204684,35.254825561090655
1204685,17.605772839898368
1204686,5.420352241304738
1204687,1.2753338860569234
1204688,0.3010670207504601
1204689,0.13650084519332736
1204690,0.06634409678825552
1204691,0.11139862484736729
1204776,6.8178032766650265e-06
1204777,3.453592245441608e-05
1204778,0.04156684494361126
1204779,0.055584528390926355
1204780,0.02501389759782291
1204781,0.051057816437993835
1204786,6.6226582875230235
1204787,11.101320434573196
1204788,15.913483656644035
1204789,22.242783101696503
1204790,30.94538440683088
1204791,37.50811544402459
1204795,31.859541254531255
1204903,0.012963852466648232
1204904,0.0009544219528092556
1204905,0.02021422880817634
1204906,0.014184281777804154
1204907,0.028025819026559807
1204917,22.2903021619726
1204918,30.095358583700047
1204919,35.35889765074976
1204920,37.93889574249614
1204921,37.69228622461346
1204923,28.206560897988513
1205045,21.671718059828304
1205046,27.147198064026753
1205047,30.644205924527594
1205048,32.98079580643917
1205049,33.71481493792353
1205050,29.959268903776426
1205051,25.962310148873872
1205053,37.150953173407636
1205057,44.76490842875188
1205058,44.703772208768086
1205059,43.75095461818186
1205060,45.68932040494291
1205061,48.45623748955678
1205062,47.6837922135924
1205063,46.106768646164454
1205064,44.62104118139725
1205065,42.72365383721482
1205066,44.975539320194635
1205067,47.42312810254407
1205068,35.71287728041481
1205173,19.112881891861754
1205174,21.921092396680542
1205175,23.718713251514764
1205176,26.56895282059591
1205177,28.795855116449527
1205178,26.01432974710009
1205179,22.445967988474987
1205180,25.903894593278075
1205181,37.435036456476475
1205184,47.866905477763346
1205185,46.69128648792151
1205186,47.10362646364907
1205187,46.39039218413862
1205188,48.34758635021533
1205189,50.60107874795786
1205190,49.68820933490659
1205191,48.33234352620349
1205192,46.83747057855855
1205193,45.03424945156538
1205194,47.120049904720744
1205195,48.533649357260515
1205196,34.539289234984345
1205197,14.603902769597191
1205198,4.041647489889863
1205301,16.30081891347809
1205302,18.977946553285662
1205303,19.969090700657908
1205304,22.292604479214305
1205305,24.30879598710184
1205306,21.422442113955366
1205307,18.574347329148917
1205308,23.6789365530172
1205309,37.45789686932496
1205310,52.66897310845178
1205311,54.85766340586064
1205312,49.47279101001665
1205313,48.82292933269553
1205314,50.27685766958498
1205315,49.51113743660833
1205316,51.16204044529808
1205317,52.82446969472596
1205318,51.923032403314245
1205319,50.88514754189896
1205320,49.87528578828731
1205321,48.294777186540905
1205322,50.25851179075045
1205323,50.42856115820951
1205324,34.51565069675101
1205325,14.026660197814477
1205326,3.745548098684198
1205327,0.7565811254475008
1205430,17.810579790848035
1205431,18.489516988394538
1205432,20.320750542565584
1205433,21.963153108362498
1205434,19.022369563898067
1205435,15.913285190482798
1205436,21.00674138404847
1205437,36.2054329587684
1205438,53.15179292128175
1205439,55.81100195455177
1205440,50.39439718312401
1205441,50.48196381533905
1205442,52.148702581664566
1205443,51.76215069798696
1205444,52.70291845195066
1205445,54.0567287324244
1205446,54.00360631858215
1205447,53.13138054685181
1205448,52.565665741243514
1205449,52.11401359099743
1205450,54.239674038301956
1205451,52.76275318206076
1205452,34.974450080612996
1205453,13.752754607144668
1205454,3.4983969270664668
1205455,0.8404578936201956
1205560,19.478557728859805
1205561,20.4336969179576
1205562,17.483182553105937
1205563,13.988971606584428
1205564,18.515037191349965
1205565,34.06020198524992
1205566,53.24090548325632
1205567,57.03691090286764
1205568,51.77132419212
1205569,52.002110688701045
1205570,53.77951487869574
1205571,53.309991647700976
1205572,53.73118622072088
1205573,54.41308592644
1205574,54.817875098657844
1205575,54.47688440212757
1205576,54.174056727445866
1205577,54.335133308812864
1205578,56.96289543973959
1205579,54.905397334760536
1205580,35.60082355348661
1205581,13.61028662011967
1205582,3.368339960459622
1205583,0.6943663170059078
1205584,0.16934558248702403
1205690,17.527453368792195
1205691,14.382501289297874
1205692,18.19269309036309
1205693,34.34947919157018
1205694,55.035864061891374
1205695,59.437092716481715
1205696,53.65727227896548
1205697,53.687918251324824
1205698,55.54209087192186
1205699,54.5296046074271
1205700,54.49004887125684
1205701,55.33889318060863
1205702,55.69367170458371
1205703,55.74120084263407
1205704,55.370192185774755
1205705,56.001021081611555
1205706,58.507183949759366
1205707,56.02287628211038
1205708,36.113467762042006
1205709,13.66631660238764
1205710,3.334065611565434
1205711,0.5485203315422597
1205712,0.18683643006544934
1205818,16.947362601477238
1205819,14.094943521955823
1205820,18.298586420773177
1205821,35.03884110633263
1205822,57.277826678136776
1205823,62.26571556604924
1205824,55.99976259456936
1205825,56.100382902979426
1205826,57.72172744179832
1205827,56.75152578579494
1205828,56.561367988082374
1205829,57.324011921105054
1205830,57.469832613707524
1205831,57.36034249889893
1205832,57.201216813059716
1205833,57.38796364921281
1205834,59.70839555257066
1205835,56.988026887916796
1205836,36.21990202081949
1205837,13.664973896547368
1205838,3.396500295479431
1205839,0.6785826931324604
1205840,0.1718335042337559
1205946,13.979868274504607
1205947,11.791823249758718
1205948,17.337986711777507
1205949,35.385137708018
1205950,59.25107406602691
1205951,65.3302539708435
1205952,59.44616289791317
1205953,59.33692407060486
1205954,61.118353442726125
1205955,60.30387247584835
1205956,60.327231084647096
1205957,60.64388068046343
1205958,59.84692208359476
1205959,59.888988220430996
1205960,59.70834789565765
1205961,59.514443831286385
1205962,61.42282128797972
1205963,58.13442580804924
1205964,36.60248838945566
1205965,13.796177062353344
1205966,3.395512565708911
1205967,0.6389986236711702
1205968,0.13984222374803676
1206074,9.658060220657724
1206075,8.71557475301441
1206076,15.6349047221695
1206077,35.231304093949866
1206078,60.850507435332126
1206079,68.73565378835534
1206080,63.89311917742972
1206081,63.120692347186576
1206082,64.27983101130154
1206083,62.844670898352
1206084,62.53458105673438
1206085,62.574699171113735
1206086,61.73747175275543
1206087,61.26823313300256
1206088,61.24590531443144
1206089,60.589713962771505
1206090,62.22887014315689
1206091,59.092401573863015
1206092,37.081343836245836
1206093,13.871164887660475
1206094,3.421418673054911
1206095,0.7094408540022494
1206096,0.18683587141926614
1206202,6.943029580958652
1206203,6.680287681911827
1206204,14.304389625265568
1206205,34.71299358840182
1206206,60.806223745311634
1206207,69.84402687537835
1206208,65.418887338238
1206209,64.76606260897805
1206210,65.40784814063983
1206211,63.788506255790175
1206212,63.2179014936488
1206213,62.902952037493726
1206214,61.86208860569723
1206215,61.563127379820884
1206216,61.218205806271364
1206217,60.374511655726025
1206218,62.50809376913092
1206219,59.67321104947668
1206220,37.47279429614352
1206221,14.13548750208429
1206222,3.466100039429782
1206223,0.7457998492162656
1206224,0.16480721931590603
1206330,5.68865770582409
1206331,5.6414665659994085
1206332,12.766855370307972
1206333,32.03266733620539
1206334,57.16983915119057
1206335,65.84373368923058
1206336,61.95933023445497
1206337,61.245586883096436
1206338,61.51228771013391
1206339,59.359113767341725
1206340,58.901539862291145
1206341,59.17435881198923
1206342,58.47726234791128
1206343,58.56483904233712
1206344,58.61971041193853
1206345,56.68020385595037
1206346,59.376246773060124
1206347,57.83631885180651
1206349,14.105054964716441
1206350,3.552312341704131
1206351,0.6829319003275459
1206463,51.78227172201854
1206464,49.944464111954325
1206465,50.27329529527356
1206466,50.15639882722619
1206467,47.58317051166741
1206468,46.9850319309724
1206469,47.33713894683391
1206470,47.2499230666574
1206471,47.77170303695543
1206472,47.87939785931234
1206473,46.15723690362247
1206474,49.065701624580086
1206475,49.12000225919145
1206591,32.95318239197771
1206592,33.581615793853956
1206593,34.72509789625425
1206594,35.557161815716256
1206595,34.719763315871546
1206596,34.736054430266805
1206597,34.683518978186584
1206598,35.03130104587779
1206599,36.325459820328355
1206602,34.34187385964571
1206603,34.26324353643021
1218492,30.907950963212087
1218493,29.53900960123915
1218494,33.63676980847019
1218495,37.12137045357325
1218496,40.86577799183012
1218497,45.49854378265083
1218498,42.637232388444595
1218619,44.66182844514549
1218620,44.31141523373853
1218621,44.85521908355534
1218622,48.64940674643695
1218623,53.276512043925976
1218624,57.65971574241952
1218625,60.23928343147262
1218626,56.000518811713775
1218627,44.77961283658849
1218628,36.67336758046814
1218629,32.082368044926824
1218630,29.25834546811471
1218631,28.994997058255667
1218632,30.785561165980212
1218633,31.7115765829756
1218742,7.604112256485384
1218746,54.712959011208284
1218747,56.681400285354194
1218748,57.47047899613796
1218749,58.3831652669095
1218750,61.422948548482665
1218751,64.80882314108683
1218752,68.5121201360721
1218753,69.47280082149352
1218754,64.83006776269386
1218755,56.068386267395006
1218756,51.05633334169393
1218757,48.96718458199262
1218758,46.441546831692946
1218759,45.72692006881269
1218760,45.882685257453396
1218761,44.712779198923535
1218762,44.50822767745569
1218763,41.43799177712719
1218870,9.771693078729136
1218871,21.537539744980613
1218872,38.24181836422566
1218873,51.32197737527725
1218874,58.017263716693016
1218875,61.19702656620119
1218876,63.60132501394484
1218877,65.18497175416316
1218878,65.70118785559013
1218879,67.00318521115592
1218880,69.48174318512054
1218881,69.12518174318623
1218882,65.5790427139547
1218883,60.135193863102536
1218884,58.40385063034283
1218885,61.186453691634796
1218886,62.88819491415665
1218887,62.052005334867665
1218888,60.93531488855494
1218889,57.41702327708966
1218890,56.621101311245255
1218891,53.214789760362756
1218894,4.763778662583975
1218895,1.2007278373189898
1218896,0.19477570077063205
1218998,12.667929766976368
1218999,24.890224892803438
1219000,39.34957365068359
1219001,50.3797749293001
1219002,56.215642875132914
1219003,60.295886697809
1219004,63.90340618601896
1219005,65.91023149672577
1219006,65.67924619255022
1219007,65.92327020697564
1219008,67.38386149538007
1219009,66.68283167601868
1219010,63.80471027610716
1219011,60.59693531214233
1219012,60.20615972613134
1219013,64.29825004998615
1219014,67.16393104312269
1219015,67.1226398158289
1219016,65.95618612550096
1219017,62.27976586458853
1219018,61.56393518244919
1219019,57.603486971274684
1219020,36.48264055168934
1219021,14.76559901366772
1219022,4.169367259183361
1219023,0.9272649261698653
1219024,0.2501779577568774
1219126,14.93667763335368
1219127,26.731390792071625
1219128,39.02717729504425
1219129,47.69488077048151
1219130,52.35132052063606
1219131,56.23454094152183
1219132,59.51731897361621
1219133,61.58541840758845
1219134,62.04644191066592
1219135,62.55896329523962
1219136,63.33033365343956
1219137,62.07374350542005
1219138,60.34295473486
1219139,59.29135578038923
1219140,59.63009725389872
1219141,62.263074367696575
1219142,63.832794460708094
1219143,64.84915721923967
1219144,65.25669846827029
1219145,63.27971763156445
1219146,63.06381482154963
1219147,58.46406991158549
1219148,36.754902869464516
1219149,14.38778380219571
1219150,4.029206842199635
1219151,0.8268116788803431
1219152,0.27661701451931026
1219254,16.270912455549446
1219255,26.990250531183648
1219256,37.722866973861045
1219257,44.98805257857307
1219258,48.45467653660711
1219259,51.26320927681117
1219260,53.92215414207041
1219261,55.54509921020248
1219262,56.364370553792405
1219263,57.647053551408796
1219264,58.91203184392902
1219265,58.36639434191912
1219266,57.7186698915741
1219267,57.8267118973812
1219268,58.41871115962375
1219269,60.11900896612509
1219270,60.74649943835868
1219271,61.04066737292824
1219272,62.54913393380118
1219273,62.12991712575549
1219274,62.332240570215426
1219275,58.20372847095743
1219276,36.83541661373553
1219277,14.424814383633983
1219278,3.9845945550422712
1219279,0.9671361020616043
1219280,0.21804003538511782
1219382,19.806692158271616
1219383,27.518555327389752
1219384,36.67401709401771
1219385,42.478954421103836
1219386,44.23184383272593
1219387,45.896457175900125
1219388,48.98798776615955
1219389,51.15645338275381
1219390,52.66945009162909
1219391,54.077373717680835
1219392,56.001204207515144
1219393,56.399847595532655
1219394,56.10314615607467
1219395,56.903649285596295
1219396,57.81187856696298
1219397,58.93583692029133
1219398,58.631311166707235
1219399,58.23084873670847
1219400,59.28348733240413
1219401,59.839201276703925
1219402,60.514674319265836
1219403,56.78861969634568
1219404,36.575415624093395
1219405,14.385347962108069
1219406,3.888221098777272
1219407,0.8170736891219278
1219408,0.21907018288137534
1219510,25.687680896001233
1219511,30.098017517154567
1219512,36.93338748740276
1219513,40.77685822347153
1219514,41.33726455388575
1219515,42.46796608775535
1219516,45.580753644817165
1219517,48.64728882908914
1219518,51.583755842875036
1219519,53.51271787457697
1219520,55.00723480956395
1219521,55.65281694666199
1219522,55.733045345884555
1219523,56.38777612910733
1219524,56.97822122652203
1219525,57.644599661714004
1219526,56.98763599612096
1219527,56.400466740096135
1219528,56.79438367123562
1219529,57.023755924636504
1219530,57.915705343008106
1219531,54.84242753721195
1219532,35.71806704481553
1219533,14.81657788975588
1219534,3.924458553366072
1219535,0.8322064507594331
1219536,0.2315153492798245
1219637,24.387446986985225
1219638,27.997057212006563
1219639,31.333399407085356
1219640,37.31457198714555
1219641,41.77348969374426
1219642,42.59713336342088
1219643,42.889043345453125
1219644,44.83934459325303
1219645,47.498934728402226
1219646,50.76660319179862
1219647,52.63962819336371
1219648,54.16304115493818
1219649,54.19912664636863
1219650,54.25007904517669
1219651,54.640860105258234
1219652,54.775205399345786
1219653,54.98470776171976
1219654,54.221771384103775
1219655,54.29966365344954
1219656,54.54708875864347
1219657,53.06729641685208
1219658,53.29341379559057
1219659,51.081474314877376
1219660,34.81565263456433
1219661,14.628804615453447
1219662,4.127570447073125
1219663,0.9439631953543538
1219765,24.098049438838746
1219766,28.177567172417582
1219767,32.0892522963442
1219768,38.26275642282523
1219769,43.43588436451884
1219770,44.810870606367075
1219771,44.70369344593953
1219772,44.712180914095924
1219773,46.23050844765898
1219774,49.441959972976996
1219775,51.71143087887889
1219776,52.793216402794144
1219777,52.472340218788474
1219778,52.47027421391756
1219779,52.55689440355407
1219780,52.2860989756311
1219781,51.40493986004983
1219782,50.65157323279211
1219783,51.50891111969468
1219784,50.93191325174067
1219785,47.5414743876624
1219786,46.701925928487555
1219787,46.747994108396774
1219788,33.61257725096438
1219789,14.927714540382686
1219790,4.24207010038667
1219791,1.003739459063479
1219893,25.074023051607337
1219894,29.50030506888145
1219895,33.73687951691193
1219896,40.64905208288946
1219897,46.212022981062155
1219899,46.402302993071075
1219900,45.78241425016387
1219901,46.74888621034637
1219902,50.107212667088746
1219903,51.595074855151225
1219904,51.83334577926491
1219905,51.5104071312007
1219906,51.13882597980163
1219907,50.33978387517702
1219908,48.93951229330793
1219909,47.93798727454099
1219910,46.99960143713489
1219911,48.149316571739526
1219912,47.35202021981732
1219913,42.85434581971408
1219914,41.71730200282322
1219915,43.73280890998781
1219916,32.63833687944573
1219917,14.847574144448359
1219918,4.442897015054913
1220006,0.002277434816066474
1220007,0.010055808165352283
1220008,5.162974558601376e-06
1220009,0.0350662399967302
1220010,0.022904614832004816
1220011,0.03127153403220063
1220012,0.05644041392454165
1220021,26.90645116270255
1220022,31.231236817123257
1220023,36.06059470561705
1220024,43.01635221601269
1220025,48.418834208131074
1220029,47.506724165790885
1220030,50.53770315701374
1220031,51.89712194917936
1220033,49.51744616915463
1220039,44.743208060400896
1220040,44.10865035146855
1220041,39.87453865579858
1220042,39.00176507448122
1220043,42.25439734206844
1220044,33.20033159605583
1220135,0.005557277397849385
1220136,0.006518686097475937
1220137,0.02013770432465347
1220138,0.0177619681469752
1220139,0.031060548032172217
1220140,0.039842674580086015
1220141,0.08278028813949995
1220142,0.16835579123237107
1220143,0.22400186108617617
1220149,27.835640334237322
1220150,33.35490212287832
1220151,38.49691987050314
1220152,44.528477298619514
1220153,49.671721661586304
1220161,46.597506584517404
1220263,0.010770034160764734
1220264,0.01576955402949901
1220265,0.009925415569692392
1220266,0.031156225950055825
1220267,0.015678337247463064
1220268,0.055140839452055425
1220269,0.06994580279365371
1220270,0.10346928556075399
1220271,0.3592134438915641
1220272,1.365221594450582
1220273,3.8900337601719213
1220277,28.254925618759483
1220278,34.598908224441736
1220279,40.348388182258375
1220280,45.96081180375557
1220281,50.32441340854512
1220393,0.01227946255882661
1220394,0.005902908988669018
1220395,0.052944613609037953
1220396,0.00864635705484132
1220397,0.0868838841067986
1220398,0.1569530404220223
1220399,0.542179757379276
1220400,2.2829291017034508
1220401,6.218671985779225
1220402,12.479529626067524
1220403,19.661849090641986
1220404,25.25390436921674
1220405,29.882527022616973
1220406,36.58518098759388
1220407,42.69085164300096
1220408,47.46224660555772
1220409,50.953242894271284
1220422,36.923598143578396
1220517,0.0043413328690478335
1220519,0.0047705347575751995
1220520,0.005536533871107144
1220522,0.03128754282995592
1220523,0.0568893439842459
1220524,0.04864550299414344
1220525,0.07519576247029995
1220526,0.17729644960422344
1220527,0.5688374527984128
1220528,2.249062353201131
1220529,6.146743943658543
1220530,12.366598449481481
1220531,19.55359343462617
1220532,25.576301375995104
1220533,30.994412920545226
1220534,38.11590564957648
1220535,44.128231555941476
1220536,48.40949395493804
1220537,50.87639521951653
1220542,50.595109705714904
1220543,51.750985923487946
1220544,46.87982519123609
1220545,41.559574338524506
1220546,35.50221672833416
1220547,29.8658460461193
1220548,28.782494068587063
1220549,32.92684830742005
1220550,38.67313549753894
1220551,43.302189421361334
1220552,44.251884358429564
1220553,40.64120872179137
1220554,39.78628161667761
1220555,44.37608695836289
1220556,38.19353591727991
1220557,19.90479382745827
1220558,6.633930258543924
1220559,1.5343124394363257
1220560,0.335903993270741
1220561,0.1581316757275858
1220562,0.13165372691610977
1220563,0.05715125009704045
1220564,0.04737511548898904
1220565,0.05980819042467477
1220566,0.010769619760291681
1220567,0.014943681239970582
1220568,0.001396661665973186
1220645,0.0023890616183344054
1220648,0.004739177962646888
1220649,0.02303853609884401
1220650,0.03969469830283951
1220651,0.04979144325292289
1220652,0.05661352819120338
1220653,0.04791869657092966
1220654,0.1925152219827615
1220655,0.5692538686418269
1220656,1.865207830106975
1220657,5.434831305430029
1220658,11.242439190588636
1220659,18.327314763749296
1220660,24.424900063542616
1220661,30.491587390497063
1220662,38.26406901533687
1220663,44.12169800084331
1220664,48.16254916983645
1220665,50.380880680910664
1220669,43.24767632188497
1220670,49.82455522244428
1220671,50.65359491612596
1220672,45.58379717765527
1220673,40.28114561993945
1220674,34.93720085304097
1220675,29.94315142168691
1220676,29.3623315343637
1220677,34.05349393022751
1220678,39.61335892604378
1220679,43.78568011283736
1220680,45.265268976807604
1220681,42.07845567844777
1220682,40.48891012886393
1220683,43.91596772631671
1220684,37.0323009242014
1220685,19.239690206775116
1220686,6.229960396571963
1220687,1.4325759506188513
1220688,0.22830873873368232
1220689,0.14269563004035138
1220690,0.06724636374615042
1220691,0.07722487396104503
1220692,0.03466066413233871
1220693,0.043309078187617894
1220694,0.015999869415710535
1220695,0.019659540727206208
1220696,0.013028456470911758
1220697,0.0012470103900323434
1220774,0.002627967780167846
1220775,0.0053060735066140195
1220776,4.849747565280892e-05
1220777,0.010584469990676824
1220778,0.015096068246991853
1220779,0.019322762513445512
1220780,0.05920751700013177
1220781,0.03653921896785671
1220782,0.13164450438938402
1220783,0.6109130057042025
1220784,2.0167852271901405
1220785,5.360234875502932
1220786,10.70390192046303
1220787,16.59680077469425
1220788,22.000149477487035
1220789,27.49254907448541
1220790,35.40812063069285
1220791,41.94236430837464
1220792,46.28592566451547
1220793,48.29776990945088
1220795,40.633786573318964
1220796,38.77832469220133
1220797,42.39430078474105
1220798,49.44476921396802
1220799,49.69580942911346
1220800,44.73515433065926
1220801,39.77900362522629
1220802,35.26907925251456
1220803,31.03910036927206
1220804,30.99023217141682
1220805,34.93838888839693
1220806,39.34667977758476
1220807,42.3442300640734
1220808,43.557603605927106
1220809,40.90836555593617
1220810,39.823673406774205
1220811,43.50835887822401
1220812,36.218705368650525
1220813,18.588168913081606
1220814,5.9493211067004
1220815,1.472501894823238
1220816,0.36331541415929347
1220817,0.17243133773173897
1220818,0.10773998507019676
1220819,0.06657207304297984
1220820,0.05244533871565088
1220821,0.035446580354106576
1220822,0.01629655287654422
1220823,0.008109675147302773
1220824,0.004375741434091337
1220825,0.0032298919961615247
1220903,0.0029266004824596466
1220904,4.102564287260503e-06
1220905,0.030917550227925878
1220906,0.026552669876984798
1220907,0.021457209894901928
1220908,0.04052426949632777
1220909,0.04787033915780668
1220910,0.12021835690803173
1220911,0.5739255668069125
1220912,1.835263241334566
1220913,5.380748243369414
1220914,10.070722045304526
1220915,14.617567329718625
1220916,18.589495951727294
1220917,23.648954982226684
1220918,31.655294981049295
1220919,38.366244822212764
1220920,42.78625396700033
1220921,45.081172458087075
1220923,37.46612415910058
1220929,40.055650576620586
1220930,36.45847898649705
1220931,32.709665640706454
1220932,32.57056537573502
1220933,35.8755592657457
1220934,38.57217203499026
1220935,39.93088833491684
1220936,40.337919419514876
1220937,37.78083493164882
1220938,37.83448980435423
1220939,41.84808419486663
1220940,35.160591842758265
1220941,17.942965984691075
1220942,5.724234262198753
1220943,1.3386963837825119
1220944,0.34093914042299556
1220945,0.10060510719181384
1220946,0.0914391025848533
1220947,0.0514229940393168
1220948,0.05212793117139726
1220949,0.029903243696553086
1220950,0.008910221486986626
1220951,0.011714494565539097
1220952,0.0023404468310732566
1221031,2.415253003586751e-06
1221033,0.015364602160254289
1221034,0.029319723078751286
1221035,0.029341658758675025
1221036,0.04457145670322335
1221037,0.09562142163354113
1221038,0.1892135445925138
1221039,0.48608415202525995
1221040,1.6322714705148196
1221041,4.852312802283795
1221042,8.93243120953038
1221043,12.731331251986068
1221044,16.532985707162567
1221045,21.65008172682983
1221046,29.81300145570486
1221047,36.446903261014754
1221048,40.70058181698182
1221049,41.74607434481998
1221051,33.150144620558955
1221064,38.30035080355065
1221065,35.48358018164948
1221066,35.92139907756783
1221067,41.14039926876094
1221068,34.36051402569532
1221069,17.48249542980619
1221070,5.658837654104623
1221071,1.3810335539353014
1221072,0.3334296370832367
1221073,0.15622829419869855
1221074,0.08434802527691543
1221075,0.049910062115270035
1221076,0.04166481647970838
1221077,0.0531398604699177
1221078,0.022167792787808508
1221159,0.0041103546128836805
1221160,0.009404139746112889
1221161,3.820568896922849e-05
1221162,0.007723253926551994
1221163,0.05873436202778047
1221164,0.04379493223185528
1221165,0.13510260361932372
1221173,21.052382542751737
1221174,29.962078214324553
1221175,36.39550998683839
1221176,39.82724461063997
1221177,39.34758574997971
1221179,29.36048471240162
1221288,1.7861394128205138e-06
1221289,0.00595687981232098
1221301,21.1262699426938
1221302,28.66272332296049
1221303,34.05536194772544
1221304,37.02539847910407
1221305,36.85707783501927
1221306,32.142764047156916
1221307,27.36428594279607
1221309,36.26159630925061
1221429,19.903583079801837
1221430,24.319161510201187
1221431,27.543289896084488
1221432,30.411772576615586
1221433,31.929458919250433
1221434,28.945722493999643
1221435,25.175914000806905
1221436,26.418338971705946
1221437,35.854194879329555
1221438,48.68085349835643
1221441,44.04866683022837
1221558,20.57224207133574
1221559,21.980373406574298
1221560,24.362485892360052
1221561,26.513974921699862
1221562,23.914397007959177
1221563,20.98931600492146
1221564,24.561357180130397
1221565,35.78308576334632
1221566,49.906787607331125
1221570,45.18664477082678
1221571,44.444193261908836
1221572,46.26370075658943
1221573,48.44984300260947
1221574,47.4863785121148
1221575,45.876919578158834
1221576,44.2024988544562
1221577,41.837892176872046
1221578,44.02055211000973
1221579,46.57036872694358
1221580,33.87497273024375
1221686,18.207547722056123
1221687,19.151661030907952
1221688,21.058130051912357
1221689,22.483157470349116
1221690,19.601737243693506
1221691,16.977750555415632
1221692,22.044449237360173
1221693,35.931390125705136
1221694,51.34578516490551
1221696,48.326773032124954
1221697,47.35271033340852
1221698,48.06280973485899
1221699,47.38873455346295
1221700,48.765672950842834
1221701,50.6151931745984
1221702,49.56728331671743
1221703,48.19825427009301
1221704,46.701810024373806
1221705,44.25767730653523
1221706,45.87967777049318
1221707,47.31059631923918
1221708,33.168290066885596
1221709,13.659832612461877
1221710,3.688550298991307
1221816,19.169364587852264
1221817,20.38755934748457
1221818,17.50878881371314
1221819,14.840697711419413
1221820,20.040408120771254
1221821,35.056000916168536
1221822,51.88339940507307
1221823,54.59482824350635
1221824,49.44857862030829
1221825,48.8985003447829
1221826,50.0573079582855
1221827,49.67447282959036
1221828,50.795803168674325
1221829,52.028157819182404
1221830,51.50711150599003
1221831,50.72070505377104
1221832,49.69708423908356
1221833,47.79775275159021
1221834,49.214639245951645
1221835,49.02260462012755
1221836,33.134657570528326
1221837,13.343402624954978
1221838,3.331769885361846
1221839,0.7426783987310747
1221944,18.273848545047258
1221946,16.297094508777302
1221947,13.366246583061605
1221948,17.95502993320057
1221949,33.55702602868543
1221950,51.85855041956481
1221951,55.597485594108846
1221952,50.08334791904351
1221953,50.05914254780214
1221954,51.75609648904614
1221955,51.05597037069133
1221956,51.568153923501065
1221957,52.7440092418908
1221958,52.65731510747926
1221959,52.35261609677268
1221960,51.405183059388584
1221961,50.74943705716354
1221962,52.423165766882
1221963,51.2222094827027
1221964,33.940758052142336
1221965,13.366776793267322
1221966,3.5352435930101085
1221967,0.789046393460736
1222074,16.706311785631325
1222075,13.576709682683555
1222076,17.753471912908438
1222077,33.666396159701634
1222078,53.39352653329227
1222079,57.30370273253382
1222080,51.557175446654746
1222081,51.888631060408976
1222082,53.59496038955055
1222083,52.46222909091644
1222084,52.55164276654577
1222085,53.38367796089887
1222086,53.881599081934795
1222087,53.74356793016939
1222088,53.294380319803814
1222089,53.12830625016487
1222090,55.42655888498708
1222091,53.80033866803039
1222092,35.251278839969316
1222093,13.669922679703134
1222094,3.575726282915272
1222095,0.8165749679589487
1222096,0.19138540104067572
1222202,17.189001230609872
1222203,14.331252216452008
1222204,18.638288239551414
1222205,34.96358538695131
1222206,55.948490181665676
1222207,60.18076551223591
1222208,54.27662718304136
1222209,54.50656423050654
1222210,56.078007386758856
1222211,55.017512458510716
1222212,54.974513627656144
1222213,55.63597916247424
1222214,55.91201601124876
1222215,55.834625995906215
1222216,55.63884191715838
1222217,56.00509036523979
1222218,58.696943344920484
1222219,56.02639499962397
1222220,36.162646295391916
1222221,14.018626531448303
1222222,3.6469949213228188
1222223,0.8328330567356467
1222224,0.18299497824745478
1222330,15.820717735135027
1222331,13.159779031110347
1222332,18.276581695978546
1222333,35.85052410829737
1222334,58.46637611472508
1222335,64.13679214932405
1222336,58.539063538403326
1222337,58.606250761900355
1222338,60.18364334997911
1222339,58.99882894996521
1222340,58.96437140249824
1222341,59.43043659136043
1222342,58.80556088613957
1222343,58.50578322105497
1222344,58.65745667522045
1222345,59.22292143877602
1222346,61.25887279519764
1222347,57.90652773540362
1222348,36.8988413886616
1222349,14.432072995746887
1222350,3.802855772621026
1222351,0.8372654721653183
1222352,0.13925628395900974
1222458,12.247389078531162
1222459,10.64270374028018
1222460,16.902157937103038
1222461,36.05705149380156
1222462,60.87709842293345
1222463,68.20625181696742
1222464,63.11443747856128
1222465,62.74006703446116
1222466,63.91398378006047
1222467,62.93511660865513
1222468,62.51324246682582
1222469,62.207981060461506
1222470,60.910472623554334
1222471,60.413375860313714
1222472,60.98199400455552
1222473,61.169099945699934
1222474,62.855481840929556
1222475,59.42746577267329
1222476,37.83415818430205
1222477,14.822614560867608
1222478,4.111233513202617
1222479,0.7857593804016928
1222480,0.17098696542121436
1222586,9.175855225179365
1222587,8.367373879985829
1222588,15.608289800533077
1222589,35.39051860325808
1222590,60.83247298170856
1222591,69.63393420102946
1222592,65.01754653892438
1222593,64.05174745463856
1222594,65.06767054416807
1222595,64.32640611724172
1222596,63.695369088360565
1222597,62.85834655357211
1222598,61.53122196399746
1222599,61.17822419608142
1222600,61.71631755821191
1222601,61.31129572761397
1222602,63.34030569774788
1222603,60.133277520669104
1222604,38.54975981345258
1222605,15.237844015553266
1222606,4.275392170202726
1222607,0.8172997940423783
1222608,0.18098822490983657
1222714,7.14047714875573
1222715,6.909768104016259
1222716,13.853016420953344
1222717,31.940337728323925
1222718,56.00068265115711
1222719,64.4582288284841
1222720,61.37536620076296
1222721,60.95295526822101
1222722,61.78604692789934
1222723,60.80441254464968
1222724,60.24470897263938
1222725,59.959510735816544
1222726,59.07217875513807
1222727,59.15009660752515
1222728,59.37717926578034
1222729,58.28648745385133
1222730,60.79564361290063
1222731,59.08614666600865
1222732,38.305752436180086
1222733,15.674146571300039
1222734,4.395080793412906
1222735,0.8267830302882682
1222736,0.18100410216049115
1222847,50.25355085229966
1222848,49.36073236405668
1222849,50.21943609491271
1222850,50.816934268658365
1222851,49.37543454060149
1222852,49.614509674075514
1222853,50.03201371581625
1222854,49.536689072368425
1222855,49.79312837446709
1222856,50.20526484462863
1222857,47.77442564369277
1222858,50.06098566847383
1222859,50.2652827745592
1222975,31.52753659141675
1222976,32.10248607145751
1222977,33.610595058815875
1222978,34.67279859468895
1222979,34.31430196520237
1222980,34.07601294519377
1222981,33.83592386077626
1222982,33.926782716898614
1222983,35.13644408860303
1222986,32.78417944080637
1222987,32.34665181203008
1234877,32.81453476201888
1234878,36.41535479522619
1234879,39.79517772286553
1234880,43.12626270864325
1234881,47.452423656165756
1234882,44.55263876699704
1235003,46.088075655048186
1235004,46.787293447330235
1235005,47.53757219414494
1235006,51.69604601027373
1235007,55.99921737451398
1235008,60.00271802756962
1235009,61.60128169738032
1235010,57.83435393401495
1235011,47.689312947594594
1235012,39.84826192385997
1235013,35.38454585863838
1235015,30.066263542924254
1235126,8.356681070984056
1235131,53.81236527274842
1235132,55.86720932405918
1235133,57.88100142887285
1235134,60.56888776109071
1235135,63.36312455501825
1235136,66.36076199176009
1235137,67.00886274584452
1235138,63.45319993922028
1235139,56.00043743093433
1235140,51.61304736645436
1235141,50.16771513726387
1235142,48.17409066677999
1235143,46.76301294735899
1235144,46.288744293440914
1235145,45.57719588782171
1235146,45.990951319466724
1235147,42.9779333083242
1235151,1.1549292272804148
1235254,10.442011668638457
1235255,22.166613016467412
1235256,37.141503611884126
1235257,47.42637816117708
1235258,51.80865375890381
1235259,56.000300928451104
1235260,60.40301477550885
1235261,62.57210649957188
1235262,63.07737084110359
1235263,63.826228817674355
1235264,66.38914157343592
1235265,66.33137800714442
1235266,63.853544629213815
1235267,59.41628956584159
1235268,57.97912221344034
1235269,60.71455378030686
1235270,61.598059012087624
1235271,60.44147905884151
1235272,59.46535368475653
1235273,56.665789410581006
1235274,56.65930535050715
1235275,52.50528538826039
1235276,32.78455835356333
1235277,13.751722677083658
1235278,4.255762681364905
1235279,1.074798755085961
1235280,0.36789723248296835
1235382,12.587182917148048
1235383,23.980175817117864
1235384,36.85343569960493
1235385,45.437526318881
1235386,49.391586770695945
1235387,54.153301672320204
1235388,58.88007480119768
1235389,61.725429876643396
1235390,62.47694217676476
1235391,62.785545999435016
1235392,64.44985707836267
1235393,63.96187077128936
1235394,62.23565422873439
1235395,59.89525494041347
1235396,59.79149084312114
1235397,62.64039686514422
1235398,64.14802275430263
1235399,63.4225187354663
1235400,63.24385997408384
1235401,60.771841835475236
1235402,60.638105456014856
1235403,56.000147030970446
1235404,34.661556670149324
1235405,13.550883872988875
1235406,3.8879792114228335
1235407,0.9223558170454537
1235408,0.1912001320533163
1235511,24.458962550850877
1235512,36.21215014844628
1235513,43.47342184039738
1235514,46.61040650337692
1235515,49.86008324566886
1235516,53.317854173512046
1235517,56.24280554835861
1235518,58.3973492986895
1235519,60.48900334617143
1235520,62.033687476722854
1235521,61.29101911104377
1235522,60.030542429405436
1235523,58.98416766315941
1235524,59.79642837603915
1235525,61.12947741557679
1235526,61.325411414186114
1235527,61.65788017708834
1235528,62.63885881763164
1235529,61.794088161464956
1235530,62.10090386434314
1235531,57.53306286452947
1235532,35.65108033618672
1235533,13.913324241642187
1235534,3.9854236307558977
1235535,0.8780776096670935
1235536,0.26291317542259957
1235639,24.70218602684192
1235640,34.730614897523665
1235641,40.82599711524367
1235642,42.788615855940854
1235643,44.73699752156708
1235644,47.188817765453045
1235645,50.187189165598134
1235646,52.72859712673946
1235647,56.00061269738225
1235648,59.08964346617565
1235649,58.87234475831509
1235650,58.13922911134318
1235651,57.92286620539818
1235652,58.40764554575154
1235653,59.423068624827465
1235654,58.92333609559764
1235655,58.75824723930739
1235656,60.61637713186355
1235657,60.615181312680015
1235658,60.81174222852054
1235659,56.00031553790813
1235660,35.21760874248155
1235661,13.84210368879933
1235662,3.890715798404248
1235663,1.016746721604877
1235664,0.2122659148794468
1235767,26.11222830675289
1235768,34.04127006370886
1235769,38.203283448846
1235770,39.09634459411481
1235771,41.13039294247169
1235772,44.258853756105474
1235773,47.22914837215998
1235774,49.975087833885254
1235775,53.403088198368664
1235776,56.57163579776736
1235777,57.11492943206515
1235778,56.864195759340284
1235779,57.06033150985918
1235780,57.623869205182686
1235781,58.45843618044373
1235782,57.87985351070985
1235783,57.96218210841837
1235784,58.87162577391094
1235785,58.26305804884771
1235786,57.94864761720325
1235787,53.338198421055786
1235788,33.97009520729964
1235789,13.657821795563843
1235790,3.846555976520548
1235791,0.8068213961271115
1235792,0.1752600445427169
1235894,25.997735457725113
1235895,29.45654380484276
1235896,35.03767151922335
1235897,37.41733125436358
1235898,37.525919863680315
1235899,39.59210192430134
1235900,42.64736719399989
1235901,46.24010004122524
1235902,49.95786103753304
1235903,53.17390798233252
1235904,55.6998441060575
1235905,56.179003094416494
1235906,55.77296844882641
1235907,55.652705649118325
1235908,56.00041897361874
1235909,56.63609742251374
1235910,56.00340206672774
1235911,56.110098858234934
1235912,56.00176787125391
1235913,54.67354589691434
1235914,53.9573368906819
1235915,49.73544004217592
1235916,32.5249051769033
1235917,13.475462812887889
1235918,3.641237472321614
1235919,0.9067587265514684
1236022,27.633946649639977
1236023,30.802828285792707
1236024,35.64300070465755
1236025,38.308845573974544
1236026,38.71233700562745
1236027,40.180818587238
1236028,42.30283493756159
1236029,45.02116628749028
1236030,49.00828329300445
1236031,52.49720434200176
1236032,55.022337401190725
1236033,54.613216954417595
1236034,53.72064663668656
1236035,53.088921475755136
1236036,52.662604222661955
1236037,52.35724524186089
1236038,51.95438338397046
1236039,53.042840090911824
1236040,52.32054589996764
1236041,49.96773327072889
1236042,48.72123440030329
1236043,46.13091508741114
1236044,31.09480364838044
1236045,13.236886240466871
1236046,3.9460230119211706
1236047,0.9272238021323277
1236150,28.068060806314463
1236151,31.844174567000167
1236152,36.71270021742467
1236153,40.73182356979827
1236155,42.386017619790024
1236156,42.85877135491636
1236157,44.296780218276126
1236158,48.56846420711022
1236159,52.280988300455235
1236160,53.863953181431555
1236161,53.44876866823001
1236162,51.979487109878036
1236163,50.70919488768556
1236164,49.25309893886401
1236165,47.90122490804544
1236166,47.78134640128732
1236167,48.98964595052541
1236168,48.129369889019614
1236169,43.869656608888015
1236170,42.99526897686183
1236171,42.84244733693236
1236172,30.556058737949854
1236173,13.660812072572865
1236174,4.026205323477357
1236277,24.934121712596294
1236278,29.539489791937335
1236279,33.801143116412206
1236280,39.49180852619145
1236281,43.98076111092312
1236284,43.815614039182215
1236286,48.841405173605004
1236287,51.96788031557068
1236288,53.153457715749425
1236289,51.62949178692959
1236290,49.79680674794388
1236291,47.864144658193915
1236292,45.837778170130605
1236293,44.221230444834355
1236294,43.64902368392833
1236295,45.192207088673314
1236296,44.38652249927511
1236297,40.07929150974326
1236298,39.43323387655816
1236299,41.61169147441046
1236300,31.27840017769877
1236390,1.531287109090812e-06
1236391,4.599187017682373e-06
1236405,26.351742506603664
1236406,31.793567953749715
1236407,36.60199645656192
1236408,42.12848425807994
1236409,46.1938079055754
1236415,52.26441237378678
1236417,49.06138960148259
1236519,1.7824419365677206e-06
1236520,0.008306654206408474
1236521,0.0054653828365164615
1236522,0.023914622385359713
1236523,0.05510441624208153
1236524,0.06712488525364882
1236533,27.20436600442913
1236534,33.93805854452408
1236535,39.217616919717834
1236536,43.976433177456556
1236537,47.80004670438554
1236545,46.20175705829474
1236646,0.002295072684598451
1236647,4.395248816182922e-06
1236648,0.005359209906714897
1236649,0.028171061511757488
1236650,0.013301751064189888
1236651,0.036914653013256304
1236652,0.07786116324830707
1236653,0.08137719956363396
1236654,0.20332600882802296
1236661,28.592359365767308
1236662,35.29943466833736
1236663,41.196471649066595
1236664,45.752277997550074
1236665,48.71242285476019
1236673,44.34058753251021
1236776,0.009552603835990957
1236777,0.018340623350480163
1236778,4.4032604586396485e-05
1236779,0.02468075275510857
1236780,0.06963530228743109
1236781,0.0855817605258758
1236782,0.19757521074904105
1236783,0.5142883265867481
1236784,2.3016718221063646
1236785,6.322121464940544
1236789,29.908276927820747
1236790,37.102606225091655
1236791,43.138824015636814
1236792,47.43016378034785
1236793,49.51050038407314
1236820,0.037974972402942155
1236821,0.027580924964256934
1236822,0.013597646076018446
1236823,0.010961324630965316
1236824,0.007110175114851922
1236904,0.012477259945399109
1236905,0.01201384683597889
1236906,0.007270859951439624
1236907,0.033692254416409495
1236908,0.08248594930858694
1236909,0.08631999431416737
1236910,0.15002740430687858
1236911,0.6204634834146749
1236912,2.248970539852366
1236913,6.228622860269601
1236914,12.195940723393793
1236915,18.78874385074934
1236916,24.315654986968198
1236917,29.658504079129745
1236918,36.90670084133856
1236919,42.991576018673484
1236920,47.260273204471254
1236921,49.585987961772695
1236936,42.958081475480114
1236937,39.46007182133983
1236938,39.07074651760532
1236939,44.21132847936595
1236940,38.05939553961094
1236941,20.277746178850837
1236942,6.9488070683725
1236943,1.6957771152953807
1236944,0.3847860094630942
1236945,0.10611861319506792
1236946,0.09661390766960007
1236947,0.11217948326317372
1236948,0.07185151405998186
1236949,0.028488475954473846
1236950,0.00875232342453212
1236951,0.013507243037275563
1236952,0.017088603114089163
1236953,0.0029416363499419353
1237032,0.006307173508394485
1237033,0.005825193924944573
1237034,0.026172263482600707
1237035,0.04847667841147408
1237036,0.03609119993790952
1237037,0.08615217842643916
1237038,0.2579977844015042
1237039,0.564936204948147
1237040,1.976673320213914
1237041,5.44306431515133
1237042,10.660004339229575
1237043,16.613030696003865
1237044,21.80046734370939
1237045,26.929338067158167
1237046,34.61538139474592
1237047,41.08641778582169
1237048,45.5333048844034
1237049,48.27056884843904
1237061,33.22368625909984
1237062,38.60942805677187
1237063,43.063330758897195
1237064,44.20927721123786
1237065,41.054770231850995
1237066,40.01865752636152
1237067,44.18699617206921
1237068,37.48338366199014
1237069,19.66620796644453
1237070,6.495148766056677
1237071,1.598828039197045
1237072,0.3940511918360281
1237073,0.12792017302203057
1237074,0.08994201588635539
1237075,0.08431983265310491
1237076,0.05917984828001072
1237077,0.013365664965925245
1237078,0.018037998590541664
1237079,0.013969836649216468
1237080,0.010192446334575073
1237081,0.0055120921327616226
1237082,3.3760064428943535e-06
1237158,0.002667246633452253
1237160,0.012575938245470264
1237161,0.04788660052495028
1237162,0.02984520884539189
1237163,0.037791984528068534
1237164,0.03902478913181678
1237165,0.0876080930404516
1237166,0.1560692041761306
1237167,0.4739338534859326
1237168,2.133661086534095
1237169,5.291936955568372
1237170,9.960115983614147
1237171,14.488093897073497
1237172,18.381640076846477
1237173,23.16952482012454
1237174,30.40505264836369
1237175,37.8292489932409
1237176,42.5810990010674
1237177,45.16911344780374
1237179,38.76143551331329
1237189,33.981720547101794
1237190,38.818663858854336
1237191,41.858641214324514
1237192,43.11821595810626
1237193,40.31111096817282
1237194,39.58124298226843
1237195,43.77852142756374
1237196,36.966265728629004
1237197,19.37483793018147
1237198,6.274051456734977
1237199,1.4679549672803178
1237200,0.2992671924956976
1237201,0.19319016612555806
1237202,0.08666667764164734
1237203,0.0514387181086495
1237204,0.03385334856911005
1237205,0.04167768976240535
1237206,0.02259200311366545
1237207,0.011195823150835763
1237208,0.0016869826732053273
1237209,0.005455166584894542
1237210,1.8529641726113381e-06
1237285,0.0023890616183344054
1237287,0.009186800515448566
1237288,3.6746249218618267e-05
1237289,0.014658984729681423
1237290,0.03906162808191776
1237291,0.04915966364320558
1237292,0.08954582937070846
1237293,0.057634188760761734
1237294,0.18217237120383878
1237295,0.6739416727671089
1237296,2.0250127607270776
1237301,21.156742890274057
1237302,28.96932227194802
1237303,35.817147137223415
1237304,40.55283451020183
1237305,42.16374497344714
1237307,34.25434147327962
1237320,40.07332513020631
1237321,37.348330123221395
1237322,37.25032934642966
1237323,42.07064629647931
1237324,35.71678486344632
1237325,18.621354904126317
1237326,6.068684777794953
1237327,1.2894525275142528
1237328,0.3174068785537307
1237329,0.15442470279707662
1237330,0.08690802632669334
1237331,0.04092203869615436
1237332,0.031108887834972485
1237333,0.023262542947496627
1237334,0.015974102695633274
1237335,0.004939208274704458
1237336,0.008342624594148034
1237337,2.592506115623256e-05
1237338,5.988408708894363e-06
1237415,0.004449765459909439
1237416,0.005308327667909067
1237417,0.00806791904721524
1237418,0.0033023853851576876
1237419,0.028689712101254806
1237420,0.08925130170253828
1237421,0.09129428280539263
1237429,20.27826926742561
1237430,28.346675775164655
1237431,35.204191269098715
1237432,39.0890795340977
1237433,39.78638776751951
1237434,35.404829241691615
1237435,30.010725630965798
1237451,40.81271826555625
1237452,35.027011293852865
1237453,18.05740032436159
1237454,5.937393018681375
1237455,1.425631033830586
1237456,0.4247561793075527
1237457,0.16449068725726643
1237458,0.08782151497564453
1237459,0.05947429421099006
1237460,0.04094443105944766
1237461,0.037813522645361884
1237462,0.02266176387049462
1237463,0.01340799150149108
1237557,20.062416448875954
1237558,28.601840029421812
1237559,35.49752758791661
1237560,38.768833314275476
1237561,38.54983846571563
1237562,33.184699831939305
1237563,28.054962706702238
1237565,35.91970081757228
1237567,50.487375921131274
1237569,42.52305667247613
1237685,19.31238690970006
1237686,26.8317400576452
1237687,32.181800564384574
1237688,35.22403524937008
1237689,35.515063204133604
1237690,31.307935449359242
1237691,26.782828949821248
1237692,27.189163061841043
1237693,35.56469745914007
1237694,47.91149107793334
1237695,50.45796619709711
1237697,43.14618766392164
1237698,41.74675686628818
1237814,22.359650501418056
1237815,25.20866308514763
1237816,27.99773709521355
1237817,30.051010871164067
1237818,27.451271153902766
1237819,23.896729996007892
1237820,25.251265873520918
1237821,35.05206409925707
1237822,48.554311814449356
1237823,50.56918263788822
1237825,43.779403940658064
1237826,43.322110212344214
1237942,19.640578724998523
1237943,21.090141483553207
1237944,22.883957506290578
1237945,24.53904886181416
1237946,21.929543836274952
1237947,18.932316118281342
1237948,22.628954009038903
1237949,34.25883121414676
1237950,48.46511988728289
1237951,51.17421023866155
1237953,44.810806465029884
1237954,44.861907092584744
1237957,46.9319136600651
1237958,45.489589074091796
1237962,42.18565422702922
1238070,18.06760820799722
1238071,18.758989578242463
1238072,20.38078776462634
1238073,21.31161709030219
1238074,18.431890199627986
1238075,15.864706172856968
1238076,20.60330670945245
1238077,33.98396906282469
1238078,49.60271138300847
1238079,52.34954022808344
1238081,46.56353281630154
1238082,47.32098393429185
1238085,48.99272957902146
1238086,47.53600161889835
1238088,44.486115561130184
1238089,41.82040190029411
1238090,43.693843717239844
1238091,46.21170084555229
1238092,33.158635781408584
1238200,18.672413221824065
1238201,19.864227552863255
1238202,16.885094317043908
1238203,14.224960708527695
1238204,19.07666759265196
1238205,33.497256664106764
1238206,50.4923583291755
1238210,49.668867454033624
1238211,49.30451849405265
1238212,50.0939928171528
1238213,50.94302470430393
1238214,49.92443816125235
1238215,48.73762755871852
1238216,47.242492683693015
1238217,44.943887027910264
1238218,46.35533010995401
1238219,47.35994377416337
1238220,33.11180327126736
1238221,14.055420063319072
1238222,4.143892431716896
1238328,17.53634572883126
1238330,15.131000051850087
1238331,12.37289357230017
1238332,16.957034391460127
1238333,32.14717434281686
1238334,50.64125810743942
1238335,54.54351633466088
1238336,49.60570117170132
1238337,49.54109892259352
1238338,51.20912068390493
1238339,50.903693459119985
1238340,51.07700951750469
1238341,51.642628990940885
1238342,51.42376548602444
1238343,50.68368693467867
1238344,49.59664649934942
1238345,47.8290604936716
1238346,49.0820930875643
1238347,48.70708526691497
1238348,33.382462696403536
1238349,14.039353218372696
1238350,4.1763521842321625
1238351,0.9060787850242852
1238458,15.15506876800155
1238459,12.405593489530427
1238460,16.61551767981246
1238461,32.46633106779866
1238462,51.958737813691975
1238463,55.835465733197054
1238464,50.778517007968496
1238465,50.924224327991126
1238466,52.553804341333866
1238467,51.862634118281015
1238468,51.66135494276829
1238469,52.33844154717869
1238470,52.23425616321813
1238471,51.91826879130733
1238472,51.657188532163104
1238473,50.195422887774384
1238474,51.86991766850439
1238475,51.00347372267664
1238476,34.44507474674477
1238477,14.693993330803966
1238478,4.468516283998288
1238479,0.9214161122963425
1238586,15.950076060958835
1238587,13.415192678245935
1238588,17.65648575526917
1238589,33.83671052706296
1238590,54.03692063859536
1238591,58.80307415272322
1238592,53.02115376983745
1238593,53.09558607096614
1238594,54.94522800872439
1238595,53.402843524678104
1238596,53.46318038770891
1238597,54.00763296305011
1238598,54.0419840923235
1238599,53.828991725648216
1238600,53.69368379841532
1238601,53.18525626128707
1238602,55.02550048931533
1238603,53.616744900948014
1238604,35.86614952156402
1238605,15.469324329606591
1238606,4.80922863115001
1238607,1.1886683619965401
1238608,0.2264677467575456
1238714,15.665451271860677
1238715,13.35476476950043
1238716,18.245059324705917
1238717,34.76433841983958
1238718,55.99852626891442
1238719,61.23689342518204
1238720,56.00669386190933
1238721,55.99965678891986
1238722,57.1746640412439
1238723,56.04447249092933
1238724,56.00006913277714
1238725,56.84797591458866
1238726,56.3758071504146
1238727,56.00025322377827
1238728,56.259484725235716
1238729,56.00349866163349
1238730,58.2166830307876
1238731,56.00018158508564
1238732,37.25154058701907
1238733,16.15655444594336
1238734,5.080413332676742
1238735,1.2237386409128996
1238736,0.2216320890372974
1238842,13.58830896335793
1238843,11.491584054574417
1238844,17.37359473868802
1238845,35.02675563126785
1238846,57.69365629081893
1238847,63.68870925504408
1238848,58.86193729128578
1238849,58.44447272299952
1238850,59.403512319958516
1238851,58.30942815881697
1238852,58.47808230352996
1238853,58.83240376442733
1238854,57.84722617230733
1238855,57.24707714578859
1238856,57.47992997286567
1238857,58.03825138423541
1238858,60.02757694810764
1238859,57.35367159706962
1238860,38.09856239806971
1238861,16.639158237460098
1238862,5.099329654245342
1238863,1.1772086808263669
1238864,0.2048195048552821
1238970,10.604890667883542
1238971,9.292709290486806
1238972,15.634168465396227
1238973,33.494877408570794
1238974,56.46766613541416
1238975,63.62855662252774
1238976,59.62931813233953
1238977,58.76530024081431
1238978,59.7993071612748
1238979,59.13569463262898
1238980,59.32223243510411
1238981,59.27892580019492
1238982,58.10591768998375
1238983,57.65445789904945
1238984,58.34838438288913
1238985,58.66678149435757
1238986,60.61053763579321
1238987,58.02687889347695
1238988,38.414010528603875
1238989,16.520281716126703
1238990,4.933727246911529
1238991,1.0388926836284222
1238992,0.18878819157064827
1239098,8.768898504804588
1239099,7.96473106495679
1239100,14.01469508791436
1239101,29.7436078712067
1239102,49.75279511193296
1239103,57.69436690489151
1239104,56.001394635240366
1239105,56.00345959287818
1239106,56.83433666424058
1239107,56.0013985479915
1239108,56.0035668022071
1239109,56.36031876205787
1239110,56.00074193794614
1239111,56.00326721563748
1239112,56.15339112130597
1239113,56.000783304244145
1239114,58.314060850702276
1239115,56.00153544243126
1239116,36.94753878865144
1239117,15.941377284422407
1239118,4.720332120164029
1239119,0.9355565698912086
1239120,0.13089311913534005
1239231,44.20425402388844
1239232,44.552219828735296
1239233,46.181713619478494
1239234,47.128196714121486
1239235,45.8080150033929
1239236,45.89754831974876
1239237,47.123750845010406
1239238,47.019576257047596
1239239,47.27179607304022
1239240,46.841413270959436
1239241,45.18700419545258
1239242,47.3617992764259
1239243,46.223624276548804
1239247,0.787173896363851
1239248,0.17611793845571655
1239359,27.683193516492807
1239360,27.680944129749662
1239361,29.15870229465036
1239362,30.402067447501516
1239363,30.576655256661603
1239364,30.325327351322837
1239365,30.455534575428725
1239366,30.21346183308931
1239367,29.725870620570372
1239371,27.924817114394784
1251263,39.00686864293965
1251264,40.725008805848674
1251265,44.898995760459464
1251266,42.841144872001976
1251388,47.00967441382395
1251389,47.7296908611116
1251390,50.06932780722012
1251391,52.62750290518462
1251392,55.30294143367967
1251393,56.35024131072221
1251394,53.76468327573097
1251396,41.60890302894507
1251516,52.10480368118255
1251517,53.93264324732363
1251518,56.029624214280375
1251519,58.1095017086076
1251520,60.769402115933346
1251521,61.32408423956328
1251522,59.11389551789763
1251523,54.590819530520484
1251524,51.045676415665284
1251525,49.65703180185249
1251526,47.55239611826497
1251527,45.50653783788962
1251528,44.6909942630052
1251529,44.09440787829377
1251533,12.117294122531908
1251534,4.091342292722022
1251535,1.0663817650974003
1251639,20.55253442217651
1251640,34.64003900596644
1251641,43.78794146139589
1251642,46.746483439662036
1251643,49.80185383030666
1251644,53.62775484769013
1251645,56.30578686488445
1251646,58.06040711498408
1251647,59.65267178299965
1251648,61.679593093158225
1251649,62.334080352040075
1251650,60.79280979230537
1251651,57.49106237441545
1251652,56.607894962608945
1251653,57.86307180632905
1251654,57.07630658281347
1251655,53.981915554851874
1251656,53.005475618535776
1251657,52.03424383835272
1251658,52.85361860668418
1251659,47.95492726612745
1251660,28.953114226664944
1251661,11.92396966318057
1251662,3.7916067375772258
1251663,0.8227608490656548
1251767,22.048651978354897
1251768,34.52208288348638
1251769,42.47212455875552
1251770,45.41358222425068
1251771,48.03554840154893
1251772,52.1678339577102
1251773,55.964483773195816
1251774,58.39636220778242
1251775,59.98415210732088
1251776,61.57032287257778
1251777,61.85697411564141
1251778,60.93434675140571
1251779,59.111999210649316
1251780,58.77538638644486
1251781,59.772137180513305
1251782,57.9462690544842
1251783,55.60546202036395
1251784,56.00207074352541
1251785,56.012206847321366
1251786,56.002374171312304
1251787,50.474555999940044
1251788,30.318362936520334
1251789,11.766537828145411
1251790,3.6832995105028346
1251791,0.7730524344285469
1251792,0.25866507566335295
1251896,34.19848124171561
1251897,41.26728561873428
1251898,43.48213184929745
1251899,45.62520399368836
1251900,49.239985614814515
1251901,52.49737245642947
1251902,55.3554145261177
1251903,57.43651487181251
1251904,59.68571001270071
1251905,59.798846026145576
1251906,59.4324092266712
1251907,58.599454062422915
1251908,58.771412214871546
1251909,59.087944083485205
1251910,57.162031435211105
1251911,56.00195358464678
1251912,57.53196172361773
1251913,57.44539115743641
1251914,57.30262074635404
1251915,51.377002177625805
1251916,31.50346449259346
1251917,12.468222946909775
1251918,3.6206501577267898
1251919,0.8326019732130259
1251920,0.20245303034064163
1252024,33.46296474083974
1252025,39.12130000054487
1252026,40.482839338649754
1252027,42.15806787685776
1252028,44.94313568860239
1252029,48.10256083018369
1252030,51.14543165093969
1252031,54.00070525661693
1252032,57.57969115483951
1252033,57.653694412080874
1252034,57.56143069123182
1252035,57.17026923254942
1252036,57.36787309502177
1252037,58.00195125719436
1252038,56.776917761463984
1252039,56.010828519752664
1252040,57.594960792417886
1252041,57.201620535200966
1252042,56.036967399351994
1252043,50.45375386373813
1252044,31.3953401345317
1252045,12.550712655615545
1252046,3.684136088666029
1252047,0.8463555791199406
1252048,0.25086742205081286
1252152,33.77802862386945
1252153,36.76667829760676
1252154,37.23607692009804
1252155,39.75246874504728
1252156,43.36675090115022
1252157,46.56700964562783
1252158,49.58521828646753
1252159,52.88700322215182
1252160,56.000365502715276
1252161,56.01922893173293
1252162,56.00144400011799
1252163,55.75167919686712
1252164,56.00948483907897
1252165,56.621084388090864
1252166,56.02972874955664
1252167,56.00097716227343
1252168,57.073055570644264
1252169,56.000442645398536
1252170,53.940429384403586
1252171,48.49631083537005
1252172,30.597359454903124
1252173,12.611014470782486
1252174,3.6017264180605424
1252175,0.8089208054513695
1252280,34.102931924839886
1252281,35.80557532249853
1252282,36.02095821497174
1252285,45.27529602387262
1252286,49.007341044625484
1252287,52.84285473829109
1252288,55.54918590138919
1252289,55.249767741744286
1252290,53.87949490667424
1252291,53.51478127053122
1252292,53.34209691674874
1252293,53.61717501268854
1252294,53.90532970246221
1252295,54.4947805272262
1252296,54.398618416039156
1252297,52.30438033103468
1252298,50.11729262493146
1252299,45.73287391445494
1252300,29.447488891515267
1252301,12.314321132046897
1252302,3.6193691571863127
1252303,0.8738061801593644
1252406,27.725258363592502
1252407,30.618416131077527
1252408,34.72954031147243
1252409,36.52144478187657
1252410,37.07650707694552
1252411,39.23299141544308
1252413,43.68597079177481
1252414,48.42282909158112
1252415,52.89381333081994
1252416,55.185151744048284
1252417,54.23194778378188
1252418,52.509993586276074
1252419,50.71382357539001
1252420,49.493095393565035
1252421,49.22657772528129
1252422,49.336770977807255
1252423,50.67444693721307
1252424,50.400046659600676
1252425,46.931404445726955
1252426,44.95857513517576
1252427,42.39279361099772
1252428,28.87029502823542
1252429,12.334356280818742
1252430,3.503211896515737
1252534,28.250250758883883
1252535,31.538473119301948
1252536,36.33310868634871
1252537,38.9258809231015
1252538,39.71019854407219
1252539,41.38886714356408
1252540,41.95676069990003
1252541,43.514352828152525
1252542,48.28998225660707
1252543,52.6737859031038
1252544,54.906890554531564
1252545,53.59672665702253
1252546,51.05034243713103
1252547,48.97977017747709
1252548,46.50386930310848
1252549,45.42289831862418
1252550,45.36645337609801
1252551,46.93174079033471
1252552,45.98196479032364
1252553,41.531881526731006
1252554,40.48771038483227
1252555,40.536124080203464
1252556,28.889867651690388
1252662,29.976324947912364
1252663,34.234019884415645
1252664,39.055310712485365
1252665,41.967181941538094
1252667,43.08732357598792
1252668,42.79400392509543
1252669,44.1958854084579
1252670,49.00855450907788
1252671,52.64365730396219
1252672,54.44401444712279
1252673,51.939939446247884
1252674,49.24916104158351
1252675,46.04249072345399
1252676,43.24231557364676
1252677,41.45442485520118
1252678,41.82749355139354
1252679,43.65863737670909
1252680,42.95410678983151
1252789,25.761825130600716
1252790,32.257167591994715
1252791,37.63233658165994
1252792,41.55904000147721
1252793,43.45199802237469
1252796,41.91883029242234
1252797,43.34934428493713
1252798,48.79161076306661
1252799,52.50123598881557
1252800,53.09440491284769
1252801,49.380077162662836
1252802,45.2247953317727
1252804,36.92348666980538
1252903,0.007806074646182563
1252917,27.078096207722385
1252918,34.33385297581034
1252919,40.24016267304659
1252920,43.64905894735688
1252921,44.89183161216186
1252925,40.41060560723241
1252926,47.37202742065277
1252927,51.97729921432333
1252928,51.628707488364384
1252929,47.01800149322723
1252930,41.52453408020043
1253031,1.3401902674634344e-06
1253032,0.00015004054646661818
1253033,0.0043597438051834695
1253034,0.017080835882484116
1253045,28.757950714007194
1253046,35.96250863521096
1253047,42.1154142985223
1253048,45.10682663518267
1253049,46.29121993181214
1253053,38.34654609146811
1253055,50.779231600632016
1253057,44.87324543560393
1253158,0.0026897387924984593
1253160,0.01591568689878326
1253161,0.016585116208434916
1253162,0.04380999354562354
1253163,0.055388389001855894
1253173,29.11006767231093
1253174,36.450665530131495
1253175,42.285301594113555
1253176,45.751730082467176
1253177,46.665282501368814
1253181,38.20861880285819
1253183,49.84335834674446
1253185,42.979949360587995
1253204,0.04414006347052716
1253205,0.03900247769108395
1253206,0.019465683939375377
1253207,0.0033999788034748315
1253208,0.0050198777000424535
1253209,3.123567076163865e-05
1253286,0.005547258666005566
1253287,0.014308354053361385
1253288,2.0034250386205814e-06
1253289,0.020315693670837347
1253290,0.0077118570932602345
1253291,0.02837709006933605
1253301,26.99007248110607
1253302,34.3988579482032
1253303,40.271028120862404
1253304,44.194079694854096
1253305,46.11491785948037
1253307,39.156124673509304
1253309,39.05671217612443
1253311,49.867645005996984
1253313,42.02201675885209
1253326,6.853735471136816
1253327,1.6451808010004216
1253328,0.41249370136659225
1253329,0.12861285605023615
1253330,0.0601662398016277
1253331,0.04821279258871032
1253332,0.051023812367558034
1253333,0.010670182421417056
1253334,0.00952349539934419
1253335,0.009379994895604328
1253336,0.012442863050489467
1253337,8.714345796511073e-06
1253414,0.0027474208610845665
1253415,2.1288333455896785e-06
1253416,3.4085153683241132e-06
1253417,0.0070613669217276555
1253418,0.032496943753334215
1253419,0.06283110907970775
1253429,22.795901619923704
1253430,30.209662342127388
1253431,37.11485706333405
1253432,41.553039412963344
1253433,44.07633977659458
1253434,42.237619547565934
1253435,38.164777308212024
1253437,38.84627719954588
1253438,47.28827343425597
1253439,50.16932577885627
1253441,41.73218964334669
1253451,44.251194636679664
1253452,37.26244793536222
1253453,19.75954909752494
1253454,6.761509935231444
1253455,1.6737247030587925
1253456,0.3714085241003339
1253457,0.21763772206122156
1253458,0.06253118851632042
1253459,0.08070672571666494
1253460,0.044686619059100166
1253461,0.0387597397371415
1253462,0.0036030318444419196
1253463,0.008942307670494825
1253464,0.018777377944298946
1253465,0.004622936374118012
1253541,0.0024811596590253522
1253543,0.00554424548682792
1253544,0.007374128477757845
1253545,0.010192506080052139
1253546,0.020022249274168947
1253557,20.109987449061606
1253558,27.65253881062655
1253559,34.79513858577973
1253560,39.362942114550385
1253561,41.44373878255118
1253562,39.02257194027915
1253563,35.21616765840771
1253565,37.83201061630269
1253566,47.67049942561658
1253567,50.36896325793704
1253569,42.156121726261674
1253579,44.0289673075688
1253580,37.29044018948892
1253581,19.75169713750782
1253582,6.659929323091518
1253583,1.7191900843515957
1253584,0.44783298594966636
1253585,0.15834093707781452
1253586,0.06700089651389109
1253587,0.06259077004148754
1253588,0.042342660598348555
1253589,0.01817284873047614
1253590,0.01524722717089335
1253591,0.01241639070320624
1253592,0.00964928436145739
1253593,0.0032326889408342903
1253594,1.8529641726113381e-06
1253671,0.009580814913048618
1253672,0.005066291690474855
1253673,1.2515001144877251e-05
1253685,19.560798683154392
1253686,26.88479659138814
1253687,34.12308106051726
1253688,38.30491253822413
1253689,39.36593461139239
1253690,35.29171160119219
1253691,30.48307590475525
1253693,35.982380616955325
1253694,47.38618989998647
1253695,50.84986511902116
1253697,42.28820818832105
1253698,37.86232154387887
1253708,36.309098597598776
1253709,19.50212017154941
1253710,6.62255835628779
1253711,1.6419940597279885
1253712,0.4169119812351527
1253713,0.17989066983120555
1253714,0.11493972323136054
1253715,0.06251649839302545
1253716,0.04855219087512931
1253717,0.03649409299369672
1253718,0.02250028025098894
1253719,0.013858855314392564
1253720,0.007313697189194499
1253722,6.70138235829412e-06
1253813,19.382279865723376
1253814,27.051278213730075
1253815,33.982808936821584
1253816,37.77669693861485
1253817,38.000437644297705
1253818,33.12354294099625
1253819,27.853877378921496
1253821,34.86601024088833
1253822,47.55808645314922
1253823,51.05959552494537
1253825,42.66524077742038
1253826,38.604722965392874
1253839,1.554004343895259
1253840,0.4091729168750667
1253841,0.15202744632792894
1253842,0.10561174016691237
1253843,0.03134543223417667
1253844,0.04778737501477353
1253845,0.022435632737419234
1253846,0.01894955477459976
1253847,0.005177908176653407
1253941,18.908693632098746
1253942,26.78882516114051
1253943,33.18742070424483
1253944,36.605821546621314
1253945,36.87192646668852
1253946,32.197975017577285
1253947,26.931402679428782
1253948,26.78158151864962
1253949,34.66806832151369
1253950,47.586464513336914
1253951,50.46261729021528
1253953,42.50294988680362
1253954,39.51670952431475
1254070,23.8993344097836
1254071,28.949195976415727
1254072,32.25048460598464
1254073,33.41265694656105
1254074,30.063437930845446
1254075,25.724054421782714
1254076,26.018639720201865
1254077,34.649670593801076
1254078,47.62291178526476
1254079,50.18959308977843
1254080,45.401537046893154
1254081,42.98125706644421
1254082,41.437748792419285
1254090,38.705128951824605
1254198,20.67828592709269
1254199,23.409617729082786
1254200,26.004023746201568
1254201,27.78176511381687
1254202,25.312498459761294
1254203,22.112849462337184
1254204,24.02095034823146
1254205,34.03670396232827
1254206,47.513747856057925
1254207,49.94118408383146
1254208,45.45625601593314
1254209,43.755736263529485
1254210,43.252524697524436
1254213,41.642251868727044
1254214,41.34500034081235
1254216,40.07225239434406
1254218,40.78637019736187
1254326,19.58514019365312
1254327,20.55269343939318
1254328,21.964262007616394
1254329,22.916184649749567
1254330,20.051621494192055
1254331,17.188116751696562
1254332,20.99365956646299
1254333,33.02279686131778
1254334,47.42741550408455
1254335,50.32059342744298
1254336,45.82280595190447
1254337,44.63989785168289
1254338,44.53494636307502
1254339,43.44408773544586
1254340,43.73863729748499
1254341,44.33878414995931
1254342,43.28632082590223
1254343,42.104258544223555
1254344,40.85609880787684
1254346,42.07263457556408
1254454,18.176475789714523
1254456,19.97331569015894
1254457,20.922759763632733
1254458,17.809158857671036
1254459,15.251887808874532
1254460,19.452232101682146
1254461,32.37029103420134
1254462,48.343875891604426
1254463,51.143746247714994
1254464,46.3667247624464
1254465,45.93990438905543
1254466,46.65791093423768
1254467,45.76656171070461
1254468,46.19500089726034
1254469,46.5932084953436
1254470,45.11381527286271
1254471,43.82699017338578
1254472,42.71161321414416
1254474,42.893762719613015
1254475,46.1475333469377
1254476,34.63244521064996
1254584,18.464868542049025
1254586,16.45142612258089
1254587,13.854561555103285
1254588,17.931957856515908
1254589,31.657674080746467
1254590,48.59982788175244
1254592,47.62573723123495
1254593,47.29492305369012
1254596,48.47559934200424
1254600,45.101776759751225
1254601,42.448379743672014
1254602,44.325066150230846
1254712,17.144950659808856
1254714,14.833789915710993
1254715,11.938024660329086
1254716,15.701833220295159
1254717,29.77602057906082
1254718,48.12851578485245
1254719,52.66523802045455
1254720,48.49756087377204
1254721,48.15134493645343
1254722,49.72034947132371
1254723,49.370917060127404
1254724,49.200510554008126
1254725,49.29943550800501
1254726,48.66620018238046
1254727,48.103628643877855
1254728,47.2466149420609
1254729,45.0780285235081
1254730,46.567084231202195
1254731,47.58814469694032
1254732,33.82282551110682
1254733,16.07794678550645
1254734,5.666636693637681
1254842,14.325013684181107
1254843,11.30055503949666
1254844,14.970704504805434
1254845,29.656039251988094
1254846,48.62190920229534
1254847,53.235084936066215
1254848,49.0290227057981
1254849,48.796889000894396
1254850,50.16567405130481
1254851,49.28711485529025
1254852,49.10096706807685
1254853,49.45513756104611
1254854,49.60005032543575
1254855,49.52135269602108
1254856,48.8159306018883
1254857,47.144303430182816
1254858,48.39136151266901
1254859,48.15512145890064
1254860,33.770985320396996
1254861,15.831678745108269
1254862,5.337271399100721
1254863,1.242413074490925
1254970,14.633985974150916
1254971,12.1852366567822
1254972,16.260090419451554
1254973,31.122027342621926
1254974,50.059956629280215
1254975,54.78685897036898
1254976,50.10260951121046
1254977,49.92912088535217
1254978,50.92783631309879
1254979,49.666922367622135
1254980,49.81057703746682
1254981,50.63618668611469
1254982,50.6802509101272
1254983,50.71914263419417
1254984,50.50539156499038
1254985,49.34709932147425
1254986,50.48549627727207
1254987,49.096795961897456
1254988,33.8294139498616
1254989,15.725756602849977
1254990,5.12286135965463
1254991,1.199332772402781
1255098,14.627698743848157
1255099,12.503680623353443
1255100,17.110893601615498
1255101,32.12305153669257
1255102,51.189130170561945
1255103,55.710503316794814
1255104,50.89576555695321
1255105,50.24086564498165
1255106,51.15740159080496
1255107,50.230624064182486
1255108,50.65638223633408
1255109,51.51490157616116
1255110,51.350049595730944
1255111,51.117399365711286
1255112,50.905961528916016
1255113,50.13681496654103
1255114,51.36246703069726
1255115,49.7378933831719
1255116,33.72334234781656
1255117,15.135940501347095
1255118,4.858308758893661
1255119,1.0275206961490888
1255226,13.33512423825614
1255227,11.553720281694606
1255228,16.57815563186431
1255229,31.967348573048756
1255230,50.77124607781983
1255231,55.750169329216405
1255232,51.52003405147412
1255233,50.459594253084184
1255234,51.082552599305586
1255235,50.78175855189362
1255236,51.65757916352342
1255237,52.42274829532245
1255238,51.837358297260884
1255239,51.06034540552655
1255240,50.90115134109815
1255241,50.542122729708964
1255242,52.03285665777499
1255243,50.21455728477086
1255244,33.423163550950775
1255245,14.41415852702333
1255246,4.458795398195072
1255247,0.9895828733969168
1255248,0.23348826033557574
1255354,10.581958574268548
1255355,9.12373529833691
1255356,14.768997722219341
1255357,29.740581188950493
1255358,47.10344271837259
1255359,52.720334536745284
1255360,50.281419846604535
1255361,49.70240656155953
1255362,50.10392877661817
1255363,50.080979177829036
1255364,51.16835930353626
1255365,52.204673448370166
1255366,51.61259621555516
1255367,50.98624093020311
1255368,50.961833458975995
1255369,51.31091501922105
1255370,53.025451548725535
1255371,50.63995824600336
1255372,32.893367057306065
1255373,13.592739265982702
1255374,4.033794441328408
1255375,0.810917731338114
1255376,0.16287026889316553
1255487,45.08886200828774
1255488,45.613673089643314
1255489,46.69720170497754
1255490,47.437555039424176
1255491,47.05874476731113
1255492,47.94652470596988
1255493,49.204237547839554
1255494,49.29460776902854
1255495,48.66802802858735
1255496,48.34018673858157
1255497,48.91644887442979
1255498,50.9199344332968
1255499,48.07627058308229
1255500,30.469452845260747
1255501,11.997297535537205
1255502,3.454999494180665
1255503,0.6789260963891686
1255504,0.09952046807678816
1255615,35.674087519688534
1255616,36.31863251433481
1255617,38.43079635130787
1255618,39.422365934776316
1255619,38.297146879084785
1255620,38.845786919408745
1255621,40.33513353344381
1255622,40.580490305156886
1255623,39.262038403409115
1255626,40.123548923849974
1255627,37.81967431511293
1255630,2.7623326467677556
1255631,0.5511225762496773
1267649,40.78678488668055
1267774,45.80596597198102
1267775,47.77395647575442
1267776,49.47340633709655
1267777,49.76215607285834
1267778,47.8090691328058
1267901,47.2188056025573
1267902,49.53075950841649
1267903,51.776827635809326
1267904,53.99260270875227
1267905,54.261160723835275
1267906,52.93542915111694
1267907,50.07301218593964
1267908,48.7502211727285
1267909,48.92170160743052
1267916,24.61218201170516
1267917,11.069658876343555
1268024,33.337053047379584
1268025,42.32835551888188
1268026,44.337589792877885
1268027,45.3848617054338
1268028,48.15752973534477
1268029,50.66882036131537
1268030,52.57610726986605
1268031,53.97637476960229
1268032,56.0012320503879
1268033,56.94611766496201
1268034,56.03277388455856
1268035,53.83418583326159
1268036,53.68340261999691
1268037,54.82938173368985
1268039,48.54138867888196
1268040,47.27735082568606
1268041,46.71743587470915
1268042,46.7515319169612
1268043,41.5148237417453
1268044,24.412525516316375
1268045,10.356136262030908
1268046,3.3598068592344617
1268153,41.75105653447879
1268154,43.65128320476017
1268155,45.186563416152445
1268156,49.001666324175886
1268157,52.18893824138113
1268158,54.17853196592802
1268159,55.05388758389667
1268160,56.54259317602394
1268161,57.27767958611655
1268162,57.01768780458411
1268163,56.00734294999347
1268164,56.21046456091732
1268165,56.000253265194004
1268166,52.3588825448946
1268167,48.99463041288272
1268168,49.50167619630453
1268169,49.623269952887696
1268170,48.73061237199853
1268171,41.76686042709237
1268172,24.60656498845847
1268173,10.067560879243914
1268174,3.1664292294126657
1268175,0.8010162642365671
1268281,40.257634462918844
1268282,42.06403314787445
1268283,43.87810435449752
1268284,47.37029377768354
1268285,50.71473488416183
1268286,51.82820983867044
1268287,53.27947172481879
1268288,55.48207643482714
1268289,56.003509960958965
1268290,56.006122678488055
1268291,56.0022278980027
1268292,56.001143733121474
1268293,55.68698558336561
1268294,51.53629471355376
1268295,49.255813592615056
1268296,50.38477845119075
1268297,51.33958076400844
1268298,50.47917363586256
1268299,43.35760692073811
1268300,25.814249225901737
1268301,10.490064858685772
1268302,3.2378977828015136
1268303,0.704543235858809
1268410,39.18928463588946
1268411,41.46508789573876
1268412,44.70342377761489
1268413,47.53740769956917
1268414,49.43471662253966
1268415,51.10242046076411
1268416,53.77996125225709
1268417,54.32437000453609
1268418,54.286925850459056
1268419,54.81094627598165
1268420,54.90239239186788
1268421,54.67293312778919
1268422,52.110119253322736
1268423,50.663524037958794
1268424,51.69997420413218
1268425,52.31417338869457
1268426,50.81499485769906
1268427,44.23335529234522
1268428,26.810133161649865
1268429,10.961726104041727
1268430,3.387213890668829
1268431,0.84444916240371
1268536,33.56113880018247
1268537,36.46355687368051
1268538,36.49870064721378
1268540,42.72451397796925
1268541,46.01186634138045
1268542,48.437188044382644
1268543,51.08580315812084
1268544,53.18851302961869
1268545,53.283666147993124
1268546,52.86137258987843
1268547,52.78971059590855
1268548,52.79482383233287
1268549,53.031157660830026
1268550,51.87362546049269
1268551,51.54153582203746
1268552,52.55257006779614
1268553,51.555367137531
1268554,49.66799437331516
1268555,43.153057122450505
1268556,26.581526455039974
1268557,11.000876052010817
1268558,3.189487932498515
1268664,33.993033256204896
1268665,35.913421927954374
1268666,35.88343301172835
1268669,44.535212536253034
1268670,48.25522344015385
1268671,51.68533302360994
1268672,53.991031640335045
1268673,53.03413535127091
1268674,51.705157606046434
1268675,51.14887068225891
1268676,50.163236491633654
1268677,50.35979758370708
1268678,50.092562530900004
1268679,50.69932437152995
1268680,50.97591164276427
1268681,48.51075713987834
1268682,46.29167843014109
1268683,41.39348444394491
1268684,26.18006171103002
1268685,11.072031814276293
1268792,34.77852440529196
1268793,36.26790322505697
1268794,36.617035723547176
1268795,39.06055035086009
1268797,43.166778863673464
1268798,47.41517322173869
1268799,51.72622872193289
1268800,54.008791808710896
1268801,53.04267066945455
1268802,50.93298363053125
1268803,48.98596055285276
1268804,47.32466254187163
1268805,46.852177979010655
1268806,47.03385761589401
1268807,48.200364258919095
1268808,47.55824883213839
1268809,43.381999817564285
1268810,41.72857108165313
1268811,39.27510820375741
1268812,26.181661689100615
1268918,28.75055442530987
1268920,36.31803346959927
1268921,38.47717214172446
1268922,39.30211915851444
1268923,41.24484771268224
1268924,41.620622479559145
1268925,43.438924171515964
1268926,47.858640172658255
1268927,51.99611190432038
1268928,54.35729046610425
1268929,52.60198136232658
1268930,50.29264757944571
1268931,47.798631109278055
1268932,45.42720762251912
1268933,44.057865374370415
1268934,43.48325223531945
1268935,45.38898583424752
1268936,44.49541843129178
1268937,39.4407175317811
1268938,38.10437425909744
1268940,26.41315800806252
1269046,30.71391248044372
1269047,35.34688418838687
1269048,39.48921893195602
1269049,41.365441725586614
1269050,41.552921885717446
1269051,42.33416108091341
1269052,42.28735192474421
1269053,43.73122116877269
1269054,48.55200282007692
1269055,52.23208842585824
1269056,53.58168817634878
1269057,50.75133064811984
1269058,47.46941552629984
1269059,44.44959862814102
1269060,41.123277453793186
1269063,42.51069255062435
1269064,42.17412700156805
1269065,37.413285960109924
1269066,36.91763880854086
1269068,27.619173203335357
1269174,32.96752440448466
1269175,38.78417362668979
1269176,41.86835933308777
1269177,42.723878918586486
1269178,42.11677634818206
1269179,41.47422839507906
1269180,40.48564045616196
1269181,41.95150724583899
1269182,47.84405819682848
1269183,52.39244298356447
1269184,52.679202048917105
1269185,48.67840844873449
1269186,44.08211016285552
1269187,40.15609272385306
1269188,34.964523683992034
1269191,40.67823372587546
1269192,40.674233146559274
1269193,36.77297841976638
1269194,36.93391481856667
1269302,35.24635806334491
1269303,41.08605980109357
1269304,43.61269752857208
1269305,43.51521821757158
1269306,41.77700951872572
1269307,39.35710436704935
1269308,36.88145142393874
1269309,38.735843352937124
1269310,46.207042857881454
1269311,51.45225335979614
1269312,51.60648517916502
1269313,46.900874594864014
1269314,41.51822249490598
1269315,35.785481816703225
1269316,31.17439839807671
1269320,40.35476934032486
1269414,1.1872886084847873e-06
1269430,35.55411959932706
1269431,41.75031081110114
1269432,44.3437051802781
1269433,43.88547932925594
1269434,41.8481311593765
1269435,38.517744118092146
1269437,37.081058139480085
1269438,45.345893160303795
1269439,50.29982214539381
1269440,49.59649689161751
1269441,45.324495763301314
1269442,38.86259007969775
1269444,28.570118721274156
1269542,5.323549081829806e-06
1269543,0.010852061682281849
1269544,0.01260304115473273
1269558,34.303180611980025
1269559,40.74532668179137
1269560,43.50071521701646
1269561,43.789695163253846
1269562,41.29469797147033
1269563,37.97453217373866
1269565,37.09507721497182
1269566,45.375742243482804
1269567,49.353595119008475
1269568,48.430780226139966
1269569,43.85924476792275
1269570,37.75887111967496
1269588,0.06850109836735825
1269589,0.03381685825745189
1269590,0.0232677623703639
1269591,0.015511135622394204
1269592,0.017677319256330176
1269593,6.858350839677037e-06
1269594,4.150423625085609e-06
1269670,0.003594041333003778
1269672,0.02037469893335281
1269673,0.019148486280999834
1269686,30.439615613546643
1269687,37.128443015164194
1269688,40.90985281426268
1269689,41.85923276885066
1269690,40.24869685303588
1269691,36.977009957557826
1269693,37.158999535737685
1269694,45.41245844875978
1269695,49.36394694597238
1269696,47.46863784696918
1269697,43.20909590035649
1269698,37.51501078956894
1269715,0.04537056569774118
1269716,0.05202031320773521
1269717,0.015199286040941448
1269718,0.016526827227130544
1269719,0.005325998769124169
1269720,0.011779901492934024
1269721,0.005102712647725789
1269722,3.3760064428943535e-06
1269799,1.6978178293394758e-06
1269814,27.022845904548642
1269815,33.96230452906064
1269816,38.033503362185336
1269817,39.73298151346733
1269818,37.883284172154596
1269819,34.66631120161863
1269821,36.43992496417757
1269822,46.12929319740722
1269823,50.312337063133675
1269824,47.93136380388537
1269825,43.5650339497759
1269826,38.29573169946233
1269840,0.4500257109299352
1269841,0.13321827330596583
1269842,0.06280063288381345
1269843,0.08986896704404494
1269844,0.045469217237669717
1269845,0.024478185274366408
1269846,0.006688634844980354
1269847,0.01885938578268579
1269848,0.0070852666362277335
1269927,0.005654072854112757
1269928,2.0799635023234218e-05
1269942,25.856963590767098
1269943,32.84152697860305
1269944,36.82143244059623
1269945,37.618524099940245
1269946,34.880180960238384
1269947,30.98084205454568
1269949,35.14300148957525
1269950,46.981867380814336
1269951,51.37002321265176
1269952,48.71877652375
1269953,44.2059665014472
1269954,38.95329786963707
1269967,1.9033759827211079
1269968,0.46486577345647206
1269969,0.10826642403401991
1269970,0.051766667315947784
1269971,0.06876144172003534
1269972,0.03919995634719345
1269973,0.03747377982467918
1269974,0.011978023663749074
1269975,0.006676483095430661
1269976,0.009646586074813099
1270070,25.740787166198007
1270071,32.87107952386231
1270072,36.376880335904886
1270073,36.68928661325977
1270074,32.73238705589431
1270075,27.991727857528275
1270076,27.16896914644712
1270077,34.163489583251845
1270078,47.211318817853524
1270079,51.840018040246214
1270080,48.73391880639297
1270081,44.19489074252645
1270082,39.537122027523544
1270090,37.314246966734885
1270096,0.5044858236472853
1270097,0.14600026306381858
1270098,0.07549712572378646
1270099,0.07247954979720608
1270100,0.02949991125780971
1270101,0.03734218070663112
1270102,0.01602913339301356
1270103,0.008376195382221447
1270104,0.012299273003449457
1270198,25.858455135489113
1270199,32.56163247055695
1270200,35.837962954008404
1270201,35.93817422122257
1270202,31.487660947527107
1270203,26.326333579029672
1270204,25.848465191664303
1270205,33.43438792892111
1270206,46.954750901756235
1270207,51.222474536501416
1270208,47.91839369037877
1270209,43.555568410014686
1270210,39.23324409545809
1270218,36.2580733407225
1270233,6.256108268237324e-05
1270326,24.20239296270681
1270327,29.994687127699315
1270328,33.39373561649306
1270329,33.9169092844827
1270330,30.19932074979396
1270331,25.507415723742653
1270332,25.308441206952974
1270333,33.368866262620934
1270334,46.726851818039435
1270335,50.43278796313186
1270336,46.43185452611958
1270337,42.55819596279902
1270338,39.46470161529613
1270340,33.67543581039447
1270341,35.089373899459034
1270342,37.24544061136738
1270344,38.433762250680914
1270346,36.67606539031793
1270454,20.966309545425542
1270455,24.897425727697428
1270456,27.928772938215804
1270457,29.588356143617247
1270458,27.505262302246244
1270459,23.60490509452636
1270460,23.96876551325627
1270461,32.814634645958506
1270462,46.31381647955163
1270463,49.661842782576635
1270464,45.6248816523018
1270465,42.65542973488099
1270466,40.86968255849629
1270467,37.39119915808776
1270468,35.661173112946464
1270469,36.25191458371796
1270470,37.92852020369636
1270471,39.08790988152885
1270472,38.659747960788664
1270474,38.32887783628208
1270475,43.6587003866303
1270582,19.420193493843076
1270583,21.73776731288391
1270584,23.46160117960777
1270585,24.531840800274075
1270586,22.16136643702711
1270587,18.970282274213158
1270588,21.49149564593852
1270589,31.55235858138558
1270590,45.303593529368484
1270591,48.886468274365264
1270592,44.708965572328665
1270593,42.679323969958496
1270594,41.53593847373726
1270595,39.31807644208707
1270596,37.98437956833966
1270597,38.16316667397224
1270598,38.8724703650011
1270599,39.19588463811272
1270600,38.5866784753756
1270602,39.55914208093383
1270603,44.3778169838828
1270604,35.12618935235449
1270710,19.135843307766308
1270712,21.216693775351274
1270713,21.410604391423
1270714,18.063067601605766
1270715,15.222511550365066
1270716,18.97084948860942
1270717,30.567701981336498
1270718,44.72576592965646
1270719,48.081529108552985
1270720,44.103889684593724
1270721,42.53229910368449
1270722,41.948994285895715
1270723,40.414054122044725
1270724,39.86547419761309
1270725,39.711604031555844
1270726,39.66693018732909
1270727,39.16772144294452
1270728,38.386533635493095
1270729,36.672692543484295
1270730,40.19797130285619
1270731,44.28987089468872
1270732,34.27239431742254
1270840,19.60849645076864
1270842,16.903885972567714
1270843,14.059211955971062
1270844,17.933420389244606
1270845,29.728600142795692
1270846,44.764120368461896
1270847,48.203577238364616
1270848,44.28653544130368
1270849,42.89616054516637
1270850,43.11157081075898
1270851,41.4873589537002
1270852,41.168813544435615
1270854,40.288600456565554
1270855,39.8518055638493
1270856,38.87755966689129
1270857,37.14237114840973
1270858,40.57742777550407
1270859,44.37209162192291
1270860,33.751473646476164
1270968,18.381717859589035
1270970,15.927447737463373
1270971,13.018508303477965
1270972,16.61538854430908
1270973,28.890341405024717
1270974,44.56034553008086
1270975,48.5502919070576
1270976,44.73464652791632
1270977,43.75170989512293
1270980,42.829379813999935
1270984,40.188792483697
1270985,38.44141134890054
1270986,41.048701126413974
1270987,44.29258200132615
1270988,32.940515113979195
1271098,14.355510889443641
1271099,11.239250119806735
1271100,14.166456136293395
1271101,26.857063912042587
1271102,43.548274137669765
1271104,45.11637141824617
1271113,40.369984418386814
1271226,13.473469280133097
1271228,13.382927295848848
1271229,26.200355104833193
1271230,43.220814465249056
1271231,48.2041698896516
1271232,44.938850893146636
1271233,44.16202868117134
1271234,44.64500534991065
1271235,44.1079677653523
1271236,43.4222735302869
1271237,43.685942838597924
1271238,44.2205242517024
1271239,44.52117725027435
1271240,44.01727561766182
1271241,42.72323368394657
1271242,44.19071659036289
1271243,44.246778484457266
1271244,30.629829900485756
1271245,13.800885380770609
1271354,13.735356554558727
1271356,13.930623540646152
1271357,27.040633925029713
1271358,44.01546804640228
1271359,48.520804211142114
1271360,45.160166955101886
1271361,44.29506695379884
1271362,44.79152670133396
1271363,43.66619699060074
1271364,43.96105606608261
1271365,44.51510807172912
1271366,45.34782932150443
1271367,45.96419505660218
1271368,45.624128413231475
1271369,44.78779137009686
1271370,45.635018686762535
1271371,44.351157945441116
1271372,30.007537718007715
1271373,12.990340226769511
1271374,4.106780991697375
1271482,14.086632296895527
1271483,11.750889472313009
1271484,15.102049924095743
1271485,28.30887723054587
1271486,45.05632858286391
1271494,46.227935107174666
1271495,46.60152066279601
1271496,45.9721045216891
1271497,45.183748922755804
1271498,46.07790645526154
1271499,44.24670869673252
1271500,29.411337099659743
1271501,12.359313498210932
1271502,3.7453338456656833
1271503,0.9412941886965219
1271611,11.208542622567444
1271612,15.152375756308798
1271613,28.13962516223677
1271615,48.84035578688006
1271616,45.596157326478185
1271617,43.81805787033664
1271618,44.232159806274545
1271619,44.638803662954544
1271620,46.036159966611216
1271621,47.065332265463454
1271622,47.11505969798629
1271623,46.621941065241096
1271624,46.037785873818336
1271625,45.1655957719558
1271626,46.24468154855708
1271627,44.39989473479791
1271628,28.973852916829177
1271629,11.933199701201815
1271630,3.4280253206655726
1271631,0.8166862734417115
1271743,44.51136642650338
1271744,43.73504203959269
1271745,43.38590353441228
1271746,43.818571612519364
1271747,44.474902404222384
1271748,46.06778976540232
1271749,47.08921099390293
1271750,46.82908442851495
1271751,46.106391424895826
1271752,45.126124296717954
1271753,44.67085168698377
1271754,45.915357540925875
1271755,43.76908085662809
1271756,28.0447569012766
1271757,11.210638597216528
1271758,3.1464895546045697
1271759,0.6733297191168037
1271879,42.43693871675734
1271880,41.29294246119241
1271881,41.430218664444965
1271882,43.00268786824264
1271883,40.143693150957624
1271884,24.973450855060918
1271885,9.723646556957727
1271886,2.7916515388497234
1271887,0.600876465283969
1272013,7.3695136343165935
1272014,2.276746746958113
1284161,46.6770647770083
1284287,47.71366853000061
1284288,49.27197786709359
1284289,48.996797549139735
1284290,47.62775937264886
1284415,49.28840168950622
1284416,50.783246547958264
1284417,50.40513858725024
1284418,49.65715262942609
1284419,48.53395431526173
1284420,49.824068801133905
1284426,41.66322642998384
1284427,35.86229019457207
1284428,21.009968980636714
1284538,43.22494367190804
1284539,43.853744897507866
1284540,47.10480265863046
1284541,49.66895622341526
1284542,49.28679927109035
1284543,49.47492566490576
1284544,50.56595850229273
1284545,50.46064280386551
1284546,50.283665640190044
1284547,50.12898515522931
1284548,51.60895462737695
1284549,51.716380845229374
1284550,48.07195745250352
1284551,44.42277471420171
1284552,44.86768708022468
1284553,45.22635835338844
1284554,43.94519333058819
1284555,36.72949945384009
1284556,21.249188264653906
1284557,8.978257805064649
1284667,42.40806533962692
1284668,46.28684896628884
1284669,48.575753493747555
1284670,47.402595795945174
1284671,47.577818256378464
1284672,49.756594349591396
1284673,49.500480179022176
1284674,49.55807248090679
1284675,50.29463908724935
1284676,51.28421812323754
1284677,51.13670075484932
1284678,46.79776156520229
1284679,43.79298029515296
1284680,45.518775819915206
1284681,47.45453730128157
1284682,46.359040427133195
1284683,38.834027275217004
1284684,22.563374472409745
1284685,9.476720495076004
1284797,46.60088911261676
1284798,45.85586776686899
1284799,46.45122170830103
1284800,48.79523983829138
1284801,48.84221333658324
1284802,48.8322741504985
1284803,49.79753767956111
1284804,50.68981933617363
1284805,50.90864917431738
1284806,47.72792245024106
1284807,45.547929625838144
1284808,46.96962797692907
1284809,48.190233125817905
1284810,47.31125272362469
1284811,40.284572214246666
1284812,23.656143209719502
1284813,9.835640145944692
1284921,36.3400561992468
1284922,36.14848430207752
1284925,44.66042342083211
1284926,45.57069659638832
1284927,47.00536870408503
1284928,48.84019725245062
1284929,48.56001705568584
1284930,48.56815281841322
1284931,49.006235694899125
1284932,49.60844261809472
1284933,49.77838527726057
1284934,47.72808649901799
1284935,47.085248484991496
1284936,47.77254071221108
1284937,47.25554211172617
1284938,45.69024333025727
1284939,39.39258525826257
1284940,23.483749232471727
1285048,34.28400459250805
1285049,36.07056011536999
1285050,35.740513799241455
1285051,38.083640628955024
1285054,45.50799195105009
1285055,48.355386350892836
1285056,50.164039758794445
1285057,49.47113493631664
1285058,48.48466821733219
1285059,48.156127741563644
1285060,47.92289029691268
1285061,47.70165441926745
1285062,46.44866947801859
1285063,46.642790936444484
1285064,46.54124064890665
1285065,44.283598957948286
1285066,42.440776049929234
1285067,37.48025424459669
1285068,23.245290410614764
1285176,35.088160127293186
1285177,36.73296038583212
1285178,36.92318859302141
1285179,38.999965074007406
1285182,45.34779900242103
1285184,51.00370081072857
1285185,50.31298533510577
1285186,48.61533256734757
1285187,47.44841113337905
1285188,46.23151004964218
1285189,45.225117343582724
1285190,43.77910474841879
1285191,44.52960948517203
1285192,43.74365306256345
1285193,39.90149771392434
1285194,38.611217529047586
1285195,36.200572465085045
1285196,23.271140555997004
1285304,36.93426915560875
1285305,38.38525474569903
1285306,39.07742542252489
1285307,40.934259304412755
1285308,41.3120563326693
1285309,42.17824027658801
1285310,46.42144723319238
1285311,49.651093686822364
1285312,51.37843150325864
1285313,50.10759365172333
1285314,47.99298546679451
1285315,46.40898815387478
1285317,42.253020573025594
1285318,41.37337138892082
1285319,42.71150132386839
1285320,41.74276486135491
1285321,36.9327761238666
1285322,36.19072146662283
1285323,35.55587891924395
1285324,23.69909323881518
1285432,40.53653599051832
1285433,41.56326953442944
1285434,41.53502932085496
1285435,41.87569587972239
1285436,41.440784660400965
1285437,42.56920526103285
1285438,47.34445311441471
1285439,50.68588519032803
1285440,51.254617382885066
1285441,48.53391196905997
1285442,45.39229524435768
1285443,42.66613542036875
1285444,38.614622717912354
1285445,36.0194056660148
1285446,37.06659137407269
1285447,40.1591358222353
1285448,39.95030679988544
1285449,35.790360268291536
1285450,35.76705490917521
1285451,36.13277326793965
1285452,24.699760343853313
1285558,34.00189882597376
1285560,43.027538504936544
1285561,42.97479575298188
1285562,41.764760322095505
1285563,40.340419724818865
1285564,38.91292131822692
1285565,40.093846719634435
1285566,46.59805802728626
1285567,51.03217483263323
1285568,51.27486690336115
1285569,47.19615808193232
1285570,42.94809427439546
1285571,38.627692250944634
1285572,33.73631791655963
1285573,31.186748518488862
1285575,38.910623299761085
1285576,39.424926871106024
1285577,35.78050284568957
1285578,36.003283954014556
1285580,27.18859273572038
1285686,34.4712086508118
1285688,43.77305624134515
1285689,43.161839707210724
1285690,41.26290079687198
1285691,38.47194810328924
1285692,35.67912793431506
1285693,37.1432694452446
1285694,44.98778789507282
1285695,50.09101685710042
1285696,50.17141844414954
1285697,46.101002728579125
1285698,40.42966032486224
1285699,35.21775536634839
1285700,30.680927830362453
1285703,38.89423819256639
1285704,39.85372199907751
1285705,36.304257648741874
1285706,37.11958390350909
1285708,31.548115696866397
1285814,34.09791763648155
1285816,43.192749412269166
1285817,42.785950025422245
1285818,40.593915316850044
1285819,37.51891347236511
1285820,34.34247848077211
1285821,36.14256327577402
1285822,44.3062144011684
1285823,49.285358025660564
1285824,48.69252135410123
1285825,44.55478610450963
1285826,38.910768438541304
1285827,32.45697902015141
1285828,28.548203736822064
1285831,39.020862009410074
1285832,40.193034927732675
1285834,37.942824932443166
1285942,31.16108305387792
1285944,41.09738199340088
1285945,41.08928305704428
1285946,39.496991032478675
1285947,36.42878264816733
1285948,33.59430593331004
1285949,36.071838344569485
1285950,44.0236860229054
1285951,48.63961696018302
1285952,47.76665212968787
1285953,43.72312476179842
1285954,38.20137513155224
1285955,31.416944882719
1285956,28.02980241172416
1285960,40.47994512183199
1285962,38.31944952656127
1285975,0.011623074212993585
1285976,0.009092090833444621
1285977,0.004268080491848465
1285978,1.8716346515983142e-05
1286070,27.20542220170482
1286071,34.43993211290652
1286072,37.939141349999225
1286073,38.849139468544955
1286074,37.227244522449055
1286075,34.69860777558248
1286076,32.670078201491336
1286077,35.431902354558154
1286078,44.14880240599208
1286079,48.54908232428497
1286080,47.522957347179755
1286081,43.521232899772144
1286082,38.396320551676304
1286083,32.15866966224688
1286084,28.558853720759377
1286088,41.0474127834821
1286090,38.76178422244729
1286100,0.05886366252394834
1286101,0.028597433321496904
1286102,0.009099996452097131
1286103,0.006462935434063574
1286104,0.0015382947942932917
1286105,0.001327637894841943
1286106,1.5836908590447273e-05
1286198,25.062282719151362
1286199,32.37663753203596
1286200,35.92910415069636
1286201,36.46366340600129
1286202,34.23836152758486
1286203,31.414000192438156
1286204,30.020630726333398
1286205,34.19841498981135
1286206,44.7224426969885
1286207,49.525068829237206
1286208,47.748566930360354
1286209,44.009663806027945
1286210,38.79014379448555
1286211,33.040397094137724
1286212,29.64575377150917
1286216,41.40084355333462
1286218,38.79613871496483
1286227,0.0757726060835556
1286228,0.03703777489056631
1286229,0.027073296484644516
1286230,0.017454060096022225
1286231,0.009580516202552479
1286232,0.007298255917200385
1286233,0.0011051648176337277
1286326,24.784555662180964
1286327,32.026418424968064
1286328,35.48167634195971
1286329,35.29385433294871
1286330,32.29180638672095
1286331,28.849567053705602
1286332,27.593306573313875
1286333,33.432325217620786
1286334,45.70622623196046
1286335,50.8440414319707
1286336,48.601240067797164
1286337,44.46156324436118
1286338,39.22476559651127
1286339,33.322174834764475
1286340,30.025670175455666
1286344,40.18880690063814
1286346,37.92875282789552
1286355,0.05662959369844823
1286356,0.0422785701313776
1286357,0.021592471002250074
1286358,0.011998491229042965
1286359,0.0060023071718233335
1286360,0.001790513038226928
1286361,3.458348063452752e-06
1286362,2.5416490865513e-06
1286454,24.732813470317307
1286455,31.667113309353727
1286456,34.88918009305483
1286457,34.44420528895393
1286458,30.92132262356104
1286459,27.26091882873935
1286460,26.413134190360346
1286461,32.997829491278786
1286462,45.88668292056118
1286463,51.002937703842164
1286464,48.505726212521985
1286465,43.873935499130745
1286466,38.68459470340869
1286467,32.998408682008325
1286468,30.203053826234317
1286472,37.954560288112475
1286474,35.63209179849453
1286484,0.07129152703413413
1286485,0.028327115440816404
1286486,0.008306804118017083
1286487,0.010670590431493964
1286488,0.003227186609241077
1286489,0.005349237371165595
1286582,24.312715155317495
1286583,30.67809067627298
1286584,33.53691061237105
1286585,33.30006810847475
1286586,29.721242993818684
1286587,25.70349441558085
1286588,25.003325676529194
1286589,32.1397235114724
1286590,45.22411372283868
1286591,49.91663949423067
1286592,46.82536969909135
1286593,42.49311160909207
1286594,37.799150921405314
1286595,32.97036577980786
1286596,30.68037200472527
1286597,32.07825640991103
1286598,35.362950581939685
1286599,37.27964529707732
1286600,36.92972692079277
1286602,34.85162068372121
1286603,40.34547108129208
1286617,0.001484682813493731
1286710,21.07428700704879
1286711,25.817469527129862
1286712,28.792370827402546
1286713,29.97805645819459
1286714,28.026267294497146
1286715,24.444551392441653
1286716,24.016378798260856
1286717,31.416234665273006
1286718,44.10144182333652
1286719,48.43308398121566
1286720,45.031490871596915
1286721,40.90113788901383
1286722,36.89526085323779
1286723,32.80260827674623
1286724,30.71037726416366
1286725,32.06814045935665
1286726,34.852504906326516
1286727,36.681930132974465
1286728,36.257786134132
1286730,35.00804320106311
1286731,40.49792230899471
1286732,34.6508190432047
1286838,18.11029700553729
1286839,20.978653069477158
1286840,23.523592963457965
1286841,25.321659659501258
1286842,24.083091234905275
1286843,21.271412209436516
1286844,21.991319964064264
1286845,30.208249578354938
1286846,43.0062432449645
1286847,46.846766143053664
1286848,43.298054456277335
1286849,39.672065140912096
1286850,36.86108914495031
1286851,33.45713973534379
1286852,31.480097483293033
1286853,32.3690502216473
1286854,34.507530909515864
1286855,35.888385163514336
1286856,35.32840237788482
1286857,33.40634979638628
1286858,35.96794098039346
1286859,40.92215388614329
1286860,33.52815119369704
1286966,18.316178120721407
1286968,21.132822678572232
1286969,21.10131466220015
1286970,18.819581740211053
1286971,16.200634995355493
1286972,18.46694070674198
1286973,28.379707337791007
1286974,41.35705034901654
1286975,45.28633704984253
1286976,41.99680244686068
1286977,38.95501958121847
1286978,36.96194042759197
1286979,34.38409894439892
1286980,32.84539531441551
1286981,32.742291384432974
1286982,34.56002649271956
1286983,35.16288924945962
1286984,34.428368551214945
1286985,33.037200043628204
1286986,36.27510911489163
1286987,40.58025440368912
1286988,31.618171362944455
1287094,18.51496238292863
1287096,19.924848881657294
1287098,15.977658457696212
1287099,13.497252260600854
1287100,16.654678121385366
1287101,27.216051350696716
1287102,40.26275312782073
1287103,44.12339257145083
1287104,40.88069514511078
1287105,38.32000338263958
1287106,36.889128564239016
1287107,35.11631339332856
1287108,34.09440034935532
1287109,33.971892882234464
1287110,34.44136220196606
1287111,34.58097588683341
1287112,33.90484571367988
1287113,32.49464260347669
1287114,36.28367498854271
1287115,40.01279228727203
1287116,30.051537190545265
1287224,18.99313612522153
1287226,15.405123133954454
1287227,12.822969176146263
1287228,15.992587536394783
1287229,26.56001729550538
1287230,39.79270189752965
1287231,43.92797634214774
1287232,40.78292387455492
1287233,38.53490977491395
1287234,37.486748903317036
1287236,34.838138036656716
1287239,34.73805133686524
1287240,33.90502466501265
1287241,32.61793235552018
1287242,36.46399782949305
1287243,40.2180852549607
1287244,29.41502685880332
1287354,14.766986748411176
1287355,11.880400279722664
1287356,14.801397845502615
1287357,25.871200608720212
1287358,40.05304846662888
1287359,44.63574112646452
1287360,41.51517839555333
1287361,39.76417043319908
1287362,38.933208055524325
1287369,33.67583621120197
1287370,37.10433385419799
1287371,40.274279201772494
1287372,29.194100155380557
1287482,13.426171667966301
1287483,10.189199101815063
1287484,12.487860863820984
1287485,24.051446903361448
1287486,40.009653108536206
1287488,43.014160720385775
1287490,40.38243539610948
1287497,36.73826925055657
1287499,41.071635682531706
1287610,12.523146722229367
1287612,11.281527323639356
1287613,23.163210963558665
1287614,39.735524173783126
1287738,12.61477365644079
1287740,11.794749822240641
1287741,23.760569213872248
1287869,24.519392859684125
1287882,44.49286141121388
1287883,42.57567175385024
1287884,27.55262216146833
1287885,11.420090760620534
1288012,27.41280626606682
1288013,11.411025920574211
1288014,3.228167223783619
1288140,26.096174948575637
1288141,10.716982575399001
1288142,3.0919857675442994
1288268,21.3719786043738
1288269,8.741449796578644
1288270,2.7997457590713424
1300938,41.98150147345466
1301053,46.92145715391767
1301054,44.58948580442577
1301055,44.0206368465605
1301056,46.426299037847315
1301057,46.09388112633599
1301058,45.65380717318692
1301059,46.95826885296774
1301060,48.45112582955788
1301061,48.30043251185852
1301062,44.13941636537125
1301063,41.18537414454502
1301064,42.62275082753503
1301065,44.52079750410886
1301066,43.41339309257082
1301067,36.12813338033175
1301182,43.57546354383724
1301183,42.830777519217136
1301184,44.85636644749992
1301185,44.70875459309414
1301186,44.605038293439776
1301187,46.601081702755316
1301188,48.49976265738164
1301189,48.577744265577614
1301190,44.74363949002549
1301191,42.593618812573624
1301192,44.13523818770345
1301193,45.477542346357005
1301194,44.57552808349747
1301305,36.24758905349947
1301306,35.71649582441087
1301311,42.54109625070519
1301312,44.316004232601614
1301313,43.75035413453288
1301314,43.805659543696294
1301315,45.53154236321727
1301316,47.34473109231176
1301317,47.788751313261635
1301318,45.55054485843832
1301319,44.53994786514821
1301320,44.99881357190231
1301321,44.895404324759134
1301322,43.54762518421924
1301432,34.366985257432134
1301433,36.32707019265568
1301434,35.73525151313399
1301435,37.80530377236063
1301446,43.92394686091053
1301451,36.27107325170639
1301452,22.18909047910308
1301560,35.47084842357512
1301561,36.7601491126867
1301562,36.809972033763295
1301563,39.039864446473615
1301569,45.28622109208128
1301574,41.77574601705502
1301577,37.09468895849362
1301578,36.9802939437649
1301579,34.87980968426787
1301580,22.204188066912735
1301688,37.78701257609249
1301689,38.972818361868775
1301690,38.895764941876365
1301691,40.44884874200949
1301692,40.537344499886494
1301693,40.600705888744415
1301694,43.09730262242048
1301695,45.876560050264864
1301696,46.95394340789753
1301697,45.455701583098374
1301698,43.749773722627054
1301701,39.59186515158116
1301702,38.59142824410808
1301703,39.85312151142802
1301705,34.61615639866595
1301706,35.073786167185304
1301707,34.201096430759215
1301708,22.033370631519944
1301816,41.52052623337717
1301817,41.562110977953374
1301818,41.44057167714297
1301819,41.085093915764006
1301820,40.093947308780564
1301821,40.248264378044574
1301822,43.88350536108003
1301823,46.997215930431324
1301824,47.47497465699797
1301825,44.34340201576016
1301826,41.70572591094353
1301827,39.5039166292997
1301828,35.591974364823926
1301829,32.9335385176362
1301830,34.462251522126486
1301831,37.44606434310052
1301832,37.450740602617294
1301833,34.011504901365996
1301834,34.564258256036446
1301835,34.17843610318946
1301836,22.542976305937977
1301944,43.42205923673719
1301945,43.346860028774955
1301946,41.60846987602526
1301947,39.53858540360768
1301948,36.96092098285158
1301949,37.59527474471413
1301950,43.3978009246119
1301951,47.26992055308614
1301952,47.63680060193072
1301953,43.52362388005398
1301954,39.65070359530099
1301955,36.127869868672306
1301956,31.330284335403775
1301957,29.429308168941905
1301958,32.227812391285205
1301959,36.58304503955188
1301960,37.323165144950124
1301961,34.2721731095591
1301962,35.01445151657216
1301963,35.36283616560606
1301964,24.612757061940954
1302072,43.266968216732735
1302073,42.6841698336275
1302074,40.718430808792235
1302075,37.75944119489056
1302076,34.90161533325056
1302077,35.38455782770422
1302078,42.504931917761034
1302079,46.833386303832405
1302080,46.455300441346736
1302081,42.63626893160934
1302082,37.88811170147774
1302083,32.86871232085107
1302084,28.664880038853696
1302085,28.22387206859287
1302086,31.731465640916046
1302087,36.366337706011684
1302088,37.812885444490576
1302089,34.89696499459104
1302090,35.706512150670456
1302092,28.84489404726177
1302198,31.20241054712567
1302200,41.297195389408884
1302201,41.36747345061035
1302202,39.52458088990872
1302203,36.33635497564231
1302204,33.3861421879182
1302205,34.500377006961884
1302206,41.89700721932333
1302207,46.043757984860456
1302208,45.34991865801753
1302209,41.866421345131315
1302210,36.63149935381083
1302211,30.672236602201746
1302212,27.143127701759056
1302213,27.465710372518675
1302214,31.532405934837293
1302215,36.705630762830395
1302216,38.29260960595542
1302217,35.5215616705665
1302218,36.706976774560104
1302220,32.49047906446145
1302326,27.85738519951918
1302328,38.44785406280954
1302329,38.81816737764883
1302330,37.315532515479354
1302331,34.54370476362253
1302332,32.14226755833347
1302333,33.8352500178518
1302334,41.66920018601722
1302335,46.05835420229641
1302336,45.01537704871912
1302337,41.64040975952591
1302338,36.38708028000459
1302339,30.177857098547765
1302340,26.550725187351286
1302341,27.267100287753838
1302342,31.56050045545992
1302343,36.65373481109219
1302344,38.37799890379672
1302345,35.80123092588366
1302346,36.73458138319753
1302348,33.26525276125347
1302361,0.0076805518106948766
1302362,4.396881676365512e-05
1302454,25.18423368690921
1302456,36.190676066922705
1302457,36.5817592659013
1302458,34.68061639369905
1302459,31.976061020211517
1302460,29.586639900885327
1302461,32.4604145228053
1302462,41.3702904785814
1302463,45.96497264036712
1302464,44.67299034677455
1302465,41.39815989372236
1302466,36.539383611413285
1302467,30.410367827565953
1302468,26.859797400332003
1302471,36.60729577929713
1302472,38.52836630650486
1302474,36.69494147209342
1302476,32.05383708476696
1302487,0.015821160968337723
1302488,0.003085405219906947
1302489,0.0012407482638315767
1302582,24.35395384636361
1302584,35.04687850679967
1302585,35.243576163930264
1302586,32.424374857855874
1302587,28.866297734206032
1302588,27.098462979197492
1302589,31.29044193108833
1302590,41.53960920985751
1302591,46.48764829928422
1302592,44.80119602813775
1302593,41.06063720506061
1302594,36.31207151194577
1302595,30.70794420723155
1302596,26.89970119646033
1302599,36.42883378532114
1302600,37.97853637761631
1302602,36.16225218179364
1302604,31.37910559240659
1302614,0.016046692937302355
1302615,0.006681445560059973
1302616,0.005078038837125088
1302617,0.0016277556187265477
1302710,24.0333080477459
1302712,34.5903137742543
1302713,34.409421168859666
1302714,30.974760014477667
1302715,27.815768343213076
1302716,26.40308289390092
1302717,31.28498070454085
1302718,41.64683463826778
1302719,46.793388422933376
1302720,44.754488323527504
1302721,40.61931889505851
1302722,35.68293742858784
1302723,29.90709785398668
1302724,26.64125070794419
1302725,27.7772497551137
1302726,31.951277920168266
1302727,35.67010956930462
1302728,36.41877979639701
1302730,34.431839038650395
1302731,37.940631696422805
1302732,31.15655773805414
1302742,0.008651913100336493
1302743,0.010107633262773495
1302744,0.004762146217271012
1302745,0.005353612877722475
1302838,23.716541611114142
1302840,34.41497295737267
1302841,33.808400977022174
1302842,30.454948603313674
1302843,26.95072164875113
1302844,25.957588352316666
1302845,31.030677212109246
1302846,41.975634815527975
1302847,46.655759401084
1302848,44.38844730272623
1302849,39.63638148814399
1302850,34.56764526975688
1302851,29.22953130678502
1302852,26.386941779361656
1302853,27.321297544409596
1302854,31.1802415463063
1302855,33.99585157333021
1302856,33.838508305841756
1302858,32.19728857052496
1302859,36.61135711365821
1302860,30.747353800291478
1302872,0.0020792965922037444
1302873,0.004324782333242976
1302874,5.8899881449442956e-05
1302966,21.785472720914125
1302968,31.191831105139393
1302969,31.365505793681542
1302970,28.95506052810154
1302971,25.632318705220975
1302972,24.53710391492768
1302973,30.405477237488817
1302974,41.30725145174109
1302975,45.45903302778732
1302976,42.628330039769494
1302977,37.875090126111125
1302978,32.961768079955036
1302979,28.55196887024407
1302980,25.967800917702366
1302981,27.27254396029208
1302982,31.01852773274549
1302983,33.22381980995438
1302984,32.6154586093629
1302985,29.957762663319517
1302986,31.300842543251807
1302987,36.18756810851968
1302988,30.419370897698567
1303094,17.385751799792544
1303096,24.001121550107676
1303097,26.275424831300235
1303098,25.975700641053532
1303099,23.366259219792738
1303100,23.332170866046972
1303101,29.322974618165098
1303102,40.099657796371154
1303103,44.138785383560446
1303104,41.098672643070586
1303105,36.609902003069315
1303106,32.39861529770811
1303107,28.448775192008736
1303108,26.237092800167108
1303109,27.498825231755774
1303110,30.931303987387935
1303111,32.83116223701654
1303112,31.971470762456242
1303113,29.854877293915287
1303114,31.792136058038796
1303115,36.64062412019418
1303116,30.288091427150317
1303222,15.609765278411375
1303224,19.3330350025537
1303225,21.076686856871678
1303226,20.728068702660533
1303227,19.0225034535281
1303228,20.236942495768282
1303229,28.113125327621646
1303230,39.24146074149646
1303231,43.0562670794231
1303232,39.99408455908064
1303233,35.97865526658078
1303234,32.54127400757153
1303235,29.314719316704213
1303236,27.013310848631832
1303237,27.619215937398785
1303238,30.648123247241603
1303239,32.56021605193595
1303240,31.85490489353161
1303241,29.945750961792434
1303242,32.97317793190198
1303243,37.293967533816456
1303244,29.782244838305278
1303350,16.756983601418398
1303352,18.745706204472047
1303354,16.25463440006608
1303355,14.501864828752712
1303356,17.07500590154845
1303357,26.298790288466964
1303358,38.166875146662484
1303359,42.21518813037149
1303360,39.553547157334705
1303361,36.003023690623024
1303362,33.210017912867244
1303363,30.44603347327349
1303364,28.24471644452463
1303365,28.66963035692322
1303366,31.003481370194773
1303367,32.05272786979102
1303368,31.52311932649422
1303369,30.151160507004796
1303370,33.665737603393694
1303371,37.308173666132205
1303372,28.142959390726663
1303480,18.921199871479622
1303482,14.544111592595273
1303483,12.423573458590486
1303484,15.606848642129691
1303485,25.223569720407706
1303486,37.7071049641699
1303487,41.886689941303395
1303488,39.54119123243836
1303489,36.226313904130215
1303490,33.96220912434714
1303491,31.865368791555824
1303492,30.455133234181144
1303493,30.29628581393157
1303494,31.5312715365677
1303495,32.22204133072903
1303496,31.025023326826716
1303497,30.138398630977512
1303498,34.177583688328646
1303499,37.15092111848453
1303500,26.86935588718536
1303610,14.117079152094393
1303611,12.02876930337925
1303612,15.06051054425617
1303613,25.016146758652937
1303614,37.888984429407046
1303615,42.462332178290644
1303616,40.11920704521461
1303617,37.16902034526035
1303618,35.06490246093444
1303623,32.71156310897088
1303624,31.537206712124995
1303625,30.387446315740448
1303626,34.59968996710687
1303627,37.7240876674442
1303628,26.83369679300059
1303738,13.490336602600715
1303739,10.993758687268446
1303740,14.037055551056968
1303741,24.631094892446093
1303742,38.72867809640347
1303743,43.87543746668435
1303744,41.8375856832382
1303745,39.42050730015601
1303746,37.23083095314819
1303753,32.20046235116439
1303754,35.70768605848457
1303755,38.59188662616304
1303756,27.099091304097243
1303866,12.141932958520256
1303868,11.604965373696412
1303869,22.86309388537287
1303870,38.83295634708423
1303872,43.849661167334624
1303873,41.86516873809477
1303874,40.060582678608355
1303881,35.645294826931135
1303883,39.958008589135
1303994,11.395333462596703
1303996,10.089226300171541
1303997,21.731659123823896
1304125,21.375085875294566
1317690,35.02227894235679
1317816,34.955288435235104
1317817,36.575880452026624
1317818,35.55164237413162
1317819,37.53986357956942
1317835,35.601153785249956
1317836,21.80925610755686
1317944,36.22786946514033
1317945,37.588281367272046
1317946,37.308841423214176
1317947,38.852820422131146
1317953,41.78315680229211
1317958,39.58430191761585
1317961,35.24254797792824
1317963,34.07256013967984
1317964,21.502565842927023
1318072,39.609205566132694
1318073,39.58938132903358
1318074,39.008029619161135
1318075,39.9260429911922
1318076,39.63492396600241
1318077,38.82409197119929
1318080,43.010456349533506
1318081,40.74125747151652
1318082,39.039306852146886
1318086,35.84440098979437
1318087,37.614865346057876
1318089,33.12121958433849
1318090,34.19707527020325
1318091,33.34663006952541
1318092,21.32312985226401
1318200,42.34080575959495
1318201,41.459530406884966
1318202,40.36354234086031
1318203,40.05351895725869
1318204,38.362240917527586
1318205,36.98021913195701
1318206,39.15858929580702
1318207,42.048355128177384
1318208,42.52952340038437
1318209,39.01672543434718
1318210,35.6005395973657
1318212,30.842574338753604
1318213,29.31174232031748
1318214,31.751390863651647
1318215,35.220584044259134
1318216,34.83438554923394
1318217,31.87417848444936
1318218,33.50857723270164
1318219,33.27546269982475
1318220,21.735913887186946
1318328,43.24570433414277
1318329,42.808636167224904
1318330,41.06456953067426
1318331,38.580851944268254
1318332,35.16662808324947
1318333,33.70249902806597
1318334,37.98343424120202
1318335,41.37898399541809
1318336,41.55533335455402
1318337,37.62281733337168
1318338,33.67992138728406
1318339,30.20597529112991
1318340,26.783287662795935
1318341,26.43154394165872
1318342,29.83972310551588
1318343,33.718429823758854
1318344,34.31157586492895
1318345,31.83968041513911
1318346,33.34272959694369
1318347,33.68987228057455
1318348,23.01614074044629
1318456,42.05711494426096
1318457,41.818575563809425
1318458,40.116303050934754
1318459,37.47358113206302
1318460,33.42409153256054
1318461,32.35309042200053
1318462,37.11489529846566
1318463,40.61354149251717
1318464,39.844201968773724
1318465,36.36876608820777
1318466,31.65548960130241
1318467,26.804280986006468
1318468,24.00551523252976
1318469,24.809957104519725
1318470,28.586755043979316
1318471,33.2212768595451
1318472,34.217427086548675
1318473,31.911025731710033
1318474,33.64906594308057
1318475,35.184252243457394
1318476,25.718889671863273
1318584,39.594082193671525
1318585,39.609328413774556
1318586,38.19536670069847
1318587,35.39746331385592
1318588,31.635679244153625
1318589,31.21136744460682
1318590,36.449136560165144
1318591,39.82448610816173
1318592,39.11001618079988
1318593,35.47399175318797
1318594,30.691117317873417
1318595,25.079128753873395
1318596,22.45395132857011
1318597,23.695679686067333
1318598,27.818861057575845
1318599,32.72464714224265
1318600,34.14491217753853
1318601,32.02501155743215
1318602,33.727948114732484
1318603,36.29207268690442
1318604,28.213163664075726
1318712,36.69826259784393
1318713,36.86741410833998
1318714,35.404094821047586
1318715,32.17922153740113
1318716,29.09058944357731
1318717,29.809893323435737
1318718,36.077205655816385
1318719,39.94658810923014
1318720,38.93215746776699
1318721,35.421526047058045
1318722,30.559051179359034
1318723,25.023915736688757
1318724,22.065222965854456
1318725,22.91537856603866
1318726,27.24202585810275
1318727,32.1754197404219
1318728,33.889813548554855
1318729,31.871820224651486
1318730,33.15614798614813
1318731,35.72763226490234
1318732,27.924092020243624
1318746,4.4083197605939524e-05
1318838,24.137426025695422
1318840,35.05011539804218
1318841,35.10839137294537
1318842,32.35495121967828
1318843,29.221579145135475
1318844,26.440612598599973
1318845,28.352843495007274
1318846,35.98624167815675
1318847,40.02648753459948
1318848,38.80599640839756
1318849,35.431859473761634
1318850,31.217793904321066
1318851,25.793159643446373
1318852,22.184624333401622
1318853,22.883227263161285
1318854,26.773088213218255
1318855,31.99360796261407
1318856,34.02477594139405
1318857,32.117737874637555
1318858,33.00912835300903
1318859,34.35030020620322
1318860,25.95224444465869
1318873,0.005648243284162826
1318874,1.0252171525307146e-05
1318966,23.76547469109302
1318968,34.681900336536806
1318969,34.35343833244736
1318970,31.229244702844657
1318971,27.526039016072872
1318972,25.295192734634004
1318973,27.8823036632428
1318974,35.99932839627077
1318975,40.07964738305219
1318976,39.033808827655896
1318977,35.279973233192074
1318978,31.082177620402593
1318979,25.683713274766163
1318980,22.21592754185228
1318981,22.665755591139817
1318982,26.71976457149816
1318983,31.51376144659204
1318984,33.29912120914771
1318985,31.4491650733509
1318986,31.987928489615634
1318987,33.18513250577995
1318988,24.578125222095796
1319001,0.0030222693386122504
1319094,23.41259690848104
1319096,34.604326314918296
1319097,34.256558901593934
1319098,30.82001630787865
1319099,27.47313271761107
1319100,25.080091165705163
1319101,28.274290016826924
1319102,36.689456977578374
1319103,40.68712465343329
1319104,38.900232901534125
1319105,34.80850953914843
1319106,30.71162458783041
1319107,25.590500213298704
1319108,22.649167045879828
1319109,23.145966047170624
1319110,27.208306264062127
1319111,31.051273584741026
1319112,31.915191160970476
1319113,29.794046857231834
1319114,30.24030599148721
1319115,31.96784072375604
1319116,24.1215120658466
1319130,0.002101726446033492
1319222,22.895727148515313
1319224,33.44194959508652
1319225,33.31589263284798
1319226,30.369734608952392
1319227,26.78887509323169
1319228,25.41047107396593
1319229,28.790757869169397
1319230,37.486406067384806
1319231,41.223453466701926
1319232,38.58018853391217
1319233,34.38185193387047
1319234,30.019163862610597
1319235,25.439351609242667
1319236,22.72834260056723
1319237,23.288826597266034
1319238,27.38948693870197
1319239,29.949168539545493
1319240,29.829937063288725
1319241,27.35994305784789
1319242,28.58811449761417
1319243,31.50670580320278
1319244,24.34538718054821
1319258,2.009676021924284e-06
1319350,19.44987609235961
1319352,28.116490610244828
1319353,29.398527333879823
1319354,28.592706994097217
1319355,25.710715919793238
1319356,24.494588526527988
1319357,28.651189315443524
1319358,38.19398212613335
1319359,41.51480501272294
1319360,38.56273114103449
1319361,33.967592940370174
1319362,29.589389874293932
1319363,25.82645124894504
1319364,23.2336346583317
1319365,23.800623380807313
1319366,27.633808577935312
1319367,29.585543870951746
1319368,29.084793701942317
1319369,26.529488414032624
1319370,28.268884236788125
1319371,31.722285170715242
1319372,24.884998669478826
1319478,14.535835658637561
1319480,20.17445447105873
1319481,23.171711177068296
1319482,23.8645232529476
1319483,22.330820782179636
1319484,22.240401284711147
1319485,28.05551647627027
1319486,38.02710460409163
1319487,41.3416879371255
1319488,38.212227090931094
1319489,33.752748528890564
1319490,29.91532475515878
1319491,26.196742555795222
1319492,24.112471700142926
1319493,24.8655614167925
1319494,28.427680630573835
1319495,30.216491839343263
1319496,29.20702500136479
1319497,27.24587442191455
1319498,29.56900596336893
1319499,33.05179668430768
1319500,26.2385842914264
1319606,13.59594952765505
1319608,16.083399292013976
1319610,18.06825358026519
1319611,16.851014544173747
1319612,18.415120802431808
1319613,26.595365149982303
1319614,37.66598026657631
1319615,41.27703094877513
1319616,38.05763304512108
1319617,34.16715583793334
1319618,30.409937536178653
1319619,27.117153225836095
1319620,25.005335817786808
1319621,25.75220407292944
1319622,29.003229189683225
1319623,30.595863391901858
1319624,29.678603684742736
1319625,28.534809053654065
1319626,31.33195681604468
1319627,35.02564196434915
1319628,27.166359419066566
1319736,16.987993329367153
1319738,14.914660347208452
1319739,13.610618190813028
1319740,16.01780829570522
1319741,25.233121899224795
1319742,37.34381376685537
1319743,41.25951877922394
1319744,38.65646130574694
1319745,34.99177548187667
1319746,31.802098033854044
1319747,28.745108017729162
1319748,26.54638487086447
1319749,26.918269980078648
1319750,29.54879538685567
1319751,30.82556496735682
1319752,30.311725662056094
1319753,29.23072391962485
1319754,32.83709717110505
1319755,35.970386407017465
1319756,26.33991608808592
1319864,18.030667970313974
1319866,13.996174251493988
1319867,12.214918112691771
1319868,15.11106398298908
1319869,24.718667799591955
1319870,37.21178182436923
1319871,41.8492494169497
1319872,39.350479322852486
1319873,35.85762277182921
1319874,33.19786337731043
1319876,28.713803494424297
1319879,31.266017207520974
1319880,30.430726191657648
1319881,29.660863639565385
1319882,33.713036532495885
1319883,36.446608005056866
1319884,25.629448268051053
1319994,13.504175780360368
1319996,14.817846966510318
1319997,24.663391827253125
1319998,37.43152567223984
1319999,42.56309389453104
1320000,40.25711005834551
1320001,37.12392912754811
1320002,34.116140839166896
1320008,30.843773980470672
1320009,30.056897301678518
1320010,34.37992062663567
1320011,37.139992202572614
1320012,25.952782439492708
1320122,12.959187719938683
1320124,13.906752686939138
1320125,24.41927573840306
1320126,38.27836891515421
1320127,44.43910581173726
1320128,42.63721809193782
1320129,39.45968772090362
1320130,36.56330063398358
1320137,31.936840909085507
1320138,36.077392888576895
1320139,38.19732964720773
1320252,11.569567117972454
1320253,22.68319675325173
1320256,44.572063569149755
1320257,42.4488033667284
1320258,39.9826808574432
1320265,35.621441933445
1320267,39.51097043627013
1320381,21.034373133035633
1334200,35.40481452044313
1334202,35.46753941755335
1334219,33.59633741006654
1334328,37.83766698953476
1334330,37.24127353020947
1334331,38.58136325225721
1334337,38.55882359419654
1334345,32.35026907775456
1334347,32.320523987239454
1334348,19.641226922616376
1334456,40.75251265512103
1334457,39.99918211692958
1334458,38.49232257635936
1334459,39.063097164687946
1334461,35.92930070504018
1334465,35.836850676483245
1334470,31.638673119360252
1334471,34.60673592714705
1334473,30.59449214290057
1334474,32.608399021378006
1334475,31.57132081450129
1334476,19.195446432752032
1334584,42.99414715895292
1334585,41.50411759457536
1334586,39.47791671337831
1334587,38.176353696096406
1334589,32.78193744668218
1334592,37.67100026115229
1334593,33.082173110056026
1334594,29.220095590527023
1334596,24.930082593550548
1334597,24.72681273644051
1334598,28.03021999596321
1334599,32.03327640616416
1334601,29.373342794969837
1334602,31.697850338929356
1334603,31.302339653059832
1334604,19.26546695026918
1334712,42.4063067658524
1334713,42.017585590274514
1334714,40.41944517719556
1334715,37.6180592229465
1334716,33.19781972972505
1334717,30.144467478820363
1334718,32.508598591176536
1334719,35.72035222241561
1334720,35.83481076505253
1334721,31.333410298180663
1334722,26.55981200799589
1334723,23.398262141055362
1334724,21.39755626090078
1334725,22.134063310876385
1334726,26.21666234019425
1334727,30.5967421728001
1334728,30.445543262855143
1334729,28.389151874391008
1334730,31.10660885608213
1334731,31.136143704745862
1334732,19.955757662821945
1334840,40.35067246303424
1334841,40.89656149174261
1334842,39.482324184985195
1334843,36.56535347440592
1334844,32.021507243272644
1334845,29.14859340441777
1334846,31.874561221138386
1334847,34.360012369085695
1334848,33.94940855747899
1334849,29.87524961780092
1334850,24.857501092627206
1334851,20.56320671383972
1334852,18.807481946157402
1334853,20.557540832275038
1334854,24.788611660907478
1334855,29.329261992762117
1334856,29.781564198699275
1334857,27.945888224238292
1334858,30.911102711444578
1334859,31.988742494802185
1334860,21.979075020930427
1334968,37.81961694445567
1334969,38.047373989916295
1334970,36.63603277910782
1334971,33.306050954637165
1334972,29.331256167810473
1334973,27.771693056041503
1334974,31.128125304225122
1334975,34.14283702936356
1334976,33.514668751819016
1334977,29.61314800465174
1334978,24.811805823390642
1334979,19.838913093402347
1334980,17.731185884783972
1334981,19.560849326767066
1334982,23.86155984356771
1334983,28.626743265764556
1334984,29.4126335507322
1334985,28.12050468829634
1334986,30.751129363584386
1334987,32.460756369438904
1334988,23.51913536625439
1335096,36.01068519507745
1335097,35.94674187411872
1335098,32.98249294900133
1335099,29.536126506331378
1335100,26.385887522776624
1335101,26.056677874448543
1335102,30.91562519929256
1335103,34.507884715877616
1335104,33.6297856593592
1335105,29.893876127188527
1335106,25.30762697769871
1335107,20.50798331455485
1335108,17.995681888543338
1335109,19.27700040304884
1335110,23.648442600329986
1335111,28.378111769078146
1335112,30.045020405613307
1335113,28.64942081236407
1335114,30.69235391421731
1335115,32.47115879563151
1335116,23.758239672552563
1335224,34.93036331269303
1335225,34.29297285246486
1335226,31.391493227547944
1335227,27.32482300033633
1335228,24.354305380502495
1335229,25.115710340806864
1335230,30.94309977457463
1335231,34.45647296111502
1335232,33.64919929276569
1335233,30.252977970055113
1335234,25.974479293309905
1335235,21.281866535881484
1335236,18.607724483274527
1335237,19.390197022944275
1335238,23.634724963483656
1335239,28.607426023830808
1335240,30.841990189633222
1335241,29.402095055282146
1335242,30.71165856205725
1335243,31.441315214329407
1335244,22.166158744583267
1335352,34.82481811980103
1335353,33.84847510353578
1335354,30.500972621450668
1335355,26.913532805470773
1335356,24.04205576718702
1335357,25.082436678609202
1335358,31.55610405856679
1335359,34.84756445081141
1335360,33.83239871208379
1335361,30.412139948294133
1335362,26.535512189359217
1335363,21.96502153617913
1335364,19.141796675281107
1335365,19.97871432763231
1335366,24.01585318995229
1335367,28.875425320107666
1335368,30.74447316519968
1335369,29.40534517020117
1335370,30.074877463435183
1335371,30.38681097126716
1335372,20.94044094965988
1335480,34.414384597713
1335481,33.85390894517281
1335482,30.691371252686398
1335483,26.8835192848268
1335484,24.383509763710844
1335485,25.896030195433415
1335486,32.366904608850305
1335487,35.31613088617775
1335488,33.85164654670543
1335489,30.347548939814434
1335490,26.482511162447228
1335491,22.527648588143354
1335492,19.952247414644773
1335493,20.676333930129935
1335494,24.745623571352024
1335495,28.73680436218689
1335496,30.209761081099227
1335497,27.936049731449884
1335498,28.630181392658756
1335499,29.19752840738551
1335500,20.23291224190545
1335514,0.002012942227018357
1335608,32.065136756811945
1335609,32.29838144828883
1335610,30.017182385886795
1335611,26.823809130240903
1335612,24.641084042280266
1335613,26.619587113755106
1335614,33.45093124795966
1335615,36.207465447796864
1335616,33.68095484424157
1335617,29.86825697917484
1335618,26.562532170545268
1335619,22.833622736138246
1335620,20.68665348040535
1335621,21.646421672643072
1335622,25.54323010466763
1335623,28.56352936211943
1335624,28.701165753332862
1335625,26.264274049514913
1335626,27.38460435979937
1335627,28.644248504334097
1335628,20.164750683902792
1335736,24.21249277585182
1335738,27.33339303076592
1335739,25.022519939896732
1335740,23.713017597958288
1335741,26.976616977949757
1335742,35.026996407227166
1335743,37.413959058949686
1335744,34.51583881633703
1335745,30.352456457457
1335746,26.942956452535245
1335747,23.433107088076913
1335748,21.253483451106405
1335749,22.396877365009537
1335750,25.884253702765406
1335751,28.250997547981207
1335752,27.482371367589547
1335753,25.523806631660197
1335754,27.073113750206925
1335755,28.84931582519556
1335756,20.80173062401775
1335864,16.810802553524876
1335866,21.7123336493518
1335867,20.48716773371593
1335868,20.642831794070478
1335869,26.237954850705375
1335870,36.10827335413617
1335871,38.71265958764615
1335872,35.702841816243584
1335873,31.541016797077223
1335874,28.09132814898834
1335875,24.694205607861704
1335876,22.434234037553622
1335877,23.474782042089856
1335878,26.684954676469605
1335879,28.597331214271527
1335880,27.722300294079922
1335881,25.90123935224606
1335882,28.286678485315225
1335883,30.82524099349694
1335884,22.84518304742899
1335992,14.24817932567769
1335994,16.069513593487756
1335995,15.222324818403363
1335996,17.359651112769562
1335997,25.190958810044627
1335998,36.190070365563734
1335999,39.43248776609608
1336000,36.234803058761955
1336001,32.33061534279074
1336002,29.30156445185613
1336003,25.86599368352721
1336004,23.789367530454886
1336005,24.72873951365296
1336006,27.743848574367174
1336007,29.161471142858172
1336008,28.45327174212225
1336009,27.326264176901642
1336010,30.60835989012815
1336011,33.17915661470179
1336012,24.57965342794616
1336120,15.084298491948399
1336122,14.27627972040803
1336123,12.958207871512167
1336124,15.559627704717984
1336125,24.235611479055606
1336126,35.98373938413722
1336127,40.19763598214274
1336128,37.35398674540265
1336129,33.68561582070666
1336130,30.369056541785746
1336132,25.233484329975198
1336133,25.633417070788028
1336134,28.486090388818464
1336135,29.550927088201682
1336136,28.733400438639688
1336137,28.21553260797081
1336138,32.32928102825678
1336139,34.75303614061476
1336140,24.51163655045574
1336250,13.6775747156878
1336252,14.803158690276797
1336253,24.036343534707225
1336254,36.473154986159244
1336255,41.19981333423821
1336256,39.01857051487758
1336257,35.38746887214751
1336258,32.14079571575771
1336263,30.229329854942574
1336264,29.324054950526612
1336265,28.97707990244804
1336266,33.214660119412045
1336267,35.55131633809086
1336268,24.28625366444223
1336378,13.448813100530067
1336380,14.692348510690836
1336381,24.23702326607026
1336382,37.41438251346065
1336383,42.39818802987522
1336384,40.46310267654564
1336385,36.86223620341288
1336386,33.58442824758654
1336393,29.92976764454743
1336394,34.18259713312279
1336395,36.571190282574285
1336396,24.8901102491507
1336508,13.942355531070278
1336509,23.858066616754886
1336512,42.1303443662602
1336513,38.972441904077854
1336514,35.62822637099815
1336521,32.01601611941486
1336522,36.08132293100425
1336523,37.96637915926976
1336637,22.197894248522374
1336642,39.436445189819686
1336651,39.14774875540356
1350712,39.0018217986758
1350714,37.28408044689139
1350715,38.306203024087786
1350731,29.628949032573814
1350732,16.591645295818292
1350840,41.68595008962124
1350842,38.394973575569736
1350843,38.1575489375977
1350845,33.56948454083368
1350849,31.53056941487241
1350854,27.224571421150518
1350857,27.958235871288363
1350859,29.510351772315012
1350860,16.44108890788409
1350968,42.27017246376837
1350970,38.46538504133354
1350971,36.21851832706276
1350973,29.19603287323355
1350977,29.165790030900425
1350981,21.062996422703364
1350982,25.299105880510776
1350983,29.81604731356776
1350985,27.580209392272725
1350986,30.28221577402181
1350987,29.598917594053646
1350988,16.97872593378136
1351096,41.084115573828875
1351098,38.98497122987419
1351099,36.15131785291403
1351101,27.409928739367583
1351102,29.297971941462592
1351104,32.209809808909206
1351105,27.441206968545472
1351106,22.297904060693657
1351108,17.779425783666316
1351109,19.684135280556482
1351110,24.405733895074654
1351111,28.941617543743384
1351112,28.746368827552477
1351113,26.85999873707631
1351114,30.01830289399197
1351115,29.602117355873027
1351116,17.697727645045923
1351224,39.06551743933843
1351225,39.545384951656594
1351226,38.34565070830589
1351227,35.24839818656197
1351228,29.943480101014963
1351229,26.94805723024488
1351230,29.532370325687584
1351231,32.25844153913093
1351232,31.417193166143253
1351233,26.859179599153876
1351234,21.454072064221062
1351235,17.550445984765396
1351236,16.58963004465285
1351237,18.87267520752553
1351238,23.336280076603664
1351239,28.07996449190044
1351240,28.186747425924057
1351241,26.419473890535457
1351242,29.76697807488944
1351243,30.253853690349736
1351244,19.496251176718687
1351352,37.092556833843894
1351353,36.86707388715944
1351354,35.03131853381477
1351355,31.317762302675458
1351356,27.292635426013703
1351357,25.699977138207696
1351358,29.469312799744415
1351359,32.63783390146037
1351360,31.6782326661278
1351361,27.247654545031455
1351362,22.282945124224437
1351363,18.133242494683206
1351364,16.52531864335024
1351365,18.153455836474205
1351366,22.405935764702065
1351367,26.93049291136394
1351368,27.508421543468785
1351369,26.478620294647147
1351370,29.73968982814991
1351371,30.74856499980233
1351372,20.923851496048833
1351480,35.734763280290004
1351481,35.13308214102376
1351482,32.132814287728976
1351483,28.26936043804758
1351484,24.94083333085734
1351485,24.24319131237888
1351486,29.24544972116321
1351487,32.69064433575367
1351488,31.76930180452965
1351489,27.88215488103738
1351490,23.453006525285947
1351491,19.354920731758362
1351492,17.074112803620725
1351493,18.00686262858645
1351494,21.971617398387018
1351495,26.1800849487745
1351496,27.78677138229875
1351497,27.10346317641481
1351498,30.022996692911818
1351499,30.76603819012255
1351500,21.074725193120134
1351608,35.0958738620441
1351609,34.31698337782172
1351610,30.89086315599388
1351611,27.033203447749994
1351612,23.82694397344191
1351613,23.903557830085497
1351614,29.371470312168782
1351615,32.59623618259055
1351616,31.71241263557469
1351617,28.19519159227805
1351618,24.182513301438565
1351619,19.809640226140264
1351620,17.48229803380917
1351621,18.379424521695192
1351622,22.22524510711679
1351623,26.809012116707024
1351624,28.510509973208105
1351625,28.01826069584327
1351626,30.25391408462854
1351627,30.038642429287908
1351628,20.124841851278738
1351736,34.999617584479815
1351737,34.02465973156772
1351738,30.760764732944306
1351739,26.651455215856753
1351740,23.46318955495418
1351741,23.813521880587448
1351742,29.410541820933602
1351743,32.71390018228052
1351744,31.44249409279689
1351745,27.847762780028447
1351746,24.06297997934572
1351747,20.19868770312337
1351748,17.66946987967686
1351749,18.587484426846327
1351750,22.548403765177763
1351751,27.07292815427011
1351752,28.978769430103437
1351753,27.880394689518273
1351754,29.550829580441697
1351755,29.207150513543194
1351756,19.319928342843685
1351864,34.018403562163144
1351865,33.361125533806494
1351866,30.580519235330975
1351867,26.519696430271868
1351868,23.703946960781938
1351869,24.025732719458762
1351870,29.6479535675338
1351871,32.016030481852894
1351872,30.367428498554865
1351873,27.065640360387608
1351874,23.654490462301126
1351875,20.215061526628553
1351876,18.088417511017976
1351877,19.382994720060186
1351878,23.1204356747698
1351879,27.258310317400547
1351880,28.736844963011098
1351881,26.99716396882948
1351882,28.368889921626973
1351883,28.364936367240787
1351884,18.58703886120817
1351992,29.51440374475282
1351994,28.938121494649966
1351995,26.219815438007885
1351996,23.857484473137173
1351997,24.74468723217032
1351998,30.045802534484398
1351999,32.108524011456254
1352000,29.473291612820194
1352001,26.211898842271204
1352002,22.960634260496544
1352003,20.290272821435053
1352004,18.892897148380527
1352005,20.39974899699929
1352006,24.27928593016789
1352007,27.569861222721734
1352008,27.994796295009568
1352009,25.771927226045594
1352010,27.16447548570289
1352011,27.670797881779677
1352012,18.499225554956645
1352120,20.307408371036903
1352122,25.296900303627034
1352123,24.115349343656376
1352124,22.502955068149475
1352125,24.889436293946577
1352126,31.161587557264152
1352127,33.23813437508777
1352128,30.32824488108306
1352129,26.74541003403115
1352130,23.613812651037737
1352131,21.128798048795307
1352132,19.305394537810745
1352133,21.16452238204432
1352134,25.163659755132027
1352135,27.77542056972318
1352136,27.371484397318188
1352137,25.26135157927492
1352138,26.992859036064008
1352139,27.748497673788147
1352140,18.996008646209198
1352248,14.239019772967369
1352250,19.038020564476835
1352253,24.218058573523106
1352254,32.576272676900935
1352255,34.96775274621472
1352256,32.1684642176479
1352257,28.118253314361535
1352258,24.788467714539618
1352259,21.922960012299214
1352260,20.42692072690543
1352261,22.01963338986129
1352262,25.89799193102748
1352263,28.203000681316336
1352264,27.917199620982633
1352265,25.86355222917932
1352266,28.016357688736043
1352267,29.650378940035775
1352268,20.98793731050737
1352376,12.514896574594683
1352378,14.97017958180497
1352381,23.310727182785495
1352382,33.320377905830696
1352383,36.61982927661582
1352384,33.821418643056234
1352385,29.915758130052115
1352386,26.620688357274837
1352387,23.51855995294139
1352388,21.920397946873173
1352389,23.235896160606345
1352390,26.82053225818554
1352391,28.908359105222946
1352392,28.285588865985225
1352393,26.99910827503188
1352394,30.360173759282826
1352395,32.32597255186632
1352396,22.767799838949543
1352506,13.863022043634462
1352509,22.693217305866035
1352510,34.31408102469874
1352511,38.094790046083716
1352512,35.573465066635904
1352513,31.591069033129248
1352514,28.334738694206813
1352519,29.144229059319848
1352520,28.317430052660743
1352521,27.839781772816742
1352522,32.010626520033135
1352523,34.03696156590211
1352524,23.15764033268564
1352634,13.572354554650724
1352637,23.196143582684208
1352638,35.3761949260565
1352639,39.70059408463435
1352640,37.430616475517596
1352641,33.671821442904964
1352642,30.243044240165524
1352648,28.557978126206198
1352649,28.238441542945033
1352650,33.020964209108826
1352651,34.7533796723916
1352652,22.959596101829284
1352765,23.439486250394026
1352768,39.390443891725056
1352769,35.69731237293673
1352770,32.13954837321901
1352777,29.59474232336185
1352778,34.3054527827525
1352779,35.7519589514892
1352893,23.078068856837994
1352898,34.45401455077192
1352905,31.975340289349315
1352907,37.172497758036634
1367099,37.28423882125439
1367116,14.470326982739335
1367224,41.84237479798814
1367226,37.530566697437
1367227,36.77923077557103
1367243,28.6476890788471
1367244,15.165653806847384
1367352,41.18731951161796
1367354,37.38794544572062
1367355,34.62729703322657
1367361,27.578657601985842
1367369,27.1984020347014
1367370,30.438092136781734
1367371,28.902193643522672
1367372,15.719139871878303
1367480,39.570495225778274
1367482,36.92264714336404
1367483,33.63748793207468
1367485,25.859045547214972
1367489,26.265030214201957
1367490,20.954281481012483
1367492,16.785544129688265
1367493,18.91764542278221
1367494,23.772833683041846
1367495,28.578092773189187
1367497,26.704428419512755
1367498,30.16946360667378
1367499,29.075580225447464
1367500,16.633467953582475
1367608,38.119078934483625
1367610,36.133393154187985
1367611,32.54432249775962
1367613,25.253425490961114
1367615,31.801088783370474
1367616,30.930914654898388
1367617,25.966048401187095
1367618,20.577564264404874
1367620,16.08235613771297
1367621,18.28931167023901
1367622,23.22363190209109
1367623,27.839613270493725
1367624,27.924170721487112
1367625,26.33771325908106
1367626,30.072753266848455
1367627,29.619846594489335
1367628,18.30825177646652
1367736,36.83111845220759
1367738,34.035015862505894
1367739,30.294699346363995
1367741,24.79084342404496
1367742,29.142482876896626
1367743,32.36191989311279
1367744,30.994802923606365
1367745,26.375019212375598
1367746,21.485622841561355
1367747,17.94683790373953
1367748,16.521734752024237
1367749,18.1285747512418
1367750,22.32021351225877
1367751,27.04936276172691
1367752,27.48554977942244
1367753,26.605968433792498
1367754,30.130851032035682
1367755,29.999780386708863
1367756,19.60197976498961
1367864,36.074309359564175
1367866,32.09929220490739
1367867,28.14289885357708
1367869,24.027995412402213
1367870,29.320493558896572
1367871,32.554924958418354
1367872,31.28187317561723
1367873,27.001357042370884
1367874,22.26878045117562
1367875,18.75275836464105
1367876,16.76797427700519
1367877,17.721482619249375
1367878,21.68275630051633
1367879,26.1043533772201
1367880,27.22665158968944
1367881,27.147090624515585
1367882,30.354606662284976
1367883,30.153447935481633
1367884,19.734470664037385
1367992,35.46023281167886
1367994,31.22340640252223
1367995,26.82266380630462
1367997,23.56896932636037
1367998,28.926941532891586
1367999,32.1666978118403
1368000,30.983025348184665
1368001,27.070846355428962
1368002,22.88789485274581
1368003,19.057993522575394
1368004,16.890738563657642
1368005,17.91601059956935
1368006,21.374993036341714
1368007,25.70751432682569
1368008,27.354938014413904
1368009,27.297193532299787
1368010,30.165211321280758
1368011,29.424621661538467
1368012,18.789204934273872
1368120,34.79577879063897
1368122,30.78740031559976
1368123,26.694072956473555
1368125,23.366410413403294
1368126,28.754270273204853
1368127,31.723948182142443
1368128,30.34325394110004
1368129,26.6709825070984
1368130,22.86877342874958
1368131,19.033935830433403
1368132,17.0085383376901
1368133,17.992320496708675
1368134,21.389826063506103
1368135,25.594219371017207
1368136,27.109410520505648
1368137,26.862175158267593
1368138,29.298433257028965
1368139,28.724155579405434
1368140,18.15346139504731
1368248,32.866525268197925
1368250,30.409314575862734
1368251,26.632718045362527
1368253,23.323535169511448
1368254,28.6735904528422
1368255,30.929057496429422
1368256,28.800374143064815
1368257,25.297305673180087
1368258,22.021624159727153
1368259,18.87346559072014
1368260,17.16617020277359
1368261,18.145151000502906
1368262,21.604930285661116
1368263,25.112777883885567
1368264,26.466907776782268
1368265,26.06236426494899
1368266,28.239168591433952
1368267,28.028057222062465
1368268,17.764594399977636
1368376,25.55551480113443
1368378,27.926520331823998
1368381,23.318636622979295
1368382,28.60050652873142
1368383,30.274290002321113
1368384,27.869824209610425
1368385,24.55657242458622
1368386,21.388522769879877
1368387,18.727629748232854
1368388,17.533344900991445
1368389,19.223546756833557
1368390,22.961817147126112
1368391,25.651794191264692
1368392,26.02059250244686
1368393,24.836858254438592
1368394,27.132500442198705
1368395,27.398274870622107
1368396,17.521411501475306
1368504,16.83987295016242
1368506,22.965382257005412
1368509,23.107865303738304
1368510,28.95417779181091
1368511,30.8803695168366
1368512,28.07279888056765
1368513,24.885237178445422
1368514,21.939210082503006
1368515,19.41330445858439
1368516,18.32518334369624
1368517,20.21688134271546
1368518,24.328385719476653
1368519,26.461955071525008
1368520,26.44590863246033
1368521,24.451871957906636
1368522,27.03981015045119
1368523,27.632188572531764
1368524,17.88786741006474
1368634,16.861147812402955
1368637,22.191609383265597
1368638,29.704196135767578
1368639,32.28262485467478
1368640,29.57613102429077
1368641,25.983484099392022
1368642,22.869422725332175
1368643,20.249979987313395
1368644,19.099894487094957
1368645,21.167852528330737
1368646,25.32429234120145
1368647,27.932882175929727
1368648,27.64771673590644
1368649,25.807585025377453
1368650,28.214547202965573
1368651,29.282445271373952
1368652,19.72399306214269
1368762,14.209290008021066
1368765,21.677633161601637
1368766,30.893100106169136
1368767,34.06775873707796
1368768,31.17521947782991
1368769,27.523327706643993
1368770,24.011063691659054
1368773,22.330068010562307
1368775,29.029277938480266
1368776,29.033080624913413
1368777,27.25491211679121
1368778,30.4405516848622
1368779,31.722515719594224
1368780,21.915318035644148
1368893,21.428467370158355
1368894,31.859620478998632
1368895,35.99291604643986
1368896,33.59086984738467
1368897,29.449675655667637
1368898,25.717146356519663
1368904,29.116209439392588
1368905,28.037430496725968
1368906,32.16996966159195
1368907,33.615194073093534
1368908,22.583867340217722
1369021,21.697194966589944
1369023,37.14669701830905
1369025,31.316770735483782
1369026,27.583276117252503
1369033,29.005509969787102
1369034,33.434897098018844
1369035,34.71727177175073
1369036,22.63332118496413
1369149,22.05615526861779
1369154,29.68826479284314
1369161,30.345324055328618
1383611,34.97010259986228
1383628,14.810836569027568
1383739,32.79778678252956
1383754,30.78647208323882
1383755,28.831202949024096
1383756,15.190520088303911
1383864,38.53186317238396
1383867,30.916710827728288
1383881,26.803872381935427
1383882,30.396955404138115
1383883,28.842122454001146
1383884,15.771250736269781
1383992,37.716804215479264
1383995,30.068435938514572
1384000,31.22433740018463
1384001,26.195415756756834
1384002,20.654020357830056
1384004,16.11322090451198
1384005,18.152522949278342
1384009,26.784113602718207
1384010,30.464258795217525
1384011,29.54260608111667
1384012,17.736410419960055
1384120,37.1471045770058
1384123,29.758244139203082
1384125,24.171685920656188
1384128,31.441272057384744
1384129,26.499005909409682
1384130,21.426046915420677
1384132,16.44580701561067
1384133,18.05626436025929
1384134,22.499837042329023
1384135,27.13857508621468
1384136,27.776581734015405
1384137,27.097252437687672
1384138,30.78733561363506
1384139,30.076221807449688
1384140,18.956668920135602
1384248,36.27255271215295
1384251,28.74371773465831
1384253,23.75936375721292
1384254,29.12705773721514
1384255,32.47423112347274
1384256,31.26345003409048
1384257,26.48010559684289
1384258,21.595076770450294
1384260,16.487046326598097
1384261,17.635185363680375
1384262,21.740237394853892
1384263,26.227083708692692
1384264,27.419650898761077
1384265,27.24878040719258
1384266,30.75680629073541
1384267,29.978324898581683
1384268,18.70504883460124
1384376,35.668341885705026
1384381,23.51715961756312
1384382,28.70880585668158
1384383,32.022937246813406
1384384,30.669143427333395
1384385,26.070081853665357
1384386,21.524581297759106
1384387,18.10777565053512
1384388,16.255773930816744
1384389,17.49255391733754
1384390,21.185555967845232
1384391,25.40622444439274
1384392,27.06944782434569
1384393,27.02388270965484
1384394,30.426759189806283
1384395,29.051523920557187
1384396,17.454416895565096
1384504,34.95360399021803
1384509,23.137855833870585
1384510,28.210632050393226
1384511,30.99354759426394
1384512,29.239205773336728
1384513,24.795848847395817
1384514,20.68003629998119
1384515,17.8674475776085
1384516,16.083475213625594
1384517,17.324010538771887
1384518,20.775716603585312
1384519,24.595748012093267
1384520,26.204218615922937
1384521,26.282272013846843
1384522,29.49611002617871
1384523,28.306669843812013
1384524,16.880539944517807
1384632,30.634714360748774
1384637,23.169417113392083
1384638,28.126284027916547
1384639,30.09084299587408
1384640,27.397760785723534
1384641,23.37504336263064
1384642,19.991216205437066
1384643,17.47416069549604
1384644,16.14577034489682
1384645,17.292406057907353
1384646,20.406002132061296
1384647,23.467915088647423
1384648,24.766520308658155
1384649,25.085476276882844
1384650,28.270540415506694
1384651,27.881115196003822
1384652,16.81873829898539
1384765,22.774453822351926
1384766,27.87692171219036
1384767,29.67041578440434
1384768,27.22197415981184
1384769,23.370298244337395
1384770,20.30357203131235
1384772,16.647558410861187
1384773,17.974603859433184
1384774,20.946003312049108
1384775,23.296738608263084
1384776,23.565824346864098
1384777,23.349562186727667
1384778,27.40633553643603
1384779,27.48340291880199
1384780,16.933133538532328
1384893,21.780137911151726
1384894,28.154168556336913
1384895,30.34317449302898
1384896,27.727496331147115
1384897,24.083767701347277
1384898,21.140924263511337
1384901,19.357234754782166
1384902,22.681255658366535
1384903,24.57462245540885
1384904,24.18136275979086
1384905,23.442687404501477
1384906,27.289292320129302
1384907,27.640115549330922
1384908,17.3765073488509
1385021,20.86540631108042
1385022,28.78010122840802
1385023,31.296299298564847
1385024,28.883341644916047
1385025,25.192122771468203
1385026,22.433812890670637
1385032,26.071237701151823
1385033,25.083095734483763
1385034,28.5338815521243
1385035,29.241326663455148
1385036,18.888380051490408
1385149,20.53845812558444
1385150,29.453467415945262
1385151,33.01641372761079
1385152,30.74901972725835
1385153,26.89758646937939
1385154,23.59493898329552
1385161,26.917426843928187
1385162,30.69271571158941
1385163,31.521978251434536
1385164,21.093171622959293
1385277,20.61206913528026
1385279,35.23539526129041
1385281,28.524362971821454
1385282,24.80198998755438
1385289,28.327526586856866
1385291,33.599367662995824
1385292,22.137961713818203
1385405,20.730870346898456
1385410,26.18440123340648
1385417,29.61441720212892
1400140,14.696117987085644
1400266,31.042736392409648
1400267,28.698981192365043
1400268,15.282764975486776
1400394,31.20030625160054
1400395,29.645599623117597
1400396,17.227416535427366
1400513,26.50181299295808
1400521,27.48214304354529
1400522,31.45842354950773
1400523,30.138174967464487
1400524,18.554481722332344
1400640,31.473342958543856
1400641,26.280338736263875
1400642,20.998425443887797
1400648,27.483189380726934
1400649,27.228544802158446
1400650,31.327591970173597
1400651,29.763542183213545
1400652,18.079653186139943
1400765,23.46568428513956
1400767,31.693457276096172
1400768,30.284394562464506
1400769,25.296102562093623
1400770,20.550011408108727
1400776,26.821815356713017
1400777,26.665511974354256
1400778,30.315915436156107
1400779,28.52272627467002
1400780,16.389094614228032
1400893,22.98329087619199
1400894,28.012018911284127
1400895,30.364281143203453
1400896,28.149911782297373
1400897,23.351340629499155
1400898,19.332536330175557
1400904,25.79042684413684
1400905,26.02230175758785
1400906,29.678289062897022
1400907,27.94810818483953
1400908,15.702552930318
1401021,22.891144375156497
1401022,27.623203157295286
1401023,29.520007642552038
1401024,26.661374259977343
1401025,22.015663406251846
1401026,18.4363669007073
1401032,23.899411542420424
1401033,24.569460785423015
1401034,28.8331670322453
1401035,27.69295688633909
1401036,16.136865946864805
1401149,22.22748581397475
1401150,27.68992296689058
1401151,29.591074325846122
1401152,26.465077275374806
1401153,21.955602593727704
1401154,18.79486343203079
1401160,22.24488177461004
1401161,22.95578733408998
1401162,27.603970170194398
1401163,27.41224717540375
1401164,16.32838647018472
1401277,20.817354099266996
1401278,27.465492267344175
1401279,29.968043917950425
1401280,27.274092865640977
1401281,23.13590263723175
1401282,19.71742160212525
1401288,22.426045617851813
1401289,22.769819712586443
1401290,27.52005091130118
1401292,16.70517856597732
1401405,19.911706533452872
1401407,31.04378604276652
1401409,24.622868276294717
1401410,21.550306275544422
1401417,24.212816652769728
1401420,18.345154104768653
1401533,19.85442844938766
1401535,32.54282347538091
1401537,26.47209004881988
1401538,22.79406098622813
1401545,26.196413563099572
1401548,20.28114735967765
1401661,20.139100387165016
1401666,24.33213425564932
1401673,27.934924649282678
1416778,32.09943372790134
1416779,29.587082559016167
1416780,16.640591582501525
1416906,32.345823021857456
1416907,30.178545506234446
1416908,17.82826861983394
1417034,31.95298576086966
1417035,29.222912208873293
1417036,17.190654170912588
1417163,28.152510550433274
1417164,15.632960111694885
1417281,22.421359268486793
1417282,18.38838940277681
1417289,25.898834871385674
1417291,27.828497477499347
1417292,14.684126951728524
1417405,22.652103844901905
1417408,26.349037618363628
1417409,21.29771898538716
1417410,17.700615214799587
1417417,24.42589064415443
1417420,15.0509987823577
1417533,21.37657469974627
1417536,26.41177145434573
1417537,21.419346235623422
1417538,17.86749712410691
1417545,22.75239885515881
1417548,15.688281752034612
1417661,19.942145700096912
1417665,22.385731311601866
1417666,18.82431094874387
1417673,22.596194324684728
1417676,16.288681166461053
1417789,19.175055239155093
1417804,17.814023392793846
1433676,14.100376292460647
1433804,14.185336191225161
