,data
843842,7.424988611632208
843843,7.335257224049051
843970,6.224755836438776
891705,9.811332839002857
891706,13.464808461735323
891707,14.34441584774038
891708,13.509549456110584
891709,12.786834181803181
891710,12.700616160734304
891711,12.454363601792899
891712,12.114296619629293
891713,11.826660810559233
891714,11.81545064528974
891715,10.745001953156008
891716,7.964549538589127
891717,5.452343989738365
891718,3.787612278653164
891719,2.587516373038428
891720,1.296098148502399
891721,0.40587972638969716
891722,0.10014452681732923
891833,12.995068337387238
891834,16.29702000858486
891835,16.965703857212343
891836,17.207258245451023
891837,16.671398588863614
891838,15.413440800450061
891839,14.370184129321444
891840,13.782773747922457
891841,13.350981793425719
891842,13.499308545831482
891843,12.645222726543336
891844,10.013348125530475
891845,7.306202078220468
891846,5.2223034044155545
891847,3.321524693586157
891848,1.5682397142581246
891849,0.44051008419040144
891850,0.12999344539105373
891961,15.731670252311487
891962,18.493044226732945
891963,18.301874349460526
891964,18.862908292234973
891965,18.61086024846969
891966,16.82510878858257
891967,15.163675631014241
891968,13.915127051848273
891969,13.34776363314631
891970,13.498478265187611
891971,13.500214450273983
891972,12.394905247580475
891973,10.448606112300263
891974,8.113839250443323
891975,4.927518902267996
891976,1.9484636105484598
891977,0.5025911318354744
891978,0.11942908558750358
892089,14.760429685468242
892090,18.51071751697691
892091,19.40411069256188
892092,19.827881340866426
892093,19.380910886011677
892094,17.707987748270593
892095,15.315882376174594
892096,13.218895080428451
892097,11.966921019253457
892098,12.326370072877541
892099,12.954647793634232
892100,12.812149522643361
892101,11.941196611601804
892102,9.89122107642023
892103,5.941696035845597
892104,2.148635958858416
892105,0.524398571494181
892106,0.10667154390822027
892217,13.496263797445657
892218,17.76918437842235
892219,20.168830218561038
892220,21.652815749381347
892221,21.415912822245584
892222,19.481296561092925
892223,16.362551462430314
892224,13.14656877352435
892225,11.11080564727174
892226,11.188140062694997
892227,11.944631243585457
892228,11.725774400365687
892229,11.203858989616784
892230,9.727554236377445
892231,5.953703890808349
892232,2.071505366243175
892233,0.4379493721949647
892234,0.10202435323282207
892345,14.698648894855491
892346,18.980675641288233
892347,21.29290943107142
892348,22.934016453299733
892349,23.89141918257872
892350,23.019471291524454
892351,19.58829131591768
892352,15.146340774018718
892353,12.02246511088036
892354,11.415178895989943
892355,11.69022677134482
892356,11.201875808388069
892357,10.811571122996881
892358,9.383162226344968
892359,5.6166866090854
892360,1.809634929693981
892361,0.37897039804711957
892362,0.06312455298925362
892473,18.60968375852295
892474,24.61403953283381
892475,27.322295921856075
892476,27.549369963061157
892477,27.956197504631916
892478,27.497127673501037
892479,23.69628257566327
892480,18.632723637975374
892481,14.827033722509057
892482,13.51238787407147
892483,13.153022069360759
892484,12.159212819068147
892485,11.197980181130548
892486,9.711686946754869
892487,5.576666320333312
892488,1.7131370574044733
892489,0.31941854841250966
892490,0.07837337574554955
892601,21.860565254422777
892602,29.439306711797165
892603,32.710835453551766
892604,32.06795098538339
892605,31.85506077686192
892606,31.781083999282224
892607,28.381467347694326
892608,22.89662899491456
892609,17.359304872267497
892610,15.460745716105524
892611,15.166191781345434
892612,13.983738948992464
892613,12.651045293729391
892614,10.325281951184637
892615,5.655151213880343
892616,1.6292550137274064
892617,0.287041879120555
892618,0.057511723595975645
892729,19.87150955310899
892730,27.03165960155447
892731,29.921968466368966
892732,30.132821766199545
892733,30.869434083424757
892734,31.825429501280098
892735,29.492539856242573
892736,23.64759332349359
892737,16.281615598810003
892738,14.06030265818004
892739,15.777984749941552
892740,15.34758877682992
892741,14.017647685849786
892742,11.080544433455243
892743,6.077821647736176
892744,1.741548894964688
892745,0.2941987514718292
892746,0.07691415006424569
892857,22.31207366389957
892858,31.145060994519003
892859,34.88076241920052
892860,33.821460077151094
892861,32.67933658386044
892862,32.38821536838931
892863,29.666271528269814
892864,23.77274811668576
892865,16.518687507460555
892866,15.203594407777889
892867,16.729334232371162
892868,15.886106753901075
892869,13.744444477831044
892870,10.53092915668418
892871,5.73801263793475
892872,1.8105597296905207
892873,0.313241433448745
892874,0.0547863943938944
892985,29.902768419105048
892986,42.10438200424004
892987,46.00459022377324
892988,42.27321141910626
892989,39.17486708648434
892990,37.845774263505824
892991,34.76835351071562
892992,28.42304025221187
892993,21.749196919292643
892994,20.356028074117635
892995,20.989715688555066
892996,17.86938090920349
892997,12.93837828252085
892998,8.215632719215819
892999,4.358497951421925
893000,1.69947560888327
893001,0.43386296134249525
893002,0.12095870569717317
893113,35.04006912501129
893114,49.596448799710025
893115,55.50277820264526
893116,53.06470569559688
893117,50.70354109248399
893118,49.40863938408384
893119,46.228826729498635
893120,39.43456961250333
893121,32.302113401974566
893122,29.96325118483243
893123,29.444916993090686
893124,24.186718266481353
893125,16.583396868619264
893126,10.036015350772143
893127,5.3889800457414365
893128,2.0617820658311663
893129,0.4968064660283431
893130,0.1389049660621156
893241,36.69302757932654
893242,51.917706248321
893243,58.57364089343006
893244,56.60455637411878
893245,55.05288957542824
893246,54.23604086209267
893247,51.080566233639324
893248,45.105870321328105
893249,38.97536096185907
893250,36.8444962850037
893251,35.78373850505156
893252,30.483074773737926
893253,22.678433556371793
893254,14.534175352734746
893255,7.485331658444638
893256,2.5334346691016103
893257,0.5272864643610902
893258,0.1035226077868842
893369,35.40714565791948
893370,48.1731178640738
893371,52.238623856519865
893372,49.17095584501434
893373,46.79703398366498
893374,46.46836356687583
893375,46.17800586238927
893376,43.40202149933568
893377,39.481060338402344
893378,37.693432591064415
893379,36.68075329584375
893380,33.59074386214702
893381,27.862322745399137
893382,20.16646898915107
893383,10.53244013801838
893384,2.9532490773229085
893385,0.5083504179708207
893386,0.05013140022773326
893497,31.320273366832904
893498,41.48831571613232
893499,43.137154459040175
893500,38.93953995950791
893501,35.44688972081294
893502,34.38151672612643
893503,36.24742477144188
893504,36.33700706578368
893505,33.61538472307908
893506,31.394489108773584
893507,29.933786327188376
893508,28.7290849174759
893509,26.03875259614364
893510,20.62911984677115
893511,11.041758170130919
893512,3.010563377965256
893513,0.38838463341361007
893514,0.06586900035900851
893625,24.99447908409846
893626,31.894394069872394
893627,32.283160303664935
893628,30.165581832847842
893629,29.105176678032908
893630,30.265148483319752
893631,32.8926036936486
893632,33.94732065359897
893633,32.037333365196716
893634,29.375645040108655
893635,26.710871946758065
893636,24.36585053199488
893637,21.79267426895486
893638,17.45103793492173
893639,9.266556203109909
893640,2.4802819699891634
893641,0.32275637231569526
893642,0.05613066088787902
893753,20.03647597404284
893754,26.261281025945497
893755,27.259653981122234
893756,26.694951159137823
893757,26.327735909155322
893758,27.35697827375239
893759,29.946603680045154
893760,30.757893028917966
893761,28.74472634837316
893762,26.343887350871732
893763,24.228178772989466
893764,22.58191564068506
893765,21.250375513565057
893766,17.268671575704026
893767,9.257185637680948
893768,2.402964481800146
893769,0.33460758482489794
893770,0.08637604156658313
893881,19.375284510974616
893882,24.32722182875949
893883,24.08084192782948
893884,23.063357889534867
893885,22.067227581250947
893886,22.465508296377436
893887,25.378356238794385
893888,27.704311132652567
893889,27.456972101889203
893890,26.103161896701316
893891,23.640928984040205
893892,21.320196732504698
893893,20.15674738925103
893894,16.89363318382174
893895,9.033987610341796
893896,2.5350253090437693
893897,0.32765098349439054
893898,0.04423696182853725
894009,19.284650067999653
894010,23.235842640948473
894011,21.595915550507048
894012,19.95710374432904
894013,19.503584266258628
894014,20.285061239956885
894015,22.718100577700294
894016,25.219088600165882
894017,26.080436479795036
894018,25.10828301167162
894019,22.089007911736747
894020,19.50662014025659
894021,19.00631388915359
894022,16.955268627245104
894023,9.554232439645453
894024,2.695303660513275
894025,0.41575407744917514
894026,0.07144654639038217
894137,14.990896555033004
894138,19.248693927214088
894139,19.74976707606813
894140,19.712506261938564
894141,19.5931407335616
894142,19.61352908776555
894143,21.122628599038194
894144,23.384353929485776
894145,24.526802358015765
894146,22.04857314714454
894147,18.055415161494846
894148,16.000183130549797
894149,16.69947606836233
894150,16.012455702892673
894151,9.201557986666373
894152,2.6343122546075617
894153,0.3875906175927774
894154,0.07983486572757645
894265,11.674828263370594
894266,15.407031888618645
894267,16.3363056820042
894268,17.032041396341974
894269,17.174488078907807
894270,16.72516342302468
894271,17.7901334877113
894272,19.565874322809798
894273,20.235539394521197
894274,17.674269407013213
894275,13.440422431264459
894276,11.04806580145502
894277,11.582904921867906
894278,11.517034684533927
894279,6.83340565139509
894280,2.1026470501902246
894281,0.39232141890163247
894282,0.07888687642960679
908089,8.72104759516965
908090,11.932542619348299
908091,12.700466690866424
908092,12.021472314342361
908093,11.332523276529288
908094,11.45152856453626
908095,11.8751778179505
908096,11.497545595626127
908097,9.989563414588831
908098,8.821945466708234
908099,7.762409524857161
908100,6.364824455907319
908101,4.42444515410006
908102,2.5869037262583916
908103,1.4469599974767313
908104,0.7004991183523904
908105,0.2065438630829709
908106,0.06868562510886995
908217,12.71709558597324
908218,16.47249624470406
908219,17.094669870110643
908220,15.923640224359064
908221,14.706504904032348
908222,13.984600942867749
908223,14.010745462942818
908224,13.545052912929869
908225,12.549488322008884
908226,12.281821115943451
908227,11.56791268496557
908228,8.985716679253201
908229,6.102542173837808
908230,3.751623434278258
908231,2.273690650426703
908232,1.0539229972699227
908233,0.30608111605592153
908234,0.09889961979135187
908345,17.41032353295639
908346,21.41793326410989
908347,21.300450193190677
908348,20.596458964764167
908349,18.954672903522127
908350,16.964879212469516
908351,16.378721997628404
908352,15.758593457882487
908353,15.050210504754496
908354,14.640372849484951
908355,13.917478728220086
908356,11.69401382978956
908357,8.64146709185032
908358,5.833389188713859
908359,3.512355320483317
908360,1.4678256610421225
908361,0.419040620373685
908362,0.10297243705815382
908473,18.966303091174193
908474,22.862513417511376
908475,23.137270828034165
908476,23.467953535919296
908477,21.78699260535323
908478,18.879795000781996
908479,17.465358131085228
908480,16.648942590835404
908481,15.593888750518282
908482,15.128308908780824
908483,15.100540390715395
908484,14.16995055675474
908485,12.067961910483591
908486,9.162445177184269
908487,5.379760384528673
908488,1.9862131566763503
908489,0.5246631388066839
908490,0.10707708698141996
908601,19.0771360844954
908602,23.037469926965603
908603,24.054586624709373
908604,25.396252685964733
908605,24.469619629289422
908606,21.777511628606366
908607,19.409720469534644
908608,17.28045488333815
908609,15.41072087644191
908610,14.675064223665602
908611,14.891579322792287
908612,14.462501638849078
908613,13.06176975006472
908614,10.437805021785566
908615,6.360636498219857
908616,2.2813974781009527
908617,0.5326128952082572
908618,0.11251710699491108
908729,20.388859619105506
908730,24.539551026484187
908731,25.799274092510412
908732,27.18564284630968
908733,26.841786327032796
908734,24.793276244880214
908735,22.506125090827545
908736,19.392739570522973
908737,16.204814949894427
908738,14.751944987394943
908739,14.44925798648076
908740,13.659774533852852
908741,12.477858082359258
908742,10.453592248485585
908743,6.3820517334238795
908744,2.2285121571616435
908745,0.5327862237917219
908746,0.08942550218576709
908857,24.477266890102502
908858,30.664286424964068
908859,33.0149062676822
908860,33.73017985212437
908861,32.83756133102891
908862,30.9085580584778
908863,28.526998329947826
908864,25.33766792013673
908865,21.50350414587267
908866,18.756877780116664
908867,16.577467163336056
908868,14.362245386609905
908869,12.657703576602175
908870,10.461180999921535
908871,6.330797484514949
908872,2.158864403631403
908873,0.4470308465986677
908874,0.10651200441115019
908985,28.862850796842476
908986,36.77649372898245
908987,39.831115566520154
908988,40.4191313603303
908989,39.451374292499516
908990,37.74459907103947
908991,34.70326078629353
908992,30.61499739373673
908993,25.799610998518446
908994,22.208064825274658
908995,19.595302905983083
908996,16.83436282664695
908997,14.333396447878314
908998,11.408278152695905
908999,6.549124742240289
909000,2.1223050604699365
909001,0.3649108109508063
909002,0.08485933688942154
909113,30.177115486528926
909114,38.47261605104414
909115,41.113117694963115
909116,41.48441510098782
909117,41.1601159076991
909118,40.97350500627609
909119,39.19441877108795
909120,34.14145142379922
909121,26.765814943364557
909122,23.1051258312262
909123,21.59462464956837
909124,19.45634578473164
909125,16.956956598828434
909126,13.65797286628823
909127,7.771170583590043
909128,2.464600382450825
909129,0.36155315372833724
909130,0.04884639512192152
909241,37.35076862496559
909242,48.31277799841387
909243,51.664955741396504
909244,49.12069893454298
909245,47.000320485059376
909246,47.04760207358888
909247,46.69917027092625
909248,41.48050029789754
909249,32.48990834697173
909250,27.590966922867885
909251,26.32355327441977
909252,23.37447178562231
909253,19.79397548330837
909254,15.259776456570165
909255,8.445595896745452
909256,2.635460293091139
909257,0.43220701798298533
909258,0.05400851608407319
909369,45.874385524276235
909370,59.32465802408298
909371,63.395118698005525
909372,61.302565250967696
909373,59.70905870792739
909374,60.44458620611677
909375,58.89280697403224
909376,53.11553215780353
909377,43.860216777111944
909378,40.66880766085734
909379,39.825029401235724
909380,33.90726725599367
909381,24.703092970077783
909382,14.866504802675724
909383,7.1087605841813
909384,2.4257134324012783
909385,0.6146262052856821
909386,0.1234445946914585
909497,49.05016453667184
909498,64.24824488091758
909499,70.00814919689928
909500,70.0277023157977
909501,70.57134973085988
909502,71.59465341679896
909503,70.00385161649638
909504,64.24272415250306
909505,55.765130740200675
909506,53.200637021634456
909507,51.7183618367778
909508,43.21657122107548
909509,30.83672700152756
909510,18.707342806257703
909511,9.204765692849788
909512,3.1660552921176146
909513,0.6440213718212288
909514,0.14647307119072006
909625,47.01418833714963
909626,63.268091524004646
909627,70.00184338481499
909628,70.45852392210303
909629,70.67942440333174
909630,71.69185710157201
909631,70.0018001454682
909632,65.15927295804451
909633,59.78906336078054
909634,57.59005650670073
909635,54.92604352395862
909636,46.17126384838492
909637,34.590439146886126
909638,23.450065367918814
909639,12.456633132823946
909640,3.8977009338979673
909641,0.7275050002603848
909642,0.16115037652011632
909753,44.360879251903214
909754,59.023989708787184
909755,64.33199971061225
909756,64.31059549806363
909757,64.07649734365995
909758,65.00538887998313
909759,63.78811718436443
909760,61.39522212899053
909761,57.26257789794699
909762,54.06226084264635
909763,50.02813102339404
909764,42.93012999982568
909765,34.54825717499486
909766,24.961036884441945
909767,12.89449419223569
909768,3.6578601731353952
909769,0.5453845412182348
909770,0.09161794139959316
909881,39.513574999071864
909882,50.507519800667986
909883,52.98768912203582
909884,51.3794118173632
909885,49.40121070897794
909886,48.513970040085496
909887,48.33796249501783
909888,47.741129293510774
909889,45.18524206258149
909890,42.90448969029139
909891,39.733323732099294
909892,35.01004733985782
909893,29.838788861313045
909894,22.644443480856133
909895,12.122028219802337
909896,3.308339098824317
909897,0.49029373864695963
909898,0.05487862701751073
910009,32.905809186762944
910010,40.04401926457082
910011,39.23923749605903
910012,37.34391539697913
910013,36.0931457513023
910014,36.48076419293015
910015,38.64569454607327
910016,40.51528134055216
910017,40.16045110454609
910018,38.71431599860302
910019,35.375288138541514
910020,30.927547152426992
910021,26.652340304567048
910022,20.894204849900248
910023,11.218385220300057
910024,3.1396214248542584
910025,0.46392329975342533
910026,0.06089085976611644
910137,26.67530671843799
910138,31.710929764268283
910139,30.16692126860313
910140,29.070807528174345
910141,29.601729799232707
910142,31.375001701459382
910143,34.621891795142595
910144,37.043568749732096
910145,37.548210561189556
910146,36.131381873157075
910147,32.001215205523785
910148,26.26157340670969
910149,21.931508387349755
910150,18.099232250618485
910151,10.205692370672935
910152,2.9497500635669187
910153,0.42831786007271516
910154,0.0834024926086172
910265,23.63212256675787
910266,28.6352897087435
910267,27.444318136290647
910268,26.487824338600298
910269,26.74279074183407
910270,27.228823698808473
910271,28.12667673697861
910272,29.591227685569272
910273,30.811176531416187
910274,29.47771315298001
910275,26.154218435608303
910276,22.286950769339054
910277,20.003318138150014
910278,17.3174806470301
910279,10.039780877290562
910280,2.9563829558315535
910281,0.4702910832470512
910282,0.0618674553363151
910393,21.639335586426924
910394,26.535169365215292
910395,25.623643291683006
910396,24.58268930098272
910397,23.874580624464063
910398,23.432496761505934
910399,24.063191833756985
910400,26.062413537310483
910401,27.7639662464897
910402,25.764029789744363
910403,21.835274759426994
910404,18.881347023886754
910405,18.32849214471912
910406,16.914732431184476
910407,9.99825197149745
910408,3.0239704823538704
910409,0.49853370526434954
910410,0.08955280152352241
910521,16.584595237673277
910522,20.44030225489468
910523,20.52736484157159
910524,20.548589813118205
910525,20.78846044796041
910526,20.312520507556002
910527,20.45605898775989
910528,22.084494647200092
910529,23.49482675820279
910530,20.940603167669266
910531,16.634273341866965
910532,14.220989528459658
910533,14.17057578027092
910534,13.225802719715354
910535,7.835319836253378
910536,2.4142117913860583
910537,0.4314113413503551
910538,0.09602024612210144
910649,11.489815939149985
910650,14.203730706130377
910651,14.347875447722096
910652,15.260273281396328
910653,15.649187942168318
910654,15.007415464731057
910655,14.921295701238067
910656,15.959398242920116
910657,17.092660386769598
910658,16.09237769692081
910659,13.360978664271318
910660,10.211355118435502
910661,7.926874587442584
910662,6.233180888869745
910663,3.7039632223959993
910664,1.2833805366150512
910665,0.3290008081807608
910666,0.05590216655718822
924473,9.088387712682755
924474,12.356895884565503
924475,13.575020575568004
924476,13.835580658699218
924477,13.252926895268933
924478,13.117999745359038
924479,14.308336940868479
924480,13.681943999390118
924481,10.154286500958019
924482,7.608596660503112
924483,7.0081477894870785
924484,7.332549236626413
924485,5.920438050336022
924486,3.1651852425205744
924487,1.301245069477332
924488,0.3769872450109636
924489,0.1104260695477785
924490,0.043166167841041096
924601,12.008155915573795
924602,16.674497049658
924603,18.381708158217368
924604,17.363895130053617
924605,15.581187606408683
924606,14.82154750317915
924607,15.707443845295948
924608,15.188717596095136
924609,12.522092491814478
924610,11.264546103829746
924611,11.00581372343042
924612,9.661380643493528
924613,6.6820328591727405
924614,3.4169280183668977
924615,1.5336586174266496
924616,0.5859971725289052
924617,0.13807328599994503
924618,0.048147717759304716
924729,16.744748277906364
924730,22.218878428531536
924731,23.679875686355835
924732,22.92180857793495
924733,20.16948157704542
924734,17.93840457199523
924735,18.134870314459047
924736,17.686391999603455
924737,15.698574317135671
924738,15.227497217481854
924739,15.329899996410367
924740,12.67195943483574
924741,8.39507488619426
924742,4.534498499117288
924743,2.205740499847563
924744,0.8806294050159015
924745,0.26694307019610153
924746,0.06937011438830724
924857,21.434117124562366
924858,26.180146562787463
924859,27.079749556048323
924860,27.518476914813185
924861,25.24075466668131
924862,21.953678651428305
924863,21.333293429235674
924864,20.51008774396449
924865,18.72254145796071
924866,18.542660648531257
924867,18.5861351181838
924868,16.24262596180748
924869,11.772235930301138
924870,7.215592046389605
924871,3.817112810127273
924872,1.3743595987238424
924873,0.3835033103285955
924874,0.07529962698027182
924985,25.258176663277595
924986,28.97250107403698
924987,28.819112670072016
924988,29.264557666208454
924989,27.297821548372262
924990,24.01866258999039
924991,23.175216218791505
924992,22.40454867636131
924993,20.129532578014647
924994,19.973334441301493
924995,20.6936123584181
924996,19.03562814579045
924997,15.192229237383666
924998,10.617202836171352
924999,5.928773541131416
925000,2.0664990281623496
925001,0.49408685915932715
925002,0.11268621008674046
925113,27.465084456015102
925114,31.431531456868516
925115,31.544831699104193
925116,31.515198901052003
925117,29.1465248371278
925118,26.12094007632193
925119,24.865698231173386
925120,23.52443586679043
925121,21.27313236647972
925122,21.25620863631171
925123,21.973092294314306
925124,19.940542005728616
925125,16.063454870483714
925126,11.750741473525252
925127,6.8266496620632955
925128,2.3649567564194975
925129,0.512086305349136
925130,0.12233171338165173
925241,31.14921950954266
925242,37.07774130519789
925243,38.479255136095965
925244,38.971350875966436
925245,36.71874514726969
925246,32.95867211936519
925247,30.432428796167294
925248,28.257961970502574
925249,25.78714220386019
925250,25.930329896436287
925251,25.765973534060706
925252,21.543111114291264
925253,16.236897083749714
925254,11.889134934363243
925255,6.857668579019079
925256,2.4741514569225984
925257,0.5304448470484716
925258,0.08780728276758465
925369,37.97615837848104
925370,45.19745688565992
925371,46.87544364626814
925372,47.54540592037527
925373,46.50325677147454
925374,43.77307338889898
925375,40.5051250574897
925376,36.08733637367594
925377,31.95710267126521
925378,30.83943810463743
925379,29.9599344095155
925380,24.97882294810999
925381,18.781957544639447
925382,13.228719729127908
925383,7.52363455304846
925384,2.5269759020727367
925385,0.5209309344748461
925386,0.10212436077655948
925497,44.67728309046477
925498,52.996584415298884
925499,53.79405920783098
925500,51.52835348036489
925501,50.19258161304671
925502,50.25943095460463
925503,48.72954006349139
925504,44.57267264826821
925505,38.37355781752991
925506,35.70726625118696
925507,34.27566247441471
925508,29.628101925308645
925509,23.903348107614335
925510,17.5686538885531
925511,10.022519281370394
925512,3.173000631256489
925513,0.6242121076606056
925514,0.11934234097172389
925625,52.502574498803334
925626,63.49630969548646
925627,64.34388749982888
925628,61.524609875275914
925629,59.71019004662918
925630,59.97988750176641
925631,61.052879265497495
925632,58.32320489231822
925633,51.78476405099574
925634,48.9482994121357
925635,46.590261482650526
925636,39.524792813883394
925637,31.78991893836067
925638,23.976128697388347
925639,13.453008821519202
925640,4.281649977145399
925641,0.8137523378395373
925642,0.14381311125571866
925753,58.111098326692975
925754,69.99983686647207
925755,71.46363768760631
925756,70.25073684795876
925757,70.00559484190586
925758,71.0782094243652
925759,72.15203223834328
925760,70.00038723741822
925761,65.20335104670873
925762,63.84315997807902
925763,62.49476710475319
925764,53.63244143107973
925765,41.19716613576337
925766,26.9397689320955
925767,13.985962415127299
925768,4.578183660188375
925769,0.9301814642783237
925770,0.14935223858621544
925881,58.09494543381485
925882,70.52326360664024
925883,72.67478625682749
925884,71.75770661578863
925885,71.52994466824495
925886,72.457769943134
925887,72.67668084932211
925888,71.82088247294882
925889,70.02283834779635
925890,70.65598068979794
925891,70.00081266779232
925892,61.73569022093413
925893,49.20801541972579
925894,33.6412856684559
925895,17.72976975779191
925896,5.7995605840453806
925897,1.1028568493089395
925898,0.1576309693690628
926009,56.68732609036291
926010,70.00039753106212
926011,72.67365614448171
926012,71.9152991397104
926013,71.86362176901942
926014,72.66266740820213
926015,72.07677164673052
926016,71.90355473525477
926017,71.93102835389548
926018,72.67238501956335
926019,70.42163320067877
926020,61.95293836982754
926021,49.38288732226593
926022,34.46230483714179
926023,18.290361291514735
926024,5.836363593295868
926025,1.0435701080322504
926026,0.141393623838554
926137,53.35264028272649
926138,66.40925088381488
926139,70.00711164550403
926140,70.00679730917643
926141,70.00452678311913
926142,70.87031087384001
926143,70.01660961197682
926144,70.1239667337717
926145,71.0970009957682
926146,70.00112332743359
926147,64.8736404191616
926148,55.63270716662747
926149,44.427747436983076
926150,30.806787274779257
926151,16.00129143723139
926152,4.722111840915513
926153,0.7663461089010043
926154,0.058548049073656155
926265,46.76421064148164
926266,57.8911669244516
926267,60.55456671719609
926268,60.40154764495505
926269,59.55574938760138
926270,58.4207023412318
926271,56.90496309359583
926272,56.948242817907165
926273,58.12382484998249
926274,55.283598678125344
926275,48.94718373772592
926276,42.11933907170428
926277,35.12311433958329
926278,25.75487841471347
926279,13.897089420201219
926280,3.9482601458612265
926281,0.6059589975051834
926282,0.08607094268953414
926393,38.98906810742176
926394,45.97237213968877
926395,45.21866534269999
926396,43.82417597962923
926397,42.84575790000469
926398,42.23613722762539
926399,42.275464385289084
926400,43.551004368136795
926401,45.112831522125134
926402,43.91989336552517
926403,39.05332612217996
926404,33.59587297922147
926405,28.820370227374017
926406,22.70047247687126
926407,12.610181205626512
926408,3.7324595365995417
926409,0.5566768751034711
926410,0.08157756036810064
926521,32.680880304342544
926522,36.86752170027892
926523,34.04107633723894
926524,32.34599589859895
926525,32.229027387315654
926526,33.039929317632144
926527,34.66855639173178
926528,37.574491362119716
926529,40.26852860461256
926530,39.021808483167895
926531,34.056140067054436
926532,29.113069307951744
926533,25.672766637622647
926534,21.793202109806607
926535,12.562012408180056
926536,3.860089019039053
926537,0.6342801207744883
926538,0.08286526022448132
926649,25.348030778805256
926650,30.19084343988267
926651,29.42624238341096
926652,29.63710779361707
926653,30.19109456635874
926654,30.378117711967867
926655,30.598310665535102
926656,32.74988703717672
926657,35.245347012909505
926658,31.977248704948227
926659,25.79167608423311
926660,22.28920113786305
926661,21.889848993887217
926662,19.845514675601507
926663,11.69338112733677
926664,3.409433567649143
926665,0.56475869962961
926666,0.11474191702099336
926777,20.934384534550173
926778,25.807561851884337
926779,26.633385135247266
926780,28.07829017536353
926781,28.649535939348617
926782,27.43801304450234
926783,26.3141447920372
926784,26.755243034075608
926785,27.59668810683885
926786,24.065515187376686
926787,18.829477658355366
926788,16.86864594876224
926789,16.89589315187874
926790,15.452767757905818
926791,9.049304668665851
926792,2.795088206782948
926793,0.4505403694362973
926794,0.09658735439823112
926905,16.266490558372883
926906,19.440702869036453
926907,19.817630358688692
926908,21.337315646495938
926909,21.945965063302488
926910,21.124648855544834
926911,20.167494215152452
926912,20.53599035751851
926913,20.857625607810935
926914,18.7278869420505
926915,15.260583369683385
926916,12.611519186326104
926917,10.702241055329539
926918,8.53859561683825
926919,4.716379947239043
926920,1.458335563709812
926921,0.21816867591918357
926922,0.057304086317311945
927033,12.702320720375166
927034,14.800725861585285
927035,15.333470771992749
927036,17.26178305448725
927037,18.116492424204157
927038,17.662277485226724
927039,16.707257746591207
927040,16.648579375226504
927041,16.722735715150876
927042,15.896776117035575
927043,13.744627172868096
927044,10.51026508772638
927045,7.357137610956893
927046,4.638774085118697
927047,2.3998086063946276
927048,0.7999520943331105
927049,0.1900690255929267
927050,0.05409079541470827
940857,12.873267484754036
940858,14.86462934877533
940859,15.04941712316334
940860,14.866126586046908
940861,14.014981031712146
940862,13.870643295142617
940863,15.605250794639643
940864,15.811801447639812
940865,13.439205928996344
940866,11.87493989706985
940867,11.643414062815369
940868,10.761420217487505
940869,9.046985492904223
940870,6.969320680579275
940871,3.4013877823576313
940872,0.8632229997975638
940873,0.11090652652308682
940874,0.03362935885093392
940985,14.692917749908847
940986,17.58580809573868
940987,17.956442165159118
940988,17.140400753206258
940989,15.269723109372746
940990,14.607356276277535
940991,16.07557405369419
940992,16.47609652449928
940993,15.00606983081371
940994,14.174072268389436
940995,14.255270929774218
940996,12.255282857687812
940997,9.417348170712465
940998,6.787225684460021
940999,3.4064741047407177
941000,0.8616489466763831
941001,0.15033643254215376
941002,0.04991796388797579
941113,17.488594132932796
941114,21.74849405051466
941115,22.68415990835226
941116,20.933235824701676
941117,18.17610806718624
941118,16.883565738923036
941119,17.663892937696563
941120,18.013286101859187
941121,17.41995213644527
941122,18.258820145663876
941123,18.471179822115577
941124,15.081029800952098
941125,10.36863052197069
941126,6.741600881305798
941127,3.356687016798289
941128,0.9120470010203703
941129,0.18559354889644283
941130,0.04599657029156621
941241,23.3615569272413
941242,27.786699962500805
941243,27.96965710441684
941244,26.42699248508728
941245,23.250450505312227
941246,20.897414347931456
941247,21.31499436522704
941248,21.76467041763207
941249,21.401311565969824
941250,22.35846546087187
941251,22.756460030000216
941252,18.439324995719602
941253,12.517579508370666
941254,7.600677016218971
941255,3.723674077569638
941256,1.1645009395355408
941257,0.2551042878681278
941258,0.0862232509507353
941369,29.918697569803268
941370,33.82575837810245
941371,32.58654534403574
941372,31.056472901874173
941373,27.67597674227506
941374,24.2477060683052
941375,24.295939898393463
941376,25.03379270249715
941377,25.163587110230573
941378,26.30693587894293
941379,26.668116198357872
941380,22.7677864611701
941381,16.689804598657805
941382,10.568220092383186
941383,5.382810417377308
941384,1.7279335823715665
941385,0.4035263615203971
941386,0.07473740563691039
941497,33.46349018693057
941498,38.18968834788766
941499,37.459659180546296
941500,36.099478578073146
941501,32.04744107849395
941502,27.838369089967387
941503,26.917384759984404
941504,27.26136114917706
941505,27.03306850896604
941506,28.497801744806303
941507,29.938352483230346
941508,27.567386029649857
941509,21.886809759194314
941510,14.562955557993766
941511,7.625760550457468
941512,2.463975260117818
941513,0.5252776977061242
941514,0.08725944660129895
941625,37.658597849851795
941626,44.617911269761144
941627,45.77998357173553
941628,45.0349679894104
941629,41.66325888517731
941630,37.16531289648381
941631,34.66562929022541
941632,32.54049854200573
941633,30.94672690846596
941634,32.003185954666726
941635,33.036526463567554
941636,30.118022910132787
941637,24.109687067161225
941638,16.81644287259854
941639,9.00753796166713
941640,3.0454395079908223
941641,0.6360129161029435
941642,0.08454869588518685
941753,46.09210774964457
941754,55.58455545883884
941755,56.70128971010995
941756,54.586474864974406
941757,52.238383436458484
941758,49.549023283076856
941759,46.559504412437136
941760,42.47941509812281
941761,38.422857923028424
941762,38.3858551711863
941763,39.27727688939952
941764,35.24273353127995
941765,28.02307025830574
941766,18.841499283762925
941767,9.962126669519504
941768,3.2691188179835997
941769,0.7035399954022384
941770,0.15968486511177435
941881,53.72368192819084
941882,63.92202299391548
941883,63.96640985444593
941884,61.61612800763608
941885,60.660104501195924
941886,61.27156469183814
941887,59.49405861928597
941888,54.53122502750476
941889,48.774898306049465
941890,48.34188587248896
941891,49.595028649055884
941892,45.81321179714946
941893,37.48260074722168
941894,25.926414097860857
941895,13.69230172000027
941896,4.558885712713898
941897,0.9296508202853395
941898,0.14479879385022246
942009,58.24660059185341
942010,70.01353936870902
942011,71.4981928124314
942012,70.56858875066318
942013,70.00663456189291
942014,70.61261650507892
942015,70.2578939470277
942016,67.65183061527239
942017,63.38887659231879
942018,62.75651155305658
942019,63.251624128679126
942020,57.78807864882524
942021,48.94706813916733
942022,36.04049648807886
942023,20.164212313022322
942024,6.861406949685655
942025,1.2634805709262202
942026,0.2173531943939915
942137,59.096329311256454
942138,70.9058062348359
942139,72.67936233035036
942140,71.61897425528727
942141,71.35006396459339
942142,72.03561361321817
942143,72.65542697312226
942144,71.77209820317597
942145,70.06378309037513
942146,70.08456586274889
942147,70.20835835383494
942148,66.14326146187197
942149,58.06734320253212
942150,44.51576433061098
942151,25.86351919317135
942152,8.996986879793152
942153,1.6550612341337876
942154,0.24156766123759343
942265,58.17437981297468
942266,70.00403271296294
942267,71.53011204518623
942268,70.55185232750226
942269,70.00360765441533
942270,70.38868510174325
942271,70.59659008150533
942272,71.02719643893387
942273,71.40895121554294
942274,72.09127586500863
942275,72.54353860982678
942276,70.25768845749658
942277,63.06144577331666
942278,48.11339738741295
942279,27.421459776930508
942280,9.513845492865212
942281,1.839620371485834
942282,0.24162804378929073
942393,58.3090734744865
942394,70.73529634336478
942395,72.67663876256367
942396,71.67046850902163
942397,71.00859677022467
942398,71.20286624751267
942399,70.52630781406407
942400,70.24812668462164
942401,71.51797095153908
942402,72.37070327298336
942403,72.66352598828114
942404,69.9988341140715
942405,61.35289308913771
942406,44.38967414813337
942407,23.927653538919202
942408,8.113447079312458
942409,1.5441690841588773
942410,0.1593441313261544
942521,57.65039609121447
942522,70.00097803710511
942523,71.91818609434654
942524,71.17913224499344
942525,71.07071992062131
942526,71.38078355109143
942527,70.38966650797768
942528,70.66252289722922
942529,72.05799409953133
942530,72.06875159751495
942531,70.00286494692132
942532,63.58678659567696
942533,53.797651939495275
942534,38.213132789257564
942535,20.623920018879872
942536,6.626003051304595
942537,1.1780829844662695
942538,0.12987110466054194
942649,52.39610641938627
942650,63.01292342818262
942651,64.21312883934554
942652,64.03593681348174
942653,62.80381502814615
942654,61.39968326707781
942655,59.35046335342036
942656,59.72185082611242
942657,61.57753348948462
942658,61.125469224333926
942659,56.13282912105025
942660,48.64008712934321
942661,41.08329714213825
942662,31.38510220624898
942663,17.607499625388144
942664,5.652471290844664
942665,0.9576867982930889
942666,0.13256325208628886
942777,43.64953321566646
942778,51.276151110404406
942779,51.05561732513132
942780,50.056776904227306
942781,49.45343462509946
942782,47.929145003349554
942783,46.204765622492566
942784,46.995044232826416
942785,49.56709044771154
942786,48.06713760147063
942787,42.74222762892149
942788,36.74020021717343
942789,32.27427678974087
942790,26.541490552875672
942791,15.502144576131982
942792,4.809338323618532
942793,0.8598927162529629
942794,0.08298316625801032
942905,36.73054577103346
942906,41.2891165782116
942907,39.377198408612706
942908,37.90401855310516
942909,37.29525996877577
942910,35.64227942833448
942911,34.290171453587845
942912,36.22116364714602
942913,40.033965760394615
942914,38.688248112135916
942915,33.29623865360633
942916,29.83843624613644
942917,28.83506292597348
942918,25.432964568042344
942919,15.030582747939842
942920,4.719515783350794
942921,0.8091533297386322
942922,0.10884213591931965
943033,27.76443946493507
943034,31.133035275215743
943035,30.497088010476176
943036,31.027589410137573
943037,31.27135177758574
943038,29.775626767983848
943039,29.438455907142952
943040,32.047509836877985
943041,35.35618547007392
943042,32.02383543880879
943043,25.243925611931203
943044,22.889507397908893
943045,24.065334909700038
943046,22.432119860237414
943047,13.361480016504034
943048,3.8874414289702455
943049,0.6534798244177566
943050,0.06911061025512753
943161,20.82966393580708
943162,23.12707375839039
943163,23.35229029280974
943164,25.04341308083524
943165,25.253194896838174
943166,23.681030290781017
943167,23.244967944864264
943168,25.15216411542734
943169,27.500208391196107
943170,24.54313161106274
943171,18.63712924308479
943172,15.659235673206194
943173,15.819069894021577
943174,14.475733361935236
943175,8.44627674768284
943176,2.5227502996447675
943177,0.4418793260642375
943178,0.07673175727583333
943289,17.01489114136509
943290,18.200529462198396
943291,18.119820601986714
943292,19.811923841255368
943293,20.012154275560242
943294,18.79837357626999
943295,18.19642355964269
943296,19.34391007914371
943297,20.668933184614048
943298,19.30429358231651
943299,15.494128389405171
943300,12.357270116329085
943301,11.526085013386707
943302,10.41052881058173
943303,5.817201466161181
943304,1.6897543476828174
943305,0.2919630942539351
943306,0.06894313143662575
943417,15.241593198197624
943418,16.322949422268177
943419,16.137115924198422
943420,17.60997254342635
943421,17.929960047537453
943422,16.88323066896245
943423,16.445766482107306
943424,17.408903815251737
943425,18.810938962353877
943426,17.71014561141758
943427,14.384572551640977
943428,11.243207259104144
943429,10.851108798177158
943430,10.205458992977277
943431,5.858851739391905
943432,1.6961819930043927
943433,0.2954952355155762
943434,0.049974591788411425
957241,14.481038532861398
957242,15.426965131466247
957243,14.484910912413483
957244,14.33746310888231
957245,13.538903578688835
957246,13.059736811617684
957247,14.23089808731335
957248,15.021364304124788
957249,14.476726493636471
957250,14.497829607080632
957251,14.472339663716255
957252,12.99818857514983
957253,11.142778724053123
957254,8.73959270000627
957255,4.362854661133985
957256,1.0246309690692472
957257,0.1636621081817921
957258,0.03627831755984829
957369,15.144866618014003
957370,16.57643068289563
957371,15.986261173838878
957372,15.763607687809603
957373,14.678173867248496
957374,13.88368588826113
957375,14.7431194742557
957376,15.249733814804472
957377,14.94382116987771
957378,15.020670225811743
957379,14.722531804929735
957380,13.233673283933564
957381,11.618092094671349
957382,9.139324077904481
957383,4.658446061213089
957384,1.1780318444682374
957385,0.16745381622815683
957386,0.03379903716997597
957497,16.97144566665023
957498,19.39095248600741
957499,19.176788502785875
957500,18.175614381062633
957501,16.31026053916923
957502,15.639561750800889
957503,16.575722781090054
957504,17.048678157999852
957505,16.36714299521509
957506,16.667213583928337
957507,16.601783608369047
957508,14.592172337631455
957509,12.342169267493484
957510,9.58968154020588
957511,4.94261174400663
957512,1.3536205647885398
957513,0.17721320418604875
957514,0.049040052725278234
957625,20.951836361061613
957626,25.264254075505107
957627,25.407422950900212
957628,23.142459626877947
957629,20.202328467749513
957630,18.67828240097598
957631,19.313025598127552
957632,19.6727867748095
957633,19.399482752261505
957634,20.769280172232772
957635,21.099605404272314
957636,17.301597156842444
957637,13.501710721752206
957638,10.215983379664412
957639,5.43409057579192
957640,1.5179634990000275
957641,0.2539205063551168
957642,0.07186429405074923
957753,28.458097737694757
957754,34.19207754222207
957755,34.41666815099469
957756,31.87882473571165
957757,27.851296625622158
957758,24.53232889618472
957759,24.217785703840445
957760,24.099153661541884
957761,24.003155675338945
957762,25.332877817698677
957763,25.20106812291959
957764,21.10159746636901
957765,16.41632405346389
957766,12.07898021840813
957767,6.425489778330288
957768,2.0019849465148414
957769,0.4104376065111845
957770,0.09241119980916358
957881,35.36403448445654
957882,42.21297464494092
957883,42.83941752694613
957884,40.851413879748975
957885,36.11193011117415
957886,31.717248299333633
957887,30.65138906812321
957888,30.51950472755028
957889,29.508434624345472
957890,29.75210116509545
957891,29.36567830077095
957892,26.31308318526581
957893,22.036501818922392
957894,16.501057855494647
957895,9.022131438229689
957896,2.900415430018291
957897,0.5538732515880612
957898,0.1297846409154042
958009,44.21144606600791
958010,53.86557377518659
958011,54.7800885713623
958012,51.30765879460442
958013,45.59963611734562
958014,41.14590783809495
958015,39.316494879637624
958016,38.35289628303847
958017,37.01731016219232
958018,37.66212310679492
958019,37.59440422980356
958020,34.549253387553044
958021,29.507867238924053
958022,22.525828346407764
958023,12.760945564154703
958024,4.145968077905023
958025,0.7997729946602312
958026,0.13939843999029525
958137,53.244626058456184
958138,65.43575081938442
958139,67.00436530503653
958140,63.00931431179064
958141,59.143274174951756
958142,56.26441687993851
958143,54.21934014785137
958144,51.263204415333945
958145,48.468684069704196
958146,49.24124196105401
958147,50.533003056180284
958148,47.10543431038901
958149,39.84523057823729
958150,29.31007582085852
958151,16.44609214167761
958152,5.589536570201154
958153,1.1348774259424768
958154,0.1998866859974818
958265,58.61600659353089
958266,70.00056823330942
958267,71.38200497674862
958268,70.11847430300469
958269,70.0045015453671
958270,71.01855618904523
958271,70.00003375217933
958272,66.61920316548087
958273,61.94014594385743
958274,62.34992122951473
958275,64.67065570866112
958276,62.18179511324367
958277,54.764205234612994
958278,40.73710057719779
958279,23.555561446242788
958280,8.420125947484305
958281,1.6032612215434916
958282,0.20833514643631315
958393,58.45983103175797
958394,70.49727180875367
958395,72.63208600758695
958396,71.99616436541014
958397,71.79762152423005
958398,72.66408110339874
958399,72.66059221681603
958400,71.63554538312121
958401,70.0023365400032
958402,70.22940229329377
958403,71.49344905381086
958404,70.0018356744972
958405,65.25600970218552
958406,54.94042416162952
958407,34.13258107921229
958408,12.65658145768575
958409,2.5997047701173326
958410,0.4899951720137058
958521,57.79918690076023
958522,70.04184135834099
958523,72.18965322491498
958524,71.24335577386563
958525,70.42472701420994
958526,70.8205624903204
958527,71.00072745245109
958528,71.33878453025922
958529,71.6987262745452
958530,72.16023537217936
958531,72.56259139895103
958532,72.20370129010419
958533,70.00425782805152
958534,59.94885947967676
958535,38.27254897963531
958536,14.120477691009443
958537,2.8809591072603284
958538,0.4916017119382029
958649,57.26855401858805
958650,70.00580273607744
958651,72.26451688264432
958652,70.91561701131857
958653,70.1492636200414
958654,70.84796197118175
958655,71.09036133610621
958656,71.2465215531214
958657,71.53744595414302
958658,71.34262242077598
958659,71.78040095225712
958660,72.61499932254186
958661,71.31934777189544
958662,61.35511137323339
958663,38.79717459593481
958664,14.472705770511707
958665,3.0113077081105453
958666,0.45609039488896164
958777,57.375392395121054
958778,70.33246469228287
958779,72.66754646423895
958780,71.14453132902966
958781,70.72538019928598
958782,71.64275231810961
958783,71.25851594075768
958784,70.95519065590554
958785,70.99935439551177
958786,71.07158187934523
958787,72.10610023543673
958788,72.61780334443112
958789,70.00504508812513
958790,57.92397776077489
958791,35.672639779818674
958792,12.912515751450204
958793,2.614004521588157
958794,0.28002997454324435
958905,57.88314748629412
958906,70.00883128285436
958907,71.58972783180575
958908,70.67611308180945
958909,70.00429821393284
958910,70.46724732542219
958911,70.07162379577454
958912,70.03758855849473
958913,70.01349332187762
958914,70.76687612202312
958915,70.8584080106766
958916,69.06442321660778
958917,64.10332945557226
958918,52.21021236880572
958919,31.22238613010061
958920,10.689582804092781
958921,2.226364243373978
958922,0.3256634936114027
959033,55.69073916291604
959034,66.53235483135364
959035,67.04203189369542
959036,65.49207434480684
959037,63.68474182806081
959038,61.88423560200821
959039,59.67911580677197
959040,59.280881069866744
959041,61.05953339069986
959042,61.86559200164086
959043,60.20975314904603
959044,55.65444536496403
959045,50.82426836158205
959046,43.119761238835146
959047,25.9881642586337
959048,8.701298100566811
959049,1.6240921140986317
959050,0.1569018304706563
959161,48.244177848724114
959162,56.95455433185063
959163,56.65080345295674
959164,55.947031076774735
959165,54.77387843362608
959166,52.17492979074129
959167,47.95820097512846
959168,47.48063093496556
959169,50.34591146990808
959170,50.04744958503797
959171,46.73613311396088
959172,42.81798149405483
959173,40.599432876291665
959174,36.25338648178975
959175,22.062383624986804
959176,7.049993033762078
959177,1.1173807518464505
959178,0.12070613613200822
959289,38.99711679483563
959290,45.74287190365572
959291,46.132175779943374
959292,46.7686577771319
959293,46.073165385076344
959294,42.98574335064258
959295,38.342917474886605
959296,37.20264700452102
959297,38.85542275590775
959298,37.37778365863955
959299,33.00076881585818
959300,30.942597353432614
959301,32.92608155687929
959302,31.899845219448743
959303,19.679047681266987
959304,6.045250892396126
959305,0.9609263961223821
959306,0.14674274170733706
959417,28.290021727965513
959418,32.17524013113545
959419,32.14071574349401
959420,33.168720573979435
959421,33.01840940613026
959422,30.72960963258485
959423,27.683177973139006
959424,27.20701680589133
959425,28.750711691206252
959426,26.930278922194073
959427,23.031706473794113
959428,21.668135704920378
959429,24.073242880021013
959430,24.03980466653764
959431,14.675310337943413
959432,4.371290166480056
959433,0.7066143495386462
959434,0.13636429818577644
959545,19.975746107416697
959546,21.738176698868227
959547,21.64157007673316
959548,23.115446866509405
959549,23.40970173655631
959550,21.805304003478167
959551,20.006108889122377
959552,19.89153343164478
959553,21.340023928283365
959554,20.84323579062094
959555,18.252717226879955
959556,15.786897789795127
959557,16.290502153724283
959558,15.978104888787724
959559,9.540754260237708
959560,2.8562179000615586
959561,0.4485195841830912
959562,0.14645245276819313
959673,16.802816473920757
959674,18.178766980824836
959675,18.361471858266455
959676,19.93087564488861
959677,19.98967030255903
959678,18.3923195476287
959679,16.589088890349824
959680,16.953997342086048
959681,18.16000188679348
959682,17.704509011191167
959683,15.176308233770154
959684,12.871464553463104
959685,13.661181018138407
959686,13.679671886013367
959687,8.042156547101413
959688,2.387859432045566
959689,0.40772014403085083
959690,0.0937046597964449
959801,15.126153626109279
959802,16.532418759715245
959803,16.736430239014165
959804,18.064523875309767
959805,17.78828299739659
959806,16.054663133140217
959807,14.447719315050824
959808,14.843833652821791
959809,16.19169605228282
959810,15.984801663369316
959811,13.486175329605594
959812,11.484645969771833
959813,12.816366394796264
959814,13.075239961513313
959815,7.675125243890156
959816,2.2478834831863255
959817,0.3205988589970378
959818,0.08604322221219414
973625,14.201097663740258
973626,15.11473287499175
973627,14.152977436053506
973628,14.244160194183493
973629,13.643767908007842
973630,13.014962934168464
973631,14.01783060523826
973632,14.62737477681587
973633,13.92538681493751
973634,13.734448473452767
973635,13.55323745685806
973636,12.795710564582585
973637,11.628649205545022
973638,9.123043290525883
973639,4.687452111311019
973640,1.2876527672155629
973641,0.2865581325873943
973642,0.09080103410054008
973753,15.11257150768547
973754,16.254659833926883
973755,15.729036666637796
973756,15.896563813345878
973757,15.344978430164211
973758,14.716795059277562
973759,15.820881340426869
973760,16.10423473775196
973761,14.96311820726823
973762,14.232541031146438
973763,13.942905073444111
973764,13.190291386791182
973765,12.116423103120997
973766,9.774651582287918
973767,5.224937678282254
973768,1.558575454939153
973769,0.4063520067206327
973770,0.12206408345494228
973881,16.270592965700054
973882,17.99563857260087
973883,17.69825301539355
973884,17.481536972067165
973885,16.88730165402054
973886,16.767592241322177
973887,18.16790025319335
973888,18.45355793883232
973889,16.561248899817944
973890,15.455521620973524
973891,15.13283975063696
973892,14.12548529414256
973893,13.085125187939068
973894,10.856896874102043
973895,6.170943177773282
973896,1.9790519846454364
973897,0.40158994125797126
973898,0.13624630243557714
974009,18.844801885561623
974010,22.48087304573385
974011,22.88886760355301
974012,21.7600337535455
974013,20.334581756001246
974014,20.010511227839604
974015,21.215608194599138
974016,20.993033636079783
974017,18.8320181036954
974018,18.51546488260652
974019,18.537653687950577
974020,16.455002364539002
974021,14.30365607643147
974022,11.94373584924775
974023,7.082264820920545
974024,2.6497767311796694
974025,0.5452105344351867
974026,0.129404088429587
974137,24.533440315224297
974138,30.669767163627245
974139,31.965387958465442
974140,29.266350122053908
974141,26.094922612000687
974142,25.34872114981752
974143,25.96732192875269
974144,25.422941830015887
974145,23.24240625403817
974146,23.86812611663174
974147,24.451067531601186
974148,20.51194278262764
974149,16.80892634927058
974150,14.232776408454772
974151,8.712421321642973
974152,3.271322114940547
974153,0.6978286067263666
974154,0.12561317871897373
974265,35.65470269256579
974266,43.48840257544646
974267,44.1087617382986
974268,40.65254738050705
974269,35.79684890514093
974270,32.51876361359254
974271,32.64392612690878
974272,32.14304645419617
974273,30.67705788395044
974274,31.383230518876204
974275,31.186156385428397
974276,26.376884040952756
974277,21.58153413204167
974278,17.808855094823198
974279,11.065240911227246
974280,4.184109041905635
974281,0.9284286656431636
974282,0.18683276092842854
974393,48.50420798555745
974394,59.24269074150206
974395,60.05194048463928
974396,55.789591558155394
974397,50.46690186838476
974398,46.35124449056325
974399,45.50019743907986
974400,45.39742245248136
974401,44.668806509782925
974402,45.11934460881845
974403,44.195648963676234
974404,39.0702710129916
974405,33.42541157624324
974406,26.86995988615006
974407,16.608124350077837
974408,6.1187392540625805
974409,1.409627051520149
974410,0.18042425986748115
974521,57.4692190582091
974522,70.00165314606528
974523,71.80622913586095
974524,70.00107406278921
974525,67.02149406364836
974526,65.22443757397126
974527,64.33627188902544
974528,63.50823113157144
974529,62.37145573390779
974530,63.047029490936396
974531,63.08653640836489
974532,58.19175747665405
974533,50.87035515628105
974534,40.28122037680888
974535,24.69898438716054
974536,8.882560031991158
974537,1.8934202285573793
974538,0.30940208658233215
974649,58.46407209033186
974650,70.45782969436432
974651,72.67323012250898
974652,71.51284728105158
974653,71.46748348061244
974654,72.49742608967533
974655,72.57168985699535
974656,71.5142670532941
974657,70.01322914656834
974658,70.88278670299448
974659,72.21304952988898
974660,70.0003140044086
974661,66.02210594043147
974662,57.36556567256965
974663,37.2825597737247
974664,14.13544946783326
974665,3.0282029817860074
974666,0.5886292638330349
974777,57.10554387627089
974778,70.00812338814313
974779,72.46467316415853
974780,70.94398259885388
974781,70.28123524546483
974782,71.40915903049957
974783,71.84170853020555
974784,72.23594288580475
974785,72.12575633180273
974786,72.32173719302713
974787,72.66600074183243
974788,71.6199894001294
974789,72.67578864562662
974790,69.99829665591976
974791,47.95185103811372
974792,18.492801646743573
974793,4.008278519996969
974794,0.6208222564984648
974905,56.704965077898976
974906,70.0007342532058
974907,72.59387733238903
974908,70.83079017747959
974909,70.02520176292329
974910,70.924495083628
974911,71.12422775895408
974912,71.2416196121143
974913,71.95528243456837
974914,71.92442819283106
974915,71.45049632314706
974916,70.50663731397381
974917,72.66422499655599
974918,70.59293268640639
974919,48.76965892206968
974920,18.65197203370363
974921,4.0869405520347
974922,0.6842539031059777
975033,56.6982892603561
975034,70.0652934880335
975035,72.67640702327476
975036,70.73166094148279
975037,70.16024298548062
975038,71.77626715442325
975039,71.93176979236551
975040,71.6294735920117
975041,71.6274170473725
975042,71.17936530070669
975043,70.71386769322407
975044,70.2956768559607
975045,72.57795800032903
975046,70.51145876866546
975047,48.65050821620103
975048,18.656206565395458
975049,3.9353516837698117
975050,0.5948772350463629
975161,56.72299849065732
975162,70.00248705006044
975163,72.1928599653348
975164,70.75600644694401
975165,70.28242932535856
975166,72.41116036006984
975167,72.54652588996454
975168,72.1023315851794
975169,71.64720028717352
975170,71.18540346527443
975171,70.85756910005723
975172,70.50863743137823
975173,72.6613900469748
975174,70.00029571099726
975175,47.65111649602231
975176,18.06150359513413
975177,3.869395462404157
975178,0.5792447511719342
975289,58.794036031265634
975290,71.02755250684379
975291,72.63031753033017
975292,71.5064864552876
975293,70.87220168196224
975294,71.05135443706105
975295,70.44011351492998
975296,70.00672889176803
975297,70.02722567942037
975298,70.59752461769702
975299,71.09491933811205
975300,70.00340657396758
975301,70.00170949525275
975302,64.92315656796734
975303,42.841135643940255
975304,15.927613306792761
975305,3.2975096199621414
975306,0.5174259124192983
975417,58.52935869654752
975418,70.00425515015556
975419,71.20218210295623
975420,70.00337954071173
975421,67.23502578607878
975422,63.931109123282965
975423,59.407057783520656
975424,58.12101829115836
975425,60.050009176471356
975426,61.08422243258046
975427,60.814911027353375
975428,59.18528956663146
975429,59.18737707085715
975430,54.72009537238641
975431,35.625415689548866
975432,12.820392825078299
975433,2.5653353865767925
975434,0.20279715607836252
975545,50.986650466684765
975546,61.42103912909119
975547,63.09831339544762
975548,62.67565970584505
975549,60.78454807102935
975550,56.555810224372024
975551,50.42310926862371
975552,48.2744425218245
975553,50.042332814037294
975554,49.386274577000435
975555,46.789446421594796
975556,45.45456568628394
975557,47.0005263301452
975558,45.06477103240663
975559,28.89273127529602
975560,10.035596228219346
975561,1.8396267208862436
975562,0.2098973811165763
975673,39.51647407970338
975674,48.02592378361883
975675,50.41180919764023
975676,51.28082489685241
975677,50.636806941306844
975678,46.62124392573109
975679,40.13781143323286
975680,37.086715575605936
975681,38.103586043882174
975682,36.7469442768116
975683,34.1242243324455
975684,32.99435058420343
975685,34.34225556829922
975686,33.06939186715124
975687,20.733099711339946
975688,6.918798278719682
975689,1.2884624677096113
975690,0.1727691013175378
975801,28.886826675696575
975802,34.02925282418626
975803,35.06020834643158
975804,36.12716060874984
975805,35.95199319566338
975806,32.99471463299613
975807,27.390060537479663
975808,24.109496603773593
975809,24.833737111164226
975810,25.18673885702317
975811,24.755007805150413
975812,24.154153742418504
975813,24.999713844412536
975814,23.152911861472337
975815,14.059810588748086
975816,4.626986096598583
975817,0.8976615882205772
975818,0.14372389232994331
975929,22.18386236836459
975930,25.53685446383003
975931,25.671025624275494
975932,26.47754650612541
975933,26.084506873204134
975934,23.569827332297308
975935,19.66120174598594
975936,17.76515725352856
975937,18.90875309387693
975938,19.952828227242755
975939,19.859527353300447
975940,19.585011037747996
975941,20.195332683112383
975942,18.172970763516748
975943,10.697796200716908
975944,3.5639218552363503
975945,0.7339255203267844
975946,0.134585531544351
976057,18.41669896327372
976058,21.198340983015125
976059,21.471533959512612
976060,22.43437226047267
976061,22.043747360070572
976062,19.89097830337942
976063,16.63005449644161
976064,15.556308937117254
976065,16.796567294458473
976066,17.6249346758514
976067,17.198337837965763
976068,16.949543369805625
976069,18.023947086112035
976070,16.009355239131775
976071,9.084223059732867
976072,2.8279312988786707
976073,0.5503788786505691
976074,0.11756995396184997
976185,16.087102337055313
976186,18.448326896288197
976187,18.65433419719496
976188,19.61827956016212
976189,19.434735976173116
976190,17.46667429473698
976191,14.83382179421166
976192,13.931522820060303
976193,15.356503383506093
976194,16.125965011419762
976195,15.73278730719505
976196,15.719907682199137
976197,16.976241062085272
976198,14.905641085203667
976199,8.167404410170167
976200,2.332110836018288
976201,0.37735290888890977
976202,0.09748136339635392
976322,13.842267824206871
990009,14.513812000074276
990010,15.353049231086093
990011,14.583004424334606
990012,15.231503918138324
990013,14.552333196509622
990014,13.637850627354767
990015,14.760945742231092
990016,15.29808059617306
990017,13.96218487752976
990018,13.03005101932008
990019,12.546672509417895
990020,11.57922217443939
990021,10.584243691938497
990022,9.142213688320577
990023,6.333456333771529
990024,2.795372837629863
990025,0.7985519236564885
990026,0.22280281573701252
990137,15.218360256049738
990138,16.757896286942383
990139,16.520727951673145
990140,17.31868898576913
990141,17.001694777691654
990142,16.938792899345366
990143,18.690009042752422
990144,18.662607918864374
990145,16.129684138675454
990146,14.422774082092259
990147,13.627833696455259
990148,12.713635251110444
990149,11.961751518619687
990150,11.082172113944734
990151,7.871871006154848
990152,3.460959748613837
990153,0.9400365096513326
990154,0.22211200491044147
990265,16.099250278554308
990266,18.219428565895168
990267,18.53420545954427
990268,19.27999619551831
990269,19.429948058919088
990270,19.931963880000914
990271,22.09499487968423
990272,21.89009937414006
990273,18.27387207832432
990274,15.809691499418053
990275,14.779063357184837
990276,13.805653709452681
990277,13.497901576355568
990278,13.436274208233991
990279,9.729214268927334
990280,4.197348075699355
990281,1.1211489866904167
990282,0.21123262559606085
990393,17.78850317076246
990394,21.103992051875768
990395,21.830453383494273
990396,21.843782715943554
990397,21.432901649798914
990398,22.14154278986815
990399,24.387325711127882
990400,23.82104643908054
990401,19.8037549285109
990402,17.74277582263891
990403,16.886058244509055
990404,15.459600244887271
990405,15.26355024570089
990406,15.579751001404484
990407,11.464508580880176
990408,4.840770931686999
990409,1.3015640100508317
990410,0.2750499436391752
990521,23.93052478098288
990522,29.989340564247765
990523,30.615883053594235
990524,27.551282835557807
990525,25.33302846310001
990526,25.448202950943173
990527,27.095966606268423
990528,26.581556742108255
990529,23.60012187073018
990530,22.85654041369705
990531,22.85396149048004
990532,19.917273148038582
990533,18.10660933317145
990534,18.007055830284937
990535,13.06372060259515
990536,5.539798912819008
990537,1.3634610472917645
990538,0.2698388650903694
990649,35.81085903495494
990650,44.47342346852231
990651,44.89028031897529
990652,40.01895244992997
990653,36.08438547163677
990654,35.38978452682955
990655,36.00154857322792
990656,35.87382688819036
990657,33.923145990662896
990658,34.54691531053347
990659,34.47512383092281
990660,29.29336909744629
990661,24.618326597917797
990662,22.263333544782913
990663,15.228303605810313
990664,6.339795450625251
990665,1.5727900791124254
990666,0.35044481099784963
990777,50.21749881052874
990778,60.673042072493196
990779,62.06350852904897
990780,59.814271129298916
990781,56.85600242255832
990782,55.197340796627365
990783,55.51927507255436
990784,55.73622261648177
990785,54.93032918190439
990786,55.365799659145615
990787,54.17130444479873
990788,46.8060460170871
990789,38.98242620665772
990790,31.572587963998288
990791,20.260924424918958
990792,7.97058592706265
990793,1.8715686462145391
990794,0.3131596187354418
990905,58.250235795255655
990906,70.44155802000128
990907,72.66366290929169
990908,71.99782604435771
990909,70.86810170303553
990910,70.00736018903767
990911,70.1784177531489
990912,70.09370002427299
990913,70.00856638708763
990914,70.61210115805514
990915,70.00749481638906
990916,64.23586477844898
990917,57.15543477784629
990918,48.00612031419263
990919,31.300014685657587
990920,12.142965326466081
990921,2.8086822197428165
990922,0.4921562615069511
991033,57.74103597601654
991034,70.1389914142812
991035,72.46088749051259
991036,71.48614385999416
991037,71.01244392567726
991038,71.8887755766379
991039,72.1309437569886
991040,71.64418993273146
991041,71.81165725875519
991042,72.28476364954659
991043,72.67626466254113
991044,70.98710579302653
991045,70.0104662810303
991046,64.85610155766983
991047,44.32812570039679
991048,17.424981092292303
991049,3.9102906607526116
991050,0.51148566472762
991161,56.783219450519915
991162,70.00103533598886
991163,72.35360718667381
991164,70.71998286163941
991165,70.01398732122911
991166,70.86556808563844
991167,70.80341849079586
991168,70.83846666548605
991169,71.10236179495661
991170,71.30468733747979
991171,71.1650262903323
991172,70.01140106855867
991173,72.64498500946361
991174,72.24435787097555
991175,50.983082118492575
991176,20.250998944151664
991177,4.506725749289321
991178,0.7812642375923701
991289,56.98303090262388
991290,70.08060500153044
991291,72.66739325253135
991292,71.22403016066764
991293,70.75993557861514
991294,71.90501630679583
991295,71.69552630481151
991296,71.31201215839222
991297,71.69246690846164
991298,71.95909824934364
991299,71.4668569456861
991300,70.01687752722806
991301,71.6350311328121
991302,70.00353362787956
991303,49.220351604258795
991304,19.169227265187462
991305,4.3249509317761365
991306,0.7473705232309584
991417,57.1110517223052
991418,70.00418070545885
991419,72.27200567547447
991420,70.65058166528577
991421,70.96101073904521
991422,72.63407400482441
991423,72.63699764866561
991424,72.06367891935348
991425,71.98487637795964
991426,72.13295117374666
991427,71.70919874149219
991428,70.03535510501492
991429,70.98974416300209
991430,68.96658120864191
991431,48.11946818430687
991432,18.886064958320297
991433,4.265799388247319
991434,0.7126791505427518
991545,58.22887541155133
991546,70.3526264312319
991547,71.47170629820542
991548,70.01639832588538
991549,70.26187512137145
991550,71.96446376610675
991551,72.39468159722061
991552,72.05511169425728
991553,72.04214762289173
991554,72.66970189242714
991555,72.61632686178338
991556,70.2987768383296
991557,71.4751793290365
991558,70.00499858932126
991559,48.89759436830405
991560,19.126928013945072
991561,4.251942502733096
991562,0.658451491997424
991673,60.1989832944788
991674,71.53304127095917
991675,72.66923527579067
991676,71.6713605293467
991677,71.69098769080558
991678,71.60517651906784
991679,70.55437186186252
991680,70.00897674161382
991681,70.69128429215358
991682,71.70504140807881
991683,72.07040861573132
991684,71.08205803053546
991685,72.65805086033143
991686,70.19304391287821
991687,48.48883754413789
991688,18.590279738835378
991689,4.0542488953442675
991690,0.7243691928323157
991801,57.99070216317288
991802,70.00095456148154
991803,72.4880704875516
991804,72.45376086170883
991805,69.99928573116111
991806,65.74086957413823
991807,60.2919641045818
991808,58.41332422081605
991809,59.61630617180559
991810,59.493088435186884
991811,59.01811335424963
991812,59.61079467985759
991813,63.20612189777019
991814,61.25664230821875
991815,41.422670897167464
991816,15.724944625396029
991817,3.384229327686565
991818,0.5849773522285289
991929,48.872967567252374
991930,59.84289404507317
991931,63.3587496506917
991932,64.29066785486737
991933,62.15713979451182
991934,56.71957843035624
991935,49.68602918430318
991936,45.931837607294774
991937,46.52331076527084
991938,45.5277986013947
991939,44.16616773298278
991940,45.28994513878777
991941,48.65500990706382
991942,47.90799757200194
991943,32.10368568014183
991944,11.934955804627469
991945,2.5240404220347057
991946,0.42010788895231926
992057,38.03942175635718
992058,46.58715283059523
992059,49.14811624098236
992060,49.956521301530785
992061,48.95671625184836
992062,44.82374528727651
992063,37.98167914185777
992064,33.726535845689085
992065,33.342127795404764
992066,33.56734273001598
992067,33.86746521775613
992068,34.01329884750068
992069,34.74780566724639
992070,33.00654627509669
992071,21.998830203664344
992072,8.232219561700381
992073,1.7160739606650939
992074,0.3217359186330661
992185,30.848752214668608
992186,38.25268364012242
992187,39.91936561933247
992188,40.99752787784211
992189,40.11979780388982
992190,36.750255593732305
992191,30.047900559071532
992192,25.929905933864596
992193,25.8585082405546
992194,26.812470613581354
992195,27.81573130345483
992196,28.197798451308252
992197,28.14442705110572
992198,25.722308203635617
992199,16.528566502807603
992200,6.105278037637575
992201,1.2878349727905685
992202,0.22253043490435667
992313,26.86766111694842
992314,32.89512081103346
992315,33.68168816516093
992316,34.118742330608164
992317,33.204228320619144
992318,30.411843169247888
992319,25.093085490162682
992320,21.986134444681632
992321,22.518768082331214
992322,23.328182471606084
992323,23.829926872412255
992324,24.761615614251067
992325,25.420220942431133
992326,22.53937365540319
992327,14.065592595633364
992328,5.04122194075055
992329,1.0577293029843653
992330,0.1825837916912928
992441,23.877100069281518
992442,28.860618933024007
992443,29.23600851177491
992444,28.698796840458083
992445,27.81178637677233
992446,25.614140103849063
992447,21.5141978636975
992448,19.02633522791549
992449,19.87914648568328
992450,20.151212807540734
992451,20.284422384924678
992452,21.507614210296257
992453,22.748751755722076
992454,20.31960243647845
992455,12.202594572376999
992456,4.30109927637713
992457,0.9321629855354681
992458,0.2195813478205042
992569,20.780018735886358
992570,25.66574205215381
992571,26.36620725425101
992572,25.47682374593351
992573,24.721010048745068
992574,23.24110388719567
992575,20.29354570099383
992576,18.48247866032879
992577,18.844622920733237
992578,18.719181521625956
992579,18.26329789789103
992580,19.618827677674464
992581,20.514630463279204
992582,18.14237875810463
992583,10.514068797148688
992584,3.5839585824058235
992585,0.8035949428384744
992586,0.15105128297388018
992706,17.049791653013003
1006393,15.82669006665796
1006394,17.664754062360117
1006395,17.794789365346166
1006396,19.766220191764432
1006397,19.504582331156396
1006398,18.10814396876905
1006399,19.252931579302036
1006400,19.038057942508534
1006401,16.42579880446127
1006402,16.284259953090313
1006403,15.849387167755394
1006404,12.119617807505533
1006405,9.543790688684558
1006406,10.119088426335072
1006407,8.904218313554049
1006408,4.715904146246697
1006409,1.4488205776024599
1006410,0.3779573226770682
1006521,16.524050625202488
1006522,18.750117027946306
1006523,19.24833911615665
1006524,21.16470590228465
1006525,21.25914849885734
1006526,20.59534557174409
1006527,22.118455056104086
1006528,21.619764445064625
1006529,18.26115233257847
1006530,17.212537834557743
1006531,16.677381503659852
1006532,13.265288639052219
1006533,10.933862856851041
1006534,11.280449034089655
1006535,9.66871256649473
1006536,4.961975364282565
1006537,1.484946145119129
1006538,0.30592747809342213
1006649,17.640434448853284
1006650,20.14633790982777
1006651,20.705881655517178
1006652,22.000992957701182
1006653,22.237874334346696
1006654,22.199343250075227
1006655,24.0004047392576
1006656,23.190401101195246
1006657,19.75059876524721
1006658,17.999199244749835
1006659,17.011585900795353
1006660,14.311189346164984
1006661,12.534803915212203
1006662,12.891279140937455
1006663,10.527494881937312
1006664,5.206358049401746
1006665,1.4860000374493698
1006666,0.2882796705723243
1006777,21.384196081387888
1006778,24.58859610361993
1006779,24.689208321221344
1006780,24.645469899552324
1006781,24.277404049181346
1006782,24.43444014523493
1006783,25.992488709121297
1006784,25.611391873355632
1006785,22.29415098590536
1006786,20.077073911156834
1006787,18.503643627887193
1006788,16.310783910177932
1006789,15.164070027076773
1006790,14.684133945344296
1006791,11.555953993650375
1006792,5.483043629082611
1006793,1.515013640759985
1006794,0.3055845682958647
1006905,28.84873580464484
1006906,34.07160008916694
1006907,33.49194157957302
1006908,31.15877080052562
1006909,29.8403487343176
1006910,30.236493299086277
1006911,31.698838488021508
1006912,31.60408732999751
1006913,28.97742083521295
1006914,26.934249187903994
1006915,25.209658565876136
1006916,22.897383455925166
1006917,20.426992223879623
1006918,18.148661182991148
1006919,13.072746578169133
1006920,5.781631663588172
1006921,1.5312367578735908
1006922,0.3922826687689985
1007033,38.41891158699138
1007034,46.52754501105962
1007035,46.934682613159325
1007036,44.08813046241
1007037,42.65729837212242
1007038,43.792285815310564
1007039,45.101115152496185
1007040,44.61834214912104
1007041,42.764535604755096
1007042,42.25312031861473
1007043,41.47604920269544
1007044,36.40022783734524
1007045,30.132348136616194
1007046,24.12582336890949
1007047,15.923474558085886
1007048,6.693478889479821
1007049,1.6737876913519074
1007050,0.2535032020570564
1007161,49.6888346454139
1007162,60.710761416121265
1007163,62.65742695184437
1007164,60.49997089664654
1007165,59.70112055932839
1007166,60.19318712259267
1007167,60.41455279520934
1007168,60.38902238133632
1007169,59.355006803268616
1007170,60.03479071495984
1007171,58.94677933057388
1007172,51.529550973216296
1007173,42.82516428364837
1007174,34.629842187274754
1007175,22.671603847118266
1007176,9.358907814241796
1007177,2.206506935023984
1007178,0.4575798935902589
1007289,58.26611253247575
1007290,70.00651380495032
1007291,72.09875507989322
1007292,70.98889507777955
1007293,70.18701390541429
1007294,70.6277357087134
1007295,70.27904997775971
1007296,70.32141458872948
1007297,70.25568389595772
1007298,70.92093344440448
1007299,70.012072239905
1007300,64.19457056329145
1007301,57.95707159566966
1007302,49.81425768254026
1007303,33.636301800150555
1007304,13.445417121989449
1007305,3.054326474933118
1007306,0.5566182181604417
1007417,58.87230130983661
1007418,69.99975973985009
1007419,71.42175566541982
1007420,70.47785105564957
1007421,70.01718324429464
1007422,70.94909465477284
1007423,71.11441502139685
1007424,70.9041179330008
1007425,71.06055316683066
1007426,71.21076989178802
1007427,71.54318351261917
1007428,70.59922440062866
1007429,69.99980574678186
1007430,64.51615662475605
1007431,44.110971892298835
1007432,17.624138862885935
1007433,4.072499398062648
1007434,0.713630743386447
1007545,59.11622353054448
1007546,70.64731216459424
1007547,72.05935513150744
1007548,70.60379779194042
1007549,70.14569698819744
1007550,70.58364989691161
1007551,70.42418558210831
1007552,70.00759380333676
1007553,70.22700086573441
1007554,70.51991581808454
1007555,70.64279820511597
1007556,70.65024169920672
1007557,72.6788494090581
1007558,69.99751108613287
1007559,49.31424966107395
1007560,19.541173383580503
1007561,4.518662722292211
1007562,0.6559627681550407
1007673,58.60045115181885
1007674,70.23430223234092
1007675,71.94248430636803
1007676,71.01079259361212
1007677,70.63442177797265
1007678,71.07248190052022
1007679,70.33610868826995
1007680,70.17362796060634
1007681,70.47723596245162
1007682,71.20678229642384
1007683,71.62437874727998
1007684,70.00133406357226
1007685,70.12876028105005
1007686,65.73430021732463
1007687,45.29239745257465
1007688,18.157500721771008
1007689,4.102736648488625
1007690,0.7294420265097871
1007801,57.66235034030648
1007802,69.07113488739384
1007803,70.74894702607831
1007804,70.12294093541371
1007805,70.1326411631078
1007806,71.4815076836996
1007807,71.79809422606462
1007808,71.68301115354073
1007809,71.50892768268244
1007810,71.62802387523055
1007811,71.29652132083741
1007812,68.68689217833455
1007813,68.13292936377893
1007814,63.89972192650539
1007815,44.46736980173973
1007816,17.603695517783144
1007817,3.8632745278221186
1007818,0.7418557623697142
1007929,58.2332308271777
1007930,70.00053539120793
1007931,71.61444379003538
1007932,70.00647609801541
1007933,70.39315131474187
1007934,71.79853704027005
1007935,71.70049291110702
1007936,71.83420334749914
1007937,72.37263189680476
1007938,72.62486772083078
1007939,71.72259130762168
1007940,70.00222731072974
1007941,70.41302930475965
1007942,67.55086456440435
1007943,47.09112341262995
1007944,18.338711882985535
1007945,4.116069687713544
1007946,0.4719558430687245
1008057,57.85960848464406
1008058,70.00104330642002
1008059,72.67568733265695
1008060,72.67136014882341
1008061,72.48984721121884
1008062,72.51927455301038
1008063,71.46153989319106
1008064,71.87031644995716
1008065,72.59091038314975
1008066,71.68169144366325
1008067,70.00161422775744
1008068,70.0239202987247
1008069,72.51776090340682
1008070,69.99925681567811
1008071,48.55731390941935
1008072,18.930651216446094
1008073,4.182494569977034
1008074,0.7106970045852447
1008185,51.93022994033998
1008186,64.90069681758445
1008187,70.00487817827215
1008188,71.73243214003026
1008189,70.00110759806118
1008190,66.21539482626076
1008191,62.28313610003091
1008192,60.87683022175246
1008193,60.718020839463215
1008194,58.01484623857851
1008195,55.49126486116638
1008196,56.83245396053986
1008197,61.360802605800224
1008198,61.08545406175388
1008199,41.94539391001792
1008200,16.30659647377197
1008201,3.4934320102359955
1008202,0.5975582574276667
1008313,42.15699485094279
1008314,53.437867057332696
1008315,58.679496301209184
1008316,60.820358704788376
1008317,59.43021061072682
1008318,54.75330470223872
1008319,48.52285848230452
1008320,44.89054858934742
1008321,43.87424926599197
1008322,42.42845925233282
1008323,41.765582200451774
1008324,42.85778585588847
1008325,44.92507098742658
1008326,42.37479234616779
1008327,28.41874270138328
1008328,11.077030252327994
1008329,2.4024012455714874
1008330,0.3903011676106738
1008441,35.48603807609339
1008442,45.31348802623292
1008443,49.43967866124575
1008444,51.233710725421375
1008445,50.871823775277505
1008446,47.2773333060676
1008447,41.039707210262826
1008448,35.99299423379418
1008449,34.181573582471756
1008450,33.85737480238525
1008451,34.28113330475395
1008452,34.253988413605185
1008453,33.529903609370976
1008454,30.180737963186473
1008455,19.603988839909942
1008456,7.462588341494188
1008457,1.6620411292113177
1008458,0.2991697183599752
1008569,32.55608120930691
1008570,41.90844348017189
1008571,45.68860872255203
1008572,46.73836681124927
1008573,46.38470653815854
1008574,43.996768865587505
1008575,37.5605948377867
1008576,32.657870678984814
1008577,30.797752649729343
1008578,30.26576610722143
1008579,30.17843538140088
1008580,28.8649204884432
1008581,27.31529791954252
1008582,24.227547643978617
1008583,15.673457860943325
1008584,6.127854349410054
1008585,1.3749796853000706
1008586,0.28294837922311367
1008697,29.549716251930384
1008698,38.57558991947564
1008699,41.817184369501916
1008700,42.3603037312456
1008701,42.05228360077923
1008702,39.87096858265069
1008703,33.894647191681756
1008704,29.424826691753854
1008705,28.532056439811605
1008706,27.423982752623296
1008707,25.987984582585245
1008708,24.534997655735182
1008709,22.889536903302186
1008710,20.061117770763744
1008711,13.028614326503531
1008712,5.0843381305733155
1008713,1.2468791177256406
1008714,0.21198547788409303
1008825,26.920792447197677
1008826,34.698549784008044
1008827,36.83939863134571
1008828,36.47967504571268
1008829,35.70443609857518
1008830,33.69322666028597
1008831,29.115712112863335
1008832,25.753183846590197
1008833,24.88826648591489
1008834,23.499820166773148
1008835,21.21312468901885
1008836,19.715187378993903
1008837,18.362912849601685
1008838,16.156233583689072
1008839,10.604120501067989
1008840,4.305640642394853
1008841,1.0821677444306075
1008842,0.19892074954517067
1008953,24.184378537246307
1008954,30.35001497782278
1008955,31.510996713347495
1008956,30.20306461742693
1008957,29.16179843425759
1008958,27.39617953640129
1008959,23.949447351044967
1008960,21.571353578560373
1008961,21.215928969501682
1008962,19.78016423147781
1008963,17.264257016566788
1008964,15.890127884990383
1008965,15.212100582603803
1008966,13.666149878257443
1008967,9.35431058690748
1008968,3.898661767562807
1008969,1.0560959777805778
1008970,0.20170978561193595
1022777,17.07848906427633
1022778,19.440379095880246
1022779,20.191058708129955
1022780,22.238134656924416
1022781,21.939608095201088
1022782,20.826224661866345
1022783,21.606402722447655
1022784,20.586631381447916
1022785,17.576830839476056
1022786,18.217966792099084
1022787,18.49719861987358
1022788,13.67297357633578
1022789,10.386609457759471
1022790,10.391941844916776
1022791,9.113696718379627
1022792,4.967810143276418
1022793,1.5679486917218457
1022794,0.3787561284257848
1022905,18.505204172280262
1022906,20.890703670756118
1022907,21.286002680372484
1022908,23.29861231101004
1022909,23.25830983301828
1022910,22.109300459907995
1022911,23.09413122519061
1022912,22.49919216312131
1022913,19.807563137825145
1022914,20.06151936293433
1022915,20.086606876474054
1022916,15.64591459840825
1022917,12.167156673726696
1022918,11.536986222338257
1022919,9.604391117777991
1022920,5.044725859529797
1022921,1.613645839438321
1022922,0.37418414316433546
1023033,21.88790697773518
1023034,24.56247868880597
1023035,24.18244035052208
1023036,25.486886612187075
1023037,25.020048412620547
1023038,24.002063857659852
1023039,24.77247847123472
1023040,24.617996291468224
1023041,22.75982390811015
1023042,22.7666120670206
1023043,22.146559407233248
1023044,18.369238197634527
1023045,14.672695569965178
1023046,13.079982328480337
1023047,10.201048348466744
1023048,5.01086503817084
1023049,1.5409849743322659
1023050,0.3572417395204939
1023161,28.697649643484294
1023162,32.49440861953871
1023163,31.52902578822161
1023164,30.989515854742613
1023165,29.764313822478083
1023166,28.675334439431126
1023167,29.68673017436813
1023168,29.804106389022486
1023169,28.0870579226999
1023170,27.3383547606409
1023171,26.428363243352297
1023172,22.65529321679823
1023173,19.07436412599051
1023174,15.710551973286714
1023175,11.254088142532101
1023176,5.366492616237593
1023177,1.5275123855163553
1023178,0.4381584299362729
1023289,35.734982400243545
1023290,41.0378592539994
1023291,40.58781941469811
1023292,39.821282892885385
1023293,39.625969509838576
1023294,39.87326023293543
1023295,41.088496384539276
1023296,40.75703964183741
1023297,38.71987336699687
1023298,37.78413104881435
1023299,36.39919387580577
1023300,31.705749120591193
1023301,26.19151942348759
1023302,20.6219551149559
1023303,13.774644390948074
1023304,6.030769668207637
1023305,1.635022340630586
1023306,0.38217146313779576
1023417,41.62719171540096
1023418,49.07523128577254
1023419,50.06308655159737
1023420,49.60206495638095
1023421,49.69263115485561
1023422,51.4453837525453
1023423,52.67306788762283
1023424,52.125021247762426
1023425,50.08309810375772
1023426,49.718737097735
1023427,48.94776227106105
1023428,43.22073630778152
1023429,36.33676922761861
1023430,28.770661648553535
1023431,18.90006663847373
1023432,8.203862997777915
1023433,2.063209863980568
1023434,0.5294132100803188
1023545,49.33802591210833
1023546,60.3292031673964
1023547,62.49944675494973
1023548,60.63713942859402
1023549,59.820482691442216
1023550,60.941026893450356
1023551,61.46704676753539
1023552,61.57891481182072
1023553,61.28691809646414
1023554,62.27956545619677
1023555,61.51557059786522
1023556,54.61012409629514
1023557,46.68250584642355
1023558,39.34454130868486
1023559,26.602325821751787
1023560,11.300137550591145
1023561,2.653125088538836
1023562,0.5004292418720998
1023673,57.860919764200425
1023674,70.06186423295608
1023675,71.99291730187468
1023676,70.30038157097863
1023677,70.00578404807152
1023678,70.09928964211757
1023679,70.19014859135683
1023680,70.00482675577254
1023681,70.1011229042851
1023682,70.94984780612052
1023683,70.43892442776392
1023684,64.25646628951387
1023685,57.14885702766709
1023686,48.409448302658525
1023687,32.64681007909448
1023688,13.42467002998318
1023689,3.210568653718741
1023690,0.5060596578941605
1023801,61.360595179592806
1023802,71.85570658705122
1023803,72.670540366245
1023804,72.24193588011245
1023805,72.05830626406525
1023806,72.66389144019539
1023807,72.66765742953771
1023808,72.67824393297045
1023809,72.10448694356933
1023810,72.4221942803975
1023811,72.59815286190721
1023812,70.00113603113135
1023813,66.28318600235066
1023814,58.509191320202284
1023815,39.61037406599807
1023816,16.228233465558137
1023817,3.8371131827819203
1023818,0.7417728301373042
1023929,62.61377710038921
1023930,72.14929392059942
1023931,72.67885766220671
1023932,72.50800694109562
1023933,71.97314349577363
1023934,72.13488330543323
1023935,72.12857604282355
1023936,72.58197352391434
1023937,72.31858896855265
1023938,72.62959526031179
1023939,72.67905339472942
1023940,71.09366181902892
1023941,69.99847357948073
1023942,64.25916823176857
1023943,44.5102483266664
1023944,18.00565163751901
1023945,4.133556280979681
1023946,0.7086452610099548
1024057,60.23618112103639
1024058,69.99900901769419
1024059,70.6160775117133
1024060,70.01403671402915
1024061,70.00852420156012
1024062,70.00846835969288
1024063,70.17380562557804
1024064,70.36700248718849
1024065,70.00147962452962
1024066,70.50229073573337
1024067,70.00221313260698
1024068,67.38712636090486
1024069,64.92257605586245
1024070,58.91626896029442
1024071,40.40705803466203
1024072,16.423129608376218
1024073,3.5744872831959267
1024074,0.5972342991739875
1024185,55.6438422673493
1024186,66.47767039552038
1024187,68.78197319082126
1024188,68.84190593674298
1024189,68.51716256227772
1024190,68.75125254141619
1024191,68.76023861615211
1024192,68.84893251600934
1024193,68.64283809787838
1024194,67.64303819055958
1024195,65.59797715679595
1024196,62.682918698236705
1024197,60.943543525670115
1024198,56.446577562260835
1024199,39.074191473412434
1024200,15.574852431936508
1024201,3.62263082695251
1024202,0.6873589687628596
1024313,53.034509445025854
1024314,65.9940817844406
1024315,70.00884748284561
1024316,70.15823595281873
1024317,70.00288018239142
1024318,70.36625096350188
1024319,70.00596060881895
1024320,70.25202598404344
1024321,70.00256007513653
1024322,66.81167597779194
1024323,62.57369929384626
1024324,59.95983333078511
1024325,60.3777909938017
1024326,57.49263072990695
1024327,40.038883097348275
1024328,15.955408004740228
1024329,3.655366459860995
1024330,0.5640210395217551
1024441,49.493405112947414
1024442,64.26777825195741
1024443,70.00018004921829
1024444,71.23520589946916
1024445,70.72403089139762
1024446,70.17768924051904
1024447,70.08120153559948
1024448,70.45092742442317
1024449,70.00069260024522
1024450,65.14418868266529
1024451,59.172986848083305
1024452,57.58335159744932
1024453,59.75145955010803
1024454,57.605295164463215
1024455,40.373612906752456
1024456,15.85035040409657
1024457,3.560702756005765
1024458,0.6321021502702674
1024569,42.59855154424097
1024570,55.79397428174411
1024571,62.50574405539094
1024572,64.7047382710125
1024573,63.34192795948566
1024574,60.85871847069693
1024575,58.8914674723395
1024576,58.230146703878766
1024577,56.96972697541413
1024578,52.72199679069075
1024579,48.06665974470983
1024580,46.121149580689405
1024581,47.536850649620455
1024582,45.885090022385235
1024583,32.23480414371626
1024584,12.890209406535368
1024585,2.987090187140743
1024586,0.3945256053394986
1024697,35.518190309824476
1024698,46.96057754773397
1024699,52.68563491873164
1024700,54.673515128836215
1024701,53.90608313708044
1024702,51.31650783930313
1024703,47.70553957510263
1024704,45.13481481812094
1024705,42.97272115601255
1024706,40.47643559888593
1024707,37.877266241787
1024708,35.147330297017064
1024709,33.933942867496974
1024710,31.501993746069104
1024711,21.734638203092743
1024712,8.919600227809024
1024713,2.130652854161445
1024714,0.3246567708903432
1024825,32.034927503996734
1024826,41.48758864005672
1024827,46.2936946963116
1024828,48.00450645781479
1024829,47.82327710590642
1024830,45.84645713823735
1024831,41.4346057305941
1024832,37.42146039613197
1024833,34.43797544493944
1024834,33.03041175097597
1024835,32.216777693374
1024836,28.943036201480727
1024837,26.208292690064745
1024838,22.235885263463377
1024839,14.485270618140515
1024840,5.908015620060664
1024841,1.457418136388639
1024842,0.28826406539573896
1024953,29.96102641975046
1024954,38.60391610285111
1024955,42.36892420560678
1024956,43.68721179316414
1024957,44.10126784417818
1024958,42.266978598253836
1024959,37.22666072014133
1024960,32.46174981339117
1024961,29.471220298185603
1024962,28.34341581395595
1024963,27.367141422745192
1024964,23.60815290482395
1024965,19.97165856698976
1024966,16.810188120557456
1024967,11.014948706772556
1024968,4.471206984347722
1024969,1.1708270621407288
1024970,0.2200815355964038
1025081,27.084433207033534
1025082,35.10677925387482
1025083,38.482615580389805
1025084,39.72664868433176
1025085,39.98745360569194
1025086,38.12710347786488
1025087,32.85536979901042
1025088,27.980373684706176
1025089,25.337595273197767
1025090,24.12124485815429
1025091,22.71184476189592
1025092,18.761596949245774
1025093,15.297534103541848
1025094,13.154653833334203
1025095,8.951041311506273
1025096,3.7669103839840203
1025097,1.0718263007793485
1025098,0.2065945404573789
1025209,23.086814446855072
1025210,29.81177073341958
1025211,32.54433598826726
1025212,33.177693308794694
1025213,33.14892357175807
1025214,31.438802515420402
1025215,26.663434975617086
1025216,22.351727276949333
1025217,20.458256909347817
1025218,19.21625051951406
1025219,17.518823249467875
1025220,14.515717167765535
1025221,12.033737095456896
1025222,10.448388918915123
1025223,7.528562071006963
1025224,3.5256082372536324
1025225,0.9538425608171479
1025226,0.21859080341999867
1025337,19.04957500975388
1025338,23.56967392188777
1025339,24.68056501114243
1025340,24.461377009667515
1025341,23.96065378798698
1025342,22.512795139834903
1025343,19.081298460486735
1025344,16.135340343476425
1025345,14.58190617683926
1025346,13.455247584129355
1025347,12.024484233239596
1025348,10.743736862318476
1025349,9.538857075613322
1025350,8.498268642495487
1025351,6.445410425040062
1025352,3.219805872183918
1025353,0.9499511459123513
1025354,0.2473532441530067
1039161,14.367288004576263
1039162,16.41285737406011
1039163,17.245048846394745
1039164,18.34658157821226
1039165,18.894764979213676
1039166,18.816912098056928
1039167,19.28480846603008
1039168,18.91572616992359
1039169,17.61385914142533
1039170,17.65941087666121
1039171,17.222107706590716
1039172,15.534822864834359
1039173,13.730374049497136
1039174,12.346212081586183
1039175,9.674800329825267
1039176,4.992926473716385
1039177,1.617390724907017
1039178,0.3953246386989285
1039289,18.26776698002366
1039290,20.72709286829753
1039291,20.99419682797713
1039292,21.58124272853697
1039293,21.518623691358986
1039294,21.46677691636367
1039295,22.170156980443856
1039296,22.15011885666585
1039297,21.38126000463282
1039298,20.998043344400465
1039299,20.26430939383591
1039300,18.291015079280214
1039301,15.882785103196374
1039302,13.748962295728914
1039303,10.245122798340867
1039304,4.852464285088468
1039305,1.4837301177175188
1039306,0.3830596669391526
1039417,25.62772456993337
1039418,29.730163426035148
1039419,29.205386190760514
1039420,27.619925606382424
1039421,26.710228534337215
1039422,26.340741801767713
1039423,27.1818963662783
1039424,27.31692053784533
1039425,26.326800116303428
1039426,25.637571747593825
1039427,24.082496554657812
1039428,21.435705771451754
1039429,18.601564544134707
1039430,15.62471096307934
1039431,10.979465166124111
1039432,5.186816490343276
1039433,1.5255296102418543
1039434,0.30692026179251564
1039545,33.39652098337464
1039546,39.113715195323444
1039547,38.87806338491702
1039548,37.56706702361936
1039549,36.76786723592151
1039550,37.2124997038332
1039551,37.94843100001696
1039552,37.38655456016355
1039553,35.82915188111071
1039554,34.999705522601715
1039555,33.487328176952445
1039556,28.93471919817536
1039557,24.10874848094096
1039558,19.336837251314634
1039559,12.85186599486616
1039560,5.610456764194914
1039561,1.6745140711195856
1039562,0.3728480653973756
1039673,38.89035434032569
1039674,45.857742696314716
1039675,46.63511525885356
1039676,46.37904782828717
1039677,46.795863303724
1039678,48.098175984664465
1039679,49.05312203689005
1039680,48.52357997468207
1039681,46.785017941301774
1039682,46.05445415373768
1039683,44.28250808124713
1039684,38.6777039928247
1039685,32.57253960489634
1039686,25.815617182891465
1039687,16.685600559852226
1039688,7.231928075268687
1039689,2.031579713557543
1039690,0.3696778680309168
1039801,42.408650442373556
1039802,50.63677467423381
1039803,52.10255564125908
1039804,51.98221036692282
1039805,52.00199367284836
1039806,53.500694864575166
1039807,54.80895156137015
1039808,54.92922997652086
1039809,53.99491070452287
1039810,53.54823943408352
1039811,51.56099082353657
1039812,45.46508006186298
1039813,39.88120024574177
1039814,33.805456075471916
1039815,23.235052504684592
1039816,10.05599508915476
1039817,2.713410004096045
1039818,0.5822818703624729
1039929,49.94297623572726
1039930,60.658815845111285
1039931,62.76884935816163
1039932,62.10738233631028
1039933,61.3847249013695
1039934,62.150394131241754
1039935,62.803395971261104
1039936,63.245218022946396
1039937,62.94008364100743
1039938,63.3671802699167
1039939,60.98454958906548
1039940,53.50004482196792
1039941,46.4242332073369
1039942,39.11232307345695
1039943,26.899923466696436
1039944,11.449961551089448
1039945,2.8613474882426284
1039946,0.5771057134691844
1040057,57.52115468874155
1040058,70.00233225262167
1040059,72.33537444781942
1040060,70.66272730210939
1040061,70.00371058904865
1040062,70.36133566621614
1040063,70.35044272969401
1040064,70.0116028718869
1040065,70.0100017269497
1040066,71.16638727563115
1040067,69.9994180840191
1040068,61.67837855919144
1040069,52.37726562527116
1040070,43.36598804486911
1040071,29.201496438064336
1040072,12.482372180090426
1040073,3.0173375798636086
1040074,0.5808141340442523
1040185,60.54853482278751
1040186,71.22726179731418
1040187,72.52797363957967
1040188,72.6725693523643
1040189,72.28325832784826
1040190,72.21599140087068
1040191,72.61278449486576
1040192,72.52843612527789
1040193,71.53345218224148
1040194,72.6724885842096
1040195,72.14222412856493
1040196,64.8114177858782
1040197,57.051808449723104
1040198,48.145118772756234
1040199,32.77251228089289
1040200,13.746768440884313
1040201,3.2967679833301853
1040202,0.5319766683728477
1040313,60.99146545045624
1040314,70.00185463600586
1040315,70.34573239735343
1040316,71.10210512479233
1040317,69.99656509567049
1040318,69.07337165308807
1040319,69.99983316602483
1040320,70.57898658777553
1040321,70.00561005241984
1040322,71.06990291967139
1040323,69.99895247244771
1040324,62.60102525242989
1040325,55.93928061059777
1040326,50.13073279889475
1040327,35.33219002812496
1040328,14.615210132375994
1040329,3.512455761349368
1040330,0.6328937479969552
1040441,57.58396749639146
1040442,65.38154017392166
1040443,65.53965549429013
1040444,66.44562112722353
1040445,65.56577489891704
1040446,63.974002320804054
1040447,63.895976241435136
1040448,64.62431290487369
1040449,64.92900036534738
1040450,65.9521899435347
1040451,64.58306282613678
1040452,58.0220459916941
1040453,52.38320849839326
1040454,46.70446358146209
1040455,32.38040234349644
1040456,13.30752335480396
1040457,3.0855404801427704
1040458,0.5534980273673358
1040569,49.461325660088946
1040570,58.605465827009716
1040571,61.43284950587393
1040572,62.699190540808104
1040573,61.347222444245
1040574,59.507516215068435
1040575,58.41320813695085
1040576,58.6729198899337
1040577,58.96559984608043
1040578,58.10563526382008
1040579,55.50528445932014
1040580,50.38963640564928
1040581,47.33678917041682
1040582,43.89268439183441
1040583,30.954826691418894
1040584,12.944493319978767
1040585,3.0281555159437583
1040586,0.5874588511460253
1040697,42.31516165659154
1040698,54.235226297431836
1040699,59.57892517586734
1040700,61.22483108180891
1040701,60.563829612372
1040702,59.194244886727816
1040703,58.36892939465732
1040704,58.08443241034107
1040705,56.898711352893415
1040706,52.67890591376888
1040707,47.01502623541515
1040708,42.83866396286446
1040709,42.06113818676069
1040710,40.364958374937856
1040711,29.14857637170144
1040712,12.03606699692593
1040713,2.6719215729454278
1040714,0.5758438424351957
1040825,37.026304138822475
1040826,48.54261136184627
1040827,54.422632468559144
1040828,56.38704531492704
1040829,56.41128235830059
1040830,56.327538121466176
1040831,56.51047096315977
1040832,56.5291117229078
1040833,54.53031899685624
1040834,49.5839073429545
1040835,43.9911920894337
1040836,39.680301783480914
1040837,37.987682753295694
1040838,35.190882751678146
1040839,24.490796940824303
1040840,10.119053440325574
1040841,2.2923273661117864
1040842,0.4253496614940474
1040953,31.31901815371901
1040954,41.33041151322124
1040955,47.154585970002266
1040956,49.04095525907022
1040957,48.16431190157667
1040958,46.93141178552599
1040959,46.85321945305543
1040960,46.500368952847815
1040961,44.557257649529355
1040962,40.77517764514647
1040963,36.7851820159619
1040964,32.81683451840746
1040965,30.050029490280558
1040966,27.08624487417615
1040967,18.820646993676544
1040968,7.865160387010244
1040969,1.9470490838934347
1040970,0.40423302840863734
1041081,26.73701734577173
1041082,35.41010623397102
1041083,40.313397899774735
1041084,42.11340089024359
1041085,41.08958500972199
1041086,40.012815794540785
1041087,39.229931758055045
1041088,38.12050395845509
1041089,35.719964965152705
1041090,32.78822843432112
1041091,30.007270052939734
1041092,26.6362680039673
1041093,24.497523827893424
1041094,22.210075458003477
1041095,15.679568882679517
1041096,6.72937900042382
1041097,1.638820552028983
1041098,0.2985521932290292
1041209,23.73941212770232
1041210,30.73368982468711
1041211,34.70289330209671
1041212,36.17227153565885
1041213,36.031212271019555
1041214,34.97244935760067
1041215,33.562252780703986
1041216,31.373066373175043
1041217,28.39137001803961
1041218,26.549686248400153
1041219,25.16856050071714
1041220,23.088042471787812
1041221,20.939113222320543
1041222,18.070948852906113
1041223,12.29522386015785
1041224,5.289263067719446
1041225,1.3304442040949893
1041226,0.266856417924068
1041337,21.762500683497546
1041338,27.150467140283283
1041339,29.709672297471474
1041340,30.948067849782745
1041341,31.256369291344672
1041342,30.84310526978285
1041343,28.30091335574683
1041344,24.937960677821867
1041345,21.180771208804337
1041346,20.43451527492204
1041347,21.373401278364963
1041348,20.21290877548694
1041349,17.724002680886837
1041350,14.195102151509252
1041351,8.779878640697754
1041352,3.596923016145242
1041353,0.983165856205456
1041354,0.2251304343220563
1041465,20.07873382125613
1041466,24.852426158488676
1041467,26.624874438699543
1041468,27.859981378529476
1041469,28.355189883765625
1041470,27.599660264878633
1041471,24.53427943067744
1041472,20.142021356501257
1041473,16.553081404165432
1041474,16.37432693317732
1041475,17.681549817727966
1041476,16.402813527011794
1041477,14.06034402841448
1041478,11.533608462977693
1041479,7.332109719979997
1041480,3.0143038787005807
1041481,0.8469319285672071
1041482,0.1578091277601548
1041593,17.49431643410114
1041594,21.503219910156336
1041595,23.413308540319324
1041596,24.614679059732993
1041597,25.17837744899101
1041598,23.981535588801616
1041599,20.34212889651
1041600,16.056196460687005
1041601,12.687518484130129
1041602,12.327258435451428
1041603,13.357138519114697
1041604,12.858537453364136
1041605,11.379699194706099
1041606,9.959654781276562
1041607,6.6929167010731065
1041608,2.968764660208372
1041609,0.8374379795824142
1041610,0.17431092212191374
1041721,14.531124053649163
1041722,17.93609542139185
1041723,18.998539244928303
1041724,19.989289169356546
1041725,20.39027282742462
1041726,19.283592125402777
1041727,15.748383775167389
1041728,12.016456366359401
1041729,9.269386106068943
1041730,8.689217940984033
1041731,9.614583784745337
1041732,10.036495683720455
1041733,9.723323377109027
1041734,8.918259682439084
1041735,6.33482576906662
1041736,2.8219880257010366
1041737,0.7843453123101257
1041738,0.21134131291868707
1055545,14.180627968767393
1055546,17.514786732023932
1055547,18.66089494065286
1055548,18.76595037006282
1055549,19.266014788244142
1055550,20.362266958232784
1055551,20.816872983830596
1055552,21.117478211383176
1055553,21.1726627323062
1055554,19.02875042649875
1055555,16.672346966852878
1055556,15.879574388981284
1055557,14.893565313930747
1055558,12.775800927425191
1055559,9.153468507308647
1055560,4.420483508603791
1055561,1.4592926720803723
1055562,0.2929102374222482
1055673,20.163419774535427
1055674,25.00052504965243
1055675,25.8166608071165
1055676,23.743409589574608
1055677,23.3357848866931
1055678,24.493219000032017
1055679,24.571497191349508
1055680,24.410879430334546
1055681,24.007391889560644
1055682,21.812733007169985
1055683,18.844392090847474
1055684,17.038528797631383
1055685,15.56246883237476
1055686,13.354252605063788
1055687,9.345947988430003
1055688,4.380759983981163
1055689,1.3799932037583298
1055690,0.2642093476744464
1055801,27.25948990009538
1055802,33.41316529409395
1055803,34.320051847311895
1055804,31.671246745947784
1055805,31.180917678513712
1055806,33.0768480044498
1055807,32.9918808756016
1055808,32.43163204570028
1055809,31.530994254685055
1055810,29.46313500927057
1055811,26.183759138005374
1055812,22.58422144516034
1055813,19.458552063549423
1055814,15.727754973719367
1055815,10.040387356012346
1055816,4.499484962760788
1055817,1.3456258790469418
1055818,0.372744419604802
1055929,32.33319788222041
1055930,39.545518655573666
1055931,41.164549464764605
1055932,39.88312287974365
1055933,40.273229707125154
1055934,42.793607372263814
1055935,43.084361101832954
1055936,42.35056150223921
1055937,41.354467665933655
1055938,39.567204832302636
1055939,36.45904339225336
1055940,31.474740475595873
1055941,26.10394076825096
1055942,20.18265124486673
1055943,12.731447778849262
1055944,5.458877442635274
1055945,1.6437108337492705
1055946,0.3460724505642724
1056057,35.4691906952395
1056058,43.10675911257471
1056059,44.79123898607526
1056060,44.01888761277
1056061,44.388684589192536
1056062,46.43334312719712
1056063,47.175639941581274
1056064,47.03233808562755
1056065,47.045580580762795
1056066,46.00201930441056
1056067,42.839635585004075
1056068,37.24490421757262
1056069,32.01095374181711
1056070,26.28521770966393
1056071,17.72080646385544
1056072,7.7814514125295995
1056073,2.1536336439699846
1056074,0.4850122590991613
1056185,39.45289299266808
1056186,47.59694079542974
1056187,48.757381218000376
1056188,48.11264756681861
1056189,47.81181031022616
1056190,49.00421371881823
1056191,49.373195779493955
1056192,49.92312647626372
1056193,50.541083696370904
1056194,50.50018232327925
1056195,46.99769014653767
1056196,40.90001253797597
1056197,35.71147387246551
1056198,29.93437781105556
1056199,20.803876409167
1056200,9.328423464475378
1056201,2.4732922733591183
1056202,0.5911671187100882
1056313,46.26323484623286
1056314,55.520650628748946
1056315,57.022072319539426
1056316,56.589134757145246
1056317,55.95912171589336
1056318,56.04594011618164
1056319,56.28647420010413
1056320,56.85012350153991
1056321,57.57031537497667
1056322,57.24350641712942
1056323,53.99081398324431
1056324,45.933956792301636
1056325,38.85719734898015
1056326,32.09856265379406
1056327,22.28095893546448
1056328,9.810936492127384
1056329,2.7125845827046096
1056330,0.5279308809140792
1056441,49.699309977002194
1056442,59.92891685463003
1056443,61.383500720054705
1056444,60.38771050111954
1056445,59.821604428929476
1056446,60.2355750004114
1056447,60.554629878576925
1056448,60.847872432959214
1056449,60.85786712649488
1056450,61.66739851606075
1056451,59.83507285571754
1056452,51.52953542140384
1056453,42.908632241000234
1056454,35.73158817876404
1056455,23.993707721550123
1056456,10.22471047240569
1056457,2.6257360169926165
1056458,0.594700690851612
1056569,49.05245333585768
1056570,57.71613765219977
1056571,58.49915616387052
1056572,57.43531664251698
1056573,56.99689196989643
1056574,57.75643636573922
1056575,58.761725676932635
1056576,59.19829077418118
1056577,58.276645550786114
1056578,60.08026044418732
1056579,59.949324450116286
1056580,52.04262249390574
1056581,44.07220094220722
1056582,37.76952942007509
1056583,26.324019123022055
1056584,11.338406696982767
1056585,2.9434128513920577
1056586,0.5160100169139447
1056697,48.59069035175752
1056698,55.430242570532
1056699,55.414355059379254
1056700,55.34078342483734
1056701,53.649799292088034
1056702,52.18647134130019
1056703,53.42348928368067
1056704,54.740464488630266
1056705,54.39383513223019
1056706,56.15104313896356
1056707,55.82012063765329
1056708,47.86048755411086
1056709,41.24061065722561
1056710,37.51262990737061
1056711,27.349796313180345
1056712,12.048084986052197
1056713,2.9334921534415863
1056714,0.4342995500474749
1056825,45.593725442173785
1056826,50.823829479193314
1056827,50.87073541015214
1056828,51.2466704815795
1056829,49.31988211832851
1056830,46.62923551277719
1056831,46.53063041450714
1056832,47.51726520848695
1056833,48.407755490755605
1056834,49.543094263266156
1056835,48.648733950203905
1056836,43.23972058664303
1056837,38.64094038379008
1056838,35.26438161199678
1056839,25.596632041201072
1056840,10.880842355247806
1056841,2.725175464673357
1056842,0.44853406386072797
1056953,38.003011218914665
1056954,44.4155779777699
1056955,46.148810246178826
1056956,47.39588950813218
1056957,45.74392703236181
1056958,42.75267443992314
1056959,41.88465983439172
1056960,42.39095439545361
1056961,42.38130399053072
1056962,41.64121526382279
1056963,39.474420949304864
1056964,36.47983491557849
1056965,35.12579079541549
1056966,33.75425368604444
1056967,24.644615614597637
1056968,10.579856166631869
1056969,2.5586393645047587
1056970,0.4716569282370503
1057081,29.948480866420393
1057082,37.46575661107448
1057083,40.960709977866074
1057084,42.55995371782845
1057085,41.59720617845951
1057086,40.140316590302135
1057087,39.609009895169436
1057088,38.76066534670344
1057089,36.33993741759058
1057090,34.567774009395514
1057091,32.72774734882564
1057092,29.93329613779842
1057093,28.846173659255136
1057094,27.598300214833465
1057095,19.884309434394453
1057096,8.401235262359384
1057097,2.105507666227244
1057098,0.45223399077846826
1057209,24.881348817093592
1057210,31.323741746439264
1057211,34.988789690362765
1057212,36.8189293570815
1057213,37.27689191618858
1057214,37.74424775342742
1057215,38.96569319919509
1057216,37.773385683380766
1057217,33.92217365397964
1057218,32.335065568064294
1057219,31.987433111543055
1057220,28.600471050119214
1057221,24.92726456566299
1057222,21.329204236255713
1057223,14.69043252153252
1057224,6.268866507744377
1057225,1.5342711417211565
1057226,0.2576446006903411
1057337,22.358447022792863
1057338,28.70157461893927
1057339,32.69184590688342
1057340,34.670746952724464
1057341,34.43208783627967
1057342,33.85007005636892
1057343,34.82315274210278
1057344,34.0877684288686
1057345,31.099351957649343
1057346,29.506098942963117
1057347,29.092404348789298
1057348,25.955231976684857
1057349,22.10881015154577
1057350,18.624280734845037
1057351,13.030168311263187
1057352,5.555315888600716
1057353,1.4504530572913736
1057354,0.2567571826758345
1057465,19.892842438643758
1057466,26.378341572128253
1057467,30.75048745794641
1057468,33.06437115097216
1057469,32.382780645142724
1057470,30.776013734082028
1057471,31.344365331668595
1057472,30.765983685282063
1057473,28.19634539949672
1057474,26.536984662537108
1057475,25.476946254793216
1057476,22.555477084494015
1057477,19.58461015022513
1057478,17.366758110487748
1057479,12.447395461644316
1057480,5.4405979974171945
1057481,1.3978615085495472
1057482,0.3115002542913562
1057593,18.54266563895002
1057594,24.60951697113835
1057595,28.609449671751943
1057596,30.554120928428446
1057597,29.831250736480424
1057598,28.84321154039851
1057599,28.822242594074147
1057600,28.053220980849854
1057601,25.395637945674142
1057602,23.39372823184317
1057603,22.49603035802905
1057604,20.180451042093104
1057605,17.86927944617469
1057606,15.844004723705643
1057607,11.296001762762403
1057608,5.161857781823313
1057609,1.403704486510912
1057610,0.239945176279581
1057721,18.021902615635597
1057722,22.765903390282517
1057723,25.51619830014588
1057724,27.026770894678357
1057725,26.847611065602084
1057726,26.465584054203116
1057727,25.932538168588973
1057728,24.286402463921274
1057729,21.0264436745194
1057730,19.813693832960084
1057731,20.367701593567666
1057732,19.358850648009035
1057733,17.161529266105177
1057734,13.813525137026303
1057735,8.985501479720451
1057736,3.8496515837727907
1057737,1.0663454152114349
1057738,0.2606689193987511
1057849,17.698473485436473
1057850,21.787623818010957
1057851,23.77895954709994
1057852,25.067263032194862
1057853,25.241004768415223
1057854,24.782601354713645
1057855,23.41725311762535
1057856,20.53208971263459
1057857,16.957675933323895
1057858,16.673731482613533
1057859,18.46228017538503
1057860,18.055933602575255
1057861,15.364009295791831
1057862,11.248056366487553
1057863,6.495682510736205
1057864,2.4331491315069833
1057865,0.7035506779255564
1057866,0.1628464711846529
1057977,17.13834725731139
1057978,20.614110005612442
1057979,22.207398142855766
1057980,23.56683479249734
1057981,24.05036062297491
1057982,23.479200363939515
1057983,20.97809469684135
1057984,17.340139819237756
1057985,13.712808120274843
1057986,13.853047499449492
1057987,15.769356418689688
1057988,15.028682749715465
1057989,12.383070236479504
1057990,9.30354413944961
1057991,5.301739146623485
1057992,2.049907824104705
1057993,0.6027768839749942
1057994,0.12269074737217746
1058105,15.197869727489774
1058106,18.42971306330466
1058107,19.86449749396435
1058108,21.486748773192566
1058109,21.98169441676596
1058110,21.12915861023586
1058111,18.002109480779293
1058112,14.128576126990357
1058113,10.903940889822628
1058114,10.910221163319152
1058115,12.432433282205974
1058116,12.005337783656733
1058117,10.428184425212875
1058118,8.352870556900717
1058119,5.056707144142242
1058120,1.987150573151514
1058121,0.5055120999298567
1058122,0.1436110913307624
1071929,17.240252373612844
1071930,22.030465824203997
1071931,23.2159324172602
1071932,21.290953613881808
1071933,21.26228965083627
1071934,22.970122087836565
1071935,23.084251953698367
1071936,22.765521056386433
1071937,21.984175909558473
1071938,19.05274329364288
1071939,15.234327717416939
1071940,12.021804565810712
1071941,10.0974079602423
1071942,8.223565898215515
1071943,5.358715977027979
1071944,2.4288705854068904
1071945,0.7401475858714579
1071946,0.17750478249106943
1072057,22.874470895209296
1072058,28.865531081158547
1072059,29.858627956311693
1072060,27.03913100485256
1072061,26.946856824029066
1072062,28.670757343084734
1072063,28.86407578744515
1072064,28.23963017185848
1072065,27.159298550469238
1072066,24.481404906583283
1072067,20.590738297811008
1072068,16.31524448517885
1072069,13.002305464858107
1072070,9.614079302936254
1072071,5.553048848505606
1072072,2.4214418027575944
1072073,0.7436530747568655
1072074,0.2773259261001416
1072185,27.914228411768118
1072186,34.067824093110545
1072187,35.25411862330081
1072188,34.0813974328956
1072189,34.663313151695036
1072190,36.87051785339798
1072191,37.41916506955971
1072192,36.56516204750406
1072193,35.656902377764595
1072194,33.588929004805706
1072195,30.239330363930023
1072196,24.77219639085747
1072197,19.319513052722144
1072198,13.615499666732092
1072199,7.812134171171316
1072200,3.2734934321245284
1072201,0.9960554669551821
1072202,0.19774272188022582
1072313,30.11649019926832
1072314,36.28560452778438
1072315,37.652132394841566
1072316,37.05525011937577
1072317,37.67910422971491
1072318,39.49295752239149
1072319,39.8078699931861
1072320,39.93071768950553
1072321,39.71587535104653
1072322,38.80644872076849
1072323,35.661508517449356
1072324,30.514713601839667
1072325,25.210425037607326
1072326,19.528997355477426
1072327,12.764866594554514
1072328,5.708328206333222
1072329,1.6613962676266831
1072330,0.43927488006704785
1072441,31.278551284438684
1072442,37.46111559399865
1072443,38.00721338770541
1072444,36.7400122690133
1072445,37.19107277341319
1072446,38.53454334439459
1072447,39.11897045062143
1072448,39.60816238712505
1072449,40.545426766208045
1072450,40.08953683169084
1072451,37.41662090288563
1072452,32.81924300757054
1072453,28.482187777808925
1072454,24.092441930054342
1072455,16.869824385004232
1072456,7.731352994477047
1072457,2.249108207327468
1072458,0.5421652564901334
1072569,32.979938141948914
1072570,39.60285323281916
1072571,39.926042129401395
1072572,38.93367391374837
1072573,38.71702875012021
1072574,39.533173798171404
1072575,39.99470227784306
1072576,40.76367964760232
1072577,41.95788852450109
1072578,41.628377535005995
1072579,38.95164295103771
1072580,34.817216108817206
1072581,30.998247465235256
1072582,26.577841033028232
1072583,18.967251220996197
1072584,8.65579155486619
1072585,2.436483289382753
1072586,0.5810623087521263
1072697,36.002733360366165
1072698,42.9872839730067
1072699,43.96220165216652
1072700,43.27522653903956
1072701,42.949801594219394
1072702,43.00436335959748
1072703,43.3576495028881
1072704,44.2165108164256
1072705,45.32963418964602
1072706,45.45656616921912
1072707,42.865790816379096
1072708,38.45133207994167
1072709,34.384952651762106
1072710,29.326921831926285
1072711,20.411515091985155
1072712,9.156385525951324
1072713,2.6070207563816807
1072714,0.5363538785008858
1072825,35.08979533473742
1072826,41.399345301451156
1072827,42.132587721131735
1072828,41.49539298469786
1072829,41.63484857294158
1072830,41.782013718907365
1072831,42.414342512286495
1072832,43.22937668207106
1072833,44.06209479781153
1072834,44.74216912939597
1072835,43.79428753033572
1072836,40.02081144191184
1072837,36.42675866854853
1072838,31.857467006910195
1072839,22.01764243493222
1072840,9.677552305559214
1072841,2.631153139498473
1072842,0.5344037152430914
1072953,31.58262463310771
1072954,36.51433088884678
1072955,36.3811218502236
1072956,34.8348278578381
1072957,34.50161918202724
1072958,35.44249578974317
1072959,36.56965155476742
1072960,37.78057171305416
1072961,38.36787793227629
1072962,40.00054125403015
1072963,41.03214858731167
1072964,38.270703667972576
1072965,35.38900536775126
1072966,32.936466876575686
1072967,23.95408303016316
1072968,10.603873811159133
1072969,2.847512433211816
1072970,0.5157537800852946
1073081,30.535331297018683
1073082,35.50138571154966
1073083,34.85679449346228
1073084,32.50976583485577
1073085,30.778938659955802
1073086,30.005791843020855
1073087,30.791968847076728
1073088,32.297094057326525
1073089,33.96956972840423
1073090,36.23914648243819
1073091,37.15613057896641
1073092,33.75665530273759
1073093,31.491323109373972
1073094,31.455994880487648
1073095,24.289647877031044
1073096,10.764709249356576
1073097,2.7849039290729793
1073098,0.5455458234017303
1073209,30.452914811600163
1073210,34.61914319274044
1073211,34.61552318345432
1073212,33.685628794794106
1073213,31.477303569116703
1073214,29.380305211193797
1073215,29.193317375668347
1073216,30.431894221227285
1073217,31.679417106959253
1073218,32.3650033633673
1073219,31.05804106859073
1073220,28.483359701196385
1073221,27.15410099540253
1073222,26.84630501794598
1073223,20.141987058437497
1073224,8.962522340159051
1073225,2.3675985149937913
1073226,0.41420434826534114
1073337,26.81947254000041
1073338,30.84491362384304
1073339,32.0633257276688
1073340,32.26724104391591
1073341,30.6193796303525
1073342,28.4683774536373
1073343,27.88676273366118
1073344,27.942746741456382
1073345,27.943976554927097
1073346,27.075305676865884
1073347,25.789465529560452
1073348,24.202224964665763
1073349,23.97898496838966
1073350,23.583041158938673
1073351,17.59262173210479
1073352,7.602748178120847
1073353,1.8894250354738482
1073354,0.4277992350489377
1073465,21.00606818283775
1073466,25.234934811844603
1073467,26.931764661210977
1073468,27.55814618869587
1073469,26.73426367764899
1073470,25.671462876088235
1073471,25.595976267224813
1073472,24.508707935591715
1073473,22.26863362950664
1073474,22.020272354038116
1073475,23.017482329274713
1073476,21.61667953814909
1073477,20.041674141888056
1073478,17.778017640876033
1073479,12.736988379316145
1073480,5.582378062651943
1073481,1.3973187172910584
1073482,0.30690371995312804
1073593,19.12923786298812
1073594,23.560915803287195
1073595,25.892015378968896
1073596,27.081583841762733
1073597,27.152236536351076
1073598,27.630041164022632
1073599,28.77377373141818
1073600,27.543992449422205
1073601,23.59778343913371
1073602,23.374358492524408
1073603,25.273695090416908
1073604,23.45934587229172
1073605,19.858431212903604
1073606,16.022095875877522
1073607,10.8126670499856
1073608,4.689735112753768
1073609,1.2447005640332636
1073610,0.3137156034171168
1073721,18.896717367737374
1073722,23.529758513883426
1073723,26.44102595002216
1073724,28.16998381294083
1073725,28.084876454473793
1073726,28.262343347940515
1073727,29.304400737931143
1073728,28.291321569681923
1073729,24.54083589097499
1073730,24.11626936972522
1073731,25.472652811549963
1073732,23.18196489627791
1073733,19.48311062506059
1073734,16.080617850616168
1073735,10.786040329293556
1073736,4.665879938246644
1073737,1.2313049164014747
1073738,0.23400299717472645
1073849,17.33677065573271
1073850,22.430443267436445
1073851,26.055317282738976
1073852,28.482823710189283
1073853,28.28155252113338
1073854,27.565182091977096
1073855,28.44063582626201
1073856,27.63363426155366
1073857,24.481833163678747
1073858,23.567154463388242
1073859,24.065937338947947
1073860,21.516182399545396
1073861,17.99996748385129
1073862,15.446510566745767
1073863,10.85574206594845
1073864,4.888186818635936
1073865,1.3365251612235136
1073866,0.24438351759002258
1073977,16.597656236183983
1073978,22.150712712920136
1073979,26.31984700125633
1073980,28.436574275274186
1073981,27.9416596286628
1073982,26.90068870276385
1073983,27.178294510571146
1073984,26.63557443021155
1073985,24.09177768647133
1073986,22.512381019213
1073987,21.749450169153356
1073988,18.92446426111595
1073989,15.711522032565579
1073990,13.915033350794252
1073991,10.414517904109477
1073992,4.868347308932025
1073993,1.4239939733862992
1073994,0.279595370443879
1074105,16.414732314910562
1074106,21.329447448271956
1074107,25.120490431407603
1074108,27.000619769011195
1074109,26.38804587142806
1074110,25.802916989833257
1074111,25.94390972146037
1074112,25.16441152670975
1074113,22.224406954888874
1074114,20.551290774914055
1074115,20.05333013315134
1074116,17.68158261358334
1074117,14.744545895733777
1074118,12.690030532724343
1074119,9.25807230567387
1074120,4.376455798345518
1074121,1.2930041490550435
1074122,0.2682229638347162
1074233,16.68293201727538
1074234,20.92131554657569
1074235,23.846488223665744
1074236,25.557382928554638
1074237,25.23672157599686
1074238,24.800390386809184
1074239,24.39346004264225
1074240,22.890768076385243
1074241,19.590303747999297
1074242,18.592405350576136
1074243,19.53912677099632
1074244,18.04406413638976
1074245,14.777204850963924
1074246,10.954940836185559
1074247,6.938582020062103
1074248,3.016920775222134
1074249,0.8707845770278527
1074250,0.17578475147402686
1074361,17.002966931815784
1074362,20.975051141778977
1074363,23.550371036256955
1074364,24.92193500510116
1074365,24.712493626597404
1074366,24.039546086495246
1074367,22.960087539714284
1074368,20.421110520942364
1074369,17.26586164434984
1074370,17.05998249711474
1074371,18.93976034281931
1074372,17.63763533609786
1074373,13.767788204051326
1074374,9.230749670652706
1074375,4.703046236854824
1074376,1.7549431334417744
1074377,0.514724870977053
1074378,0.17016782921291748
1074489,16.660241945768234
1074490,20.309065810982727
1074491,22.068636714085038
1074492,23.644700924855492
1074493,23.782792107909913
1074494,22.950147918289133
1074495,20.9481176747415
1074496,17.775775782856304
1074497,14.783544084721404
1074498,15.073720026896147
1074499,17.16556359831659
1074500,15.484687741963313
1074501,11.501379352143712
1074502,7.735206818697233
1074503,3.9426690089272105
1074504,1.3460615796886344
1074505,0.26838080595536085
1074506,0.1115615843427851
1088313,18.198316043708427
1088314,22.764972182711862
1088315,23.056317785875386
1088316,20.636952830474037
1088317,20.614095526715804
1088318,22.649820506757717
1088319,23.031266437260552
1088320,22.35139834793931
1088321,20.864791493469138
1088322,18.136438628394135
1088323,15.140607011814897
1088324,11.709888574348119
1088325,8.764449116768793
1088326,6.202351641575254
1088327,3.121849832410056
1088328,1.2250921934533108
1088329,0.4666104570434201
1088330,0.17316160325455549
1088441,23.620063870014427
1088442,28.189640968557658
1088443,28.30073503367301
1088444,27.288347454312117
1088445,28.077806914135692
1088446,30.13916436225553
1088447,30.852213376632093
1088448,29.903967143234585
1088449,28.53687956777111
1088450,27.007978479539716
1088451,24.582034260949595
1088452,20.12776756219271
1088453,15.019557020247412
1088454,10.107315265081217
1088455,5.407171978769239
1088456,2.0245833967748013
1088457,0.6091847781144657
1088458,0.23395932595618793
1088569,25.920269513090286
1088570,30.402388302838585
1088571,30.586593892009486
1088572,30.328492607279713
1088573,31.130591102987466
1088574,32.866482066390674
1088575,33.425349234566916
1088576,33.36552902561938
1088577,32.768028029073285
1088578,32.305793579822854
1088579,30.712396920480238
1088580,26.11364108665143
1088581,21.278545496832784
1088582,15.925321608016674
1088583,10.31606321901674
1088584,4.738457185666757
1088585,1.4379514222701246
1088586,0.31098453863735365
1088697,26.053165338139365
1088698,30.712327166941815
1088699,30.412238230348258
1088700,29.85266186077342
1088701,30.326712581517754
1088702,31.821123582413463
1088703,32.3130323887375
1088704,32.918532523391434
1088705,33.324356978543044
1088706,33.356702333038065
1088707,31.80276946504705
1088708,28.644386644424227
1088709,25.45541701840946
1088710,21.710362713338156
1088711,15.426951487427088
1088712,7.336352407921579
1088713,2.0372233221891745
1088714,0.4572948251380444
1088825,26.140880349913175
1088826,30.679842893488473
1088827,30.64787492349069
1088828,29.709367585717136
1088829,29.767186203556243
1088830,30.707247590078314
1088831,31.315784205400142
1088832,32.2276237860989
1088833,33.1171509303221
1088834,32.91619133284822
1088835,31.656459146973265
1088836,29.376692780671156
1088837,27.82510943102853
1088838,24.840250114242693
1088839,17.910407153173423
1088840,8.413592197342728
1088841,2.4824831426222964
1088842,0.5191794672245774
1088953,27.239442891336477
1088954,31.83640342185589
1088955,32.1493736116484
1088956,31.50307516350086
1088957,31.28602553992424
1088958,31.566772234316012
1088959,32.38162073051703
1088960,33.48841800498776
1088961,34.52611399641888
1088962,34.51601355152401
1088963,33.174983314821695
1088964,31.495035459472113
1088965,30.079982151687354
1088966,26.773841487059066
1088967,19.34514908860031
1088968,8.86571558805517
1088969,2.5371434150798446
1088970,0.5969266622570821
1089081,28.321093138283857
1089082,33.61112714999758
1089083,34.04661487236657
1089084,33.75512295228502
1089085,32.93686077180867
1089086,32.59542028079394
1089087,33.420586493073834
1089088,34.83659846227103
1089089,36.535822956972375
1089090,36.94199825760235
1089091,35.36283997427362
1089092,33.29883350410592
1089093,31.797088647341845
1089094,28.75436700858255
1089095,20.578725368997056
1089096,9.356793039126442
1089097,2.4999791772942404
1089098,0.5846857506708216
1089209,27.113941059974003
1089210,30.924507667298172
1089211,30.832699521837995
1089212,30.212296078480765
1089213,30.099417653654427
1089214,30.39397778072262
1089215,31.20312307042946
1089216,32.89975158673773
1089217,34.198561766101385
1089218,35.04737578926937
1089219,34.80861650466864
1089220,33.00483448726118
1089221,31.900629920821057
1089222,29.40607856087713
1089223,21.18112897534464
1089224,9.631072320061122
1089225,2.737842329128025
1089226,0.543698356652276
1089337,23.07951965608874
1089338,25.48675675860793
1089339,24.47171985015219
1089340,22.936614708342837
1089341,23.013277840040573
1089342,24.18287438051137
1089343,25.243196034239794
1089344,26.244578811677265
1089345,27.759697814008685
1089346,28.767680602092284
1089347,29.603771774377872
1089348,29.461984171023005
1089349,30.244311806744623
1089350,29.626259765467445
1089351,22.585962931921493
1089352,10.350527821805088
1089353,2.7710598120115155
1089354,0.5678666314952188
1089465,20.17250510180207
1089466,23.914314029985633
1089467,23.523901742299728
1089468,20.883016667430347
1089469,19.260707499522663
1089470,19.315448291939024
1089471,19.878544412870735
1089472,21.169480584976757
1089473,23.161681011196954
1089474,24.242444434954145
1089475,24.22976681068843
1089476,23.485860369583886
1089477,24.80635914308042
1089478,27.131572193262933
1089479,21.801843132774874
1089480,10.234278364767547
1089481,2.6535421271963524
1089482,0.46288929056579586
1089593,18.41132820891679
1089594,22.893937548665203
1089595,23.344930199706713
1089596,21.446541818922437
1089597,19.204091406145306
1089598,17.879904136317315
1089599,17.299994385166315
1089600,18.22265612755999
1089601,19.955241767782944
1089602,20.33476165505597
1089603,18.68953498548285
1089604,17.27396628763924
1089605,17.451963296717867
1089606,18.530795064010782
1089607,14.86063465459875
1089608,6.783866273234084
1089609,1.748345158621096
1089610,0.35055770667653785
1089721,17.042054182769967
1089722,20.01807937869471
1089723,20.361076986944955
1089724,19.854572536384104
1089725,18.24582759026319
1089726,16.53611091661748
1089727,15.28946673007644
1089728,15.159727499639144
1089729,15.517844968758379
1089730,16.1090001503168
1089731,16.164979858668417
1089732,14.241559187406985
1089733,12.674247846166343
1089734,11.520966488073801
1089735,8.519756699466813
1089736,3.943649138593668
1089737,0.9172585127254003
1089738,0.3021900078821356
1089849,15.480537170433589
1089850,18.64821659114121
1089851,19.248684577152552
1089852,19.028511943758033
1089853,18.03743504623872
1089854,17.111082981781703
1089855,16.26565655058965
1089856,15.225454150348542
1089857,14.473960865726013
1089858,15.518838854009315
1089859,16.82019993705693
1089860,15.900872850031988
1089861,13.974710106213704
1089862,11.242477004563975
1089863,7.610293185769845
1089864,3.30033808599826
1089865,0.9586411913920931
1089866,0.20589180675887525
1089977,15.717937619645628
1089978,19.35642630658153
1089979,20.87406330328374
1089980,21.049094438074604
1089981,20.868074257786354
1089982,21.28067405583988
1089983,21.663027139288914
1089984,20.533144481586298
1089985,18.228030370090192
1089986,18.711124757049266
1089987,20.413397867475222
1089988,19.800761414572104
1089989,17.439300723883065
1089990,13.840595738137615
1089991,9.293545057255736
1089992,4.080528895072884
1089993,1.1280756402860534
1089994,0.2265535628017887
1090105,15.342535044528054
1090106,19.649754849187286
1090107,22.018592901055456
1090108,22.701694658581438
1090109,22.39584223283672
1090110,22.764368797697824
1090111,23.264038017741026
1090112,21.91319450146358
1090113,19.25699197037678
1090114,19.16620458472505
1090115,21.006557459035534
1090116,20.058758091296973
1090117,17.556629109726924
1090118,14.597544899840294
1090119,9.95883291539654
1090120,4.4030532239860865
1090121,1.1679506061228702
1090122,0.2635175539261837
1090233,13.847395784418527
1090234,18.321514157214075
1090235,21.30225525440729
1090236,23.03159126000386
1090237,23.20702282629933
1090238,23.417536048137887
1090239,24.163508514125546
1090240,22.98275051382723
1090241,20.324327588634816
1090242,19.833119774041165
1090243,21.001402656381746
1090244,19.555313911877352
1090245,17.049677013593726
1090246,14.71225377210852
1090247,10.205653984214647
1090248,4.534628052037451
1090249,1.314378489043783
1090250,0.2742058041350726
1090361,13.448858817550807
1090362,18.306661284741068
1090363,21.852034951027836
1090364,23.939610291567902
1090365,24.042880900569966
1090366,23.9611431722358
1090367,24.227341453235656
1090368,23.17274104283817
1090369,20.62235843731116
1090370,19.729708791932122
1090371,19.95932225416384
1090372,17.90460981933047
1090373,15.308817296185369
1090374,13.582500014906019
1090375,9.87422530430359
1090376,4.707653675305268
1090377,1.2902966574402155
1090378,0.34217427012641055
1090489,13.727654412654804
1090490,18.42957929516079
1090491,21.884236523785283
1090492,23.641249069770765
1090493,23.6838729573242
1090494,23.368056027771274
1090495,23.585785989325313
1090496,22.567258591321544
1090497,19.952088441576365
1090498,18.477371681404996
1090499,17.994579116798114
1090500,15.725782972898072
1090501,13.245602284943464
1090502,12.013382818650738
1090503,9.368402737364349
1090504,4.606470257953096
1090505,1.3906855071466468
1090506,0.29716637768266074
1090617,13.925461718034887
1090618,18.11157803886755
1090619,21.226671317350416
1090620,22.679537210021817
1090621,22.636836126085637
1090622,22.75927345439945
1090623,23.263902917397413
1090624,22.1528438928485
1090625,18.914504007187475
1090626,17.24370453946582
1090627,17.243240262381423
1090628,15.36258191680641
1090629,12.64531488694213
1090630,10.895060057328564
1090631,8.31570965074715
1090632,4.057240593785141
1090633,1.1770685653098152
1090634,0.31132011652275815
1090745,14.469483297719162
1090746,18.640146876709395
1090747,21.841007402323665
1090748,23.35502975539523
1090749,23.099117424767538
1090750,22.815270397841374
1090751,22.550451709160594
1090752,21.081235822285084
1090753,17.800005598771204
1090754,16.480366630110392
1090755,17.237051636729095
1090756,15.885744595222494
1090757,12.540701126549042
1090758,8.940944202964413
1090759,5.560345889886116
1090760,2.503334611651212
1090761,0.7964163174593426
1090762,0.16301271465454914
1090873,15.435653772862482
1090874,19.622675757700694
1090875,22.32660816751901
1090876,23.690530560046447
1090877,23.359641208702
1090878,22.6858284497353
1090879,21.769317508837773
1090880,19.723852517222024
1090881,16.682924167853475
1090882,16.169849229912028
1090883,17.670772013751275
1090884,16.094428615664853
1090885,11.941190749632371
1090886,7.4726908626887925
1090887,3.6038861165185145
1090888,1.2360139398712875
1090889,0.4466265243559895
1090890,0.15051650178936032
1104697,21.183634961361992
1104698,25.051548116847027
1104699,24.444681985758823
1104700,23.493612755572613
1104701,24.104598457653523
1104702,25.786548757613318
1104703,26.207606225582087
1104704,25.38487547838401
1104705,24.031830030370216
1104706,23.005663050768206
1104707,21.235777831490694
1104708,17.305002805311272
1104709,12.941934209000884
1104710,8.387836668599336
1104711,4.244762233594554
1104712,1.7201679909047414
1104713,0.5883006809984315
1104714,0.20937836239445892
1104825,24.0060040772021
1104826,27.7290653594549
1104827,27.287406769306788
1104828,27.24738344140266
1104829,28.084075326116984
1104830,29.420512167562944
1104831,30.025317666483218
1104832,29.973992137412655
1104833,28.93941388550795
1104834,28.88459038332376
1104835,27.69711105011944
1104836,23.72398616711125
1104837,19.30880918041207
1104838,14.235597024591208
1104839,8.915622723566997
1104840,4.098865223438449
1104841,1.295794371505292
1104842,0.26864323981525107
1104953,23.912430551378954
1104954,27.735295168202274
1104955,27.24527139412386
1104956,26.97427221508029
1104957,27.36079494806127
1104958,28.44515357702382
1104959,29.07295193261914
1104960,29.49628244149072
1104961,29.98496923159497
1104962,29.94750100606047
1104963,29.019672963640065
1104964,26.16700730467024
1104965,23.82820092624984
1104966,20.523744308478207
1104967,14.614840378752882
1104968,7.041321599780522
1104969,2.0927911904936654
1104970,0.4174259280519186
1105081,22.822580906513668
1105082,26.67229152792171
1105083,26.56451263228753
1105084,25.951753242696693
1105085,25.97854418268765
1105086,26.637833709071348
1105087,27.31268987734682
1105088,28.01571326531548
1105089,28.819065762654795
1105090,29.059889834401694
1105091,27.764245911669082
1105092,26.504968449045656
1105093,25.667917751480292
1105094,23.53341153205232
1105095,17.395914366696932
1105096,8.495809965507311
1105097,2.5742875907212257
1105098,0.5230707016063241
1105209,22.209421658501263
1105210,26.16024037247966
1105211,26.24763755940673
1105212,25.996055315608828
1105213,25.587809240841374
1105214,25.46772598012371
1105215,26.495324609993865
1105216,27.46384122407694
1105217,28.684990807690202
1105218,28.51381092770847
1105219,27.694040469836114
1105220,27.21991619483148
1105221,27.20398543375006
1105222,25.030292796843227
1105223,18.393657399798265
1105224,8.762172799776247
1105225,2.6678456538576447
1105226,0.6055413272853533
1105337,23.43744280681531
1105338,27.5161776428455
1105339,27.737319992469114
1105340,27.221484665694696
1105341,26.639610368453948
1105342,26.518243566159793
1105343,27.51026355809816
1105344,29.05092822761476
1105345,30.51166515199404
1105346,30.488204905132953
1105347,29.948084501117467
1105348,29.29915902121322
1105349,28.81729428889181
1105350,26.440220766515456
1105351,19.303349875860746
1105352,8.973238864928875
1105353,2.659029610616088
1105354,0.46811951002081426
1105465,25.111419798912884
1105466,28.88399615812124
1105467,28.637212588549925
1105468,27.671782959370717
1105469,26.685895034059698
1105470,26.667197990470488
1105471,27.58636567878428
1105472,29.740915930759808
1105473,31.646587174378354
1105474,32.30421868620623
1105475,31.762161951112308
1105476,30.011168877815585
1105477,28.673334948533938
1105478,26.682842088436896
1105479,19.729728736775428
1105480,9.166901429137475
1105481,2.571960032714573
1105482,0.5033741373876351
1105593,24.098883417067714
1105594,26.62825603350183
1105595,25.800623628419725
1105596,24.599155880975385
1105597,24.38526172095398
1105598,24.937028634114334
1105599,25.594329189757072
1105600,26.908230311326857
1105601,28.900336269107104
1105602,29.930732150596075
1105603,29.792942261304873
1105604,29.007204985864693
1105605,28.393966707312895
1105606,26.829515981996416
1105607,19.871519136497227
1105608,9.175864472001212
1105609,2.6903710286619344
1105610,0.538182609686655
1105721,19.14202357923653
1105722,20.886159913727596
1105723,19.595320198589587
1105724,18.5573181103
1105725,18.90930547209118
1105726,20.04003432417563
1105727,20.534485974128305
1105728,21.31394996868935
1105729,22.634186061778173
1105730,22.529802290487538
1105731,22.423898912255133
1105732,22.96687804470615
1105733,25.380115358575168
1105734,26.34832877298245
1105735,20.633564576829038
1105736,9.862575128714251
1105737,2.736152840065491
1105738,0.5103192082573721
1105835,9.984725160123343e-06
1105836,0.001391322002305453
1105837,5.63985346828734e-05
1105838,0.002815104806044936
1105849,13.238285223912094
1105850,15.962066717323285
1105851,16.08741396255027
1105852,15.03300677270882
1105853,14.004772705317075
1105854,14.168457795535797
1105855,14.678298100334215
1105856,15.926051139405958
1105857,16.784922172353095
1105858,15.766714442752413
1105859,13.614220173972488
1105860,13.897115798192088
1105861,17.407765487552304
1105862,21.37398788555711
1105863,18.490099299153083
1105864,8.87306350546621
1105865,2.516408029390322
1105866,0.44807751697399584
1105963,1.660939428089386e-05
1105964,8.010396684115244e-05
1105965,0.0023318381801289718
1105966,0.007530413121553882
1105967,0.012652298578548597
1105977,9.341245779958498
1105978,12.517623478407954
1105979,12.920834924683152
1105980,11.091953439817557
1105981,9.744612946659343
1105982,9.029406006641716
1105983,8.884013169999255
1105984,9.466672195530832
1105985,10.147893597353287
1105986,10.508327957511757
1105987,10.349381482892273
1105988,9.313114742060726
1105989,9.170053808792836
1105990,9.922452737827445
1105991,8.296643652339402
1105992,4.14535175599818
1105993,1.2194618127530041
1105994,0.26843000266563277
1106091,1.7562796450514317e-05
1106092,3.0100051480691387e-05
1106093,8.352710741106874e-05
1106105,10.279245273310735
1106106,12.708075685830638
1106107,12.648374871235582
1106108,11.226743768371465
1106109,9.816481770027828
1106110,8.728270689902832
1106111,7.708020187318803
1106112,6.938580467089753
1106113,7.635643046577165
1106114,9.478463141117468
1106115,10.481240159209655
1106116,8.631727461389834
1106117,5.88653775157432
1106118,4.242708134337613
1106119,3.0086121757792785
1106120,1.3177042430385935
1106121,0.3892403036433034
1106122,0.12460773823526247
1106233,13.185268106108612
1106234,15.64930899625336
1106235,15.625829249368765
1106236,14.679564550635629
1106237,13.443972298125756
1106238,12.10704220020366
1106239,10.738493606030252
1106240,9.866032197952821
1106241,10.30916583296581
1106242,11.977665015775202
1106243,13.553870806125012
1106244,12.003554449341193
1106245,8.899835978855336
1106246,6.375061721055994
1106247,3.8831445973892977
1106248,1.7009651871564277
1106249,0.5615584972957294
1106250,0.12268989653287898
1106361,14.6612803572794
1106362,17.397614110264815
1106363,18.22010846596294
1106364,17.99932217985374
1106365,17.084905883888926
1106366,16.588250677889746
1106367,16.418405910560804
1106368,15.882774061130595
1106369,15.207617327432631
1106370,16.263207297179683
1106371,17.89717228308894
1106372,17.396175608289244
1106373,15.217962446415143
1106374,11.771190631430713
1106375,7.523672342315632
1106376,3.302389154600087
1106377,0.944310536444735
1106378,0.20946232049807295
1106489,13.9859535654659
1106490,17.657883549596157
1106491,19.483305838745995
1106492,19.39343061261243
1106493,18.5261268470252
1106494,18.24202684396136
1106495,18.459804755850566
1106496,17.557340682471505
1106497,15.632088253506039
1106498,16.159297587583147
1106499,17.840559281221907
1106500,17.65295117546507
1106501,15.976505704494972
1106502,13.33454106200001
1106503,9.058791682823252
1106504,4.120998655205422
1106505,1.1504301748815755
1106506,0.25463199207141607
1106617,11.543233007944908
1106618,15.488677677026121
1106619,18.152681654754645
1106620,18.858358524943515
1106621,18.923598833739625
1106622,19.167588201879685
1106623,19.547698301467413
1106624,18.598337920188285
1106625,16.785887557926028
1106626,16.81326175850416
1106627,18.12703680270552
1106628,17.602544438594744
1106629,16.06445378603267
1106630,13.975425516214575
1106631,9.732137430282862
1106632,4.3353560068031465
1106633,1.2848378878942015
1106634,0.2476074035374207
1106745,10.469239836886796
1106746,15.02735824105325
1106747,18.09005224572717
1106748,20.027591635029875
1106749,20.588002387860094
1106750,21.102620754491603
1106751,21.202230404280744
1106752,20.096510939728415
1106753,17.945967317757816
1106754,17.437120301561222
1106755,17.790815100360323
1106756,16.836119101493004
1106757,15.16439600899574
1106758,13.336844641248716
1106759,9.585774995599346
1106760,4.4264132445278515
1106761,1.3303209275318713
1106762,0.26602346947970834
1106873,10.573910135561926
1106874,15.383193403043391
1106875,18.62660199461147
1106876,20.121972881638694
1106877,20.633168620737635
1106878,20.76202238945115
1106879,20.478925171538517
1106880,19.243716987850767
1106881,17.192513772578327
1106882,16.152174807838183
1106883,15.684445418767798
1106884,14.150126180275484
1106885,12.625769844758556
1106886,11.67356850768633
1106887,9.089363379748193
1106888,4.547491008340896
1106889,1.4062661031631898
1106890,0.3227443069286297
1107001,10.386793955076396
1107002,14.336370666102207
1107003,16.844188437637474
1107004,18.02591374935753
1107005,18.68975919630898
1107006,19.698289490290133
1107007,19.878219971173134
1107008,18.650976650954057
1107009,15.765051214114457
1107010,14.489898969499782
1107011,14.286431390409557
1107012,13.059420885241906
1107013,11.57439316943149
1107014,10.908434226490632
1107015,8.87700075610728
1107016,4.482774451616771
1107017,1.4286061598608324
1107018,0.32276056652300866
1107129,10.589026032246363
1107130,14.435198071923798
1107131,16.89451596523722
1107132,18.07647408977176
1107133,18.785838338763742
1107134,19.667712668594927
1107135,19.969719951920794
1107136,18.591165288999267
1107137,15.202619838130287
1107138,13.71893225811918
1107139,13.702466601010066
1107140,12.674375998421803
1107141,11.126010320782948
1107142,9.620165415101171
1107143,7.389692190597224
1107144,3.868071650035505
1107145,1.2200475411408542
1107146,0.28623283989429976
1107257,11.470365520041273
1107258,15.613124146991918
1107259,18.581653140540343
1107260,19.712405648637645
1107261,19.779074122974748
1107262,19.9375160823783
1107263,19.55541860941381
1107264,17.945829383615546
1107265,14.83366592897501
1107266,13.453560741623999
1107267,13.701707760980002
1107268,12.81151624929096
1107269,10.317600366037283
1107270,7.292452393983976
1107271,4.482099989708764
1107272,2.1183877161469127
1107273,0.6871111598399587
1107274,0.20831086269314936
1121081,22.934280060198272
1121082,26.5629198373125
1121083,25.88594398047558
1121084,25.860109576570693
1121085,26.86420391059728
1121086,27.905533176112083
1121087,28.310801619897536
1121088,28.011239545336142
1121089,27.134713410109356
1121090,27.273904055356684
1121091,26.17098764023073
1121092,22.501198177593533
1121093,17.932239462190044
1121094,13.302376653752352
1121095,8.201954749123255
1121096,3.780516295795129
1121097,1.229730578128024
1121098,0.2660051477308888
1121209,22.216955795882022
1121210,25.522020547058197
1121211,25.489888952984327
1121212,25.522897651869222
1121213,25.792482615338677
1121214,26.16854377343423
1121215,26.749106042662593
1121216,27.25591377017158
1121217,27.63170310168061
1121218,27.71503700378947
1121219,27.006999653963813
1121220,24.494012348531996
1121221,22.431633297300664
1121222,19.459288019040653
1121223,13.992098196860233
1121224,6.760540124818434
1121225,2.140738661348298
1121226,0.45034088348840123
1121337,20.180574916687725
1121338,23.617609026314657
1121339,23.61472122128409
1121340,23.776288154707668
1121341,23.634804331834218
1121342,23.421343840958492
1121343,23.677281369966348
1121344,24.96115350473481
1121345,25.845833432397814
1121346,25.768664229286653
1121347,25.100576247385526
1121348,24.338107038217917
1121349,24.174239944168814
1121350,22.430049181509293
1121351,16.91226214502209
1121352,8.382133309374293
1121353,2.536432282388142
1121354,0.5806502571145482
1121465,19.537858960591947
1121466,22.915007194701406
1121467,23.061761960689708
1121468,22.39803810175498
1121469,22.112874536896935
1121470,21.66077103978507
1121471,22.513265567243426
1121472,23.9754909747047
1121473,24.79037620618633
1121474,24.984288740129493
1121475,24.392391746067336
1121476,24.371380485990397
1121477,25.06909320202242
1121478,23.454340305428243
1121479,17.64826633938256
1121480,8.780064244269528
1121481,2.86973811222643
1121482,0.5375991606127163
1121593,20.409091856411774
1121594,23.503957962394512
1121595,23.645475799133663
1121596,22.806107872284876
1121597,22.33332524901223
1121598,22.708779244394087
1121599,23.74912920019956
1121600,25.30615965327546
1121601,26.56203011219587
1121602,26.870121013478975
1121603,26.264899416344832
1121604,26.106759799293783
1121605,26.2257239981584
1121606,24.02788932797203
1121607,18.36208309798784
1121608,8.963390105553286
1121609,2.6667255361707207
1121610,0.6373206368509784
1121721,21.82990264483225
1121722,24.675868844546095
1121723,24.151413052294544
1121724,22.82902774651436
1121725,22.2758506294113
1121726,22.63576352378959
1121727,24.360350432767127
1121728,26.22929983229937
1121729,27.726659145014313
1121730,28.447216986356718
1121731,28.184996780176455
1121732,27.2947603887459
1121733,26.491049031290775
1121734,24.51167839511579
1121735,18.633306437979172
1121736,9.128478054998258
1121737,2.74968177242199
1121738,0.5973754647463461
1121849,23.087221984397164
1121850,25.99472204965587
1121851,25.31205278657232
1121852,23.778619043766938
1121853,22.958646937713954
1121854,22.784026940878064
1121855,23.80274654706594
1121856,25.516645294938908
1121857,27.955992308957285
1121858,29.26078294026815
1121859,28.559421300576417
1121860,27.277568232283336
1121861,26.22024419752028
1121862,24.941566078625147
1121863,18.987751084090235
1121864,9.020094092257798
1121865,2.809331120496197
1121866,0.5476157639428085
1121977,21.517135790457996
1121978,23.87580878590209
1121979,23.052240621136523
1121980,22.094759877270327
1121981,21.95531370386536
1121982,22.21830984543246
1121983,22.172161117546644
1121984,23.22481523016591
1121985,24.969203348500898
1121986,25.70799578806338
1121987,25.112324768162335
1121988,24.570049371864055
1121989,24.982140190999345
1121990,24.58601748319392
1121991,18.976150874083864
1121992,8.945139231239338
1121993,2.5777974290240966
1121994,0.5743060255903253
1122105,14.87124535142127
1122106,16.86549284735538
1122107,16.3800374910791
1122108,16.024053803207636
1122109,16.202214164079223
1122110,17.147515916948176
1122111,17.34683467487533
1122112,17.808610979447185
1122113,18.292476456234596
1122114,17.104676691070264
1122115,15.421427351982052
1122116,16.217501479309178
1122117,19.418921895525216
1122118,21.632542312360876
1122119,17.826801946951473
1122120,8.896812473731067
1122121,2.5833006240838654
1122122,0.5246192801016593
1122219,1.6590156105438453e-05
1122221,0.003519543968819896
1122222,0.006761830788260731
1122223,0.008572521133943564
1122224,0.003626819476700327
1122225,0.02703925520880557
1122226,0.03188846625021303
1122233,7.288506856231475
1122234,8.838793451781566
1122235,9.196343305638786
1122236,8.788337019267178
1122237,8.64081964914624
1122238,8.862615499132483
1122239,9.635145228013714
1122240,10.301126902322167
1122241,10.142719192308412
1122242,8.604493420252027
1122243,6.695674860177023
1122244,7.133826316378158
1122245,10.379598438925981
1122246,14.193409155640637
1122247,12.77146368788652
1122248,6.391684109521218
1122249,1.903840071885495
1122250,0.39842392215933314
1122347,1.0273558709183712e-05
1122348,0.00260599700175275
1122349,0.00011009586007037025
1122350,0.0029347214672863714
1122351,0.009588504517899936
1122352,0.022559371932327318
1122353,0.014028040734449392
1122354,0.03810084536112988
1122355,0.026173625018560263
1122361,3.841756814694103
1122362,5.131447366436372
1122363,5.211010331054362
1122364,4.47028215319798
1122365,3.6306763368330555
1122366,3.6925647449583106
1122367,3.825072256718726
1122368,4.1024047602579925
1122369,4.11373888137853
1122370,4.355677574970738
1122371,4.446033512921476
1122372,3.900056089555683
1122373,3.852175255571012
1122374,4.349782932006892
1122375,3.771470943981287
1122376,1.991943628605452
1122377,0.6946398514639268
1122378,0.19188065312151806
1122475,3.939007668377672e-06
1122477,0.0024850161996913538
1122479,0.006593399983524375
1122480,0.015570907059947847
1122481,0.015410056631816818
1122482,0.019299946030026653
1122489,5.6141259942092585
1122490,7.793715025839783
1122491,7.691257425041856
1122492,5.8098408041769956
1122493,4.805333217711569
1122494,4.3155611875774085
1122495,3.4925703228493954
1122496,3.1408228582606745
1122497,3.4938299676825246
1122498,5.238270840778084
1122499,6.822001372431441
1122500,5.404531548513363
1122501,2.921196059864532
1122502,1.6568367425839836
1122503,0.9269317547998122
1122504,0.4671527070769377
1122505,0.17645486812358724
1122506,0.03706901309936928
1122617,10.78142413141294
1122618,12.862010229390453
1122619,12.668835195201785
1122620,11.24164028591916
1122621,9.932024591673905
1122622,9.06071294134445
1122623,7.597485181050658
1122624,6.6568611657372445
1122625,7.1329780343026625
1122626,9.247103969233715
1122627,10.830472255069465
1122628,9.177725655486347
1122629,5.808571875994679
1122630,3.2817731337993017
1122631,1.7754484286528567
1122632,0.773274265521926
1122633,0.250198592776825
1122634,0.11134112494222834
1122745,13.686339824456715
1122746,15.898421964602573
1122747,16.245137049689873
1122748,15.621935402157174
1122749,14.41663245728976
1122750,13.334902997841812
1122751,12.634529678135006
1122752,12.277318271503555
1122753,12.551887494929371
1122754,14.189792019439059
1122755,15.752445543698103
1122756,14.68673795916111
1122757,11.667413271565287
1122758,8.194268178986228
1122759,4.969952967958031
1122760,2.1489831764577856
1122761,0.6351123220951718
1122762,0.115968758389729
1122873,13.979930522352966
1122874,16.675444243989226
1122875,17.764870922197556
1122876,17.389320512211736
1122877,15.776380604903212
1122878,14.344029721616316
1122879,14.076058903972687
1122880,13.840959881224068
1122881,13.14436327633332
1122882,14.289092268431485
1122883,15.894124822020977
1122884,15.747220021901438
1122885,14.099305853819676
1122886,11.371668783876974
1122887,7.812374680924154
1122888,3.4775472847983973
1122889,1.0486492737331128
1122890,0.22121617603365992
1123001,11.33400386658194
1123002,14.850910406111762
1123003,16.472797246667426
1123004,16.722972862093165
1123005,15.903808488657349
1123006,15.43281135706925
1123007,15.55976862934835
1123008,15.046401191303
1123009,14.267485496504685
1123010,15.217463502387682
1123011,16.839602694784315
1123012,16.72181779969107
1123013,15.40782985172274
1123014,13.21798062544209
1123015,9.186789550502903
1123016,4.156705057402397
1123017,1.1306699889571985
1123018,0.2684756040161032
1123129,9.725601499259566
1123130,13.593739637875505
1123131,16.435117193668024
1123132,17.789512211617087
1123133,18.14330228634346
1123134,18.145451285833413
1123135,18.29169760607715
1123136,17.426020365212285
1123137,15.963909466513197
1123138,16.1319322278478
1123139,17.26893338056488
1123140,16.778044449503415
1123141,15.332989508214139
1123142,13.436114918018314
1123143,9.430281734625764
1123144,4.3922111264653685
1123145,1.2679636760918436
1123146,0.2837043301069738
1123257,9.574487770904618
1123258,14.04046558410336
1123259,17.435739209796346
1123260,19.124476467792615
1123261,19.540294248330124
1123262,19.583351818077958
1123263,19.173461296910975
1123264,18.00439341796842
1123265,16.281049345948073
1123266,15.367250075081179
1123267,15.335827261235568
1123268,14.160860372935291
1123269,12.755686019466339
1123270,11.519337657355814
1123271,8.648928908331563
1123272,4.231560110980463
1123273,1.3431930086626778
1123274,0.2873953947800829
1123385,9.16368895517914
1123386,13.142494902787071
1123387,15.73504084323298
1123388,16.871852140438083
1123389,17.609984616489648
1123390,18.614747561524197
1123391,18.32975203309414
1123392,16.980298146500214
1123393,14.756053039073585
1123394,13.686224009774222
1123395,13.410560839016545
1123396,12.339333080612612
1123397,11.047013975056712
1123398,10.449456653400322
1123399,8.615824499221954
1123400,4.493430182725488
1123401,1.4123661562904701
1123402,0.3189145698413623
1123513,8.80669927048446
1123514,12.114361837693359
1123515,14.045771970820315
1123516,15.01111690854752
1123517,16.157662404383757
1123518,17.63865040461744
1123519,18.09045221531724
1123520,16.524919877142057
1123521,13.534519786426692
1123522,12.290302310597195
1123523,12.308941991186845
1123524,11.483223752822996
1123525,10.506676094652521
1123526,10.131275708167177
1123527,8.384248117202516
1123528,4.436419223423583
1123529,1.4234090533803947
1123530,0.3331337817384437
1123641,8.726133657492213
1123642,12.082880422777542
1123643,14.166882434582607
1123644,15.184177991317737
1123645,16.354404856191636
1123646,17.68336094792784
1123647,17.86033778847278
1123648,16.074499430127485
1123649,12.82267062690719
1123650,11.227802542907407
1123651,11.518025960785753
1123652,11.136907404244875
1123653,9.922604836405144
1123654,8.646560755870905
1123655,6.827385238322092
1123656,3.5332006197560326
1123657,1.2006432172834305
1123658,0.282098677027864
1137465,19.745192833847664
1137466,22.91273897045419
1137467,23.05184108839154
1137468,23.674011690066404
1137469,23.781979810734235
1137470,23.72332654334784
1137471,23.835499246854415
1137472,24.576788539750424
1137473,24.713023721210735
1137474,25.043686168466
1137475,24.231556449395967
1137476,22.774275592525665
1137477,20.90773169390889
1137478,18.397817328305962
1137479,12.946255150251774
1137480,6.435765469475408
1137481,2.192765030761006
1137482,0.5194102812085722
1137593,18.15265766711151
1137594,21.07301671650403
1137595,21.30345311503077
1137596,21.601916302637303
1137597,21.137536482745936
1137598,20.599253998652785
1137599,20.90345757238245
1137600,22.219517908064788
1137601,23.238470652145306
1137602,23.262537251930098
1137603,22.86888514726607
1137604,22.471157068945075
1137605,22.609115399350646
1137606,21.099760491213928
1137607,15.99108146738202
1137608,8.306826814943783
1137609,2.702566713356454
1137610,0.6097535687236108
1137721,17.80621766087912
1137722,20.6023076855815
1137723,20.409837129085837
1137724,19.86279996797375
1137725,19.350044940334033
1137726,19.511215226548817
1137727,20.036014727226707
1137728,21.329917082297992
1137729,22.658893741715158
1137730,22.590787578392046
1137731,22.32501111900886
1137732,22.568303140443764
1137733,23.42025685917071
1137734,22.23997029935857
1137735,16.95182023218067
1137736,8.638653615994192
1137737,2.917246252212382
1137738,0.7227600339783713
1137849,18.184603361590575
1137850,20.759232330177557
1137851,20.357863309226847
1137852,19.383279837641826
1137853,18.928171712949545
1137854,19.526445661322384
1137855,20.538357217319916
1137856,22.10689965328061
1137857,23.313593948870267
1137858,23.640681046828867
1137859,23.456926768040166
1137860,23.57623409760755
1137861,24.05393645282983
1137862,22.559842714109916
1137863,17.424787636621467
1137864,9.067785914290607
1137865,2.847066482570844
1137866,0.6606082814574991
1137977,19.75304021011991
1137978,22.158281701451195
1137979,21.4352728416521
1137980,19.989321667494018
1137981,19.704328943792277
1137982,20.556638000366377
1137983,22.225320425798557
1137984,23.82133586800552
1137985,25.395315738150497
1137986,25.917499146834366
1137987,25.689081399077523
1137988,25.215642872901515
1137989,24.403374924515358
1137990,22.509212464534897
1137991,17.430818304070502
1137992,8.910421655535501
1137993,2.9162499161834896
1137994,0.5548982993895137
1138105,20.29522858112553
1138106,22.65360141220234
1138107,21.691505856217667
1138108,20.06864646235682
1138109,19.407982160371546
1138110,19.790941636721634
1138111,21.22587458783258
1138112,23.220118836314125
1138113,25.081591324848283
1138114,26.111383791657644
1138115,25.967778493017054
1138116,25.074044931116845
1138117,24.736207476306667
1138118,23.402690947078327
1138119,18.080238804712348
1138120,8.898136241537673
1138121,2.9044041226793826
1138122,0.5969204606837315
1138233,20.971663049985686
1138234,23.814709694340984
1138235,23.02702769977203
1138236,21.90214131050434
1138237,20.74513909348817
1138238,20.351248475959316
1138239,20.405883060117507
1138240,21.93848432797934
1138241,24.66081821603605
1138242,25.63041085633556
1138243,24.744529872454784
1138244,23.620996676115357
1138245,23.791621671031344
1138246,23.37233625188872
1138247,18.241339469001062
1138248,9.004770217186731
1138249,2.6612167742188193
1138250,0.5631317199292957
1138361,18.038111633948127
1138362,20.86451002402746
1138363,20.45568984705613
1138364,20.009569647536377
1138365,19.822694061411752
1138366,19.68099556019174
1138367,19.205693976959747
1138368,19.679979631757284
1138369,21.25206387399086
1138370,20.74973962354652
1138371,19.155616153909868
1138372,18.577896510431113
1138373,19.879982033231766
1138374,20.458955492959014
1138375,16.360319539943198
1138376,8.063067103545647
1138377,2.3430689296134437
1138378,0.43186463981118933
1138489,9.934164080019404
1138490,11.527991277042688
1138491,11.499551742363783
1138492,11.54861806836923
1138493,12.035536355898927
1138494,12.82484276000338
1138495,13.085683303081929
1138496,13.277454937014364
1138497,12.707159065800377
1138498,11.25614496445004
1138499,9.711381708547554
1138500,10.299898936343487
1138501,13.086127022253034
1138502,15.09779830669055
1138503,13.002596438986176
1138504,6.456188561374054
1138505,1.8951111099669256
1138506,0.33281014323643837
1138611,0.05922217168994349
1138612,0.06153673663548604
1138613,0.14038472363405882
1138614,0.3152374372227077
1138615,0.8755614096556611
1138617,3.1451262932864887
1138618,3.7052206952546616
1138619,3.7656163145057606
1138620,3.7702453726026426
1138621,4.050619235898695
1138622,4.548012636938011
1138623,5.420975174197174
1138624,5.706378563035295
1138625,4.8956642267073365
1138626,3.8192643711915073
1138627,2.9341841950775844
1138628,3.3638690531283406
1138629,5.388996808119711
1138630,7.856927401349035
1138631,7.607417179144289
1138632,4.044027189354038
1138633,1.252864548854691
1138634,0.2592017224033268
1138738,0.01758741880418245
1138739,0.06096657873502174
1138740,0.04390007660056317
1138741,0.08226915837120094
1138742,0.1609322176991875
1138743,0.36934084329663436
1138745,1.4708188979346082
1138746,1.7546731714163022
1138747,1.841054816010015
1138748,1.3770953159548416
1138749,1.2508908314673006
1138750,1.4282157334216887
1138751,1.7221222560051006
1138752,1.7936772142418658
1138753,1.5040346761135628
1138754,1.5403831661154483
1138755,1.531653964703985
1138756,1.429560794974931
1138757,1.475111571557566
1138758,1.8530760669657553
1138759,1.7705069354349408
1138760,1.011306206873506
1138761,0.33561057969099145
1138762,0.08443621198166419
1138867,0.03199258701616484
1138868,0.05526207880829488
1138869,0.0546599571126011
1138870,0.10367772638677555
1138871,0.5458846641121776
1138873,2.863497160550009
1138874,4.149932817042238
1138875,4.023869270707646
1138876,2.8306012392035718
1138877,2.3437523523478756
1138878,2.1465172063512665
1138879,1.7104892788058563
1138880,1.3555813512876882
1138881,1.5383012480441667
1138882,2.602536087274865
1138883,3.4211787487788827
1138884,2.7391125893847557
1138885,1.4001457830505388
1138886,0.7074180402752483
1138887,0.41648089298983376
1138888,0.20003414655064383
1138889,0.16290708608738882
1138890,0.030348688165582945
1139001,7.4329416278004015
1139002,9.820803896232121
1139003,9.367887712746018
1139004,7.355759408956262
1139005,6.546666235126424
1139006,6.409657948972074
1139007,5.217283702953242
1139008,4.314400657690894
1139009,4.545511912092205
1139010,6.324061372276512
1139011,8.019887918979501
1139012,6.731540878453074
1139013,3.9666888296794554
1139014,2.0328101098752933
1139015,0.9954955537206246
1139016,0.42153109780131814
1139017,0.1897765879641374
1139018,0.0630473124148959
1139129,11.823243437430108
1139130,13.918724951744553
1139131,13.900461126424945
1139132,12.881320956759629
1139133,11.703447917326711
1139134,10.808800500018663
1139135,10.12225042893527
1139136,9.688755901795089
1139137,9.906204230563079
1139138,11.741603809431732
1139139,13.367810988668847
1139140,11.856629672389767
1139141,8.5060898804195
1139142,5.216887654656999
1139143,2.730534180029316
1139144,1.167686153758255
1139145,0.3708765817085219
1139146,0.11442694886484152
1139257,13.252753165785409
1139258,15.527453897106723
1139259,16.162138588158875
1139260,15.538518929690293
1139261,13.502436393537039
1139262,11.687223725351098
1139263,11.191417272921843
1139264,10.966507455377641
1139265,11.053827677617116
1139266,12.329273598730435
1139267,13.828816354826094
1139268,13.034146803852261
1139269,10.75811675407281
1139270,8.102042072024725
1139271,5.136297196008688
1139272,2.3157663794014955
1139273,0.6824453866357686
1139274,0.17179358920934323
1139385,11.643948440030053
1139386,14.18467346802295
1139387,15.332281187626773
1139388,14.948228383780197
1139389,13.501918610910364
1139390,12.151835148987757
1139391,12.009378759650902
1139392,12.107992017687195
1139393,12.24622705764133
1139394,13.593809244684554
1139395,15.25683114916262
1139396,15.141610601522194
1139397,13.934048618032907
1139398,11.737286470910735
1139399,8.051969303062604
1139400,3.6563278086257234
1139401,1.0193551030058772
1139402,0.25734668786466747
1139513,9.649484049575957
1139514,12.796521979106213
1139515,14.926328066914383
1139516,15.735389261202721
1139517,14.962798769666787
1139518,14.33169328350014
1139519,14.11230270197535
1139520,13.98143569399146
1139521,14.000878615451882
1139522,15.054109868912482
1139523,16.749816890941204
1139524,16.793496730443866
1139525,15.52391052488467
1139526,13.413349773654957
1139527,9.349824911716349
1139528,4.279323917794197
1139529,1.292654683498661
1139530,0.31455814664343473
1139641,9.17244762928125
1139642,13.099188199247985
1139643,16.238400092563783
1139644,17.77628787907924
1139645,17.710886184571063
1139646,17.054192848859657
1139647,16.259661896282164
1139648,15.491598255032155
1139649,14.610634757794312
1139650,14.815793237379486
1139651,15.481109851903572
1139652,14.774505662610242
1139653,13.407378305574479
1139654,11.832189818284105
1139655,8.628778269341614
1139656,4.219137029726164
1139657,1.3057583142201745
1139658,0.2250529715655785
1139769,8.887783714908082
1139770,12.931294850315018
1139771,15.846587335708291
1139772,17.095754132623387
1139773,17.716553241633356
1139774,17.70720842380236
1139775,17.069081328333308
1139776,15.873519161671322
1139777,14.193621040422117
1139778,13.533432270329076
1139779,13.195123894968138
1139780,12.141990041355287
1139781,11.002038439718147
1139782,9.994430376933245
1139783,8.013762983960904
1139784,4.213280388640145
1139785,1.4572828610705388
1139786,0.2769931528758586
1139897,8.459941762296884
1139898,11.656112317004572
1139899,13.677058254190337
1139900,14.723772431159144
1139901,15.884521593231081
1139902,17.142096765191894
1139903,17.24573736783589
1139904,15.81896661495223
1139905,13.122485281693784
1139906,12.329256919894533
1139907,12.409474184316148
1139908,11.347817702783525
1139909,10.389375742411126
1139910,9.922696656449173
1139911,8.325027608450926
1139912,4.548656638594401
1139913,1.4955568955977412
1139914,0.35577579500027817
1140025,8.177337863404352
1140026,11.17057734746977
1140027,12.917850373311596
1140028,13.828185165085165
1140029,15.176068857182328
1140030,16.947020543091956
1140031,17.304576414893944
1140032,15.862534446783204
1140033,12.6419951396003
1140034,11.184310576087476
1140035,11.407390004342425
1140036,10.757194085522428
1140037,9.940696709171295
1140038,9.595562830998444
1140039,8.095483753267064
1140040,4.465703968265439
1140041,1.5022849642795086
1140042,0.3024778689794166
1153849,16.621616228131558
1153850,18.89880397808428
1153851,19.25264209425171
1153852,19.146398291805994
1153853,18.90760382281193
1153854,18.531994381880995
1153855,18.72511579255372
1153856,20.123098012262638
1153857,20.99969503032289
1153858,21.32878278736676
1153859,21.213568242996686
1153860,20.932415036297638
1153861,21.180716760273615
1153862,19.76344757403402
1153863,15.279084483989845
1153864,7.903111132687197
1153865,2.778009302316928
1153866,0.6021741547300724
1153977,16.610989491618575
1153978,18.992696286550583
1153979,18.54911118694066
1153980,17.66499826080224
1153981,17.129023099812247
1153982,17.548797757426644
1153983,18.363992918570954
1153984,19.629296476509985
1153985,20.739490426048604
1153986,21.22996922564135
1153987,20.65788708787114
1153988,21.185128211400368
1153989,21.948216179127996
1153990,20.793282330235172
1153991,16.254517093306173
1153992,8.64029735440231
1153993,2.9373971416928852
1153994,0.6632676642749613
1154105,16.970947957049848
1154106,18.985933184266035
1154107,18.508963183522305
1154108,17.08240276936611
1154109,16.870051239904914
1154110,17.599445994000906
1154111,18.808717027077886
1154112,20.129863836285644
1154113,21.390490376159693
1154114,21.739381339168574
1154115,21.289571357819213
1154116,21.91627894710386
1154117,22.49543983774012
1154118,21.34504027506677
1154119,16.783229748061707
1154120,8.995035504081805
1154121,2.955109954023335
1154122,0.735797888274633
1154233,17.706118909342035
1154234,19.758433582207424
1154235,18.709578087982973
1154236,17.339940044093787
1154237,17.02043590973131
1154238,18.193608933281737
1154239,19.668935437984683
1154240,21.294271988125065
1154241,22.41215431054323
1154242,22.8373266868652
1154243,22.659699479982127
1154244,22.462731605096554
1154245,22.43613315536488
1154246,21.009366918285814
1154247,16.561591049973476
1154248,8.996759641689625
1154249,3.0115868190981354
1154250,0.7615462096076595
1154361,19.14432668141669
1154362,21.15652034374868
1154363,19.948092335079238
1154364,18.531181087402064
1154365,17.9579234548294
1154366,18.969766187981243
1154367,20.24637307265533
1154368,22.070525129266166
1154369,23.77925140339294
1154370,24.415871598837697
1154371,24.276868018131754
1154372,23.60074766668592
1154373,22.894598458234118
1154374,21.334294448344966
1154375,17.107777935736813
1154376,8.910734650811406
1154377,2.943094388920933
1154378,0.6721812463060172
1154489,18.62005121966207
1154490,20.740613315896226
1154491,19.807552386566794
1154492,18.35462983339877
1154493,17.48116193032261
1154494,17.264118925951408
1154495,17.82080851930751
1154496,19.55878598618466
1154497,22.10963880221509
1154498,23.071913994589067
1154499,22.715746703445742
1154500,22.103580725656926
1154501,22.643042942021545
1154502,22.58233944653758
1154503,17.843365069340624
1154504,8.991006026747336
1154505,2.7488250389639575
1154506,0.6403301110104981
1154617,18.016662914573864
1154618,21.036207706291595
1154619,20.905167893760105
1154620,20.41844026797876
1154621,19.404219781727054
1154622,18.345396638278054
1154623,17.895670358890293
1154624,18.93343539362125
1154625,21.303941278006782
1154626,21.62615638872573
1154627,19.56677565500509
1154628,18.514208367865447
1154629,19.51436169744427
1154630,20.373862497714452
1154631,16.503970163161227
1154632,8.325240372545585
1154633,2.499972144473209
1154634,0.6049135939703771
1154745,13.661490965428657
1154746,16.07865448192539
1154747,16.389191805422886
1154748,16.437248495532426
1154749,16.33280037331539
1154750,16.18451003308538
1154751,15.529620030316504
1154752,15.542095414624653
1154753,16.329752344399463
1154754,15.591198036828521
1154755,13.554287710479294
1154756,13.046666665828376
1154757,14.016585436871042
1154758,14.540521194661482
1154759,11.843875399878039
1154760,5.949399029023595
1154761,1.8523730668909308
1154762,0.43656521598974707
1154873,5.35688038717506
1154874,6.026001284929654
1154875,6.11079289721707
1154876,6.414915806530527
1154877,7.13371509672538
1154878,8.190980066440384
1154879,8.679725976634451
1154880,8.20811849818759
1154881,7.25011507962224
1154882,6.357331650208792
1154883,5.783002377797438
1154884,6.344674728082881
1154885,7.668348690202096
1154886,8.642964133320088
1154887,7.420642946144254
1154888,4.063645655303254
1154889,1.2150877657135455
1154890,0.3084191442735999
1154999,0.47352372106420615
1155000,0.9261767405471307
1155001,1.3466861592030588
1155002,1.494567377343667
1155003,1.5179548477270441
1155004,1.5026865358475334
1155005,1.839392492031106
1155006,2.521799992698822
1155007,3.3918058896858607
1155008,3.4380322803801673
1155009,2.569976455201434
1155010,1.8435148844717193
1155011,1.444819533927833
1155012,1.753888585605349
1155013,2.9421478544394324
1155014,4.890216504625041
1155015,5.051888563914117
1155016,2.80467290250448
1155017,0.9150486171712794
1155018,0.22061203500284032
1155126,0.10757458814411817
1155127,0.28352832406005957
1155128,0.5749704030214404
1155129,0.848220076148827
1155130,0.8690109667449392
1155131,0.8119794999632682
1155132,0.6623172628631947
1155133,0.5034319142039008
1155134,0.8395305405808162
1155135,1.0524039560941398
1155136,1.1809980927685158
1155137,0.8175126885357616
1155138,0.7223136531028926
1155139,0.5750618279376792
1155140,0.6365372331379388
1155141,0.8124693756693301
1155142,1.284993320676197
1155143,1.2363871919110163
1155144,0.8299922440667745
1155145,0.3207053553031918
1155146,0.1516796675486663
1155255,0.3413655911299319
1155256,0.7716005772909119
1155257,1.4404019921781321
1155258,1.944315343175487
1155259,1.90689851079433
1155260,1.4094093975648825
1155261,1.1730157833969728
1155262,1.1073874164351416
1155263,0.9439616017018604
1155264,0.7029621661017702
1155265,0.7538286465301238
1155266,1.0609114718712007
1155267,1.363281445305564
1155268,1.131262792382735
1155269,0.7564013934350559
1155270,0.44548906780752184
1155271,0.32943082133846474
1155272,0.18302800547327827
1155273,0.13074238601098723
1155274,0.05745572711762454
1155385,4.746095005162007
1155386,6.630890118297783
1155387,6.156889459274008
1155388,4.4424676453002725
1155389,4.217274202420241
1155390,4.328974325133133
1155391,3.6293369417727646
1155392,2.743990554288447
1155393,2.742719270419234
1155394,3.9424568925702954
1155395,5.054152136978866
1155396,4.302943484418629
1155397,2.670408729784237
1155398,1.4838327848644586
1155399,0.6962552184687484
1155400,0.3078158864637793
1155401,0.12669618322069637
1155402,0.023457723921502402
1155513,9.248338357870958
1155514,11.50244472080377
1155515,11.009440864858572
1155516,9.342397387280151
1155517,8.658824458175907
1155518,8.599091560839236
1155519,7.908968123930461
1155520,7.14157782150747
1155521,7.442173836385706
1155522,8.955728531942656
1155523,10.631646918493283
1155524,9.402385415554438
1155525,6.442411515875008
1155526,3.601367045864421
1155527,1.8297220650272519
1155528,0.7128180670269446
1155529,0.22042053097592684
1155530,0.07188223808137972
1155641,11.495855290981646
1155642,13.564296945339477
1155643,14.061392661013542
1155644,13.095976183768814
1155645,11.14302388338333
1155646,9.470878817215258
1155647,8.891689736058442
1155648,8.640563997382843
1155649,8.897257558547455
1155650,10.170420653954954
1155651,11.530731060536452
1155652,10.324860158851907
1155653,7.417522273864719
1155654,4.7784072654128
1155655,2.791562583153964
1155656,1.230332912795926
1155657,0.43586442419484983
1155658,0.17794809181084767
1155769,11.13033464948785
1155770,13.201872766274743
1155771,14.148486915611077
1155772,13.601812147440306
1155773,11.687065088150318
1155774,10.253435419544413
1155775,10.27549285233844
1155776,10.416940171590062
1155777,10.331919300519946
1155778,11.438013967159161
1155779,12.832613640072644
1155780,12.565538395808552
1155781,10.84748057629123
1155782,8.569859784745795
1155783,5.660522714012299
1155784,2.5601034089893075
1155785,0.8205667010826666
1155786,0.14164694284315904
1155897,9.759193590383052
1155898,12.193846034927441
1155899,13.672545756025778
1155900,13.768094230208423
1155901,12.489121879936297
1155902,11.530436467245833
1155903,11.574153684456592
1155904,12.04471586105419
1155905,12.688769698830479
1155906,14.243064586738953
1155907,15.989325668577196
1155908,16.188398026589528
1155909,15.021688712640646
1155910,12.683918570072002
1155911,8.519943765440226
1155912,3.8553545093653563
1155913,1.1879843081790014
1155914,0.2192743370358055
1156025,9.007137279303626
1156026,12.229638986256996
1156027,14.831278454637797
1156028,15.989299172384285
1156029,15.102443892400252
1156030,13.486567645068575
1156031,12.737906664378444
1156032,12.636792300919536
1156033,13.023498164234097
1156034,14.1491947068022
1156035,15.740535840331013
1156036,15.604256123154626
1156037,14.357896517915382
1156038,12.444824017508898
1156039,8.687733710041835
1156040,4.219984620637917
1156041,1.329720261906622
1156042,0.29868833256731975
1156153,8.66770647929996
1156154,12.492575991962942
1156155,15.483746926164073
1156156,16.662054317409257
1156157,16.29536464426741
1156158,14.970038568674461
1156159,13.725797274530828
1156160,12.915345465299767
1156161,12.769832261731292
1156162,12.848498944981737
1156163,13.216817660616503
1156164,12.489482610982822
1156165,11.183117889623041
1156166,9.979590657283625
1156167,7.762802273730633
1156168,4.029850837925379
1156169,1.3007529311023487
1156170,0.28992343853667996
1156281,8.234843708340525
1156282,11.343922418781993
1156283,13.505639400096875
1156284,14.507770753620935
1156285,15.011256873870408
1156286,15.546231234466482
1156287,15.03906419002382
1156288,13.775177747136215
1156289,12.166098043894287
1156290,11.860730331916363
1156291,12.064118642255018
1156292,11.285742905781198
1156293,9.986102820518482
1156294,9.284533909694858
1156295,7.757963233572473
1156296,4.204864042363919
1156297,1.467849417236969
1156298,0.3517454560787091
1156409,8.012660208106757
1156410,10.903410855437976
1156411,12.659573130188114
1156412,13.409854676584093
1156413,14.574741815661806
1156414,16.036211945872672
1156415,16.292120735061676
1156416,14.740151696720433
1156417,12.337055207035819
1156418,11.44967870869692
1156419,11.543740717777464
1156420,10.717038550698472
1156421,9.779691377386298
1156422,9.45613428034293
1156423,8.095723020844552
1156424,4.605560736632981
1156425,1.5548482680285327
1156426,0.3551044523208497
1170233,16.0034558438864
1170234,18.018371800774727
1170235,17.492365396768452
1170236,16.230127440689174
1170237,15.679485926223347
1170238,16.25965701723474
1170239,17.12455618658353
1170240,18.38617930740495
1170241,19.422399791352138
1170242,19.842599443021072
1170243,19.681094670685603
1170244,19.996369862882826
1170245,20.721630725543765
1170246,19.61864096941555
1170247,15.653300629776583
1170248,8.640138854811028
1170249,3.0579764551190785
1170250,0.7241974424316593
1170361,16.082371713574297
1170362,18.02700663480202
1170363,17.284897288399684
1170364,15.981630400267035
1170365,15.594002704230684
1170366,16.72682185276626
1170367,17.83898364409182
1170368,19.065614613280317
1170369,20.232420932372708
1170370,20.55662607942292
1170371,20.456624592592068
1170372,20.76129675309686
1170373,21.339331279379333
1170374,20.35853952428021
1170375,16.288191030883397
1170376,8.94504740547218
1170377,3.0593049432345767
1170378,0.7637943680818761
1170489,16.346093517339643
1170490,17.775664152701854
1170491,16.99693903324886
1170492,15.548035134540507
1170493,15.257739300645078
1170494,16.438791974679543
1170495,17.75442697401865
1170496,19.38936505435534
1170497,20.4830590552656
1170498,21.045333588480055
1170499,20.819098549628038
1170500,20.87532744420511
1170501,21.096897381230978
1170502,20.134524964473037
1170503,16.46323450883062
1170504,8.8918065501741
1170505,2.949516788327875
1170506,0.7457216240087101
1170617,17.392299981732148
1170618,18.81720285655234
1170619,17.908608463043194
1170620,16.320372898143614
1170621,16.135567262216195
1170622,17.144333916692506
1170623,18.602409897779673
1170624,20.4355189151081
1170625,21.740062734974288
1170626,22.313829061737486
1170627,22.208335030749243
1170628,21.599659135784396
1170629,20.90371274108982
1170630,19.91381599810602
1170631,16.459789775619498
1170632,8.827084851114748
1170633,2.977022703336706
1170634,0.7046170446854372
1170745,17.772992095196663
1170746,19.615993318429382
1170747,18.751036346661056
1170748,17.359857967470074
1170749,16.637190475356338
1170750,16.923515897523952
1170751,17.624590052519682
1170752,19.35732502538292
1170753,21.491661618700526
1170754,22.447142764963957
1170755,21.954344515447634
1170756,21.25127091767016
1170757,21.336404416051387
1170758,20.723116558460877
1170759,16.872688159011336
1170760,8.947520720632639
1170761,2.966823158660028
1170762,0.6333586112608286
1170873,16.34624741840045
1170874,18.53316711939307
1170875,18.320928688334813
1170876,17.518021872506115
1170877,16.415868743568655
1170878,15.679016172886037
1170879,15.454725994107918
1170880,16.88306949021677
1170881,19.154801616620247
1170882,19.62424724019919
1170883,18.280298010202117
1170884,17.836101401756455
1170885,19.419117998917088
1170886,20.507441287907408
1170887,16.458168322656963
1170888,8.588474488384731
1170889,2.766858084708078
1170890,0.6095885057978994
1171001,14.703023680062614
1171002,17.46845200707653
1171003,18.080129237744952
1171004,17.752116919498846
1171005,16.942125957977986
1171006,15.641989664906992
1171007,14.85167139867496
1171008,15.561130723328334
1171009,17.19359826465807
1171010,16.88027593334156
1171011,14.587006277171763
1171012,13.522866489885063
1171013,14.2526036328323
1171014,15.398104340970134
1171015,12.487759160014111
1171016,6.503191025270472
1171017,1.9820374571485944
1171018,0.41959157197452457
1171129,9.159957400150608
1171130,10.84654136832932
1171131,10.977742531690465
1171132,11.142804524239073
1171133,11.47745020136278
1171134,11.642025390901862
1171135,10.9357443637688
1171136,10.657016258733522
1171137,10.494490267191242
1171138,10.157310004595287
1171139,9.40880908917415
1171140,8.732345805745332
1171141,8.542072385423644
1171142,8.091100485583384
1171143,6.291302161142606
1171144,3.317362247538393
1171145,1.1349458551594478
1171146,0.30544612754618206
1171257,2.90830493205454
1171258,3.056009194890145
1171259,3.0240328352877217
1171260,3.3469129181346617
1171261,4.277370095321398
1171262,5.336426630813535
1171263,6.034258059815479
1171264,5.514521775429897
1171265,4.283545173832832
1171266,3.5038231201237027
1171267,3.5836475641841967
1171268,4.009354232567099
1171269,4.764163871664805
1171270,5.244570097195447
1171271,4.524502274959947
1171272,2.465743451505772
1171273,0.883802685916885
1171274,0.1489210322249978
1171385,0.8302554589188524
1171386,0.8293368636648785
1171387,0.7632129615122335
1171388,0.8352799334349539
1171389,1.2226907044663842
1171390,1.9333726293682907
1171391,2.6993844986137794
1171392,2.809010029131956
1171393,1.8448751662567957
1171394,1.1022801525473227
1171395,1.0337481449456276
1171396,1.2005068287340679
1171397,2.3471918077129206
1171398,3.968934704564614
1171399,4.2711485650968966
1171400,2.4182262733569746
1171401,0.7497183775659289
1171402,0.15495815477335143
1171513,0.6463610861266001
1171514,0.6375986067395536
1171515,0.4938817951180553
1171516,0.43303198360533657
1171517,0.4145664197163623
1171518,0.5135711550695803
1171519,0.7851074417642185
1171520,0.7766204670524031
1171521,0.646823369400638
1171522,0.42725806491132723
1171523,0.35120211458603384
1171524,0.3970127522091542
1171525,0.617743215198358
1171526,1.084768310813726
1171527,1.1880652162820646
1171528,0.7159128193313022
1171529,0.2880502147726047
1171530,0.1318213880957213
1171641,0.8323390621333431
1171642,1.095694625085373
1171643,1.0572438616868576
1171644,0.8364605104166754
1171645,0.7165806604275758
1171646,0.7159770047556236
1171647,0.6014116075852719
1171648,0.44050686295050684
1171649,0.38857052302289646
1171650,0.44297443740473397
1171651,0.5425072833376339
1171652,0.4951373280187579
1171653,0.4401428179626437
1171654,0.2944577614760138
1171655,0.287017440479721
1171656,0.17699352795635243
1171657,0.06120269191272515
1171658,0.02339730684082851
1171769,3.019039989209744
1171770,4.069425848245386
1171771,3.7655522417019855
1171772,2.85364265512227
1171773,2.8385855764357917
1171774,3.079991634256361
1171775,2.604490575439476
1171776,2.010252928732621
1171777,1.9782602174602242
1171778,2.269137578211471
1171779,2.7476881383173457
1171780,2.5051050134637434
1171781,1.8249688212480981
1171782,1.1862714339720013
1171783,0.6743258742407592
1171784,0.2814839324166236
1171785,0.10618079404895252
1171786,0.04718072463252533
1171897,7.145952023726061
1171898,8.895756323714087
1171899,8.140263064639877
1171900,6.4827959632377326
1171901,6.30367295412452
1171902,6.879642944209204
1171903,6.2935966450661915
1171904,5.525726424944679
1171905,5.469256594418412
1171906,6.6370444656434
1171907,7.904635719058278
1171908,7.324424935458288
1171909,5.028266290787167
1171910,2.9941196009701314
1171911,1.5364705612349274
1171912,0.6718480984322323
1171913,0.2145640152650294
1171914,0.06006075836761696
1172025,9.038219576385554
1172026,11.29525401248655
1172027,11.352843482462614
1172028,9.817594870675926
1172029,8.191329500250456
1172030,7.184119113885714
1172031,6.5231178655878335
1172032,6.064030527556872
1172033,6.299181668127405
1172034,7.685539431675803
1172035,9.196966884899455
1172036,8.076473769993115
1172037,5.248056694382044
1172038,3.025651420389254
1172039,1.5432692347800825
1172040,0.6547237528885507
1172041,0.2599626580154521
1172042,0.06428323749073803
1172153,9.903980532344132
1172154,11.82213067014315
1172155,12.501965654717438
1172156,11.599384618893392
1172157,9.697662288526805
1172158,8.510271866206978
1172159,8.30697220733737
1172160,8.411818666539613
1172161,8.174173030827236
1172162,9.132156520141363
1172163,10.406543188545681
1172164,9.459028922465565
1172165,7.032994007466521
1172166,4.728935757518809
1172167,2.8809217497774533
1172168,1.302305841726591
1172169,0.42440084208804324
1172170,0.1422659050653146
1172281,9.707600609623853
1172282,11.64925685482507
1172283,12.666957306327763
1172284,12.381385663284728
1172285,10.995317295191573
1172286,10.013235015635052
1172287,10.490688441802636
1172288,11.10199100610991
1172289,11.659177366986766
1172290,12.904896921846156
1172291,14.415612439501102
1172292,14.304538115068365
1172293,12.73181489586282
1172294,10.342203284864999
1172295,6.5692205481161885
1172296,2.9520970860939655
1172297,0.8762010812622899
1172298,0.1907013983206734
1172409,9.283090331532158
1172410,11.824058087475743
1172411,13.664853996462995
1172412,14.477229108300437
1172413,13.320956627557466
1172414,11.62023419582509
1172415,11.265441691841804
1172416,11.824150599972327
1172417,12.51276714486539
1172418,14.09119724259834
1172419,15.769823853826116
1172420,15.968938014071625
1172421,14.85333305059356
1172422,12.606925572097945
1172423,8.535973738731096
1172424,3.941697502770679
1172425,1.2672177170678063
1172426,0.2966672451807522
1172537,8.600171321440435
1172538,11.972900620023246
1172539,14.777460691574529
1172540,15.87682230491217
1172541,14.650558612163717
1172542,12.430093582125762
1172543,10.873916235462618
1172544,10.665027235315499
1172545,11.46391542331914
1172546,12.35895790387684
1172547,13.37381160945728
1172548,13.039393865782435
1172549,11.99822778228497
1172550,10.47307288895755
1172551,7.925541441263087
1172552,3.9483432697474568
1172553,1.3128265950196745
1172554,0.2949043258949002
1172665,7.96629059346618
1172666,10.900169916547592
1172667,13.124213794889677
1172668,14.037733528413964
1172669,13.71186534642413
1172670,12.6779553470791
1172671,11.474761850058371
1172672,10.564479816655735
1172673,10.392582971785794
1172674,10.97791046497989
1172675,11.65615381696512
1172676,11.062839495347001
1172677,9.827377777850236
1172678,8.84142610575327
1172679,7.3237444551225135
1172680,4.036087814146468
1172681,1.3931842098453473
1172682,0.33019006301939
1172793,7.5450011213816435
1172794,10.149956744361097
1172795,11.674098318290023
1172796,12.418968903180273
1172797,12.923022797347953
1172798,13.315891999091864
1172799,12.871841800215478
1172800,11.61557191334308
1172801,10.621313357417424
1172802,10.706385618575485
1172803,11.154200624691368
1172804,10.555270815981176
1172805,9.538283099774457
1172806,8.954285185134683
1172807,7.554584873184208
1172808,4.279590009060354
1172809,1.520807011743099
1172810,0.3702791064072418
1186617,15.455451192819014
1186618,17.154499509319947
1186619,16.3056901717732
1186620,14.949520088078467
1186621,14.813711400638786
1186622,15.678364496905472
1186623,16.742050052892324
1186624,17.784164117682288
1186625,19.068661322916316
1186626,19.281618462321074
1186627,19.057107269156575
1186628,19.42481684273938
1186629,20.155019909992486
1186630,19.496925518653587
1186631,15.78335574235324
1186632,8.89999176325175
1186633,3.241274433756442
1186634,0.8066737323134208
1186745,15.541416784953556
1186746,16.794460888059373
1186747,15.977940282942264
1186748,14.506057449514508
1186749,14.390256137414072
1186750,15.535496601780343
1186751,16.841887283296902
1186752,18.28492800557322
1186753,19.493578629883068
1186754,19.809728568648804
1186755,19.604756778010643
1186756,19.874008610036054
1186757,20.08059116563703
1186758,19.59505220748781
1186759,16.04723873314028
1186760,8.83024957788828
1186761,3.1428169401337627
1186762,0.7458844762002215
1186873,15.55788899987955
1186874,16.561110936415595
1186875,15.4826153765003
1186876,14.175769448217533
1186877,13.94435166481287
1186878,14.803630949608312
1186879,16.49150113251335
1186880,18.26765149933695
1186881,19.353695060528857
1186882,19.994383196300426
1186883,19.958853726267332
1186884,19.560072235882966
1186885,19.165942072749687
1186886,18.861498511468685
1186887,15.761894346551331
1186888,8.874042115222025
1186889,3.0381852712646102
1186890,0.6868983852663539
1187001,16.681371147344866
1187002,18.23796348942512
1187003,17.146998795848337
1187004,15.969724064333414
1187005,15.500659792105568
1187006,15.991339241317647
1187007,17.037295232212557
1187008,18.614922625633337
1187009,20.482890985380642
1187010,20.98093711105676
1187011,20.780378750898436
1187012,20.05827067759118
1187013,19.5518056439318
1187014,19.015617358746628
1187015,15.947970213085194
1187016,8.85458214902455
1187017,2.9383106434721906
1187018,0.7980531773971057
1187129,15.905724598626868
1187130,18.096249264052876
1187131,17.770283962043784
1187132,16.74647875743394
1187133,15.929823778647636
1187134,15.285887045935578
1187135,15.40686208522348
1187136,16.912349670574194
1187137,19.133922429473355
1187138,19.654727645286222
1187139,18.654306802681837
1187140,18.070908312934414
1187141,19.176422281306735
1187142,19.640967666491218
1187143,16.168687748176144
1187144,8.502607478113438
1187145,2.813122879010599
1187146,0.5539919127098846
1187257,13.3245324450396
1187258,15.886191797952677
1187259,16.152071984618726
1187260,15.830836782237505
1187261,14.832219134817521
1187262,13.629749148528495
1187263,12.99129187024662
1187264,14.014813737508295
1187265,15.86053049679709
1187266,15.58789597829284
1187267,13.631904011838929
1187268,13.206836585947991
1187269,15.020614548927579
1187270,16.354987158316803
1187271,13.450587941062782
1187272,6.954823646348758
1187273,2.3337115666751207
1187274,0.48749503449434267
1187385,10.588738197215877
1187386,13.0070618832141
1187387,13.254743248421763
1187388,13.106424963994357
1187389,12.53484478173383
1187390,11.694248200745085
1187391,10.843117060477397
1187392,10.831979982272506
1187393,11.72460949612292
1187394,11.717517614356941
1187395,10.531584099595989
1187396,9.143611990029347
1187397,8.685218301614805
1187398,8.557971858248075
1187399,6.958266860005294
1187400,3.800901196144063
1187401,1.2056982743972067
1187402,0.3605459850865985
1187513,5.990891603440243
1187514,7.013514003450366
1187515,7.112439138859953
1187516,7.297289146419941
1187517,7.828535802314295
1187518,8.23794023804388
1187519,8.054467894808303
1187520,7.3365542991490855
1187521,6.892151571039939
1187522,6.777164094926701
1187523,6.539285642591153
1187524,6.001110337843609
1187525,4.9589773850252366
1187526,3.948928625617906
1187527,2.740217675029564
1187528,1.4582288157871088
1187529,0.578595116623427
1187530,0.16232203836696965
1187641,1.897146415841871
1187642,1.8577016392607781
1187643,1.8466966704666072
1187644,2.219038187574723
1187645,3.22832440816969
1187646,4.362816255786218
1187647,5.040597172389929
1187648,4.535007725632335
1187649,3.212780893126897
1187650,2.5147230503679734
1187651,2.724104530381102
1187652,3.0670492481301244
1187653,3.7608059114655172
1187654,4.069436748822934
1187655,3.5116006627068077
1187656,1.959697254842484
1187657,0.7293152131652659
1187658,0.12662799233448516
1187769,0.7118278664520173
1187770,0.7159014642143614
1187771,0.6711863189492626
1187772,0.6495840852735172
1187773,0.9845657993100021
1187774,1.603647847854902
1187775,2.3725074685448364
1187776,2.3843584692055924
1187777,1.5506592364788683
1187778,0.8983828171717309
1187779,0.8040819676768135
1187780,1.096446716676543
1187781,1.9745922349271592
1187782,3.6228541908533365
1187783,4.0534611126609645
1187784,2.290416142565563
1187785,0.7674061238255774
1187786,0.1772287073782149
1187897,0.6029624325505715
1187898,0.621988402796431
1187899,0.41405366080451605
1187900,0.34827072128536085
1187901,0.33445047591008875
1187902,0.4858818410353247
1187903,0.6164179201795511
1187904,0.624884111280644
1187905,0.49403782317559664
1187906,0.33944056851988313
1187907,0.290068592311666
1187908,0.3339145329995991
1187909,0.5606556639776502
1187910,0.9411949981265064
1187911,1.0664874135109612
1187912,0.6884894548118694
1187913,0.26958637189161866
1187914,0.07692009588177094
1188025,0.658452661651616
1188026,0.802465379500905
1188027,0.8102273168803704
1188028,0.601206202925747
1188029,0.5913124213113444
1188030,0.6474061803692273
1188031,0.4685276987275625
1188032,0.3771741195476256
1188033,0.314156128291132
1188034,0.34468813533705245
1188035,0.27284889739197904
1188036,0.31242490109826027
1188037,0.33117625180650917
1188038,0.2954453222681916
1188039,0.25196299046275994
1188040,0.18607897327854506
1188041,0.05051202706843643
1188042,0.038719138785450885
1188044,0.016704627647181017
1188153,2.0319669904417363
1188154,2.664307397007301
1188155,2.4855431461129127
1188156,2.077457186395367
1188157,2.1432883835168877
1188158,2.3433501513996284
1188159,2.0899058450248034
1188160,1.64806307444131
1188161,1.4886050869913485
1188162,1.5461227679677176
1188163,1.6568223692310013
1188164,1.6683599122538573
1188165,1.452768337788332
1188166,1.040226647814546
1188167,0.6128466600324688
1188168,0.2518717840289642
1188169,0.09259517338355172
1188170,0.044900777740608425
1188281,5.506778752116625
1188282,6.461826178978488
1188283,5.6340593576692255
1188284,4.738015962464039
1188285,4.953927148619254
1188286,5.7017861695799406
1188287,5.2914577711910145
1188288,4.6171108657913225
1188289,4.352755984289273
1188290,4.808852652923835
1188291,5.40448140953419
1188292,5.14610577253595
1188293,4.117292899848928
1188294,2.6143327881517724
1188295,1.3744573933835635
1188296,0.5764994960028755
1188297,0.17427226479889257
1188298,0.03812416793084716
1188409,7.071712840341857
1188410,9.114501262439244
1188411,8.575873611630954
1188412,6.953629695458744
1188413,5.925044016255316
1188414,5.449959292298459
1188415,4.809302613823637
1188416,4.22124324390337
1188417,4.26037995020945
1188418,5.453899006811033
1188419,6.856753514834985
1188420,5.946151469905711
1188421,3.956905197504835
1188422,2.1434994541187526
1188423,1.1024106624674854
1188424,0.4577034608119719
1188425,0.1278811076079043
1188426,0.06520009339529877
1188537,7.617244292508093
1188538,9.766492450295672
1188539,10.080089073774719
1188540,8.768341240748414
1188541,7.148772054570652
1188542,6.099350736117422
1188543,6.071565437124858
1188544,5.871935086171483
1188545,5.456208297838344
1188546,6.58130123578414
1188547,7.854390246256605
1188548,6.795614600294434
1188549,4.3311948503529685
1188550,2.412819993347408
1188551,1.2602531407062876
1188552,0.5479637071361793
1188553,0.18067653135263947
1188554,0.08261583370167955
1188665,8.796954278563263
1188666,10.636812295706964
1188667,11.327350246387985
1188668,10.737373106403817
1188669,9.328216812244337
1188670,8.674966178203118
1188671,9.275076186504524
1188672,9.74483271658072
1188673,9.752935991506996
1188674,10.812266153553415
1188675,11.997249927600468
1188676,11.290994692298495
1188677,9.079630255101387
1188678,6.563285151761557
1188679,3.789897806843283
1188680,1.6003263847368694
1188681,0.5370377007134755
1188682,0.12264131480145357
1188793,9.385666179399239
1188794,11.429564579270686
1188795,12.74888997394221
1188796,13.154194831509205
1188797,11.708595596472719
1188798,10.370702625924698
1188799,10.693013891812749
1188800,11.582611840674382
1188801,12.477668362150158
1188802,13.920678189451097
1188803,15.468858804467732
1188804,15.442276837573683
1188805,14.094281120055332
1188806,11.442874278014022
1188807,7.310655821499735
1188808,3.260953792317319
1188809,1.0186680501080507
1188810,0.22691704024311132
1188921,8.859559934610958
1188922,11.717859358257835
1188923,14.149035766234984
1188924,15.123199232033015
1188925,13.77457992264044
1188926,11.296387515284689
1188927,10.190873128215115
1188928,10.444450004885383
1188929,11.546787796976439
1188930,12.782411755242718
1188931,13.99685388115485
1188932,14.051304160586259
1188933,13.110562150699257
1188934,11.242256823264485
1188935,7.91683963372323
1188936,3.9318392127926827
1188937,1.269065081270334
1188938,0.25797538799703557
1189049,8.039902334457052
1189050,11.0465718228483
1189051,13.520203117169524
1189052,14.27704285256719
1189053,13.102854323219473
1189054,11.132304173360502
1189055,9.295074808497343
1189056,8.952153099320734
1189057,9.601281764613836
1189058,10.525279219953607
1189059,11.288187324371034
1189060,11.099096750196082
1189061,10.000868294766502
1189062,8.98998172714402
1189063,7.143107544845584
1189064,3.9197557999654036
1189065,1.392585353466907
1189066,0.2950023900519035
1189177,7.161411983641606
1189178,9.473341743827156
1189179,10.963288578806328
1189180,11.708528285520552
1189181,11.559592007006453
1189182,11.057532648626328
1189183,9.971642725746314
1189184,9.159804570829811
1189185,8.793110061666406
1189186,9.66188475228891
1189187,10.64477610235034
1189188,10.167025661042414
1189189,9.299786400627713
1189190,8.504041425458391
1189191,7.091479954260887
1189192,4.0143840973409635
1189193,1.5213666491555653
1189194,0.3267510888841973
1203001,14.751017280079113
1203002,15.822470596581962
1203003,15.026017966420884
1203004,13.838901977634952
1203005,13.779717287987298
1203006,15.036744274922135
1203007,16.017307596456625
1203008,17.274999524026406
1203009,18.49573685053495
1203010,18.887952586510398
1203011,18.777952016783605
1203012,19.10736886002463
1203013,19.477070437688003
1203014,18.933499004087874
1203015,15.681882140554073
1203016,8.944805507709928
1203017,3.369555631189042
1203018,0.7473074978055813
1203129,14.462815747187092
1203130,15.179375421892702
1203131,14.034644795466601
1203132,12.85348600068814
1203133,12.574183262685978
1203134,13.645333420227175
1203135,15.152845303805003
1203136,16.895758815202694
1203137,18.00940581698687
1203138,18.577473495285037
1203139,18.604406005215452
1203140,18.354150481793166
1203141,18.332742074993526
1203142,18.1338391095085
1203143,15.361947213746431
1203144,8.803971495091705
1203145,3.1125526777903616
1203146,0.7373278577616545
1203257,14.741248230787233
1203258,15.61371269125573
1203259,14.67210145412452
1203260,13.415794231628377
1203261,13.177310231976087
1203262,13.746081876589852
1203263,14.797897454543033
1203264,16.676777858846933
1203265,17.839132916153375
1203266,18.659033877877302
1203267,18.541724168889242
1203268,18.030216039374686
1203269,17.960320490870593
1203270,17.830940029334002
1203271,15.31001366506393
1203272,8.804994531421553
1203273,3.0941347300207207
1203274,0.70719298026311
1203385,15.416586549169939
1203386,17.38098413596775
1203387,16.990765281164865
1203388,15.89747658189486
1203389,15.240576359200183
1203390,15.309122209755635
1203391,15.534691997916953
1203392,16.931588579561016
1203393,18.700983155615813
1203394,19.239098896282034
1203395,18.207554799534236
1203396,17.526498034039353
1203397,17.790805443110127
1203398,17.90734610263876
1203399,15.120962602879855
1203400,8.510573708082324
1203401,3.0092516377062197
1203402,0.6977435069166806
1203513,13.273573910637882
1203514,15.931711820504058
1203515,16.15857934049737
1203516,15.752175283742972
1203517,14.6896540550189
1203518,13.60420335024115
1203519,13.15029532811565
1203520,14.254895923521737
1203521,16.202405576403052
1203522,15.959247512529394
1203523,14.311616154221241
1203524,13.823156942306946
1203525,15.47255511547628
1203526,16.451657513495025
1203527,13.724982342624234
1203528,7.47817128864217
1203529,2.5651288497435023
1203530,0.568812105571337
1203641,9.676986858984883
1203642,12.034067962554689
1203643,12.263352762482386
1203644,12.068799507985847
1203645,11.481968733105782
1203646,10.296867799069387
1203647,9.722893758052749
1203648,10.204225038758063
1203649,11.205120456307327
1203650,11.196859409694788
1203651,9.93070772602681
1203652,9.362031839423851
1203653,10.132598151490882
1203654,10.587883629959778
1203655,8.42368800392662
1203656,4.491780796603208
1203657,1.5041674883763176
1203658,0.37803781940319586
1203769,7.743614924004024
1203770,9.464675410982828
1203771,9.477534090429577
1203772,9.45514234330906
1203773,9.121252272715482
1203774,8.52620065924145
1203775,7.849588513072403
1203776,7.52494573441922
1203777,7.832614616931082
1203778,8.206702757860844
1203779,7.938670467129657
1203780,6.455372058802977
1203781,5.155971264649507
1203782,3.9555604396863595
1203783,2.82983073093641
1203784,1.560688514745906
1203785,0.5693301360100603
1203786,0.16028915121344045
1203897,4.343083558870347
1203898,5.036976120743617
1203899,5.1771701033900746
1203900,5.517176527030456
1203901,6.1895612414253
1203902,6.7251912294929435
1203903,6.686988366866272
1203904,6.1143236871167845
1203905,5.3191486631782325
1203906,5.13425361162829
1203907,5.0966502619675484
1203908,4.486206781338094
1203909,3.625777220329991
1203910,2.4328864225625253
1203911,1.4443604988019014
1203912,0.678103675145156
1203913,0.2676637785202987
1203914,0.04300069392919462
1204025,1.548490757008462
1204026,1.4581898991155662
1204027,1.4339822618957632
1204028,1.8398347306829623
1204029,2.7698171864684684
1204030,3.8972332925935262
1204031,4.523825511933261
1204032,4.096763669623121
1204033,2.8825157150404426
1204034,2.1682145186384822
1204035,2.2696260582848082
1204036,2.708188382810715
1204037,3.2330167324023615
1204038,3.7278971136981816
1204039,3.267900906013226
1204040,1.9097127986304594
1204041,0.6696933104869868
1204042,0.1572764302569593
1204153,0.6551021261080119
1204154,0.6069924661826265
1204155,0.5707389811737091
1204156,0.5923632002621183
1204157,0.8682777176710688
1204158,1.3941301353295494
1204159,1.9894962344109655
1204160,2.0293611015301356
1204161,1.3648467569293639
1204162,0.780631670936674
1204163,0.728776712249248
1204164,0.9571992223908377
1204165,1.8414087639168883
1204166,3.4276896732742985
1204167,3.8625802967786003
1204168,2.3151752216442003
1204169,0.7621440462177853
1204170,0.21530993109277863
1204281,0.6028237257639412
1204282,0.5151303911844687
1204283,0.4118995854764795
1204284,0.33538647943558647
1204285,0.30165360758551274
1204286,0.3741434239043554
1204287,0.4783482176721748
1204288,0.5176809485873463
1204289,0.4279873412818458
1204290,0.24880754958229276
1204291,0.21096017955190385
1204292,0.28446203685889077
1204293,0.5303060948233882
1204294,0.9060834849227941
1204295,1.0411666077014678
1204296,0.6732876443061443
1204297,0.2371678814840392
1204298,0.07913761153897993
1204299,0.009170163461544952
1204300,0.02979353380924746
1204301,0.019439114254655332
1204302,0.01071964223328374
1204303,0.0019313755583816635
1204304,0.0001488480781381677
1204409,0.5505319710373824
1204410,0.7333026182615525
1204411,0.6761253710206889
1204412,0.5850298848793962
1204413,0.4813748650049379
1204414,0.5268466757081204
1204415,0.47799571799379736
1204416,0.29378786904198406
1204417,0.24461105506295097
1204418,0.27455385445980224
1204419,0.269162669648261
1204420,0.2704085578157727
1204421,0.252715786460498
1204422,0.25433485936595845
1204423,0.2067957314461814
1204424,0.17024073146307114
1204425,0.08162998713041116
1204426,0.014196477552239285
1204427,0.03829783928165739
1204428,0.006190897776624507
1204429,0.004960445837342149
1204430,0.006026587418432951
1204431,0.009409240383357897
1204432,0.00018281865614259372
1204433,0.002428602006368147
1204434,0.00011819496139716755
1204537,1.6079245409114007
1204538,2.1549405806588897
1204539,2.0707830847216613
1204540,1.7689385433457774
1204541,1.8321755597930756
1204542,2.018941985715053
1204543,1.8250065649505005
1204544,1.5189740566273633
1204545,1.3487323712472623
1204546,1.307440832407591
1204547,1.2709017349035305
1204548,1.3595424585186693
1204549,1.267155599478794
1204550,0.9384927414779108
1204551,0.5564721094816523
1204552,0.2543677245096731
1204553,0.08150843581185276
1204554,0.041068425618594376
1204555,0.02324753243979384
1204557,0.018839811460375763
1204665,4.235680558987172
1204666,4.768622009921046
1204667,4.133119249036198
1204668,3.7335208630696832
1204669,4.097590106985843
1204670,4.733074128618653
1204671,4.615726586495863
1204672,4.136213843030086
1204673,3.803072986427797
1204674,3.7534985033509347
1204675,3.974173079021228
1204676,3.9605531534419636
1204677,3.4195072746824735
1204678,2.4448172797987366
1204679,1.328883399326934
1204680,0.5571652713847527
1204681,0.15321967284032925
1204682,0.05944022107805025
1204793,5.985985241604757
1204794,7.030027315041655
1204795,6.229791746272488
1204796,5.135928132732307
1204797,4.688183750816456
1204798,4.710818865690421
1204799,3.934879120550296
1204800,3.317995721249822
1204801,3.1313813041816094
1204802,3.6711434173416633
1204803,4.394511644363138
1204804,4.047641900627284
1204805,2.967274536080419
1204806,1.8718459050036853
1204807,0.9914642711328409
1204808,0.4098543262485425
1204809,0.15633158609749964
1204810,0.03923984016517386
1204921,5.436347827502784
1204922,7.364629897085167
1204923,7.517184230927454
1204924,5.910513132015836
1204925,4.536411082444286
1204926,4.031881437281568
1204927,3.800421976119335
1204928,3.3598830304976364
1204929,3.120400855375273
1204930,4.196792106679208
1204931,5.498058367660929
1204932,4.737094232838202
1204933,2.7091584854270527
1204934,1.2903479135249514
1204935,0.5844246472445023
1204936,0.23241325587441974
1204937,0.10854373238350924
1204938,0.02550078211620986
1205049,6.809849999698602
1205050,8.770772253650902
1205051,9.41141583395399
1205052,8.309377234456123
1205053,6.912677166806939
1205054,6.782096466879674
1205055,7.4711462282704515
1205056,7.582489231639544
1205057,7.134125719997189
1205058,7.880815285463527
1205059,9.177242820909607
1205060,8.274999456180076
1205061,5.645956605244562
1205062,3.567227948465847
1205063,1.7617750524770792
1205064,0.6853358618925772
1205065,0.24190636908310853
1205066,0.05661151144117698
1205177,8.677177033035365
1205178,10.387033884670766
1205179,11.607582731560306
1205180,11.30831599684669
1205181,9.949481613061229
1205182,9.178971285023605
1205183,9.959414444258856
1205184,10.803234337520363
1205185,11.510482394006706
1205186,12.74552737164681
1205187,13.910509558915695
1205188,13.45395094163247
1205189,11.391655735072206
1205190,8.52807188816422
1205191,4.887611236395937
1205192,2.0547219187809325
1205193,0.6881311281377086
1205194,0.18325683996602574
1205305,9.124127190933963
1205306,11.384909728948676
1205307,13.327035727268594
1205308,14.186215548666324
1205309,12.656068795625563
1205310,10.626701591881387
1205311,10.125683313393331
1205312,10.895976721773486
1205313,12.041073747748396
1205314,13.326725932487701
1205315,14.625947449651761
1205316,14.676012130290186
1205317,13.506806861127489
1205318,11.114581684666152
1205319,7.293414852554798
1205320,3.427586024895454
1205321,1.0449956512734753
1205322,0.26937658064351416
1205433,8.400167639990947
1205434,11.407015817723101
1205435,13.836488198551113
1205436,14.514734408046357
1205437,13.06657658349113
1205438,10.450725448360028
1205439,8.598938932691391
1205440,8.737624286532398
1205441,10.021024559328911
1205442,10.931267387961585
1205443,11.651652701341455
1205444,11.640271853669045
1205445,10.635571968034577
1205446,9.328135437751511
1205447,7.172748614885526
1205448,3.8751879389393697
1205449,1.2920561574492144
1205450,0.35083280552144475
1205561,7.094437638193844
1205562,9.43372411692969
1205563,11.0140259103969
1205564,11.58886173054905
1205565,10.916895265374567
1205566,9.713831032885569
1205567,8.2212929070377
1205568,7.6190625977726265
1205569,7.929618714088918
1205570,8.85229291777736
1205571,10.03450768438438
1205572,9.999023330467828
1205573,9.023974289043668
1205574,8.182091401096244
1205575,6.762366524387132
1205576,3.8682352591707674
1205577,1.36159143679849
1205578,0.34527528553206077
1219385,13.839820970537936
1219386,14.405665093856674
1219387,13.332264782089077
1219388,12.264206291729021
1219389,12.308779725046671
1219390,13.248932036323772
1219391,14.711074798081787
1219392,16.04121066529125
1219393,17.247666202487597
1219394,17.8234703766233
1219395,17.646422999176814
1219396,17.644822786864406
1219397,17.633166445399226
1219398,17.572342927643056
1219399,15.1335743843683
1219400,8.798041999532964
1219401,3.2899089905811203
1219402,0.8671735088787142
1219513,13.336935179927472
1219514,13.874908544156703
1219515,12.659329219116145
1219516,11.506025116453944
1219517,11.081625595965798
1219518,12.042560263796126
1219519,13.16023683252758
1219520,14.833789648879694
1219521,16.316212185654784
1219522,16.85110923737338
1219523,16.884877376930937
1219524,16.527795205453394
1219525,16.503231000281378
1219526,16.825367163004316
1219527,14.717278806539511
1219528,8.662374572383655
1219529,3.325842147431101
1219530,0.8462649804507543
1219641,14.124135843274193
1219642,15.505891620360062
1219643,14.926585501614795
1219644,13.79435836785924
1219645,13.218779802466821
1219646,13.413755783403468
1219647,13.910636018882135
1219648,15.312609459617446
1219649,17.083056345594716
1219650,17.579943152814085
1219651,16.69514250744169
1219652,16.215983402894295
1219653,16.416993562280872
1219654,16.573778854224418
1219655,14.568435936820114
1219656,8.47226245283618
1219657,3.0880750652145252
1219658,0.7496867552755779
1219769,13.373992685617134
1219770,16.13383079739768
1219771,16.222921163439832
1219772,15.65834396780411
1219773,14.673701069458053
1219774,14.012398697172895
1219775,13.938040181361107
1219776,15.053362719337047
1219777,16.782667136912696
1219778,16.479645740713735
1219779,14.50370346515741
1219780,13.900477563822038
1219781,14.927727154825803
1219782,15.59299018559558
1219783,13.360747408741407
1219784,7.737147835004932
1219785,2.7258239989407063
1219786,0.6178617758094401
1219897,10.099593663820222
1219898,12.623718949378118
1219899,13.14353309523682
1219900,12.913639884832842
1219901,11.945727272974306
1219902,10.811041422492924
1219903,10.227276557778264
1219904,10.897618532028723
1219905,12.157160155934262
1219906,12.15106121116679
1219907,10.4993071310241
1219908,10.056760859815741
1219909,11.362024541392257
1219910,11.927802300055216
1219911,9.515687284816215
1219912,5.082467669457641
1219913,1.8447934317130985
1219914,0.4112742632783086
1220025,6.891607235163032
1220026,8.634585176496392
1220027,8.5419576135707
1220028,8.438084642338463
1220029,8.076906595980276
1220030,7.2986453808930865
1220031,6.699269698353745
1220032,6.582312423166747
1220033,7.116757573890219
1220034,7.619029688996598
1220035,7.368026374742804
1220036,6.786722657100934
1220037,6.2553663744528505
1220038,5.622050681106862
1220039,3.9544688481988666
1220040,2.171424525738959
1220041,0.801258783213188
1220042,0.18460468224028415
1220153,5.832297095069088
1220154,7.172074643808933
1220155,7.128356353688528
1220156,7.142075838699443
1220157,7.088099907731409
1220158,6.705468529836687
1220159,6.082356578141832
1220160,5.797992140698327
1220161,5.836414556897256
1220162,6.298892326508272
1220163,6.129284675548904
1220164,4.916966200938819
1220165,3.080793342597302
1220166,1.810416649261555
1220167,1.0155509187095295
1220168,0.5499354541453669
1220169,0.18504937596574797
1220170,0.116030933718706
1220281,3.5068995908882554
1220282,4.141470047122077
1220283,4.2740563898988935
1220284,4.668804103631562
1220285,5.280926276145871
1220286,5.916790781111697
1220287,5.960464485150466
1220288,5.505784624427338
1220289,4.674798747759441
1220290,4.291980893087357
1220291,4.24425887811901
1220292,3.846424160268138
1220293,2.995203304865773
1220294,1.9115890777355877
1220295,1.0642780984257065
1220296,0.48497372920619297
1220297,0.2521146015641085
1220298,0.07307199630998057
1220409,1.4230111441275155
1220410,1.350990811463251
1220411,1.2971255476589092
1220412,1.5990715856109807
1220413,2.4977874417695527
1220414,3.5693283333798913
1220415,4.195908872736124
1220416,3.8367936579116235
1220417,2.609385939906601
1220418,1.923161522309847
1220419,2.119143459820476
1220420,2.556467054792448
1220421,3.1301278858708574
1220422,3.4946260872856403
1220423,3.1415796267206675
1220424,1.8911869872410887
1220425,0.6576063858744094
1220426,0.15943735712452728
1220537,0.6042034974556464
1220538,0.5403696109990155
1220539,0.5772757474684468
1220540,0.5474592308161225
1220541,0.7923584254627801
1220542,1.295984411847786
1220543,1.8562703894565553
1220544,1.79610759754136
1220545,1.1743397662860457
1220546,0.7061618189349905
1220547,0.6121627503710656
1220548,0.8713888743758197
1220549,1.710734079183971
1220550,3.1816038369668664
1220551,3.6587967891839184
1220552,2.254494377735538
1220553,0.8147930971753534
1220554,0.16487859881286882
1220665,0.5423143177862879
1220666,0.48234231669244515
1220667,0.3688836562498055
1220668,0.26973416168230707
1220669,0.29532678748438423
1220670,0.3487413190587033
1220671,0.45819102079874446
1220672,0.4517986425577979
1220673,0.37210125401712585
1220674,0.26823148917804607
1220675,0.23549738810881096
1220676,0.2602118638092409
1220677,0.4661359698496983
1220678,0.8331117550487709
1220679,0.9950839746040163
1220680,0.6568201658098268
1220681,0.265293111841203
1220682,0.07891225497247857
1220686,7.956269043226181e-05
1220687,1.1325017381496437e-05
1220688,0.01098334310837509
1220690,5.12051473018502e-06
1220691,9.199551625255667e-05
1220692,1.5463456409039754e-05
1220793,0.4961703881065242
1220794,0.6386717478551054
1220795,0.625007167447398
1220796,0.5491468165042531
1220797,0.44797552043373595
1220798,0.5015375332689527
1220799,0.40657020546415873
1220800,0.3420000189301818
1220801,0.24120729392143328
1220802,0.2656294999813791
1220803,0.21879730280724272
1220804,0.20586227932161377
1220805,0.25750598715775413
1220806,0.23757592655919507
1220807,0.20328243646476704
1220808,0.13720236162296187
1220809,0.11159502652892418
1220810,0.027131048815723164
1220814,0.011806066810183178
1220815,0.002776397635912041
1220816,0.00942780448229448
1220817,0.002845428338595769
1220921,1.378501802689155
1220922,1.9070451009768155
1220923,1.9112844725749443
1220924,1.5647676099570014
1220925,1.6488204940625548
1220926,1.810556459493377
1220927,1.6672308112913161
1220928,1.4422997331581136
1220929,1.2748461903176864
1220930,1.1791976948503262
1220931,1.2487362569798865
1220932,1.2590707652723823
1220933,1.1239502837724116
1220934,0.9006840695827979
1220935,0.5735875451095495
1220936,0.24402409331592156
1220937,0.10609595166838244
1220938,0.024898342187759784
1220946,8.93804120175529e-05
1220947,9.966180927360307e-05
1221049,3.541136672864382
1221050,3.964404917431395
1221051,3.5797178729033408
1221052,3.3068830342634863
1221053,3.6251373288393314
1221054,4.167085618062967
1221055,4.135455034343077
1221056,3.8632014640894177
1221057,3.5619681387421456
1221058,3.4789438033370335
1221059,3.5583231703525695
1221060,3.5543613912489254
1221061,3.165297346159567
1221062,2.2915921421866314
1221063,1.311592166679969
1221064,0.5692213699353492
1221065,0.1707584484052091
1221066,0.04527051185269953
1221177,5.272476837827331
1221178,5.795511935927038
1221179,4.896369948976635
1221180,4.1694913889163665
1221181,4.157494214525157
1221182,4.322132415082102
1221183,3.619910301942618
1221184,2.923181570829986
1221185,2.5792920907195542
1221186,2.7012835443248315
1221187,2.902356164885544
1221188,2.8402662464409847
1221189,2.4332331804896135
1221190,1.6747548282062399
1221191,0.9304197523974229
1221192,0.42780147123249923
1221193,0.15224494741721004
1221194,0.03230658056946369
1221305,4.056631910140418
1221306,5.32090769904377
1221307,5.068978231971777
1221308,3.8791156689484527
1221309,3.1007217581270257
1221310,2.7566864904224238
1221311,2.3726685947590775
1221312,1.8453860495435672
1221313,1.6503745350427008
1221314,2.2478728813565065
1221315,2.977718930435221
1221316,2.645181430586615
1221317,1.5554916508776147
1221318,0.7725339693944901
1221319,0.3656904335889498
1221320,0.13514454949388507
1221321,0.09376806131454882
1221322,0.02525784215519477
1221433,4.442200324071603
1221434,6.479164212372298
1221435,6.958152845888891
1221436,5.418339856471841
1221437,4.360726811421532
1221438,4.654483765109683
1221439,5.29014767434247
1221440,5.207065779491121
1221441,4.391696417252339
1221442,5.001295834141855
1221443,6.251761975148037
1221444,5.417630233594896
1221445,3.410091876499044
1221446,1.824074932622244
1221447,0.8155721311798791
1221448,0.27433565646821295
1221449,0.13148167547487405
1221450,0.027665512790098074
1221561,7.046746750631011
1221562,8.9484277113688
1221563,9.792091192731084
1221564,9.023815632763021
1221565,7.718377180690822
1221566,7.560582208173707
1221567,8.615538735741877
1221568,9.274996037899054
1221569,9.612500458242135
1221570,10.468897922562112
1221571,11.670037451664527
1221572,10.845177105059738
1221573,8.410809448427674
1221574,5.606057858998632
1221575,2.6912220209432847
1221576,1.0417073354678144
1221577,0.3115034742142078
1221578,0.08079879577233902
1221689,8.662358547696101
1221690,10.571259424116286
1221691,12.169199547480039
1221692,12.788662690097462
1221693,11.357977372744541
1221694,9.691903618725565
1221695,9.879629005237664
1221696,10.955861683430067
1221697,11.985618421788446
1221698,13.180533887849792
1221699,14.357397887906206
1221700,14.044757101366832
1221701,12.179395969812104
1221702,9.210429828148632
1221703,5.338716421842042
1221704,2.3023425023895627
1221705,0.7039992037714763
1221706,0.15826947723734353
1221817,8.843363535207938
1221818,11.309983133581742
1221819,13.79914245632382
1221820,14.534882715730147
1221821,12.79266950963042
1221822,10.033623260045383
1221823,8.591709287076633
1221824,9.128741675248014
1221825,10.710660647228678
1221826,11.606629028439915
1221827,12.316409031608968
1221828,12.277801507496108
1221829,11.252433868059047
1221830,9.449098816697521
1221831,6.642877752906388
1221832,3.3846547710881723
1221833,1.143580998011246
1221834,0.2937300220164699
1221945,7.571591193156039
1221946,9.903259346589929
1221947,11.638584030336336
1221948,12.079363453815333
1221949,10.810840856997915
1221950,8.947094519007589
1221951,7.381325878523435
1221952,7.024834206913625
1221953,7.791034028504989
1221954,8.816166158490338
1221955,9.926377659579305
1221956,9.962615577823305
1221957,9.158877889984161
1221958,8.242460644350553
1221959,6.636430040533547
1221960,3.782964038590388
1221961,1.4564005938104518
1221962,0.33060813683276447
1235769,12.715868226215731
1235770,12.776853343771348
1235771,11.917003447549657
1235772,10.739621477110411
1235773,10.412345681077126
1235774,11.354117967927728
1235775,12.526742160904051
1235776,14.131486295174318
1235777,15.56841508644336
1235778,16.24529666320203
1235779,16.045440400696442
1235780,15.852870923672404
1235781,16.04920835715127
1235782,16.27682721718492
1235783,14.401999551922808
1235784,8.831077984482432
1235785,3.4198432102523046
1235786,0.8805413761990236
1235897,12.281291448160564
1235898,12.982460191849656
1235899,12.205952618133374
1235900,11.120967288386678
1235901,10.839174721060207
1235902,11.002042461755059
1235903,11.710010958559362
1235904,13.162881092635816
1235905,14.685313773640589
1235906,15.30971588073681
1235907,14.799082119926638
1235908,14.357336308887026
1235909,14.998193079464158
1235910,15.563969770611594
1235911,14.067781140897296
1235912,8.633122758888371
1235913,3.356942695327477
1235914,0.8727275076920394
1236025,12.752592318347386
1236026,14.96496203994511
1236027,15.04990903564824
1236028,14.428324594775148
1236029,13.845767426153142
1236030,13.407225233556801
1236031,13.48264991630232
1236032,14.531167105468919
1236033,16.091695317465952
1236034,15.820483754197644
1236035,14.028594458596432
1236036,13.170268509290292
1236037,13.599079339183255
1236038,14.140917296756045
1236039,12.74022187187878
1236040,7.7820399869005215
1236041,2.8391275644311795
1236042,0.6740970897483032
1236153,10.752767376036804
1236154,13.500164929085857
1236155,14.072482194895683
1236156,13.88165554536806
1236157,12.859573164318817
1236158,11.789276057281494
1236159,11.332868440823432
1236160,12.161975397613137
1236161,13.463775883517895
1236162,13.208108788689563
1236163,11.297956305858415
1236164,10.68806482506859
1236165,11.619772888927743
1236166,12.059952886949707
1236167,10.060139553681344
1236168,5.6139952453086215
1236169,1.9793376916096919
1236170,0.48016485018296523
1236281,7.104397531012433
1236282,9.1472477667601
1236283,9.411925710461036
1236284,9.346047796558256
1236285,8.77566489916128
1236286,7.68442530527922
1236287,7.139116216190573
1236288,7.4112799776133125
1236289,8.219448127960232
1236290,8.495981688955485
1236291,8.019171519359173
1236292,7.643130095639614
1236293,7.874948604407981
1236294,7.321456572981373
1236295,5.1150994464921835
1236296,2.5285696887929974
1236297,0.9048793804575493
1236298,0.23425357631649443
1236409,5.249380582186506
1236410,6.526276773507644
1236411,6.298487664651226
1236412,6.213558028861101
1236413,5.9021042617371
1236414,5.399214799790323
1236415,4.82008970967625
1236416,4.615946729114659
1236417,4.802456125294734
1236418,5.5045183241608715
1236419,5.779145349095272
1236420,5.07522196097272
1236421,3.811954223179876
1236422,2.716305766758045
1236423,1.64549306196905
1236424,0.74476929383041
1236425,0.2933729754481393
1236426,0.10755200359293647
1236537,4.5193983236167306
1236538,5.70003846345883
1236539,5.860933238579572
1236540,5.874910057793853
1236541,5.768998318104996
1236542,5.535169630285462
1236543,5.35166418798392
1236544,5.040544823625633
1236545,5.010231554279329
1236546,5.117203136227215
1236547,4.922766862772515
1236548,3.7408980153249045
1236549,2.1824707241764525
1236550,1.028195083779532
1236551,0.5459865391221806
1236552,0.24742271740506858
1236553,0.0423403199434397
1236554,0.03632136993932974
1236665,3.1263202024086665
1236666,3.5515472126196417
1236667,3.799264155629124
1236668,4.1481606149891395
1236669,4.747624871074192
1236670,5.470144846660254
1236671,5.565151458558206
1236672,5.185631839071969
1236673,4.362950482543364
1236674,3.894026610316937
1236675,3.7941453576136728
1236676,3.4665392001391213
1236677,2.7829506167205933
1236678,1.823120541244631
1236679,1.0092621901910506
1236680,0.4975326318337069
1236681,0.19207286122312656
1236682,0.07987029717530006
1236793,1.2705817541856212
1236794,1.2433037109472367
1236795,1.172377140388977
1236796,1.4515204942316633
1236797,2.3624222493814093
1236798,3.386688239763997
1236799,3.8460772214506664
1236800,3.4273795036637438
1236801,2.334047700224155
1236802,1.7427068143535958
1236803,1.878518696858004
1236804,2.329611621902748
1236805,2.872245986927278
1236806,3.3462712879529906
1236807,3.0575288537121024
1236808,1.8214852967586403
1236809,0.6702361916412841
1236810,0.17474894684048078
1236921,0.5709322896598349
1236922,0.5716464229637382
1236923,0.49955249388954787
1236924,0.5397654304782223
1236925,0.7585268339861305
1236926,1.1920409018872482
1236927,1.6393467260137706
1236928,1.6483173836024654
1236929,1.0248901774070847
1236930,0.6423734415249351
1236931,0.5923939779644901
1236932,0.7837505725217088
1236933,1.5521856969487025
1236934,2.9801724316673877
1236935,3.567502612034784
1236936,2.1942511810853893
1236937,0.7933621263479262
1236938,0.1868588662429689
1237049,0.5128847047160174
1237050,0.4783152323971205
1237051,0.335387600497769
1237052,0.3318040214842276
1237053,0.27329193667888263
1237054,0.36253774344026113
1237055,0.48377879575734967
1237056,0.44809860497695886
1237057,0.36538895205035976
1237058,0.22012038652177854
1237059,0.23923072631254694
1237060,0.2234925197733704
1237061,0.442622459374254
1237062,0.8169848133479758
1237063,0.9341726637279304
1237064,0.6403516308653067
1237065,0.27137004347360977
1237066,0.08826098902104643
1237074,2.584125847185027e-06
1237177,0.48749534026139096
1237178,0.634116855515103
1237179,0.5787784668501926
1237180,0.4791491750068524
1237181,0.45368263371657835
1237182,0.4671497856350569
1237183,0.413573955431427
1237184,0.2922565488104283
1237185,0.24211997197236865
1237186,0.19827978680276742
1237187,0.23712819473519517
1237188,0.2323165432252969
1237189,0.24261245515368718
1237190,0.22702670779752376
1237191,0.20400760569839063
1237192,0.14592003585547683
1237193,0.08895828429308623
1237194,0.041307422685351834
1237202,1.4129017997584613e-05
1237305,1.2657173128083674
1237306,1.7665314071756792
1237307,1.7385933196498335
1237308,1.4569355034719151
1237309,1.5233628797702508
1237310,1.7703280494060363
1237311,1.5745363206156253
1237312,1.3160011036677879
1237313,1.1927487793765439
1237314,1.1297382468358277
1237315,1.147749189079005
1237316,1.189026511313081
1237317,1.1011855099937229
1237318,0.8575244937622054
1237319,0.5440103507042519
1237320,0.2744075907113857
1237321,0.08232224157891986
1237322,0.029912238485902392
1237433,2.9947766127719193
1237434,3.4070972214166395
1237435,3.2087720163685116
1237436,2.9760379064848026
1237437,3.25922513752217
1237438,3.676125052285699
1237439,3.8159366776241646
1237440,3.6672160638679796
1237441,3.3984069472081058
1237442,3.294019800186995
1237443,3.3399766076201343
1237444,3.3483350499385995
1237445,3.0878839725868112
1237446,2.223316610305531
1237447,1.2887014893352067
1237448,0.5826688663066087
1237449,0.16273264770451057
1237450,0.043788512932872746
1237561,4.691127530232868
1237562,5.068541708786301
1237563,4.23407021640353
1237564,3.746755247887904
1237565,3.713776528222934
1237566,3.8797287085949237
1237567,3.3262224247871885
1237568,2.6543553490388336
1237569,2.391019412359218
1237570,2.3524853869301534
1237571,2.4406883155320234
1237572,2.4254154795070266
1237573,2.183644759774648
1237574,1.5780582950097466
1237575,0.9340188763197294
1237576,0.4366233694235087
1237577,0.1487899832110403
1237578,0.028802468060298046
1237689,3.634064471991036
1237690,4.1954439782896635
1237691,3.5483416901645026
1237692,2.852585707459762
1237693,2.5791625773885514
1237694,2.520305870678291
1237695,1.925750351365163
1237696,1.1829998295452402
1237697,1.0016799281109912
1237698,1.1534144375645696
1237699,1.3464629539460995
1237700,1.325768150151815
1237701,0.9408550722582157
1237702,0.5922926921311922
1237703,0.3489461465475693
1237704,0.12450756033179997
1237705,0.03813382953913037
1237706,0.02390273871221225
1237817,2.610970475362425
1237818,4.112675858599505
1237819,4.348392136173727
1237820,3.1849428764018652
1237821,2.615566925757766
1237822,2.904676983444891
1237823,3.386313813347041
1237824,3.1375309241464384
1237825,2.3862806059643993
1237826,2.6233275176752535
1237827,3.4807437865754824
1237828,3.06026999217901
1237829,1.8089137727492242
1237830,0.9188639096512273
1237831,0.3715053981362262
1237832,0.11734057494538788
1237833,0.03306324149996466
1237834,0.012351895909948974
1237945,4.695363554369192
1237946,6.859821585215002
1237947,7.498557097950797
1237948,6.0437361518548025
1237949,5.12352646195088
1237950,5.663150612545904
1237951,6.855022096989393
1237952,7.306297644893627
1237953,6.73083868551697
1237954,7.376988984584379
1237955,8.577114194413303
1237956,7.822091720768349
1237957,5.6517357782390905
1237958,3.3990234086286035
1237959,1.5117285869580424
1237960,0.48039309992190427
1237961,0.11183142796482831
1237962,0.060060960476762904
1238073,7.352446685791638
1238074,9.257826331753394
1238075,10.574057765880038
1238076,10.461060840618309
1238077,9.096462081491792
1238078,8.32552220377337
1238079,9.168267102703352
1238080,10.272503469547516
1238081,10.944173596250467
1238082,12.10488378159107
1238083,13.28607848036336
1238084,12.538779287534856
1238085,10.16836122986088
1238086,7.006878221744102
1238087,3.4555539093730396
1238088,1.2412981185379253
1238089,0.3639077828345621
1238090,0.10798219539637316
1238201,8.701099566289669
1238202,10.846509773953471
1238203,13.0106427641298
1238204,13.960672908291457
1238205,12.22137595294581
1238206,9.554996113990812
1238207,8.92821054355953
1238208,9.79437484747782
1238209,11.17984642746625
1238210,12.197057241524137
1238211,12.826421956453396
1238212,12.526080742518678
1238213,10.907975535990774
1238214,8.42917829850906
1238215,5.162967635586447
1238216,2.459622621465364
1238217,0.8382796195319274
1238218,0.2225921367007965
1238329,8.282597850198936
1238330,10.454429761886773
1238331,12.562737676323543
1238332,12.977313191701798
1238333,11.313953138756018
1238334,8.725993748264932
1238335,7.122080459298966
1238336,7.317600615703375
1238337,8.842558245946796
1238338,9.5938430859862
1238339,10.183305877832904
1238340,10.147428048378993
1238341,9.292751083316858
1238342,8.028260967938408
1238343,6.0984897599156085
1238344,3.3912228619853546
1238345,1.2579293014409922
1238346,0.3133901518161422
1252153,11.399979826934688
1252154,11.689105705941344
1252155,10.713939764408087
1252156,9.713281551726514
1252157,9.50845371740363
1252158,9.86979259926914
1252159,10.52989942445446
1252160,11.748788985618672
1252161,13.363456909594628
1252162,13.991582621969577
1252163,13.64682818523858
1252164,13.5528476240193
1252165,14.27085093717946
1252166,14.953396227955652
1252167,13.751824144996219
1252168,8.680878954563372
1252169,3.393395522239327
1252170,0.9490305285183127
1252281,11.089396164522471
1252282,12.48560825280815
1252283,12.35960320743894
1252284,11.564523058099441
1252285,11.122376891359632
1252286,10.936199632355866
1252287,11.09617114208607
1252288,12.251887523401033
1252289,13.533052122656725
1252290,13.5901060865364
1252291,12.279556334437343
1252292,11.538968974251125
1252293,12.579020785164019
1252294,13.366559750930572
1252295,12.677322244687884
1252296,7.92836658265124
1252297,2.960705999949415
1252298,0.7838682985053305
1252409,10.672407975858404
1252410,13.526148962122495
1252411,14.09327132172758
1252412,13.798849363878848
1252413,13.095904642787206
1252414,12.470053736807712
1252415,12.046814213407531
1252416,12.800525678479733
1252417,13.9160903380533
1252418,13.306808892067894
1252419,11.387772123847602
1252420,10.425665141377584
1252421,10.743302731666581
1252422,11.106634773167176
1252423,10.018485247197438
1252424,5.975127586646259
1252425,2.3497695266691445
1252426,0.5948734815622482
1252537,7.7393673653425665
1252538,10.128557175991325
1252539,10.795666011811903
1252540,10.674210235767358
1252541,9.983380447925892
1252542,8.889868663580392
1252543,8.327741286330848
1252544,8.672908107108128
1252545,9.49953725309917
1252546,9.642025125953985
1252547,8.93611845804471
1252548,8.379991970687104
1252549,8.5814046499295
1252550,8.115092543047437
1252551,5.834674230067908
1252552,3.126939074136308
1252553,1.198660331629523
1252554,0.34834974871557123
1252665,5.445029690409189
1252666,7.1795540673052205
1252667,7.136766343756696
1252668,7.173929820332417
1252669,6.80009828535451
1252670,5.865408061339939
1252671,5.2274525339962645
1252672,5.1756383887590545
1252673,5.648812862908973
1252674,6.401294396258076
1252675,6.658737203388324
1252676,6.055531746027747
1252677,5.58032412677254
1252678,4.4636868870396444
1252679,2.4087754367945733
1252680,1.0490648428104652
1252681,0.39892359975664404
1252682,0.0758999146955773
1252793,4.2766566290769115
1252794,5.430187473109546
1252795,5.046264154125289
1252796,4.8768805661690475
1252797,4.720652599602941
1252798,4.44595602375883
1252799,4.042621294584288
1252800,3.7271461020524423
1252801,3.72619529335576
1252802,4.4425896348029745
1252803,4.787618686312504
1252804,3.8892688013678107
1252805,2.5924413098087564
1252806,1.498343485113015
1252807,0.6817064667758475
1252808,0.27149121204221965
1252809,0.13716891162761116
1252810,0.032792604080595235
1252921,3.7438805093213414
1252922,4.643583250501745
1252923,4.887889466755907
1252924,4.991264484318424
1252925,4.910143320564497
1252926,4.874787657191396
1252927,4.812334540022104
1252928,4.69123338361808
1252929,4.401762915256327
1252930,4.337414435294124
1252931,4.016015920865137
1252932,3.0424792268771244
1252933,1.7278784211816813
1252934,0.7968150555228339
1252935,0.3369597991054382
1252936,0.12463266732096587
1252937,0.05983090163634355
1252938,0.02093572909433156
1253049,2.899466319517476
1253050,3.2714920251111987
1253051,3.4832695261277813
1253052,3.805200230027594
1253053,4.4374600970527025
1253054,5.079045145654379
1253055,5.3021863935416205
1253056,4.815109383396117
1253057,4.050184026823886
1253058,3.6236866220595534
1253059,3.491832746001935
1253060,3.284144985844907
1253061,2.6486662371317866
1253062,1.8277937192727398
1253063,1.0086309111841776
1253064,0.48017579754180717
1253065,0.1924121296300702
1253066,0.05230635038016322
1253177,1.2270189226508963
1253178,1.1550587315560226
1253179,1.1030093436698185
1253180,1.3692181154376526
1253181,2.202538313586422
1253182,3.1106167743544013
1253183,3.5540982367288767
1253184,3.108972070198296
1253185,2.1005463504680346
1253186,1.5605957883182464
1253187,1.8134072229620337
1253188,2.211850094827691
1253189,2.7774164410550317
1253190,3.2654509476893687
1253191,3.042449816473748
1253192,1.8477468606205731
1253193,0.6633027010387562
1253194,0.1386094865693717
1253305,0.6004910378998611
1253306,0.5289455895301641
1253307,0.46435071863364874
1253308,0.4642024691945386
1253309,0.7198529293966243
1253310,1.1409525090690809
1253311,1.5606320652417218
1253312,1.5025052326291137
1253313,1.0152924133636545
1253314,0.5734640678512849
1253315,0.51495727016457
1253316,0.7516183683321115
1253317,1.5005774529336813
1253318,2.860114411733348
1253319,3.467959804898686
1253320,2.2440210002708656
1253321,0.8171450024977445
1253322,0.1888077286819053
1253433,0.5124692363033584
1253434,0.44640948801263125
1253435,0.35485981597706845
1253436,0.2469035813403293
1253437,0.26371295612100043
1253438,0.3096647221745095
1253439,0.46168334938365174
1253440,0.4547174875682537
1253441,0.3368911944808751
1253442,0.21258090090150664
1253443,0.19253961784180854
1253444,0.2212521137318779
1253445,0.40181507209652856
1253446,0.7826991836250146
1253447,0.9104569531996366
1253448,0.6362555856580864
1253449,0.26511228092157796
1253450,0.07209907078633628
1253561,0.4680900467444353
1253562,0.5858391908590943
1253563,0.565687101774315
1253564,0.47518446876713616
1253565,0.4479548805780031
1253566,0.45075428311373716
1253567,0.37399772838036877
1253568,0.29415178155000965
1253569,0.1819582047222429
1253570,0.2164380739597636
1253571,0.21353901374386788
1253572,0.21654411315400687
1253573,0.18699065495390998
1253574,0.20702363290427173
1253575,0.2081650138918171
1253576,0.1182822744553521
1253577,0.07805630668716239
1253578,0.029405506165213226
1253689,1.2137729197979021
1253690,1.6708281555115316
1253691,1.6727458293632025
1253692,1.4494116085476176
1253693,1.468176596764079
1253694,1.6488222996961357
1253695,1.5110599745598294
1253696,1.2890464570084674
1253697,1.1542809445326176
1253698,1.076034452885152
1253699,1.120787167978609
1253700,1.1267775585215278
1253701,1.0607000076951865
1253702,0.7996011943232786
1253703,0.5258554152712245
1253704,0.23216173520607455
1253705,0.12075336097972936
1253706,0.02803333256703453
1253817,2.714561920489756
1253818,3.043184098687969
1253819,2.962655813305541
1253820,2.8143052927531005
1253821,3.047521915945591
1253822,3.3929410458392266
1253823,3.5524651069251134
1253824,3.4921495504796463
1253825,3.291097355537182
1253826,3.140611457793843
1253827,3.1999231491675197
1253828,3.232185446065899
1253829,2.945642082172814
1253830,2.14398290794499
1253831,1.2245616223786358
1253832,0.5300220529157139
1253833,0.1894806902210969
1253834,0.04444295477137112
1253945,3.967843968385903
1253946,4.365001435354495
1253947,3.8200130970714774
1253948,3.449803927426254
1253949,3.363099225428563
1253950,3.270758562918665
1253951,2.951536533782828
1253952,2.4998181931485277
1253953,2.293525783233671
1253954,2.1925975972347715
1253955,2.244334287520964
1253956,2.2762311533056754
1253957,2.0921261959894184
1253958,1.5412856077251789
1253959,0.900230763690705
1253960,0.4055043037071613
1253961,0.16188559603321154
1253962,0.031100334521810307
1254073,3.7912024842286294
1254074,4.104667190410265
1254075,3.100378397416831
1254076,2.5087614770299917
1254077,2.4391671187344484
1254078,2.5584532994040288
1254079,1.7736271266396721
1254080,0.973979916678894
1254081,0.6448654950599435
1254082,0.6775886736104777
1254083,0.7373661688906814
1254084,0.7443241310013392
1254085,0.6206122605973424
1254086,0.47314642014606867
1254087,0.274724751567967
1254088,0.1503093960584137
1254089,0.07121937906115054
1254090,0.031512683600348056
1254201,1.8068100362918456
1254202,2.4741273912172823
1254203,2.488202850148118
1254204,1.8560972032566108
1254205,1.6972250500950117
1254206,1.9041487293649937
1254207,2.123907284097509
1254208,1.773441619334004
1254209,1.1911286908882286
1254210,1.1568944300980715
1254211,1.424168732974487
1254212,1.3962591012441905
1254213,0.7926846119945461
1254214,0.42754634040417283
1254215,0.19459191176069243
1254216,0.10322657221967872
1254217,0.045317763023133305
1254218,0.02563720899496095
1254329,2.773814994125275
1254330,4.645221555519186
1254331,5.173806980132064
1254332,3.759095755148572
1254333,3.234072206460144
1254334,4.013977484685288
1254335,5.326130750122794
1254336,5.387042337579827
1254337,4.321490167433335
1254338,4.398012509082859
1254339,5.318699093579826
1254340,4.921601604727261
1254341,3.358389381830487
1254342,1.911540523951554
1254343,0.8912868620601286
1254344,0.25735413258508494
1254345,0.08616418043022425
1254346,0.027837078187351802
1254457,5.194427460090806
1254458,7.464276004458447
1254459,8.327787353297488
1254460,7.363391915622841
1254461,6.38296642663088
1254462,6.5854346948889795
1254463,7.956673199274498
1254464,8.870169012120726
1254465,9.167008680461862
1254466,10.033626060000985
1254467,11.273906263571838
1254468,10.662901087057687
1254469,8.168640718743546
1254470,5.297992561633496
1254471,2.285733056967496
1254472,0.5756109450379239
1254473,0.17028057766885143
1254474,0.05432343940972339
1254585,7.547836343624763
1254586,9.721376058565376
1254587,11.621210490697212
1254588,12.288153972382231
1254589,10.762667412955196
1254590,8.851881385652517
1254591,8.899102053921993
1254592,9.998279821630424
1254593,10.988517026224637
1254594,12.097674841014168
1254595,12.921079675314013
1254596,12.283728868936615
1254597,10.008590779102002
1254598,6.926227636961203
1254599,3.428547912455259
1254600,1.3530257428931305
1254601,0.475694744851845
1254602,0.12356107025500658
1254713,8.391535088313974
1254714,10.671718667156249
1254715,12.964366247330025
1254716,13.608966625485031
1254717,11.622797185348624
1254718,8.67410051768464
1254719,7.255535514836168
1254720,7.94394350955965
1254721,9.595354762057406
1254722,10.253344394868302
1254723,10.523800978015602
1254724,10.122124909639464
1254725,8.78999370843049
1254726,7.01579112136799
1254727,4.78865819923387
1254728,2.5683363665912355
1254729,0.9121371946024132
1254730,0.24612420133667337
1268537,9.914866341679655
1268538,10.703279971429296
1268539,10.133508700493508
1268540,9.370029416244146
1268541,8.916514056261306
1268542,8.932640535851956
1268543,9.23044693767262
1268544,10.357264562900719
1268545,11.755824519636983
1268546,12.075809634334172
1268547,10.92890569022527
1268548,10.559880175891942
1268549,11.668308752525293
1268550,12.962222620485909
1268551,12.466683244535288
1268552,8.098357415650508
1268553,3.2638073416404487
1268554,0.898423238082721
1268665,9.778716295720912
1268666,12.017400667056851
1268667,12.451781780003861
1268668,11.923131995726294
1268669,11.46748363198672
1268670,11.095941091979915
1268671,10.902506895899116
1268672,11.56926250417493
1268673,12.694559086580496
1268674,12.310541953981463
1268675,9.980923786102242
1268676,9.17041713041168
1268677,9.592307170077806
1268678,10.44537970224336
1268679,9.964568695462523
1268680,6.437426512104146
1268681,2.556835004353817
1268682,0.6455518896324987
1268793,8.069715714282506
1268794,10.791711688507508
1268795,11.489083572998764
1268796,11.478448759516148
1268797,10.772769988363128
1268798,9.928959355452209
1268799,9.445635058335528
1268800,9.851984673763683
1268801,10.582155273763123
1268802,10.46190714420651
1268803,9.357154973254703
1268804,8.49845770448139
1268805,8.177216772600552
1268806,7.6418850916906536
1268807,5.970905592175836
1268808,3.470333929812566
1268809,1.3722668902435138
1268810,0.3636884453159038
1268921,5.76186385875769
1268922,8.032889756256681
1268923,8.402258783632844
1268924,8.421085501412453
1268925,7.775547193817445
1268926,6.784136354279747
1268927,6.161225102337195
1268928,6.211657606361018
1268929,6.889084224543335
1268930,7.40265891706662
1268931,7.527584269027464
1268932,7.112682696696513
1268933,6.668325459016584
1268934,5.4997587646944766
1268935,3.052729065636189
1268936,1.3154838868619816
1268937,0.42790778457075523
1268938,0.20847676660276604
1269049,4.754394381677038
1269050,6.220948326832845
1269051,5.982991913564878
1269052,5.861605836450142
1269053,5.718971450467637
1269054,4.974675463338497
1269055,4.358575127127628
1269056,4.164490095801431
1269057,4.4015333400665035
1269058,5.465339496123836
1269059,5.75612062391838
1269060,5.241649877866112
1269061,4.128784271384443
1269062,2.9496169156935768
1269063,1.2873955391134664
1269064,0.48019592679400747
1269065,0.1594441719775896
1269066,0.104886986752586
1269177,3.354625732829786
1269178,4.201290466446184
1269179,3.9387098081601355
1269180,3.758075576380224
1269181,3.756666978914333
1269182,3.567020127764581
1269183,3.382084958943606
1269184,3.059861655427031
1269185,3.0954515836912515
1269186,3.49711805480636
1269187,3.5728969651075477
1269188,2.815276103598681
1269189,1.7051106805506255
1269190,0.8066018701175124
1269191,0.26392461882789436
1269192,0.19158218076048433
1269193,0.08425559600484042
1269194,0.0775704867354821
1269305,3.208760228013444
1269306,3.9550924829058736
1269307,4.3178933874865555
1269308,4.379444461796814
1269309,4.365976033441248
1269310,4.430831772697361
1269311,4.539055281259567
1269312,4.48615817961786
1269313,4.193507685989985
1269314,3.9729822778621346
1269315,3.508435866595008
1269316,2.5779246612349906
1269317,1.5416083218787866
1269318,0.6336127678815512
1269319,0.3071180669086724
1269320,0.08517425664765448
1269321,0.058217271991992545
1269322,0.049402493365465434
1269433,2.7096131275149764
1269434,3.027248569295343
1269435,3.230965292802157
1269436,3.5486299612703607
1269437,4.163680131944258
1269438,4.820885992980438
1269439,4.896926505541819
1269440,4.484816793095211
1269441,3.7264583569218526
1269442,3.334894590798828
1269443,3.340702751333403
1269444,3.1364388527219154
1269445,2.644793885389266
1269446,1.797789240664924
1269447,1.0111275422981345
1269448,0.4654485388100653
1269449,0.1847810968805408
1269450,0.06577736365430534
1269561,1.1531504806681212
1269562,1.1167721237962163
1269563,1.0692726765097549
1269564,1.3547410981519918
1269565,2.064713466313011
1269566,2.902600545276262
1269567,3.245692528902396
1269568,2.832936463189405
1269569,1.8912385328813084
1269570,1.4757926896552493
1269571,1.6789651213777268
1269572,2.0777088590826245
1269573,2.6889607067693064
1269574,3.1265214731932844
1269575,2.9939811422363314
1269576,1.8601386022806192
1269577,0.690513894582726
1269578,0.1696308029601929
1269689,0.4999453648180427
1269690,0.4522846553483436
1269691,0.41427386869926885
1269692,0.4714288957946269
1269693,0.6757675920307785
1269694,1.0883231886415485
1269695,1.4543232363178262
1269696,1.4420084079651032
1269697,0.9333463344694936
1269698,0.558540116532636
1269699,0.4797764778755382
1269700,0.7283450139319472
1269701,1.3977189647702903
1269702,2.6578383362014253
1269703,3.3144217970589214
1269704,2.186679540566095
1269705,0.8068398625845464
1269706,0.19030660530635607
1269817,0.4602221412041973
1269818,0.4231729258370495
1269819,0.346897018993035
1269820,0.23551240671688103
1269821,0.2582104249482841
1269822,0.3633645941044769
1269823,0.42096534115056644
1269824,0.42176123204373633
1269825,0.33179141392764644
1269826,0.23749977535035596
1269827,0.16477921329053247
1269828,0.24482611142389707
1269829,0.38760635186861675
1269830,0.7011798415964134
1269831,0.8962978898519829
1269832,0.6319629401529256
1269833,0.2663818559199302
1269834,0.07509262535089976
1269945,0.45092037582078176
1269946,0.5469789238284036
1269947,0.5742639580097862
1269948,0.425696318681746
1269949,0.42729947765671794
1269950,0.45040558294764743
1269951,0.35258750911292747
1269952,0.2427106143854645
1269953,0.2500271072215584
1269954,0.1451234048840352
1269955,0.174375860210955
1269956,0.20991312281476407
1269957,0.21039709015576405
1269958,0.20654690019257888
1269959,0.15218856588611684
1269960,0.1135291156394234
1269961,0.040453074718134044
1269962,0.019680000999975734
1270073,1.1565379293671174
1270074,1.6063218771534606
1270075,1.5981295802312392
1270076,1.3412355357722094
1270077,1.401667388731309
1270078,1.5160885555497983
1270079,1.4607102556064322
1270080,1.2296205915528498
1270081,1.1037704268100508
1270082,1.0194366125597385
1270083,1.0611509645808102
1270084,1.071505507574144
1270085,1.0105778751412309
1270086,0.7837053707395456
1270087,0.48500382364717437
1270088,0.2327897253814763
1270089,0.1078028113540014
1270090,0.022342978268503007
1270201,2.4927350011845952
1270202,2.881226500360484
1270203,2.8051581833551515
1270204,2.6142392149808953
1270205,2.8468276163949056
1270206,3.227954494345638
1270207,3.4185710285686444
1270208,3.338764448489391
1270209,3.1675937499005835
1270210,3.0439137939486485
1270211,3.1058951174932687
1270212,3.095243396687444
1270213,2.878878614698694
1270214,2.1320650684056752
1270215,1.2198095670134301
1270216,0.5395337366102922
1270217,0.19158134297976154
1270218,0.05353526812524366
1270329,3.441320314211588
1270330,3.7620884981069564
1270331,3.493137548909274
1270332,3.2031933424017693
1270333,2.9764565473648927
1270334,2.8294908973788435
1270335,2.6193480172872325
1270336,2.425149862439889
1270337,2.2260931115856257
1270338,2.1471129974774406
1270339,2.196383845079396
1270340,2.243603539579428
1270341,2.0367311496118954
1270342,1.5372881231731492
1270343,0.9299909420015151
1270344,0.40393712655550534
1270345,0.15236399737563752
1270346,0.037835813854707405
1270457,3.677812713268795
1270458,3.9723060856966415
1270459,2.9160916898018736
1270460,2.3756475507887873
1270461,2.365660922340209
1270462,2.520070611204956
1270463,1.6637764722200041
1270464,0.8344671319819827
1270465,0.5659052121844332
1270466,0.5015259013054235
1270467,0.6152195272824993
1270468,0.6194036642260909
1270469,0.5219022254959709
1270470,0.43864388943056665
1270471,0.264499449478138
1270472,0.15153679846301568
1270473,0.06773918591842791
1270474,0.03718472340799719
1270585,1.6986082633107116
1270586,2.1047104518132977
1270587,1.7759052982210581
1270588,1.3098275826214707
1270589,1.413231850788302
1270590,1.6567434206132212
1270591,1.5168573826250815
1270592,1.0355775633222484
1270593,0.5992818907678527
1270594,0.46022540188955485
1270595,0.5311886814515525
1270596,0.48560838972695475
1270597,0.38101318620610525
1270598,0.2998303784005211
1270599,0.15549450183976507
1270600,0.08271568688098256
1270601,0.03664252177744736
1270602,0.02538983040746111
1270713,1.452959887099728
1270714,2.4878101006055933
1270715,3.0487748249200695
1270716,2.298995706113478
1270717,2.049263598094824
1270718,2.845332415673833
1270719,3.9548329379775957
1270720,3.8964143322638116
1270721,2.5595077544858724
1270722,2.2222164680190692
1270723,2.4980992067427006
1270724,2.3130303748370955
1270725,1.6660453477886787
1270726,0.9859254731552888
1270727,0.3687526496623854
1270728,0.15215788023790777
1270729,0.07006384396968915
1270730,0.017999788516974
1270841,3.2149668568412904
1270842,5.3001474986153845
1270843,6.045819446985225
1270844,4.771195303010259
1270845,4.1285145961105885
1270846,5.022818024296509
1270847,6.652805875560807
1270848,7.379795329195158
1270849,7.01133970782571
1270850,7.387093409780508
1270851,8.457377415484718
1270852,7.906080434680447
1270853,6.130414774219714
1270854,3.937229681849784
1270855,1.5296137387016377
1270856,0.3681560404247327
1270857,0.1265535797728059
1270858,0.050176532978126014
1270969,5.765905520895195
1270970,7.984132125701457
1270971,9.566419752322803
1270972,9.429020389055953
1270973,8.353767190688467
1270974,7.502393350070089
1270975,8.223732194736824
1270976,9.27644653582179
1270977,10.137001456016202
1270978,11.067997695866604
1270979,12.212214815890496
1270980,11.527042412452436
1270981,9.154163018906342
1270982,5.952075486688585
1270983,2.5469079588925707
1270984,0.7775288723771733
1270985,0.19965109449846344
1270986,0.09214925222279724
1271097,7.680883146586475
1271098,9.990286050004418
1271099,12.457545602891262
1271100,13.162760838244603
1271101,11.278092048573608
1271102,8.529554489217594
1271103,7.508656737850535
1271104,8.356143517619104
1271105,9.849000413164573
1271106,10.396023025370447
1271107,10.67071159385545
1271108,9.924473036809351
1271109,7.950503422887657
1271110,5.546444623556177
1271111,3.1626589435581596
1271112,1.3968397182813654
1271113,0.47870735089016275
1271114,0.17694375463667678
1284921,8.381324196359811
1284922,9.783829864200586
1284923,9.94189944352156
1284924,9.426484905894347
1284925,8.916662879547218
1284926,8.673466887669743
1284927,8.439735869090857
1284928,9.382925760474992
1284929,10.347374329679456
1284930,9.844081251018046
1284931,8.272846508206682
1284932,7.6408523834230575
1284933,8.725276094364164
1284934,10.120212024562578
1284935,10.250281633433852
1284936,6.837764894854388
1284937,2.797405733070578
1284938,0.7267492712138487
1285049,7.754195768368184
1285050,10.32326640742659
1285051,11.061340925421481
1285052,10.905940391702295
1285053,10.356680576882841
1285054,9.826164216499622
1285055,9.636249671391923
1285056,10.046552105221885
1285057,10.519277925910407
1285058,10.100680828193953
1285059,8.486283317701453
1285060,7.575286170604526
1285061,6.990768131563194
1285062,6.805726671454979
1285063,6.175527897408815
1285064,3.946082355673094
1285065,1.6407075720092297
1285066,0.41865577906987894
1285177,6.174814236574359
1285178,8.785945526209957
1285179,9.387852344693034
1285180,9.291576904170938
1285181,8.679386018238946
1285182,7.7001374961801625
1285183,7.225865625939802
1285184,7.392309006991325
1285185,8.165875954440795
1285186,8.382137564101342
1285187,7.970635118567512
1285188,7.410296945808511
1285189,6.804000168251107
1285190,5.525364568366692
1285191,3.2264319958998406
1285192,1.5783148152924327
1285193,0.6369022029346469
1285194,0.1940553839279819
1285305,5.263002659255107
1285306,7.2306584938693055
1285307,7.364262622487217
1285308,7.393008777257283
1285309,6.904643714983674
1285310,5.986732470874361
1285311,5.310975478332251
1285312,5.269340563291175
1285313,5.833892471116517
1285314,6.732067170922098
1285315,6.9348970551852
1285316,6.414854460027807
1285317,5.810265516796965
1285318,4.3055444643712795
1285319,1.9727902949858636
1285320,0.5826235687430413
1285321,0.2011020259527475
1285322,0.06982794833338832
1285433,4.239883701183066
1285434,5.503330465090318
1285435,5.124842881627663
1285436,4.874542912221463
1285437,4.769791056400206
1285438,4.441447420010245
1285439,3.8514064719815826
1285440,3.4249948708000306
1285441,3.6378072327279725
1285442,4.6286296214870095
1285443,4.936153070213458
1285444,4.236813123254997
1285445,3.023381138937999
1285446,1.7560596248047449
1285447,0.7239914805295896
1285448,0.18619101339588
1285449,0.07911598719463205
1285450,0.05657683515908937
1285561,2.3369345418161065
1285562,2.9168170438733267
1285563,2.857057485382911
1285564,2.839138245353511
1285565,2.77090345643846
1285566,2.7249658432280954
1285567,2.8856391096888157
1285568,2.689443773810338
1285569,2.5262172062459785
1285570,2.6184295142072083
1285571,2.551956969387422
1285572,1.952622850981118
1285573,1.107111763531705
1285574,0.47898582828374414
1285575,0.1931148694932431
1285576,0.06247282815095478
1285577,0.012084230785135132
1285578,0.0212911008564579
1285689,2.8817381528205877
1285690,3.5464701226745086
1285691,3.918310474693338
1285692,4.015493587951577
1285693,4.01946805055377
1285694,4.0945199857357455
1285695,4.22377645702504
1285696,4.208669049754972
1285697,3.898800619331672
1285698,3.6016155083533925
1285699,3.186349187902584
1285700,2.373526070708996
1285701,1.3227756986525083
1285702,0.5903553500215677
1285703,0.28322159958701315
1285704,0.07812302910129668
1285705,0.03763965480850511
1285706,0.03044284804453426
1285817,2.617122972815104
1285818,2.914950650030259
1285819,3.0791685704460305
1285820,3.414344974599039
1285821,3.9914011049541913
1285822,4.540884710985314
1285823,4.551516342966169
1285824,4.123989571089806
1285825,3.4682967360504238
1285826,3.1507256354706055
1285827,3.1429239555977793
1285828,3.0105498588876154
1285829,2.500376850585293
1285830,1.756332529048785
1285831,1.002573434164675
1285832,0.5070443176959207
1285833,0.21276350144138195
1285834,0.07340154289530647
1285945,1.121320228732421
1285946,1.0420881717241295
1285947,1.0082781928579916
1285948,1.277037204808071
1285949,1.9995737862664877
1285950,2.7941357599709713
1285951,3.069424364064941
1285952,2.647183474030737
1285953,1.8212233638542925
1285954,1.3823010472327997
1285955,1.6433559029068272
1285956,1.99029926776639
1285957,2.538117926441973
1285958,3.0183638534908934
1285959,2.9739328628755284
1285960,1.8971403179530448
1285961,0.7365166950592322
1285962,0.1676492547955066
1286073,0.5109029145379946
1286074,0.4264643417811482
1286075,0.39036719513321005
1286076,0.42842144504817653
1286077,0.6144713258962463
1286078,1.042485715169802
1286079,1.4148200551508097
1286080,1.3719037680422186
1286081,0.8759468039077875
1286082,0.49578070840622207
1286083,0.43010852798422816
1286084,0.677103058760158
1286085,1.3015803318324062
1286086,2.570231469393124
1286087,3.2115867326456167
1286088,2.2469510837393254
1286089,0.8656355668526571
1286090,0.20571910260674167
1286201,0.44854089855832757
1286202,0.40554575679507165
1286203,0.30161294203171773
1286204,0.22178008193953036
1286205,0.23500331143427658
1286206,0.2953638269594524
1286207,0.3764391933688646
1286208,0.3761303175694103
1286209,0.30869631349011056
1286210,0.1924799122784162
1286211,0.1604672844331895
1286212,0.22226366232027384
1286213,0.35975462615361015
1286214,0.6855513982874019
1286215,0.8620525673116646
1286216,0.6150842234484561
1286217,0.2573894292424473
1286218,0.08132517802320918
1286329,0.44776783146284216
1286330,0.540692054992144
1286331,0.549726690723187
1286332,0.41714738050859307
1286333,0.3899179239190819
1286334,0.37178128930791876
1286335,0.35458150231152197
1286336,0.25905470798615304
1286337,0.22233518616175985
1286338,0.1658496877821295
1286339,0.15044321261400312
1286340,0.18594848562183677
1286341,0.2084988731205097
1286342,0.19879697250762604
1286343,0.17190329594648607
1286344,0.1342705683274602
1286345,0.06523579642339734
1286346,0.03218697453533041
1286457,1.1330073232174538
1286458,1.5407836955289187
1286459,1.5660874448785167
1286460,1.3070232319569866
1286461,1.3620697189962596
1286462,1.5148440612804521
1286463,1.3858210411663718
1286464,1.173501332240903
1286465,1.0414390412628773
1286466,1.0124228541957392
1286467,0.9957093035450635
1286468,1.0266009997348917
1286469,0.9458932956877296
1286470,0.7822252730900972
1286471,0.4924533970955476
1286472,0.24987693209835315
1286473,0.09183619624328428
1286474,0.03002125292882729
1286585,2.3665520879211837
1286586,2.6874994274654895
1286587,2.6663851440657584
1286588,2.5423786125922447
1286589,2.7322766927982465
1286590,3.08367574852141
1286591,3.2945864930830373
1286592,3.2888588053756034
1286593,3.0784068074016315
1286594,2.941351006731301
1286595,3.010395694006866
1286596,3.0323454586272636
1286597,2.802232556955893
1286598,2.067135524890251
1286599,1.2119840099845587
1286600,0.5458788177487839
1286601,0.1921420772230742
1286602,0.056742701686406695
1286713,3.004169738497865
1286714,3.3434997720827413
1286715,3.1977055384447186
1286716,2.9906136377140586
1286717,2.68867697902018
1286718,2.552298030776278
1286719,2.4246862630974038
1286720,2.303237977189319
1286721,2.199823851657804
1286722,2.1267369844417447
1286723,2.1739081342376565
1286724,2.1900284772675334
1286725,2.0219197654824845
1286726,1.495229168091414
1286727,0.9044173035901615
1286728,0.4241483171609452
1286729,0.15051509628532586
1286730,0.029352534955191526
1286841,3.2063919619238517
1286842,3.5314205606489395
1286843,2.7345509911571213
1286844,2.2360269439037284
1286845,2.152052635292028
1286846,2.056944333845591
1286847,1.4364897456145147
1286848,0.779292056164774
1286849,0.5248554139828253
1286850,0.5185351323546971
1286851,0.5566670816167643
1286852,0.5478475424462286
1286853,0.5007968166897216
1286854,0.4261447681711843
1286855,0.2590654700070907
1286856,0.15302913693457645
1286857,0.06436377175847087
1286858,0.020251935618183576
1286969,2.2841416147361824
1286970,2.5018656852641863
1286971,1.6110064903253103
1286972,1.2141959167370822
1286973,1.4877198420314188
1286974,1.9219318275334105
1286975,1.3733544315203359
1286976,0.6402433534132665
1286977,0.30694189226849117
1286978,0.25289265977677405
1286979,0.2752686731738826
1286980,0.2908507028413627
1286981,0.28973305432806973
1286982,0.20257197863282894
1286983,0.09299004911038788
1286984,0.04978935361399854
1286985,0.012302355493477739
1286986,0.022572276920684982
1287097,0.8770795054657153
1287098,1.477509682843958
1287099,1.7593875669219303
1287100,1.3947997860295707
1287101,1.3620604077351346
1287102,1.9704710593792247
1287103,2.648023597421222
1287104,2.4572339134510446
1287105,1.4237318412249893
1287106,0.9230045326870827
1287107,0.9660804163073715
1287108,0.8912814407304921
1287109,0.7403443502717858
1287110,0.451825439203451
1287111,0.2754743151790622
1287112,0.08943782684033091
1287113,0.026905574588696905
1287114,0.01664480561373756
1287225,1.727622406574462
1287226,3.1831616470947006
1287227,3.9045236958827627
1287228,3.0782195978934466
1287229,2.7191598682070874
1287230,3.881336556609354
1287231,5.715302251666325
1287232,6.03840671964274
1287233,4.8993014619137005
1287234,4.6722226409201655
1287235,5.001746417364093
1287236,4.805968498290584
1287237,3.846292636497548
1287238,2.4750769292817973
1287239,0.9985515046199698
1287240,0.2404176831516294
1287241,0.06262332108751822
1287242,0.012651005298761935
1287353,3.7262529428136926
1287354,5.986228683926134
1287355,7.058638347937702
1287356,6.503189143912033
1287357,5.723548320878138
1287358,6.00092037783876
1287359,7.424038674397965
1287360,8.515346705840885
1287361,8.864629966388824
1287362,9.595993706784338
1287363,10.591547301332863
1287364,10.184293620773783
1287365,8.164637196930624
1287366,5.225947689717245
1287367,1.9748096633012917
1287368,0.4939924705036787
1287369,0.14014129547733273
1287370,0.0389878975731896
1287481,6.164793725308004
1287482,8.591923012941745
1287483,10.695651001822988
1287484,11.340350896430062
1287485,9.865060575971546
1287486,7.654258316845163
1287487,7.574385135770047
1287488,8.58847377583407
1287489,9.705819638574612
1287490,10.402642793799819
1287491,10.978049254361668
1287492,10.12684559599553
1287493,7.894868401682918
1287494,5.058596902951462
1287495,2.211355668887412
1287496,0.6969637720839877
1287497,0.2549539899154569
1287498,0.0973349780487985
1301305,6.597165772783724
1301306,8.359688563799423
1301307,8.910540440627706
1301308,8.590532333871723
1301309,8.192587502611048
1301310,7.745247575793477
1301311,7.594070455240428
1301312,8.117581881638579
1301313,8.647613116590723
1301314,8.13450227943887
1301315,6.567816874810364
1301316,5.633897758645118
1301317,5.930189513810769
1301318,6.608610122895581
1301319,6.621961730716932
1301320,4.496993973825138
1301321,1.8596610076370046
1301322,0.5216873169359887
1301433,6.06498907180797
1301434,8.75417373764891
1301435,9.614208055423775
1301436,9.603284136029162
1301437,9.110100385720617
1301438,8.415934688847104
1301439,8.090476799009322
1301440,8.282089148973743
1301441,8.541942558236846
1301442,8.464865424058697
1301443,7.796127303237996
1301444,6.776904561518656
1301445,5.575759926277329
1301446,4.306429582334591
1301447,3.0049020096670875
1301448,1.7877879251030473
1301449,0.726786015860657
1301450,0.2757610240684473
1301561,5.474512039731716
1301562,7.953978172849042
1301563,8.525090609101689
1301564,8.475469035812548
1301565,7.822066401355586
1301566,6.855090233254953
1301567,6.205799733339856
1301568,6.300097089243436
1301569,6.978402600059429
1301570,7.425666036141109
1301571,7.543051961355148
1301572,7.251083273226156
1301573,6.374727861033264
1301574,4.6983623009064575
1301575,2.078800137951424
1301576,0.6760702251881978
1301577,0.2828402726425509
1301578,0.10739781826708612
1301689,4.942036644990389
1301690,6.785077940924197
1301691,6.704043291040491
1301692,6.657186941580262
1301693,6.403592415114714
1301694,5.583792128182406
1301695,4.818685502756849
1301696,4.598470063056829
1301697,5.059175621162891
1301698,6.151412675688128
1301699,6.471925637016138
1301700,5.914550090804674
1301701,5.028449769943151
1301702,3.4829830870746763
1301703,1.3755247149818706
1301704,0.30907736878530623
1301705,0.11982424375312925
1301706,0.027254985325105986
1301817,3.5074365495463358
1301818,4.520934399988514
1301819,4.101779226872463
1301820,3.840045341589
1301821,3.769930175698831
1301822,3.653474369284487
1301823,3.309988680483574
1301824,2.880524277636413
1301825,2.9149193621930904
1301826,3.734869944746466
1301827,3.995983473088552
1301828,3.2705941659833733
1301829,2.089067403870846
1301830,1.0540432758315836
1301831,0.4148131946664878
1301832,0.130796562010703
1301833,0.02580051451317976
1301834,0.03539109188833182
1301945,1.5860663214252582
1301946,2.02595209912746
1301947,2.0839013474224126
1301948,2.070774054618816
1301949,2.1084367373834105
1301950,2.212815860218689
1301951,2.491338194723205
1301952,2.461999036611044
1301953,2.1529616929751207
1301954,1.9747450103408217
1301955,1.8353661251807372
1301956,1.3689117997692428
1301957,0.7672650156739659
1301958,0.33010696850346277
1301959,0.1325086032175507
1301960,0.0774546611807052
1301961,0.03789109616361167
1301962,0.011478947882506465
1302073,2.7788488559299664
1302074,3.4305890878669785
1302075,3.7452324968241157
1302076,3.7896839158543063
1302077,3.8178336207531838
1302078,3.881108221345506
1302079,4.001617378525317
1302080,3.9465985522410505
1302081,3.66781918088927
1302082,3.354911788843617
1302083,3.0074505976474852
1302084,2.247405353221425
1302085,1.2500985996246001
1302086,0.6486903031540914
1302087,0.25670176452772747
1302088,0.13910857363249007
1302089,0.017649683239047063
1302090,0.012714255204684345
1302201,2.522986447671865
1302202,2.79820137599511
1302203,2.942731941896477
1302204,3.229255149857246
1302205,3.7872931203417215
1302206,4.282622450983884
1302207,4.204000986011761
1302208,3.7979486839515815
1302209,3.1906662387000866
1302210,2.914414855121385
1302211,3.03336887050399
1302212,2.893667111452339
1302213,2.4430042711080775
1302214,1.7328513888700892
1302215,1.0242931581088688
1302216,0.49371010976170787
1302217,0.18058690094065252
1302218,0.09368827346141831
1302329,1.0894883554920374
1302330,0.9964568283578122
1302331,0.9456851346432271
1302332,1.1962034206307202
1302333,1.9256632358763952
1302334,2.691275497596622
1302335,2.9350105115157596
1302336,2.5292389433019253
1302337,1.725980195710525
1302338,1.31778041391857
1302339,1.4972895098948515
1302340,1.9259526638198672
1302341,2.460697810751145
1302342,2.9628404913109847
1302343,2.877372487901677
1302344,1.904766244054558
1302345,0.7519317027683016
1302346,0.20065119669200346
1302457,0.46892731918623404
1302458,0.4251517793714426
1302459,0.39131908960225165
1302460,0.4532106867826678
1302461,0.6051593796132347
1302462,1.004721608309421
1302463,1.3497904384139945
1302464,1.310469283172991
1302465,0.8431376128168349
1302466,0.49693108391151325
1302467,0.4173089612103594
1302468,0.6120113902349749
1302469,1.2341800040233915
1302470,2.3878271825048887
1302471,3.0859943096427553
1302472,2.1738276570718984
1302473,0.8865534583121167
1302474,0.20757754093775496
1302585,0.434233919437568
1302586,0.3724796344933703
1302587,0.31018589448182
1302588,0.207587091721195
1302589,0.2089523376536593
1302590,0.22652312604766286
1302591,0.3886219838361611
1302592,0.3784355890974989
1302593,0.2811369354768417
1302594,0.17253386148021962
1302595,0.11724743290376595
1302596,0.187518886936425
1302597,0.3383725678737271
1302598,0.6352191763513818
1302599,0.8338993911472274
1302600,0.6203644257069028
1302601,0.2720430305109643
1302602,0.09200186734734565
1302713,0.432824156824531
1302714,0.5269956210511175
1302715,0.513244667087244
1302716,0.4101201422407602
1302717,0.38795417418236
1302718,0.4207104209477962
1302719,0.3442056505665641
1302720,0.2728132639147196
1302721,0.20102093483637826
1302722,0.1978335024024321
1302723,0.1534666060958214
1302724,0.16779966395599705
1302725,0.16211811882772434
1302726,0.19556831524246132
1302727,0.18485498229774047
1302728,0.1198088364733271
1302729,0.06676875979653284
1302730,0.031169593728846437
1302841,1.1021962890148673
1302842,1.4869464613655166
1302843,1.489104254832557
1302844,1.2434623682344388
1302845,1.3275368451277565
1302846,1.4477805256092346
1302847,1.3491093769225866
1302848,1.1435752780008155
1302849,1.0103302752783656
1302850,0.9649004207130266
1302851,0.9915655388308063
1302852,1.01127732493922
1302853,0.9376505426698315
1302854,0.7758808409263568
1302855,0.46159572304082935
1302856,0.25371182450890656
1302857,0.07296002203267972
1302858,0.032273722378764365
1302969,2.2775693913689543
1302970,2.5926544177378634
1302971,2.5571458621237384
1302972,2.435866816417325
1302973,2.640743685203835
1302974,2.9426041961194938
1302975,3.192649357539575
1302976,3.1628336452353687
1302977,2.9404826679332623
1302978,2.866663528123024
1302979,2.891058341182958
1302980,2.919119015709043
1302981,2.7135518220701482
1302982,2.034220379027022
1302983,1.2001998388076116
1302984,0.5451353890063941
1302985,0.1868144749341022
1302986,0.0626043129133551
1303097,2.746982360092339
1303098,3.0426600094255907
1303099,3.0355375301862932
1303100,2.834932936601749
1303101,2.5434378406197813
1303102,2.315581754756665
1303103,2.2808196669553866
1303104,2.230911478220182
1303105,2.1359407197039384
1303106,2.0834246385428212
1303107,2.1257186471823086
1303108,2.1404391798016884
1303109,1.9802825743579808
1303110,1.4904854541860721
1303111,0.8868919280763592
1303112,0.4181756346096399
1303113,0.15702464401906902
1303114,0.037589849212430824
1303225,2.598801869354783
1303226,2.893294588110424
1303227,2.414619745417317
1303228,2.018842217942587
1303229,1.8514203334362045
1303230,1.576188624022206
1303231,1.1260976427413472
1303232,0.6420717737160557
1303233,0.5567516381186502
1303234,0.4990639969480354
1303235,0.5563313988737055
1303236,0.5904858740224059
1303237,0.5213633149280309
1303238,0.43732899535985353
1303239,0.2952569936508394
1303240,0.15364554895026528
1303241,0.05802553221565596
1303242,0.025160422805991324
1303353,2.6045916983256645
1303354,2.8217588377390035
1303355,1.6899257726939112
1303356,1.2201954328020659
1303357,1.625215114746583
1303358,2.143750010825133
1303359,1.4269295982570345
1303360,0.5557905324318134
1303361,0.22763208252068223
1303362,0.16352096827821525
1303363,0.2069218541331086
1303364,0.2213822077275561
1303365,0.21459492820665343
1303366,0.20103180880416688
1303367,0.10473349785657744
1303368,0.058045709643136656
1303369,0.02196617649442479
1303370,0.006720710838940933
1303481,1.0333002506735358
1303482,1.3780776224654434
1303483,1.3314639091320206
1303484,1.0642088167272978
1303485,1.1682369062575275
1303486,1.587173709555547
1303487,1.809046984363968
1303488,1.4169923285534138
1303489,0.8327361148679491
1303490,0.4780373389591477
1303491,0.40598843437663296
1303492,0.41777737311505286
1303493,0.31422641148275693
1303494,0.2197574081843507
1303495,0.13603918812355165
1303496,0.06648254264565918
1303497,0.032390440000352655
1303498,0.013157089192599843
1303609,0.8422030984728693
1303610,1.842083910415608
1303611,2.608358313544634
1303612,2.123905298877155
1303613,1.9716051947895727
1303614,3.113761024613994
1303615,4.698907853879467
1303616,4.831394792821004
1303617,3.2857120341980597
1303618,2.5588866203298495
1303619,2.5401468837646446
1303620,2.393538520160449
1303621,2.0996857896925922
1303622,1.3707556234484184
1303623,0.5998661500844877
1303624,0.16338535862720588
1303625,0.031408505328903935
1303626,0.009007159604224971
1303737,2.1332540253540855
1303738,3.969840430703979
1303739,4.888240069632295
1303740,4.297233522086537
1303741,3.8706455013492995
1303742,4.752575742088164
1303743,6.691982395507153
1303744,7.774217416189047
1303745,7.627346138197689
1303746,7.714742471639898
1303747,8.303149422987765
1303748,8.00134070288236
1303749,6.701688650356155
1303750,4.429376321507401
1303751,1.6703565492012677
1303752,0.37034312306304007
1303753,0.08350104198857376
1303754,0.06032897292931657
1303865,4.282176431554712
1303866,6.768777914532985
1303867,8.47017965995641
1303868,8.745019906267627
1303869,7.8056741219429435
1303870,6.680412822098462
1303871,7.181254004172697
1303872,8.38076001259731
1303873,9.136666114542933
1303874,9.824143717151589
1303875,10.72890315097008
1303876,10.137578014342838
1303877,8.059047233276221
1303878,5.026604365223223
1303879,1.9589453563651398
1303880,0.47952587702046806
1303881,0.08700939037747704
1303882,0.023450474472756097
1317689,5.136144745117191
1317690,7.1793470692826435
1317691,7.8980974797510495
1317692,7.913756959096637
1317693,7.458188553055859
1317694,7.1042472939733905
1317695,6.991449480307942
1317696,7.082745961210583
1317697,7.272571061881748
1317698,7.024448466849131
1317699,6.154473074063202
1317700,5.119484152671811
1317701,4.039935954109093
1317702,3.5579606703165085
1317703,3.181192909361695
1317704,2.08227131834335
1317705,1.0602852345127993
1317706,0.28322446255546413
1317817,5.372438581080554
1317818,8.113735743450269
1317819,8.897482044855616
1317820,8.894973883517657
1317821,8.383468631018118
1317822,7.575423796369025
1317823,7.187048676613903
1317824,7.2267053809704525
1317825,7.784183893466002
1317826,7.897622246276003
1317827,7.70127913741571
1317828,7.074437245312758
1317829,5.6457900196057995
1317830,3.876139993555731
1317831,1.854992221138757
1317832,0.7813485218484293
1317833,0.2995332008487813
1317834,0.14476866543729897
1317945,5.17578476961908
1317946,7.620203616641899
1317947,7.971944417203928
1317948,7.9656742926296555
1317949,7.579606448869155
1317950,6.416973087705369
1317951,5.681435338015734
1317952,5.728044447104373
1317953,6.432639284228626
1317954,7.220400976528931
1317955,7.449309902636397
1317956,7.062889615294641
1317957,6.364549573964023
1317958,4.39357664789403
1317959,1.6586099414372237
1317960,0.4158381917731119
1317961,0.07419514408436843
1317962,0.020962799872657374
1318073,4.641001428520905
1318074,6.351847176942253
1318075,6.028613664533296
1318076,5.819335770323806
1318077,5.712724562324127
1318078,5.098224841591787
1318079,4.436264120724613
1318080,4.106587926735532
1318081,4.378358841730196
1318082,5.4804300670980926
1318083,5.889104730787902
1318084,5.11225679303456
1318085,3.9277469209341644
1318086,2.4359595758792834
1318087,0.9480242270548032
1318088,0.25832520550691845
1318089,0.0880869633575436
1318090,0.06446980905707211
1318201,2.3475464686748255
1318202,3.1492197255321073
1318203,2.884677814145939
1318204,2.691434060118843
1318205,2.655726270192189
1318206,2.697565951730673
1318207,2.649655087176924
1318208,2.4256110566439073
1318209,2.2008899000221174
1318210,2.6515445803902815
1318211,2.7458972603775638
1318212,2.1300648126912267
1318213,1.2940904470971255
1318214,0.5685782422426111
1318215,0.22038828988784723
1318216,0.0806073650112995
1318217,0.022773631877319827
1318218,0.020358513101117786
1318329,1.154974384883513
1318330,1.4688077009209364
1318331,1.5663853664392269
1318332,1.6160984668597045
1318333,1.6428187432133252
1318334,1.8081317967559094
1318335,2.195447594610692
1318336,2.3065531943747066
1318337,1.9196940459859857
1318338,1.569013102743142
1318339,1.3128710982580767
1318340,0.9968220377762607
1318341,0.5326941623158751
1318342,0.29501117979101654
1318343,0.09342761544930799
1318344,0.07562755649673784
1318345,0.017827948134196272
1318346,0.013089124257097583
1318457,2.702789117945074
1318458,3.286246139208761
1318459,3.595916596491848
1318460,3.6669984509975877
1318461,3.684133248936591
1318462,3.6874117922768406
1318463,3.6889806152321505
1318464,3.6237420227402253
1318465,3.411641163688842
1318466,3.2271565709559744
1318467,2.8871752673362825
1318468,2.1900314353766457
1318469,1.2273500711571539
1318470,0.6052534695109216
1318471,0.22234348370667367
1318472,0.06540927903591658
1318473,0.039922598077902056
1318474,0.034588940571004076
1318585,2.4289370279446847
1318586,2.687824385571096
1318587,2.8095839480005984
1318588,3.1141421008118724
1318589,3.675475901898446
1318590,4.091230953901027
1318591,3.9963447907589003
1318592,3.5100739530868195
1318593,3.0269091176037937
1318594,2.8343959336061357
1318595,2.8878577290064706
1318596,2.7964859304461718
1318597,2.3888326299752314
1318598,1.7448506860756434
1318599,1.0052948410578404
1318600,0.5202802613668169
1318601,0.2187948699112177
1318602,0.09327722050712428
1318713,1.0703907220162407
1318714,0.9241105234279061
1318715,0.9298853409415901
1318716,1.1926913976426057
1318717,1.8650091097360242
1318718,2.552995783806707
1318719,2.816026319366143
1318720,2.4334285118162633
1318721,1.633309814987414
1318722,1.271965312528511
1318723,1.4585497600055797
1318724,1.8234586767466445
1318725,2.3388714162385638
1318726,2.8444670483291
1318727,2.8353102726008763
1318728,1.9005125423809133
1318729,0.7412886381232414
1318730,0.1917199847618448
1318841,0.47318969858027304
1318842,0.43182258388849265
1318843,0.38343376249852673
1318844,0.3693512820315775
1318845,0.6114485289533491
1318846,0.9281663026613624
1318847,1.2766749236858455
1318848,1.274568692304926
1318849,0.8419453185419022
1318850,0.4743629297781544
1318851,0.46722290145713363
1318852,0.5959394156483919
1318853,1.198907938904186
1318854,2.281346080846599
1318855,3.032661994093783
1318856,2.180527711651954
1318857,0.8954490718579861
1318858,0.22471832101799488
1318969,0.4557111091983113
1318970,0.35607613982881464
1318971,0.25312529172233755
1318972,0.1943094797516535
1318973,0.2247925273234641
1318974,0.24879502671655807
1318975,0.33710897230370024
1318976,0.3498287194336867
1318977,0.24421592863419186
1318978,0.16938982392563762
1318979,0.13470895690275234
1318980,0.17431747272246673
1318981,0.3194873581731641
1318982,0.6243928131882232
1318983,0.8017196655170284
1318984,0.6150596846389411
1318985,0.28167898985350326
1318986,0.10280828436881241
1319097,0.41917903395346295
1319098,0.5219337926047345
1319099,0.4958033376982392
1319100,0.39575067217135734
1319101,0.3864270767637569
1319102,0.39611284655364126
1319103,0.33606860647503495
1319104,0.2649783044746986
1319105,0.2241213473085715
1319106,0.19091850986620112
1319107,0.1764109246113736
1319108,0.15921247140168987
1319109,0.19328486080026808
1319110,0.18496756796325686
1319111,0.16586004079354782
1319112,0.14042342972623936
1319113,0.026177024426748272
1319114,0.040987809781467106
1319225,1.052585148885477
1319226,1.46143035356582
1319227,1.4184948409463585
1319228,1.1825135383586207
1319229,1.275796033656892
1319230,1.335072277017183
1319231,1.2817224422418776
1319232,1.1257079292177115
1319233,0.9738723870684339
1319234,0.9149028030603428
1319235,0.9261369369105263
1319236,0.943494645209929
1319237,0.903023935475865
1319238,0.6969659939870446
1319239,0.45182261993343553
1319240,0.2659920309992372
1319241,0.10887012985067077
1319242,0.03542134406084337
1319353,2.193266789361388
1319354,2.5106014625136965
1319355,2.484589092343077
1319356,2.3672260855899525
1319357,2.561896956816519
1319358,2.8640549259825163
1319359,3.087814022467253
1319360,3.043254220357567
1319361,2.8823905686676414
1319362,2.7341439261708285
1319363,2.7895251935888434
1319364,2.809881787705664
1319365,2.5968844956884323
1319366,1.9760032907831053
1319367,1.1772437398252689
1319368,0.5452416329254061
1319369,0.19442292662034863
1319370,0.047114972609291636
1319481,2.615304717062364
1319482,2.8929291532251327
1319483,2.879604205691399
1319484,2.6942242630207294
1319485,2.450347268761661
1319486,2.210612461798547
1319487,2.192851896913147
1319488,2.188579832221723
1319489,2.0854923309117632
1319490,2.054988651536931
1319491,2.078298540360373
1319492,2.074812070782862
1319493,1.9309154102763741
1319494,1.4492501452379665
1319495,0.9045182037059982
1319496,0.43297293612172655
1319497,0.14487102961290108
1319498,0.03694989664317865
1319609,2.1223299754500555
1319610,2.3754387976493665
1319611,2.1538831742964955
1319612,1.8505635227799737
1319613,1.5415679748202267
1319614,1.158335950708286
1319615,0.8343095812880111
1319616,0.5694335049128572
1319617,0.4755369526102424
1319618,0.47727517369917755
1319619,0.52010838977308
1319620,0.5531791465882279
1319621,0.5082452391128944
1319622,0.39144251493848375
1319623,0.2615473842679402
1319624,0.13912904720416763
1319625,0.0675587707056502
1319626,0.021825910320091894
1319737,2.4615166075870105
1319738,2.764027773779268
1319739,1.60725962309412
1319740,1.0937300903320812
1319741,1.5037098149652395
1319742,2.0358755348698603
1319743,1.2856018515254983
1319744,0.45451138681999487
1319745,0.1690302081368562
1319746,0.1466241338397336
1319747,0.20540833350599752
1319748,0.2136615224232132
1319749,0.1945872267520563
1319750,0.15182330685291642
1319751,0.09923362149296795
1319752,0.042185934180897416
1319753,0.018159373968624163
1319754,0.01159598457208562
1319865,1.472497207798261
1319866,1.7819908614242979
1319867,1.3135575542860762
1319868,0.9701553966204761
1319869,1.252899200646599
1319870,1.6808870423842384
1319871,1.4472183026702525
1319872,0.8478160338841698
1319873,0.4216024157967265
1319874,0.2503852831712042
1319875,0.2098368825491931
1319876,0.22040585867773202
1319877,0.2202792707231869
1319878,0.16062114699669988
1319879,0.08332285655453969
1319880,0.022664936868469977
1319881,0.008500306376884908
1319882,0.020317777906799235
1319993,0.6007341420996288
1319994,1.3154529264845614
1319995,1.855610931715017
1319996,1.5353660646435348
1319997,1.5005577749119943
1319998,2.385498680558401
1319999,3.654556385066086
1320000,3.534911300878561
1320001,2.039115835908432
1320002,1.292674743242122
1320003,1.0705336887896069
1320004,1.081150749542808
1320005,0.9554979513248018
1320006,0.6893215123942888
1320007,0.2747799242349026
1320008,0.06446451621693826
1320009,0.056755968753257766
1320010,0.005813719136262359
1320121,1.1695737831924446
1320122,2.3823270598954314
1320123,3.397551061520635
1320124,2.9594702378015705
1320125,2.7824986436307566
1320126,4.098641124655412
1320127,6.174720862996006
1320128,6.965501393443771
1320129,6.245057111287314
1320130,5.631200159170956
1320131,5.65105065864502
1320132,5.633999263316391
1320133,4.973978427315015
1320134,3.357251933790185
1320135,1.250903004827859
1320136,0.25403535912460906
1320137,0.07028329682974088
1320138,0.019967909450291907
1320249,2.6575964032788004
1320250,4.677386731631099
1320251,6.118815336853741
1320252,6.252675936322429
1320253,5.856558988510506
1320254,5.6814677564989715
1320255,7.065241503547311
1320256,8.359492961511872
1320257,8.714785515513613
1320258,9.105251714125005
1320259,9.692257223788005
1320260,9.440986491117988
1320261,7.9023150447388355
1320262,5.0167660029465795
1320263,1.7850902553050543
1320264,0.35619724860826674
1320265,0.08231921474173559
1320266,0.008566359143338321
1334073,4.624460365438298
1334074,7.057103362584954
1334075,7.835046171506009
1334076,7.868125040440978
1334077,7.612463443799217
1334078,7.222198174808851
1334079,7.050631047173998
1334080,7.037469931825153
1334081,7.128254226976088
1334082,7.149799701779523
1334083,6.731869626445745
1334084,5.576648285902247
1334085,3.819369540203303
1334086,2.312148722098118
1334087,1.3896622358584132
1334088,0.8093972239617719
1334089,0.37551344246366275
1334090,0.15080268102316316
1334201,5.1760218856159375
1334202,7.868211974290184
1334203,8.715985536097559
1334204,8.704139654332288
1334205,8.194594753881592
1334206,7.177897070176636
1334207,6.592208859386491
1334208,6.694057468049992
1334209,7.3120802826785996
1334210,7.956127637964899
1334211,7.919755344469814
1334212,7.258257715917922
1334213,6.120404004929546
1334214,4.121410689319015
1334215,1.580003473811263
1334216,0.3607163112756249
1334217,0.10252414472286904
1334218,0.04080114463293961
1334329,4.992136579097764
1334330,7.358228308522048
1334331,7.526072629876637
1334332,7.550947104942495
1334333,7.196420870931069
1334334,6.1963395758244095
1334335,5.465566851536884
1334336,5.319317334899665
1334337,5.975689056706625
1334338,6.959688263886415
1334339,7.250830479398128
1334340,6.735600781463058
1334341,5.935341153797546
1334342,4.0327467392394825
1334343,1.5123726187093498
1334344,0.33403680213819165
1334345,0.08364108193378766
1334346,0.017128719803143858
1334457,3.981998479288644
1334458,5.451674013018831
1334459,5.083474836573668
1334460,4.8338751669997535
1334461,4.7793412990734225
1334462,4.417734386045155
1334463,3.846349001367145
1334464,3.4153020555611793
1334465,3.5982432538351246
1334466,4.642363892811164
1334467,5.002298156318613
1334468,4.108611585493924
1334469,2.730962945209916
1334470,1.5149961063491795
1334471,0.5695192805520639
1334472,0.14286219422565974
1334473,0.040122708706766624
1334474,0.022283987495271225
1334585,1.3797540421657635
1334586,1.841283517049285
1334587,1.7182897487899575
1334588,1.6353014065927332
1334589,1.6843378643534468
1334590,1.881151610774111
1334591,2.1270183660824635
1334592,2.056003133094453
1334593,1.6772594229596742
1334594,1.7468595529934778
1334595,1.6456435440805834
1334596,1.2812719743263823
1334597,0.7598224621567028
1334598,0.32002590830550465
1334599,0.10821828825421317
1334600,0.01960717843863693
1334601,0.040981869000878184
1334602,0.02976688015957069
1334713,0.996205897538384
1334714,1.2247500345055495
1334715,1.3375051571949048
1334716,1.3467039329746275
1334717,1.40245286462913
1334718,1.5940587699673718
1334719,2.0292216602199757
1334720,2.101029501259417
1334721,1.7653945618442266
1334722,1.3863643663583507
1334723,1.1384609434263921
1334724,0.7922104141543144
1334725,0.46902224637703954
1334726,0.21564112456971843
1334727,0.08396599429174051
1334728,0.02230033138818911
1334729,0.019623910150941237
1334730,0.01950889964176533
1334841,2.7208965229067776
1334842,3.2732821953468556
1334843,3.543559475043282
1334844,3.594176962137775
1334845,3.573927793774724
1334846,3.4962922543348447
1334847,3.365348639543742
1334848,3.266884652856223
1334849,3.1748902121107787
1334850,3.070978068143852
1334851,2.808729057557994
1334852,2.1581697286336397
1334853,1.2252605383927395
1334854,0.5653604002485397
1334855,0.23547876317966246
1334856,0.10070828794370822
1334857,0.01604682290896044
1334858,0.03200285295969082
1334969,2.373017130857497
1334970,2.575829328848847
1334971,2.701791340415308
1334972,3.00555331235937
1334973,3.511793325868523
1334974,3.9365753378750394
1334975,3.815069874820718
1334976,3.370646463172923
1334977,2.844776908812446
1334978,2.673577254419206
1334979,2.797618457526788
1334980,2.71118349407974
1334981,2.363373939569389
1334982,1.7253017212171409
1334983,1.015142490045889
1334984,0.5185249124675946
1334985,0.22722301453915247
1334986,0.07751494256450528
1335097,1.0026217612523893
1335098,0.9006945263346688
1335099,0.8911940970367938
1335100,1.1368503981382674
1335101,1.8106895425717022
1335102,2.4504175767363274
1335103,2.718098128055892
1335104,2.3305476167577597
1335105,1.6291697288466194
1335106,1.1916021621189774
1335107,1.384565428227193
1335108,1.7515659943569024
1335109,2.2478454267589565
1335110,2.7268365426929475
1335111,2.7868020945473657
1335112,1.9146037498070283
1335113,0.773539181806166
1335114,0.20442192687264182
1335225,0.4589959381256716
1335226,0.40791614681141164
1335227,0.34345632649937297
1335228,0.34619354632309157
1335229,0.5309176053976427
1335230,0.8833550139768758
1335231,1.2519286327283878
1335232,1.2175692551558024
1335233,0.7879774209413537
1335234,0.4471796212935811
1335235,0.3898469200131606
1335236,0.5540055112874828
1335237,1.1109640962083511
1335238,2.137316665223234
1335239,2.8954387518569114
1335240,2.168193977223188
1335241,0.8954463571315961
1335242,0.2240829657211464
1335353,0.3940048030227979
1335354,0.33288149795029787
1335355,0.24378376553209652
1335356,0.1642406040443462
1335357,0.1601594600545167
1335358,0.22059183671328375
1335359,0.3262380657835447
1335360,0.35041637261020847
1335361,0.23117012487376554
1335362,0.14269434680007353
1335363,0.15673185143436988
1335364,0.17889628222308768
1335365,0.2933310759542878
1335366,0.6166955493674922
1335367,0.7823029597555277
1335368,0.6058460038027993
1335369,0.2738750043991691
1335370,0.09505063445881988
1335481,0.38542140943021164
1335482,0.484900673527984
1335483,0.4876981277815518
1335484,0.3887580675208084
1335485,0.34877505004810133
1335486,0.376884901338605
1335487,0.3145475022739563
1335488,0.21630320816082493
1335489,0.18255609320105234
1335490,0.15346167527614693
1335491,0.13398008126776775
1335492,0.13419343044100102
1335493,0.16738311403505207
1335494,0.17828042635595262
1335495,0.13404756399548234
1335496,0.12887553394457063
1335497,0.07703769057381307
1335498,0.029846624552692803
1335609,1.0274700421599563
1335610,1.4033450289167297
1335611,1.373908700316087
1335612,1.1500373649055515
1335613,1.217132149496087
1335614,1.3265522766650593
1335615,1.2490542770875193
1335616,1.0727169668167778
1335617,0.9623445644922858
1335618,0.9034858375649293
1335619,0.8806520722796866
1335620,0.889576589925338
1335621,0.8731650905831653
1335622,0.6818306580846192
1335623,0.42165292343871974
1335624,0.23811651273032852
1335625,0.09430325778087056
1335626,0.030017666906421183
1335737,2.1904080225734224
1335738,2.4758483055496523
1335739,2.4165028451830013
1335740,2.2958511631845226
1335741,2.4499431236703644
1335742,2.7540961302621367
1335743,2.9673529560225878
1335744,2.9327447544886565
1335745,2.7354665293986913
1335746,2.6390515343738543
1335747,2.698072740297073
1335748,2.7081632690006545
1335749,2.522498012309698
1335750,1.9398383080538775
1335751,1.1569432565365898
1335752,0.57003056393741
1335753,0.2018399866023876
1335754,0.0409376894790363
1335865,2.5318844275452026
1335866,2.799236668148391
1335867,2.774429968338949
1335868,2.6139322722171596
1335869,2.3359685596024997
1335870,2.1563012936032946
1335871,2.1328605434254637
1335872,2.1468423986368195
1335873,2.0837498701488704
1335874,2.0250388536859645
1335875,2.0216980864942595
1335876,2.039959473389262
1335877,1.8677036617776763
1335878,1.4543700655669767
1335879,0.8899246674209971
1335880,0.4354095804387972
1335881,0.17601244130972818
1335882,0.03931552684136325
1335993,1.8186574404410543
1335994,2.032112273134204
1335995,1.9662741882708163
1335996,1.6993972505679915
1335997,1.3135445499904257
1335998,0.8893815292410846
1335999,0.6515085851775172
1336000,0.5372294831553237
1336001,0.5056527470634365
1336002,0.49512572527008086
1336003,0.5375074879465241
1336004,0.5314538179151843
1336005,0.5076366243832158
1336006,0.3894288005130447
1336007,0.2365145846565862
1336008,0.14037798731337506
1336009,0.07012638168530125
1336010,0.016546892805422455
1336121,1.811314815094255
1336122,2.0665856228498667
1336123,1.3390636990061369
1336124,0.9537222199730487
1336125,1.1778505837108824
1336126,1.4064381386585518
1336127,0.9483757168963769
1336128,0.350936051424384
1336129,0.1497674762316703
1336130,0.15333587049243727
1336131,0.17745472786722438
1336132,0.17085301483980342
1336133,0.20580978149486084
1336134,0.12514910864788006
1336135,0.07223123135891525
1336136,0.028702579188342164
1336137,0.01914697154019008
1336138,0.017518656334732745
1336249,2.079451427268306
1336250,2.4563851211818317
1336251,1.391494355397709
1336252,0.8971102446804465
1336253,1.3643336658749954
1336254,2.0523283650607795
1336255,1.4400102600684794
1336256,0.5949209411534181
1336257,0.23112667292080114
1336258,0.13542216964004405
1336259,0.15066998751852315
1336260,0.17657009074159682
1336261,0.19138281816041702
1336262,0.14392295757896734
1336263,0.06511445207158341
1336264,0.045919927746298855
1336265,0.04214714344946588
1336266,0.009300672052642373
1336377,0.6753423580344231
1336378,1.1247616829641593
1336379,1.3644546579482668
1336380,1.1842420870778405
1336381,1.2354193990518305
1336382,1.8501892924702636
1336383,2.465856401583269
1336384,2.2114616663775046
1336385,1.1749571551293305
1336386,0.597676091687473
1336387,0.5071217951622992
1336388,0.47284871321080163
1336389,0.48424773677389454
1336390,0.3116145054182886
1336391,0.1512216690899223
1336392,0.089090138135559
1336393,0.036953801259094206
1336394,0.021708372088678204
1336505,0.6873046736658712
1336506,1.642042146413116
1336507,2.605290057356055
1336508,2.277333342123112
1336509,2.1547681381458235
1336510,3.5738860981192264
1336511,5.618523826606738
1336512,5.996020010576948
1336513,4.435332850856881
1336514,3.6018852430586077
1336515,3.4462551225247964
1336516,3.3949872208379084
1336517,3.0183281390505665
1336518,2.066425248636978
1336519,0.7539390876643811
1336520,0.18659369561750686
1336521,0.03293751016847004
1336522,0.02221365568987831
1336633,1.5574629331510814
1336634,2.9889568955528123
1336635,4.306889651290126
1336636,4.359595444992802
1336637,4.164939084513723
1336638,4.977592897374308
1336639,6.927771778061212
1336640,8.22719783727768
1336641,8.256233283365527
1336642,8.198282866174722
1336643,8.342905290695125
1336644,8.25878241398795
1336645,7.277009909598201
1336646,4.749185854045272
1336647,1.6858982920366334
1336648,0.38084838167453
1336649,0.049479372029662266
1336650,0.023765755334167988
